file_name,image_name,ocr_model_name,line_mode,class_threshold,k_factor,bbox_tolerance,merge_lines,tps_threshold,success,num_lines_detected,processing_time,quality_score,total_tokens,valid_tokens,invalid_tokens,error
umeh_druma_high quality,umeh_druma_high quality - page 1,Ume_Druma,line,0.7,2.0,2.5,True,0.1,False,0,4.018979787826538,0.0,0,0,0,Line processing failed: 'list' object cannot be interpreted as an integer
umeh_druma_high quality,umeh_druma_high quality - page 1,Ume_Druma,line,0.7,2.0,2.5,True,0.25,True,3,5.0206618309021,77.78,18,14,4,
umeh_druma_high quality,umeh_druma_high quality - page 1,Ume_Druma,line,0.7,2.0,2.5,True,0.5,True,3,4.534963130950928,77.78,18,14,4,
umeh_druma_high quality,umeh_druma_high quality - page 1,Ume_Druma,line,0.7,2.0,2.5,True,0.9,True,3,4.625392198562622,77.78,18,14,4,
umeh_druma_high quality,umeh_druma_high quality - page 1,Ume_Druma,line,0.7,2.0,2.5,False,0.1,False,0,3.2992093563079834,0.0,0,0,0,Line processing failed: 'list' object cannot be interpreted as an integer
umeh_druma_high quality,umeh_druma_high quality - page 1,Ume_Druma,line,0.7,2.0,2.5,False,0.25,True,4,5.652427911758423,60.0,15,9,6,
umeh_druma_high quality,umeh_druma_high quality - page 1,Ume_Druma,line,0.7,2.0,2.5,False,0.5,True,4,5.460014581680298,60.0,15,9,6,
umeh_druma_high quality,umeh_druma_high quality - page 1,Ume_Druma,line,0.7,2.0,2.5,False,0.9,True,4,5.583461761474609,60.0,15,9,6,
umeh_druma_high quality,umeh_druma_high quality - page 1,Ume_Druma,line,0.7,2.0,3.5,True,0.1,False,0,3.8519015312194815,0.0,0,0,0,Line processing failed: 'list' object cannot be interpreted as an integer
umeh_druma_high quality,umeh_druma_high quality - page 1,Ume_Druma,line,0.7,2.0,3.5,True,0.25,True,3,5.255862712860107,50.0,14,7,7,
umeh_druma_high quality,umeh_druma_high quality - page 1,Ume_Druma,line,0.7,2.0,3.5,True,0.5,True,3,4.988776445388794,50.0,14,7,7,
umeh_druma_high quality,umeh_druma_high quality - page 1,Ume_Druma,line,0.7,2.0,3.5,True,0.9,True,3,5.063663482666016,50.0,14,7,7,
umeh_druma_high quality,umeh_druma_high quality - page 1,Ume_Druma,line,0.7,2.0,3.5,False,0.1,False,0,3.9905037879943848,0.0,0,0,0,Line processing failed: 'list' object cannot be interpreted as an integer
umeh_druma_high quality,umeh_druma_high quality - page 1,Ume_Druma,line,0.7,2.0,3.5,False,0.25,True,4,5.4860498905181885,43.75,16,7,9,
umeh_druma_high quality,umeh_druma_high quality - page 1,Ume_Druma,line,0.7,2.0,3.5,False,0.5,True,4,5.01946496963501,43.75,16,7,9,
umeh_druma_high quality,umeh_druma_high quality - page 1,Ume_Druma,line,0.7,2.0,3.5,False,0.9,True,4,4.980824947357178,43.75,16,7,9,
umeh_druma_high quality,umeh_druma_high quality - page 1,Ume_Druma,line,0.7,2.0,4.0,True,0.1,False,0,3.845479965209961,0.0,0,0,0,Line processing failed: 'list' object cannot be interpreted as an integer
umeh_druma_high quality,umeh_druma_high quality - page 1,Ume_Druma,line,0.7,2.0,4.0,True,0.25,True,3,5.072598457336426,81.25,16,13,3,
umeh_druma_high quality,umeh_druma_high quality - page 1,Ume_Druma,line,0.7,2.0,4.0,True,0.5,True,3,4.783612966537476,81.25,16,13,3,
umeh_druma_high quality,umeh_druma_high quality - page 1,Ume_Druma,line,0.7,2.0,4.0,True,0.9,True,3,4.804668664932251,81.25,16,13,3,
umeh_druma_high quality,umeh_druma_high quality - page 1,Ume_Druma,line,0.7,2.0,4.0,False,0.1,False,0,3.7356653213500977,0.0,0,0,0,Line processing failed: 'list' object cannot be interpreted as an integer
umeh_druma_high quality,umeh_druma_high quality - page 1,Ume_Druma,line,0.7,2.0,4.0,False,0.25,True,4,5.492662668228149,52.94,17,9,8,
umeh_druma_high quality,umeh_druma_high quality - page 1,Ume_Druma,line,0.7,2.0,4.0,False,0.5,True,4,5.14186954498291,52.94,17,9,8,
umeh_druma_high quality,umeh_druma_high quality - page 1,Ume_Druma,line,0.7,2.0,4.0,False,0.9,True,4,5.119365692138672,52.94,17,9,8,
umeh_druma_high quality,umeh_druma_high quality - page 1,Ume_Druma,line,0.7,2.0,5.0,True,0.1,False,0,4.3205626010894775,0.0,0,0,0,Line processing failed: 'list' object cannot be interpreted as an integer
umeh_druma_high quality,umeh_druma_high quality - page 1,Ume_Druma,line,0.7,2.0,5.0,True,0.25,True,3,5.532253503799439,37.5,8,3,5,
umeh_druma_high quality,umeh_druma_high quality - page 1,Ume_Druma,line,0.7,2.0,5.0,True,0.5,True,3,5.432201385498047,37.5,8,3,5,
umeh_druma_high quality,umeh_druma_high quality - page 1,Ume_Druma,line,0.7,2.0,5.0,True,0.9,True,3,4.925872802734375,37.5,8,3,5,
umeh_druma_high quality,umeh_druma_high quality - page 1,Ume_Druma,line,0.7,2.0,5.0,False,0.1,False,0,4.099691152572632,0.0,0,0,0,Line processing failed: 'list' object cannot be interpreted as an integer
umeh_druma_high quality,umeh_druma_high quality - page 1,Ume_Druma,line,0.7,2.0,5.0,False,0.25,True,4,5.05963134765625,57.14,14,8,6,
umeh_druma_high quality,umeh_druma_high quality - page 1,Ume_Druma,line,0.7,2.0,5.0,False,0.5,True,4,5.155861854553223,57.14,14,8,6,
umeh_druma_high quality,umeh_druma_high quality - page 1,Ume_Druma,line,0.7,2.0,5.0,False,0.9,True,4,5.166040420532227,57.14,14,8,6,
umeh_druma_high quality,umeh_druma_high quality - page 1,Ume_Druma,line,0.7,2.5,2.5,True,0.1,False,0,3.931127548217773,0.0,0,0,0,Line processing failed: 'list' object cannot be interpreted as an integer
umeh_druma_high quality,umeh_druma_high quality - page 1,Ume_Druma,line,0.7,2.5,2.5,True,0.25,True,3,5.212501525878906,83.33,18,15,3,
umeh_druma_high quality,umeh_druma_high quality - page 1,Ume_Druma,line,0.7,2.5,2.5,True,0.5,True,3,5.207490921020508,83.33,18,15,3,
umeh_druma_high quality,umeh_druma_high quality - page 1,Ume_Druma,line,0.7,2.5,2.5,True,0.9,True,3,5.080193042755127,83.33,18,15,3,
umeh_druma_high quality,umeh_druma_high quality - page 1,Ume_Druma,line,0.7,2.5,2.5,False,0.1,False,0,4.077221632003784,0.0,0,0,0,Line processing failed: 'list' object cannot be interpreted as an integer
umeh_druma_high quality,umeh_druma_high quality - page 1,Ume_Druma,line,0.7,2.5,2.5,False,0.25,True,4,5.996757507324219,68.42,19,13,6,
umeh_druma_high quality,umeh_druma_high quality - page 1,Ume_Druma,line,0.7,2.5,2.5,False,0.5,True,4,5.3023717403411865,68.42,19,13,6,
umeh_druma_high quality,umeh_druma_high quality - page 1,Ume_Druma,line,0.7,2.5,2.5,False,0.9,True,4,5.748777627944946,68.42,19,13,6,
umeh_druma_high quality,umeh_druma_high quality - page 1,Ume_Druma,line,0.7,2.5,3.5,True,0.1,False,0,3.833743095397949,0.0,0,0,0,Line processing failed: 'list' object cannot be interpreted as an integer
umeh_druma_high quality,umeh_druma_high quality - page 1,Ume_Druma,line,0.7,2.5,3.5,True,0.25,True,3,5.209729671478272,50.0,14,7,7,
umeh_druma_high quality,umeh_druma_high quality - page 1,Ume_Druma,line,0.7,2.5,3.5,True,0.5,True,3,5.267763137817383,50.0,14,7,7,
umeh_druma_high quality,umeh_druma_high quality - page 1,Ume_Druma,line,0.7,2.5,3.5,True,0.9,True,3,5.516323089599609,50.0,14,7,7,
umeh_druma_high quality,umeh_druma_high quality - page 1,Ume_Druma,line,0.7,2.5,3.5,False,0.1,False,0,3.767387866973877,0.0,0,0,0,Line processing failed: 'list' object cannot be interpreted as an integer
umeh_druma_high quality,umeh_druma_high quality - page 1,Ume_Druma,line,0.7,2.5,3.5,False,0.25,True,4,5.243773698806763,43.75,16,7,9,
umeh_druma_high quality,umeh_druma_high quality - page 1,Ume_Druma,line,0.7,2.5,3.5,False,0.5,True,4,5.23820948600769,43.75,16,7,9,
umeh_druma_high quality,umeh_druma_high quality - page 1,Ume_Druma,line,0.7,2.5,3.5,False,0.9,True,4,5.2738354206085205,43.75,16,7,9,
umeh_druma_high quality,umeh_druma_high quality - page 1,Ume_Druma,line,0.7,2.5,4.0,True,0.1,False,0,4.284033298492432,0.0,0,0,0,Line processing failed: 'list' object cannot be interpreted as an integer
umeh_druma_high quality,umeh_druma_high quality - page 1,Ume_Druma,line,0.7,2.5,4.0,True,0.25,True,3,5.469023704528809,81.25,16,13,3,
umeh_druma_high quality,umeh_druma_high quality - page 1,Ume_Druma,line,0.7,2.5,4.0,True,0.5,True,3,5.148258209228516,81.25,16,13,3,
umeh_druma_high quality,umeh_druma_high quality - page 1,Ume_Druma,line,0.7,2.5,4.0,True,0.9,True,3,5.055720090866089,81.25,16,13,3,
umeh_druma_high quality,umeh_druma_high quality - page 1,Ume_Druma,line,0.7,2.5,4.0,False,0.1,False,0,3.625715970993042,0.0,0,0,0,Line processing failed: 'list' object cannot be interpreted as an integer
umeh_druma_high quality,umeh_druma_high quality - page 1,Ume_Druma,line,0.7,2.5,4.0,False,0.25,True,4,5.092577934265137,52.94,17,9,8,
umeh_druma_high quality,umeh_druma_high quality - page 1,Ume_Druma,line,0.7,2.5,4.0,False,0.5,True,4,5.03822135925293,52.94,17,9,8,
umeh_druma_high quality,umeh_druma_high quality - page 1,Ume_Druma,line,0.7,2.5,4.0,False,0.9,True,4,5.46350359916687,52.94,17,9,8,
umeh_druma_high quality,umeh_druma_high quality - page 1,Ume_Druma,line,0.7,2.5,5.0,True,0.1,False,0,3.625911235809326,0.0,0,0,0,Line processing failed: 'list' object cannot be interpreted as an integer
umeh_druma_high quality,umeh_druma_high quality - page 1,Ume_Druma,line,0.7,2.5,5.0,True,0.25,True,3,5.013973474502564,25.0,8,2,6,
umeh_druma_high quality,umeh_druma_high quality - page 1,Ume_Druma,line,0.7,2.5,5.0,True,0.5,True,3,5.493537902832031,25.0,8,2,6,
umeh_druma_high quality,umeh_druma_high quality - page 1,Ume_Druma,line,0.7,2.5,5.0,True,0.9,True,3,5.585208177566528,25.0,8,2,6,
umeh_druma_high quality,umeh_druma_high quality - page 1,Ume_Druma,line,0.7,2.5,5.0,False,0.1,False,0,3.690192461013794,0.0,0,0,0,Line processing failed: 'list' object cannot be interpreted as an integer
umeh_druma_high quality,umeh_druma_high quality - page 1,Ume_Druma,line,0.7,2.5,5.0,False,0.25,True,4,5.488240718841553,53.85,13,7,6,
umeh_druma_high quality,umeh_druma_high quality - page 1,Ume_Druma,line,0.7,2.5,5.0,False,0.5,True,4,5.063374280929565,53.85,13,7,6,
umeh_druma_high quality,umeh_druma_high quality - page 1,Ume_Druma,line,0.7,2.5,5.0,False,0.9,True,4,3.2179558277130127,53.85,13,7,6,
umeh_druma_high quality,umeh_druma_high quality - page 1,Ume_Druma,line,0.7,3.0,2.5,True,0.1,False,0,2.332141637802124,0.0,0,0,0,Line processing failed: 'list' object cannot be interpreted as an integer
umeh_druma_high quality,umeh_druma_high quality - page 1,Ume_Druma,line,0.7,3.0,2.5,True,0.25,True,3,3.6285512447357178,40.0,10,4,6,
umeh_druma_high quality,umeh_druma_high quality - page 1,Ume_Druma,line,0.7,3.0,2.5,True,0.5,True,3,3.547762155532837,40.0,10,4,6,
umeh_druma_high quality,umeh_druma_high quality - page 1,Ume_Druma,line,0.7,3.0,2.5,True,0.9,True,3,3.571368932723999,40.0,10,4,6,
umeh_druma_high quality,umeh_druma_high quality - page 1,Ume_Druma,line,0.7,3.0,2.5,False,0.1,False,0,2.409154176712036,0.0,0,0,0,Line processing failed: 'list' object cannot be interpreted as an integer
umeh_druma_high quality,umeh_druma_high quality - page 1,Ume_Druma,line,0.7,3.0,2.5,False,0.25,True,4,3.7251946926116943,62.5,16,10,6,
umeh_druma_high quality,umeh_druma_high quality - page 1,Ume_Druma,line,0.7,3.0,2.5,False,0.5,True,4,3.707315444946289,62.5,16,10,6,
umeh_druma_high quality,umeh_druma_high quality - page 1,Ume_Druma,line,0.7,3.0,2.5,False,0.9,True,4,3.647454261779785,62.5,16,10,6,
umeh_druma_high quality,umeh_druma_high quality - page 1,Ume_Druma,line,0.7,3.0,3.5,True,0.1,False,0,2.422729969024658,0.0,0,0,0,Line processing failed: 'list' object cannot be interpreted as an integer
umeh_druma_high quality,umeh_druma_high quality - page 1,Ume_Druma,line,0.7,3.0,3.5,True,0.25,True,3,3.518792629241944,25.0,8,2,6,
umeh_druma_high quality,umeh_druma_high quality - page 1,Ume_Druma,line,0.7,3.0,3.5,True,0.5,True,3,3.453716278076172,25.0,8,2,6,
umeh_druma_high quality,umeh_druma_high quality - page 1,Ume_Druma,line,0.7,3.0,3.5,True,0.9,True,3,3.555908441543579,25.0,8,2,6,
umeh_druma_high quality,umeh_druma_high quality - page 1,Ume_Druma,line,0.7,3.0,3.5,False,0.1,False,0,2.440408229827881,0.0,0,0,0,Line processing failed: 'list' object cannot be interpreted as an integer
umeh_druma_high quality,umeh_druma_high quality - page 1,Ume_Druma,line,0.7,3.0,3.5,False,0.25,True,4,3.58601975440979,42.86,14,6,8,
umeh_druma_high quality,umeh_druma_high quality - page 1,Ume_Druma,line,0.7,3.0,3.5,False,0.5,True,4,3.548762083053589,42.86,14,6,8,
umeh_druma_high quality,umeh_druma_high quality - page 1,Ume_Druma,line,0.7,3.0,3.5,False,0.9,True,4,3.5602328777313232,42.86,14,6,8,
umeh_druma_high quality,umeh_druma_high quality - page 1,Ume_Druma,line,0.7,3.0,4.0,True,0.1,False,0,2.526754140853882,0.0,0,0,0,Line processing failed: 'list' object cannot be interpreted as an integer
umeh_druma_high quality,umeh_druma_high quality - page 1,Ume_Druma,line,0.7,3.0,4.0,True,0.25,True,3,3.484576940536499,33.33,9,3,6,
umeh_druma_high quality,umeh_druma_high quality - page 1,Ume_Druma,line,0.7,3.0,4.0,True,0.5,True,3,3.439486026763916,33.33,9,3,6,
umeh_druma_high quality,umeh_druma_high quality - page 1,Ume_Druma,line,0.7,3.0,4.0,True,0.9,True,3,3.413933277130127,33.33,9,3,6,
umeh_druma_high quality,umeh_druma_high quality - page 1,Ume_Druma,line,0.7,3.0,4.0,False,0.1,False,0,2.4328408241271973,0.0,0,0,0,Line processing failed: 'list' object cannot be interpreted as an integer
umeh_druma_high quality,umeh_druma_high quality - page 1,Ume_Druma,line,0.7,3.0,4.0,False,0.25,True,4,3.586460828781128,50.0,14,7,7,
umeh_druma_high quality,umeh_druma_high quality - page 1,Ume_Druma,line,0.7,3.0,4.0,False,0.5,True,4,3.559944868087769,50.0,14,7,7,
umeh_druma_high quality,umeh_druma_high quality - page 1,Ume_Druma,line,0.7,3.0,4.0,False,0.9,True,4,3.5338921546936035,50.0,14,7,7,
umeh_druma_high quality,umeh_druma_high quality - page 1,Ume_Druma,line,0.7,3.0,5.0,True,0.1,False,0,2.429997444152832,0.0,0,0,0,Line processing failed: 'list' object cannot be interpreted as an integer
umeh_druma_high quality,umeh_druma_high quality - page 1,Ume_Druma,line,0.7,3.0,5.0,True,0.25,True,3,3.440751314163208,25.0,8,2,6,
umeh_druma_high quality,umeh_druma_high quality - page 1,Ume_Druma,line,0.7,3.0,5.0,True,0.5,True,3,3.382820844650269,25.0,8,2,6,
umeh_druma_high quality,umeh_druma_high quality - page 1,Ume_Druma,line,0.7,3.0,5.0,True,0.9,True,3,3.3836584091186523,25.0,8,2,6,
umeh_druma_high quality,umeh_druma_high quality - page 1,Ume_Druma,line,0.7,3.0,5.0,False,0.1,False,0,2.416861295700073,0.0,0,0,0,Line processing failed: 'list' object cannot be interpreted as an integer
umeh_druma_high quality,umeh_druma_high quality - page 1,Ume_Druma,line,0.7,3.0,5.0,False,0.25,True,4,5.189184904098511,53.85,13,7,6,
umeh_druma_high quality,umeh_druma_high quality - page 1,Ume_Druma,line,0.7,3.0,5.0,False,0.5,True,4,5.184740304946899,53.85,13,7,6,
umeh_druma_high quality,umeh_druma_high quality - page 1,Ume_Druma,line,0.7,3.0,5.0,False,0.9,True,4,5.194149971008301,53.85,13,7,6,
umeh_druma_high quality,umeh_druma_high quality - page 1,Ume_Druma,line,0.8,2.0,2.5,True,0.1,False,0,3.879602432250977,0.0,0,0,0,Line processing failed: 'list' object cannot be interpreted as an integer
umeh_druma_high quality,umeh_druma_high quality - page 1,Ume_Druma,line,0.8,2.0,2.5,True,0.25,True,3,4.751833915710449,77.78,18,14,4,
umeh_druma_high quality,umeh_druma_high quality - page 1,Ume_Druma,line,0.8,2.0,2.5,True,0.5,True,3,3.1179721355438232,77.78,18,14,4,
umeh_druma_high quality,umeh_druma_high quality - page 1,Ume_Druma,line,0.8,2.0,2.5,True,0.9,True,3,3.104867935180664,77.78,18,14,4,
umeh_druma_high quality,umeh_druma_high quality - page 1,Ume_Druma,line,0.8,2.0,2.5,False,0.1,False,0,2.397903680801392,0.0,0,0,0,Line processing failed: 'list' object cannot be interpreted as an integer
umeh_druma_high quality,umeh_druma_high quality - page 1,Ume_Druma,line,0.8,2.0,2.5,False,0.25,True,4,3.339266061782837,60.0,15,9,6,
umeh_druma_high quality,umeh_druma_high quality - page 1,Ume_Druma,line,0.8,2.0,2.5,False,0.5,True,4,3.449369192123413,60.0,15,9,6,
umeh_druma_high quality,umeh_druma_high quality - page 1,Ume_Druma,line,0.8,2.0,2.5,False,0.9,True,4,3.4632976055145264,60.0,15,9,6,
umeh_druma_high quality,umeh_druma_high quality - page 1,Ume_Druma,line,0.8,2.0,3.5,True,0.1,False,0,2.444056272506714,0.0,0,0,0,Line processing failed: 'list' object cannot be interpreted as an integer
umeh_druma_high quality,umeh_druma_high quality - page 1,Ume_Druma,line,0.8,2.0,3.5,True,0.25,True,3,3.249681234359741,50.0,14,7,7,
umeh_druma_high quality,umeh_druma_high quality - page 1,Ume_Druma,line,0.8,2.0,3.5,True,0.5,True,3,3.2535619735717773,50.0,14,7,7,
umeh_druma_high quality,umeh_druma_high quality - page 1,Ume_Druma,line,0.8,2.0,3.5,True,0.9,True,3,3.215128898620605,50.0,14,7,7,
umeh_druma_high quality,umeh_druma_high quality - page 1,Ume_Druma,line,0.8,2.0,3.5,False,0.1,False,0,2.447496175765991,0.0,0,0,0,Line processing failed: 'list' object cannot be interpreted as an integer
umeh_druma_high quality,umeh_druma_high quality - page 1,Ume_Druma,line,0.8,2.0,3.5,False,0.25,True,4,3.294883251190185,43.75,16,7,9,
umeh_druma_high quality,umeh_druma_high quality - page 1,Ume_Druma,line,0.8,2.0,3.5,False,0.5,True,4,3.347717046737671,43.75,16,7,9,
umeh_druma_high quality,umeh_druma_high quality - page 1,Ume_Druma,line,0.8,2.0,3.5,False,0.9,True,4,3.2906343936920166,43.75,16,7,9,
umeh_druma_high quality,umeh_druma_high quality - page 1,Ume_Druma,line,0.8,2.0,4.0,True,0.1,False,0,2.467792510986328,0.0,0,0,0,Line processing failed: 'list' object cannot be interpreted as an integer
umeh_druma_high quality,umeh_druma_high quality - page 1,Ume_Druma,line,0.8,2.0,4.0,True,0.25,True,3,3.434889554977417,81.25,16,13,3,
umeh_druma_high quality,umeh_druma_high quality - page 1,Ume_Druma,line,0.8,2.0,4.0,True,0.5,True,3,4.832967519760132,81.25,16,13,3,
umeh_druma_high quality,umeh_druma_high quality - page 1,Ume_Druma,line,0.8,2.0,4.0,True,0.9,True,3,3.332212448120117,81.25,16,13,3,
umeh_druma_high quality,umeh_druma_high quality - page 1,Ume_Druma,line,0.8,2.0,4.0,False,0.1,False,0,2.2812275886535645,0.0,0,0,0,Line processing failed: 'list' object cannot be interpreted as an integer
umeh_druma_high quality,umeh_druma_high quality - page 1,Ume_Druma,line,0.8,2.0,4.0,False,0.25,True,4,3.3045895099639893,52.94,17,9,8,
umeh_druma_high quality,umeh_druma_high quality - page 1,Ume_Druma,line,0.8,2.0,4.0,False,0.5,True,4,3.286309242248535,52.94,17,9,8,
umeh_druma_high quality,umeh_druma_high quality - page 1,Ume_Druma,line,0.8,2.0,4.0,False,0.9,True,4,3.438321828842163,52.94,17,9,8,
umeh_druma_high quality,umeh_druma_high quality - page 1,Ume_Druma,line,0.8,2.0,5.0,True,0.1,False,0,2.4722046852111816,0.0,0,0,0,Line processing failed: 'list' object cannot be interpreted as an integer
umeh_druma_high quality,umeh_druma_high quality - page 1,Ume_Druma,line,0.8,2.0,5.0,True,0.25,True,3,3.1844842433929443,37.5,8,3,5,
umeh_druma_high quality,umeh_druma_high quality - page 1,Ume_Druma,line,0.8,2.0,5.0,True,0.5,True,3,3.163754940032959,37.5,8,3,5,
umeh_druma_high quality,umeh_druma_high quality - page 1,Ume_Druma,line,0.8,2.0,5.0,True,0.9,True,3,3.1668195724487305,37.5,8,3,5,
umeh_druma_high quality,umeh_druma_high quality - page 1,Ume_Druma,line,0.8,2.0,5.0,False,0.1,False,0,2.4651496410369877,0.0,0,0,0,Line processing failed: 'list' object cannot be interpreted as an integer
umeh_druma_high quality,umeh_druma_high quality - page 1,Ume_Druma,line,0.8,2.0,5.0,False,0.25,True,4,3.330620765686035,57.14,14,8,6,
umeh_druma_high quality,umeh_druma_high quality - page 1,Ume_Druma,line,0.8,2.0,5.0,False,0.5,True,4,3.285009860992432,57.14,14,8,6,
umeh_druma_high quality,umeh_druma_high quality - page 1,Ume_Druma,line,0.8,2.0,5.0,False,0.9,True,4,3.296722412109375,57.14,14,8,6,
umeh_druma_high quality,umeh_druma_high quality - page 1,Ume_Druma,line,0.8,2.5,2.5,True,0.1,False,0,2.457317352294922,0.0,0,0,0,Line processing failed: 'list' object cannot be interpreted as an integer
umeh_druma_high quality,umeh_druma_high quality - page 1,Ume_Druma,line,0.8,2.5,2.5,True,0.25,True,3,3.5137927532196045,83.33,18,15,3,
umeh_druma_high quality,umeh_druma_high quality - page 1,Ume_Druma,line,0.8,2.5,2.5,True,0.5,True,3,3.399181842803955,83.33,18,15,3,
umeh_druma_high quality,umeh_druma_high quality - page 1,Ume_Druma,line,0.8,2.5,2.5,True,0.9,True,3,3.394216060638428,83.33,18,15,3,
umeh_druma_high quality,umeh_druma_high quality - page 1,Ume_Druma,line,0.8,2.5,2.5,False,0.1,False,0,2.421114683151245,0.0,0,0,0,Line processing failed: 'list' object cannot be interpreted as an integer
umeh_druma_high quality,umeh_druma_high quality - page 1,Ume_Druma,line,0.8,2.5,2.5,False,0.25,True,4,3.5676252841949463,68.42,19,13,6,
umeh_druma_high quality,umeh_druma_high quality - page 1,Ume_Druma,line,0.8,2.5,2.5,False,0.5,True,4,3.5587308406829834,68.42,19,13,6,
umeh_druma_high quality,umeh_druma_high quality - page 1,Ume_Druma,line,0.8,2.5,2.5,False,0.9,True,4,3.554898500442505,68.42,19,13,6,
umeh_druma_high quality,umeh_druma_high quality - page 1,Ume_Druma,line,0.8,2.5,3.5,True,0.1,False,0,2.42893648147583,0.0,0,0,0,Line processing failed: 'list' object cannot be interpreted as an integer
umeh_druma_high quality,umeh_druma_high quality - page 1,Ume_Druma,line,0.8,2.5,3.5,True,0.25,True,3,3.390252113342285,50.0,14,7,7,
umeh_druma_high quality,umeh_druma_high quality - page 1,Ume_Druma,line,0.8,2.5,3.5,True,0.5,True,3,3.3464195728302,50.0,14,7,7,
umeh_druma_high quality,umeh_druma_high quality - page 1,Ume_Druma,line,0.8,2.5,3.5,True,0.9,True,3,3.4831297397613525,50.0,14,7,7,
umeh_druma_high quality,umeh_druma_high quality - page 1,Ume_Druma,line,0.8,2.5,3.5,False,0.1,False,0,2.436770439147949,0.0,0,0,0,Line processing failed: 'list' object cannot be interpreted as an integer
umeh_druma_high quality,umeh_druma_high quality - page 1,Ume_Druma,line,0.8,2.5,3.5,False,0.25,True,4,3.4276137351989746,43.75,16,7,9,
umeh_druma_high quality,umeh_druma_high quality - page 1,Ume_Druma,line,0.8,2.5,3.5,False,0.5,True,4,3.408998966217041,43.75,16,7,9,
umeh_druma_high quality,umeh_druma_high quality - page 1,Ume_Druma,line,0.8,2.5,3.5,False,0.9,True,4,3.3918910026550293,43.75,16,7,9,
umeh_druma_high quality,umeh_druma_high quality - page 1,Ume_Druma,line,0.8,2.5,4.0,True,0.1,False,0,2.461437702178955,0.0,0,0,0,Line processing failed: 'list' object cannot be interpreted as an integer
umeh_druma_high quality,umeh_druma_high quality - page 1,Ume_Druma,line,0.8,2.5,4.0,True,0.25,True,3,3.383085966110229,81.25,16,13,3,
umeh_druma_high quality,umeh_druma_high quality - page 1,Ume_Druma,line,0.8,2.5,4.0,True,0.5,True,3,3.3074991703033447,81.25,16,13,3,
umeh_druma_high quality,umeh_druma_high quality - page 1,Ume_Druma,line,0.8,2.5,4.0,True,0.9,True,3,3.330985307693481,81.25,16,13,3,
umeh_druma_high quality,umeh_druma_high quality - page 1,Ume_Druma,line,0.8,2.5,4.0,False,0.1,False,0,2.533109664916992,0.0,0,0,0,Line processing failed: 'list' object cannot be interpreted as an integer
umeh_druma_high quality,umeh_druma_high quality - page 1,Ume_Druma,line,0.8,2.5,4.0,False,0.25,True,4,3.453809976577759,52.94,17,9,8,
umeh_druma_high quality,umeh_druma_high quality - page 1,Ume_Druma,line,0.8,2.5,4.0,False,0.5,True,4,3.569862604141236,52.94,17,9,8,
umeh_druma_high quality,umeh_druma_high quality - page 1,Ume_Druma,line,0.8,2.5,4.0,False,0.9,True,4,3.436063051223755,52.94,17,9,8,
umeh_druma_high quality,umeh_druma_high quality - page 1,Ume_Druma,line,0.8,2.5,5.0,True,0.1,False,0,3.505822896957397,0.0,0,0,0,Line processing failed: 'list' object cannot be interpreted as an integer
umeh_druma_high quality,umeh_druma_high quality - page 1,Ume_Druma,line,0.8,2.5,5.0,True,0.25,True,3,5.176285743713379,25.0,8,2,6,
umeh_druma_high quality,umeh_druma_high quality - page 1,Ume_Druma,line,0.8,2.5,5.0,True,0.5,True,3,5.097735166549683,25.0,8,2,6,
umeh_druma_high quality,umeh_druma_high quality - page 1,Ume_Druma,line,0.8,2.5,5.0,True,0.9,True,3,5.066683053970337,25.0,8,2,6,
umeh_druma_high quality,umeh_druma_high quality - page 1,Ume_Druma,line,0.8,2.5,5.0,False,0.1,False,0,4.080349683761597,0.0,0,0,0,Line processing failed: 'list' object cannot be interpreted as an integer
umeh_druma_high quality,umeh_druma_high quality - page 1,Ume_Druma,line,0.8,2.5,5.0,False,0.25,True,4,5.007389545440674,53.85,13,7,6,
umeh_druma_high quality,umeh_druma_high quality - page 1,Ume_Druma,line,0.8,2.5,5.0,False,0.5,True,4,5.359130859375,53.85,13,7,6,
umeh_druma_high quality,umeh_druma_high quality - page 1,Ume_Druma,line,0.8,2.5,5.0,False,0.9,True,4,4.942650556564331,53.85,13,7,6,
umeh_druma_high quality,umeh_druma_high quality - page 1,Ume_Druma,line,0.8,3.0,2.5,True,0.1,False,0,3.883611917495728,0.0,0,0,0,Line processing failed: 'list' object cannot be interpreted as an integer
umeh_druma_high quality,umeh_druma_high quality - page 1,Ume_Druma,line,0.8,3.0,2.5,True,0.25,True,3,5.756440162658691,40.0,10,4,6,
umeh_druma_high quality,umeh_druma_high quality - page 1,Ume_Druma,line,0.8,3.0,2.5,True,0.5,True,3,5.409885406494141,40.0,10,4,6,
umeh_druma_high quality,umeh_druma_high quality - page 1,Ume_Druma,line,0.8,3.0,2.5,True,0.9,True,3,5.319896221160889,40.0,10,4,6,
umeh_druma_high quality,umeh_druma_high quality - page 1,Ume_Druma,line,0.8,3.0,2.5,False,0.1,False,0,3.71024751663208,0.0,0,0,0,Line processing failed: 'list' object cannot be interpreted as an integer
umeh_druma_high quality,umeh_druma_high quality - page 1,Ume_Druma,line,0.8,3.0,2.5,False,0.25,True,4,5.650625467300415,62.5,16,10,6,
umeh_druma_high quality,umeh_druma_high quality - page 1,Ume_Druma,line,0.8,3.0,2.5,False,0.5,True,4,6.320958375930786,62.5,16,10,6,
umeh_druma_high quality,umeh_druma_high quality - page 1,Ume_Druma,line,0.8,3.0,2.5,False,0.9,True,4,5.81145977973938,62.5,16,10,6,
umeh_druma_high quality,umeh_druma_high quality - page 1,Ume_Druma,line,0.8,3.0,3.5,True,0.1,False,0,3.629933834075928,0.0,0,0,0,Line processing failed: 'list' object cannot be interpreted as an integer
umeh_druma_high quality,umeh_druma_high quality - page 1,Ume_Druma,line,0.8,3.0,3.5,True,0.25,True,3,5.347857236862183,25.0,8,2,6,
umeh_druma_high quality,umeh_druma_high quality - page 1,Ume_Druma,line,0.8,3.0,3.5,True,0.5,True,3,5.481665372848511,25.0,8,2,6,
umeh_druma_high quality,umeh_druma_high quality - page 1,Ume_Druma,line,0.8,3.0,3.5,True,0.9,True,3,5.214109897613525,25.0,8,2,6,
umeh_druma_high quality,umeh_druma_high quality - page 1,Ume_Druma,line,0.8,3.0,3.5,False,0.1,False,0,3.834595680236816,0.0,0,0,0,Line processing failed: 'list' object cannot be interpreted as an integer
umeh_druma_high quality,umeh_druma_high quality - page 1,Ume_Druma,line,0.8,3.0,3.5,False,0.25,True,4,6.085374355316162,42.86,14,6,8,
umeh_druma_high quality,umeh_druma_high quality - page 1,Ume_Druma,line,0.8,3.0,3.5,False,0.5,True,4,5.540993690490723,42.86,14,6,8,
umeh_druma_high quality,umeh_druma_high quality - page 1,Ume_Druma,line,0.8,3.0,3.5,False,0.9,True,4,5.250519275665283,42.86,14,6,8,
umeh_druma_high quality,umeh_druma_high quality - page 1,Ume_Druma,line,0.8,3.0,4.0,True,0.1,False,0,4.084345102310181,0.0,0,0,0,Line processing failed: 'list' object cannot be interpreted as an integer
umeh_druma_high quality,umeh_druma_high quality - page 1,Ume_Druma,line,0.8,3.0,4.0,True,0.25,True,3,5.212902784347534,33.33,9,3,6,
umeh_druma_high quality,umeh_druma_high quality - page 1,Ume_Druma,line,0.8,3.0,4.0,True,0.5,True,3,5.3845055103302,33.33,9,3,6,
umeh_druma_high quality,umeh_druma_high quality - page 1,Ume_Druma,line,0.8,3.0,4.0,True,0.9,True,3,5.11878514289856,33.33,9,3,6,
umeh_druma_high quality,umeh_druma_high quality - page 1,Ume_Druma,line,0.8,3.0,4.0,False,0.1,False,0,3.779184341430664,0.0,0,0,0,Line processing failed: 'list' object cannot be interpreted as an integer
umeh_druma_high quality,umeh_druma_high quality - page 1,Ume_Druma,line,0.8,3.0,4.0,False,0.25,True,4,5.730818271636963,50.0,14,7,7,
umeh_druma_high quality,umeh_druma_high quality - page 1,Ume_Druma,line,0.8,3.0,4.0,False,0.5,True,4,5.575861692428589,50.0,14,7,7,
umeh_druma_high quality,umeh_druma_high quality - page 1,Ume_Druma,line,0.8,3.0,4.0,False,0.9,True,4,5.233368396759033,50.0,14,7,7,
umeh_druma_high quality,umeh_druma_high quality - page 1,Ume_Druma,line,0.8,3.0,5.0,True,0.1,False,0,4.266183614730835,0.0,0,0,0,Line processing failed: 'list' object cannot be interpreted as an integer
umeh_druma_high quality,umeh_druma_high quality - page 1,Ume_Druma,line,0.8,3.0,5.0,True,0.25,True,3,5.392806053161621,25.0,8,2,6,
umeh_druma_high quality,umeh_druma_high quality - page 1,Ume_Druma,line,0.8,3.0,5.0,True,0.5,True,3,5.386785984039307,25.0,8,2,6,
umeh_druma_high quality,umeh_druma_high quality - page 1,Ume_Druma,line,0.8,3.0,5.0,True,0.9,True,3,5.704891204833984,25.0,8,2,6,
umeh_druma_high quality,umeh_druma_high quality - page 1,Ume_Druma,line,0.8,3.0,5.0,False,0.1,False,0,4.281717777252197,0.0,0,0,0,Line processing failed: 'list' object cannot be interpreted as an integer
umeh_druma_high quality,umeh_druma_high quality - page 1,Ume_Druma,line,0.8,3.0,5.0,False,0.25,True,4,5.43707799911499,53.85,13,7,6,
umeh_druma_high quality,umeh_druma_high quality - page 1,Ume_Druma,line,0.8,3.0,5.0,False,0.5,True,4,5.884527921676636,53.85,13,7,6,
umeh_druma_high quality,umeh_druma_high quality - page 1,Ume_Druma,line,0.8,3.0,5.0,False,0.9,True,4,5.4322190284729,53.85,13,7,6,
umeh_druma_high quality,umeh_druma_high quality - page 1,Ume_Druma,line,0.9,2.0,2.5,True,0.1,False,0,3.9873204231262207,0.0,0,0,0,Line processing failed: 'list' object cannot be interpreted as an integer
umeh_druma_high quality,umeh_druma_high quality - page 1,Ume_Druma,line,0.9,2.0,2.5,True,0.25,True,3,5.123137950897217,77.78,18,14,4,
umeh_druma_high quality,umeh_druma_high quality - page 1,Ume_Druma,line,0.9,2.0,2.5,True,0.5,True,3,5.635959625244141,77.78,18,14,4,
umeh_druma_high quality,umeh_druma_high quality - page 1,Ume_Druma,line,0.9,2.0,2.5,True,0.9,True,3,5.001161336898804,77.78,18,14,4,
umeh_druma_high quality,umeh_druma_high quality - page 1,Ume_Druma,line,0.9,2.0,2.5,False,0.1,False,0,3.625906229019165,0.0,0,0,0,Line processing failed: 'list' object cannot be interpreted as an integer
umeh_druma_high quality,umeh_druma_high quality - page 1,Ume_Druma,line,0.9,2.0,2.5,False,0.25,True,4,5.429355621337891,60.0,15,9,6,
umeh_druma_high quality,umeh_druma_high quality - page 1,Ume_Druma,line,0.9,2.0,2.5,False,0.5,True,4,5.3407204151153564,60.0,15,9,6,
umeh_druma_high quality,umeh_druma_high quality - page 1,Ume_Druma,line,0.9,2.0,2.5,False,0.9,True,4,5.349571943283081,60.0,15,9,6,
umeh_druma_high quality,umeh_druma_high quality - page 1,Ume_Druma,line,0.9,2.0,3.5,True,0.1,False,0,3.560310840606689,0.0,0,0,0,Line processing failed: 'list' object cannot be interpreted as an integer
umeh_druma_high quality,umeh_druma_high quality - page 1,Ume_Druma,line,0.9,2.0,3.5,True,0.25,True,3,4.9069764614105225,50.0,14,7,7,
umeh_druma_high quality,umeh_druma_high quality - page 1,Ume_Druma,line,0.9,2.0,3.5,True,0.5,True,3,4.742407560348511,50.0,14,7,7,
umeh_druma_high quality,umeh_druma_high quality - page 1,Ume_Druma,line,0.9,2.0,3.5,True,0.9,True,3,5.30461311340332,50.0,14,7,7,
umeh_druma_high quality,umeh_druma_high quality - page 1,Ume_Druma,line,0.9,2.0,3.5,False,0.1,False,0,3.5472397804260254,0.0,0,0,0,Line processing failed: 'list' object cannot be interpreted as an integer
umeh_druma_high quality,umeh_druma_high quality - page 1,Ume_Druma,line,0.9,2.0,3.5,False,0.25,True,4,4.928799152374268,43.75,16,7,9,
umeh_druma_high quality,umeh_druma_high quality - page 1,Ume_Druma,line,0.9,2.0,3.5,False,0.5,True,4,5.336241006851196,43.75,16,7,9,
umeh_druma_high quality,umeh_druma_high quality - page 1,Ume_Druma,line,0.9,2.0,3.5,False,0.9,True,4,5.315691232681274,43.75,16,7,9,
umeh_druma_high quality,umeh_druma_high quality - page 1,Ume_Druma,line,0.9,2.0,4.0,True,0.1,False,0,4.197067975997925,0.0,0,0,0,Line processing failed: 'list' object cannot be interpreted as an integer
umeh_druma_high quality,umeh_druma_high quality - page 1,Ume_Druma,line,0.9,2.0,4.0,True,0.25,True,3,4.806900978088379,81.25,16,13,3,
umeh_druma_high quality,umeh_druma_high quality - page 1,Ume_Druma,line,0.9,2.0,4.0,True,0.5,True,3,4.915605068206787,81.25,16,13,3,
umeh_druma_high quality,umeh_druma_high quality - page 1,Ume_Druma,line,0.9,2.0,4.0,True,0.9,True,3,4.982858657836914,81.25,16,13,3,
umeh_druma_high quality,umeh_druma_high quality - page 1,Ume_Druma,line,0.9,2.0,4.0,False,0.1,False,0,4.189122915267944,0.0,0,0,0,Line processing failed: 'list' object cannot be interpreted as an integer
umeh_druma_high quality,umeh_druma_high quality - page 1,Ume_Druma,line,0.9,2.0,4.0,False,0.25,True,4,3.372990608215332,52.94,17,9,8,
umeh_druma_high quality,umeh_druma_high quality - page 1,Ume_Druma,line,0.9,2.0,4.0,False,0.5,True,4,3.305307149887085,52.94,17,9,8,
umeh_druma_high quality,umeh_druma_high quality - page 1,Ume_Druma,line,0.9,2.0,4.0,False,0.9,True,4,3.3036954402923584,52.94,17,9,8,
umeh_druma_high quality,umeh_druma_high quality - page 1,Ume_Druma,line,0.9,2.0,5.0,True,0.1,False,0,2.481647253036499,0.0,0,0,0,Line processing failed: 'list' object cannot be interpreted as an integer
umeh_druma_high quality,umeh_druma_high quality - page 1,Ume_Druma,line,0.9,2.0,5.0,True,0.25,True,3,3.1823549270629883,37.5,8,3,5,
umeh_druma_high quality,umeh_druma_high quality - page 1,Ume_Druma,line,0.9,2.0,5.0,True,0.5,True,3,3.170090675354004,37.5,8,3,5,
umeh_druma_high quality,umeh_druma_high quality - page 1,Ume_Druma,line,0.9,2.0,5.0,True,0.9,True,3,3.1671481132507324,37.5,8,3,5,
umeh_druma_high quality,umeh_druma_high quality - page 1,Ume_Druma,line,0.9,2.0,5.0,False,0.1,False,0,2.4746627807617188,0.0,0,0,0,Line processing failed: 'list' object cannot be interpreted as an integer
umeh_druma_high quality,umeh_druma_high quality - page 1,Ume_Druma,line,0.9,2.0,5.0,False,0.25,True,4,3.3101632595062256,57.14,14,8,6,
umeh_druma_high quality,umeh_druma_high quality - page 1,Ume_Druma,line,0.9,2.0,5.0,False,0.5,True,4,3.339247226715088,57.14,14,8,6,
umeh_druma_high quality,umeh_druma_high quality - page 1,Ume_Druma,line,0.9,2.0,5.0,False,0.9,True,4,3.309206485748291,57.14,14,8,6,
umeh_druma_high quality,umeh_druma_high quality - page 1,Ume_Druma,line,0.9,2.5,2.5,True,0.1,False,0,2.4668588638305664,0.0,0,0,0,Line processing failed: 'list' object cannot be interpreted as an integer
umeh_druma_high quality,umeh_druma_high quality - page 1,Ume_Druma,line,0.9,2.5,2.5,True,0.25,True,3,3.4638702869415283,83.33,18,15,3,
umeh_druma_high quality,umeh_druma_high quality - page 1,Ume_Druma,line,0.9,2.5,2.5,True,0.5,True,3,3.406320810317993,83.33,18,15,3,
umeh_druma_high quality,umeh_druma_high quality - page 1,Ume_Druma,line,0.9,2.5,2.5,True,0.9,True,3,3.4925687313079834,83.33,18,15,3,
umeh_druma_high quality,umeh_druma_high quality - page 1,Ume_Druma,line,0.9,2.5,2.5,False,0.1,False,0,2.4333291053771973,0.0,0,0,0,Line processing failed: 'list' object cannot be interpreted as an integer
umeh_druma_high quality,umeh_druma_high quality - page 1,Ume_Druma,line,0.9,2.5,2.5,False,0.25,True,4,3.5733678340911865,68.42,19,13,6,
umeh_druma_high quality,umeh_druma_high quality - page 1,Ume_Druma,line,0.9,2.5,2.5,False,0.5,True,4,3.62213134765625,68.42,19,13,6,
umeh_druma_high quality,umeh_druma_high quality - page 1,Ume_Druma,line,0.9,2.5,2.5,False,0.9,True,4,3.5455727577209477,68.42,19,13,6,
umeh_druma_high quality,umeh_druma_high quality - page 1,Ume_Druma,line,0.9,2.5,3.5,True,0.1,False,0,2.462631940841675,0.0,0,0,0,Line processing failed: 'list' object cannot be interpreted as an integer
umeh_druma_high quality,umeh_druma_high quality - page 1,Ume_Druma,line,0.9,2.5,3.5,True,0.25,True,3,3.4059407711029053,50.0,14,7,7,
umeh_druma_high quality,umeh_druma_high quality - page 1,Ume_Druma,line,0.9,2.5,3.5,True,0.5,True,3,3.35799503326416,50.0,14,7,7,
umeh_druma_high quality,umeh_druma_high quality - page 1,Ume_Druma,line,0.9,2.5,3.5,True,0.9,True,3,4.531778335571289,50.0,14,7,7,
umeh_druma_high quality,umeh_druma_high quality - page 1,Ume_Druma,line,0.9,2.5,3.5,False,0.1,False,0,3.879082918167114,0.0,0,0,0,Line processing failed: 'list' object cannot be interpreted as an integer
umeh_druma_high quality,umeh_druma_high quality - page 1,Ume_Druma,line,0.9,2.5,3.5,False,0.25,True,4,3.411275148391724,43.75,16,7,9,
umeh_druma_high quality,umeh_druma_high quality - page 1,Ume_Druma,line,0.9,2.5,3.5,False,0.5,True,4,3.236181735992432,43.75,16,7,9,
umeh_druma_high quality,umeh_druma_high quality - page 1,Ume_Druma,line,0.9,2.5,3.5,False,0.9,True,4,3.399580717086792,43.75,16,7,9,
umeh_druma_high quality,umeh_druma_high quality - page 1,Ume_Druma,line,0.9,2.5,4.0,True,0.1,False,0,2.4692633152008057,0.0,0,0,0,Line processing failed: 'list' object cannot be interpreted as an integer
umeh_druma_high quality,umeh_druma_high quality - page 1,Ume_Druma,line,0.9,2.5,4.0,True,0.25,True,3,3.4023096561431885,81.25,16,13,3,
umeh_druma_high quality,umeh_druma_high quality - page 1,Ume_Druma,line,0.9,2.5,4.0,True,0.5,True,3,3.353248357772827,81.25,16,13,3,
umeh_druma_high quality,umeh_druma_high quality - page 1,Ume_Druma,line,0.9,2.5,4.0,True,0.9,True,3,3.4761271476745605,81.25,16,13,3,
umeh_druma_high quality,umeh_druma_high quality - page 1,Ume_Druma,line,0.9,2.5,4.0,False,0.1,False,0,3.878247022628784,0.0,0,0,0,Line processing failed: 'list' object cannot be interpreted as an integer
umeh_druma_high quality,umeh_druma_high quality - page 1,Ume_Druma,line,0.9,2.5,4.0,False,0.25,True,4,3.525407314300537,52.94,17,9,8,
umeh_druma_high quality,umeh_druma_high quality - page 1,Ume_Druma,line,0.9,2.5,4.0,False,0.5,True,4,3.3576080799102783,52.94,17,9,8,
umeh_druma_high quality,umeh_druma_high quality - page 1,Ume_Druma,line,0.9,2.5,4.0,False,0.9,True,4,3.4238829612731934,52.94,17,9,8,
umeh_druma_high quality,umeh_druma_high quality - page 1,Ume_Druma,line,0.9,2.5,5.0,True,0.1,False,0,2.482482671737671,0.0,0,0,0,Line processing failed: 'list' object cannot be interpreted as an integer
umeh_druma_high quality,umeh_druma_high quality - page 1,Ume_Druma,line,0.9,2.5,5.0,True,0.25,True,3,3.3650431632995605,25.0,8,2,6,
umeh_druma_high quality,umeh_druma_high quality - page 1,Ume_Druma,line,0.9,2.5,5.0,True,0.5,True,3,3.283409595489502,25.0,8,2,6,
umeh_druma_high quality,umeh_druma_high quality - page 1,Ume_Druma,line,0.9,2.5,5.0,True,0.9,True,3,3.2573633193969727,25.0,8,2,6,
umeh_druma_high quality,umeh_druma_high quality - page 1,Ume_Druma,line,0.9,2.5,5.0,False,0.1,False,0,2.4413747787475586,0.0,0,0,0,Line processing failed: 'list' object cannot be interpreted as an integer
umeh_druma_high quality,umeh_druma_high quality - page 1,Ume_Druma,line,0.9,2.5,5.0,False,0.25,True,4,3.388930559158325,53.85,13,7,6,
umeh_druma_high quality,umeh_druma_high quality - page 1,Ume_Druma,line,0.9,2.5,5.0,False,0.5,True,4,3.391983985900879,53.85,13,7,6,
umeh_druma_high quality,umeh_druma_high quality - page 1,Ume_Druma,line,0.9,2.5,5.0,False,0.9,True,4,3.379012107849121,53.85,13,7,6,
umeh_druma_high quality,umeh_druma_high quality - page 1,Ume_Druma,line,0.9,3.0,2.5,True,0.1,False,0,2.464140653610229,0.0,0,0,0,Line processing failed: 'list' object cannot be interpreted as an integer
umeh_druma_high quality,umeh_druma_high quality - page 1,Ume_Druma,line,0.9,3.0,2.5,True,0.25,True,3,3.6143181324005127,40.0,10,4,6,
umeh_druma_high quality,umeh_druma_high quality - page 1,Ume_Druma,line,0.9,3.0,2.5,True,0.5,True,3,3.5327553749084477,40.0,10,4,6,
umeh_druma_high quality,umeh_druma_high quality - page 1,Ume_Druma,line,0.9,3.0,2.5,True,0.9,True,3,3.5691378116607666,40.0,10,4,6,
umeh_druma_high quality,umeh_druma_high quality - page 1,Ume_Druma,line,0.9,3.0,2.5,False,0.1,False,0,2.40653133392334,0.0,0,0,0,Line processing failed: 'list' object cannot be interpreted as an integer
umeh_druma_high quality,umeh_druma_high quality - page 1,Ume_Druma,line,0.9,3.0,2.5,False,0.25,True,4,3.7162694931030273,62.5,16,10,6,
umeh_druma_high quality,umeh_druma_high quality - page 1,Ume_Druma,line,0.9,3.0,2.5,False,0.5,True,4,3.65149998664856,62.5,16,10,6,
umeh_druma_high quality,umeh_druma_high quality - page 1,Ume_Druma,line,0.9,3.0,2.5,False,0.9,True,4,3.7194674015045166,62.5,16,10,6,
umeh_druma_high quality,umeh_druma_high quality - page 1,Ume_Druma,line,0.9,3.0,3.5,True,0.1,False,0,2.4386932849884038,0.0,0,0,0,Line processing failed: 'list' object cannot be interpreted as an integer
umeh_druma_high quality,umeh_druma_high quality - page 1,Ume_Druma,line,0.9,3.0,3.5,True,0.25,True,3,3.5252251625061035,25.0,8,2,6,
umeh_druma_high quality,umeh_druma_high quality - page 1,Ume_Druma,line,0.9,3.0,3.5,True,0.5,True,3,3.46034574508667,25.0,8,2,6,
umeh_druma_high quality,umeh_druma_high quality - page 1,Ume_Druma,line,0.9,3.0,3.5,True,0.9,True,3,5.195068359375,25.0,8,2,6,
umeh_druma_high quality,umeh_druma_high quality - page 1,Ume_Druma,line,0.9,3.0,3.5,False,0.1,False,0,3.880637168884277,0.0,0,0,0,Line processing failed: 'list' object cannot be interpreted as an integer
umeh_druma_high quality,umeh_druma_high quality - page 1,Ume_Druma,line,0.9,3.0,3.5,False,0.25,True,4,5.2477126121521,42.86,14,6,8,
umeh_druma_high quality,umeh_druma_high quality - page 1,Ume_Druma,line,0.9,3.0,3.5,False,0.5,True,4,5.244903326034546,42.86,14,6,8,
umeh_druma_high quality,umeh_druma_high quality - page 1,Ume_Druma,line,0.9,3.0,3.5,False,0.9,True,4,5.25127911567688,42.86,14,6,8,
umeh_druma_high quality,umeh_druma_high quality - page 1,Ume_Druma,line,0.9,3.0,4.0,True,0.1,False,0,3.882443428039551,0.0,0,0,0,Line processing failed: 'list' object cannot be interpreted as an integer
umeh_druma_high quality,umeh_druma_high quality - page 1,Ume_Druma,line,0.9,3.0,4.0,True,0.25,True,3,3.345698118209839,33.33,9,3,6,
umeh_druma_high quality,umeh_druma_high quality - page 1,Ume_Druma,line,0.9,3.0,4.0,True,0.5,True,3,3.3362936973571777,33.33,9,3,6,
umeh_druma_high quality,umeh_druma_high quality - page 1,Ume_Druma,line,0.9,3.0,4.0,True,0.9,True,3,3.2772409915924072,33.33,9,3,6,
umeh_druma_high quality,umeh_druma_high quality - page 1,Ume_Druma,line,0.9,3.0,4.0,False,0.1,False,0,2.281401395797729,0.0,0,0,0,Line processing failed: 'list' object cannot be interpreted as an integer
umeh_druma_high quality,umeh_druma_high quality - page 1,Ume_Druma,line,0.9,3.0,4.0,False,0.25,True,4,3.397700071334839,50.0,14,7,7,
umeh_druma_high quality,umeh_druma_high quality - page 1,Ume_Druma,line,0.9,3.0,4.0,False,0.5,True,4,3.550863981246948,50.0,14,7,7,
umeh_druma_high quality,umeh_druma_high quality - page 1,Ume_Druma,line,0.9,3.0,4.0,False,0.9,True,4,3.6355810165405273,50.0,14,7,7,
umeh_druma_high quality,umeh_druma_high quality - page 1,Ume_Druma,line,0.9,3.0,5.0,True,0.1,False,0,2.4361226558685303,0.0,0,0,0,Line processing failed: 'list' object cannot be interpreted as an integer
umeh_druma_high quality,umeh_druma_high quality - page 1,Ume_Druma,line,0.9,3.0,5.0,True,0.25,True,3,3.4494874477386475,25.0,8,2,6,
umeh_druma_high quality,umeh_druma_high quality - page 1,Ume_Druma,line,0.9,3.0,5.0,True,0.5,True,3,3.379244327545166,25.0,8,2,6,
umeh_druma_high quality,umeh_druma_high quality - page 1,Ume_Druma,line,0.9,3.0,5.0,True,0.9,True,3,4.114328861236572,25.0,8,2,6,
umeh_druma_high quality,umeh_druma_high quality - page 1,Ume_Druma,line,0.9,3.0,5.0,False,0.1,False,0,2.3517186641693115,0.0,0,0,0,Line processing failed: 'list' object cannot be interpreted as an integer
umeh_druma_high quality,umeh_druma_high quality - page 1,Ume_Druma,line,0.9,3.0,5.0,False,0.25,True,4,3.5240378379821777,53.85,13,7,6,
umeh_druma_high quality,umeh_druma_high quality - page 1,Ume_Druma,line,0.9,3.0,5.0,False,0.5,True,4,3.618568420410156,53.85,13,7,6,
umeh_druma_high quality,umeh_druma_high quality - page 1,Ume_Druma,line,0.9,3.0,5.0,False,0.9,True,4,3.4697844982147217,53.85,13,7,6,
umeh_druma_high quality,umeh_druma_high quality - page 1,Ume_Druma,layout,0.7,2.0,2.5,True,0.1,True,4,4.922565221786499,68.0,25,17,8,
umeh_druma_high quality,umeh_druma_high quality - page 1,Ume_Druma,layout,0.7,2.0,2.5,True,0.25,True,4,5.04279637336731,68.0,25,17,8,
umeh_druma_high quality,umeh_druma_high quality - page 1,Ume_Druma,layout,0.7,2.0,2.5,True,0.5,True,4,3.253301858901977,68.0,25,17,8,
umeh_druma_high quality,umeh_druma_high quality - page 1,Ume_Druma,layout,0.7,2.0,2.5,True,0.9,True,4,3.2495906352996826,68.0,25,17,8,
umeh_druma_high quality,umeh_druma_high quality - page 1,Ume_Druma,layout,0.7,2.0,2.5,False,0.1,True,5,3.5868725776672363,73.08,26,19,7,
umeh_druma_high quality,umeh_druma_high quality - page 1,Ume_Druma,layout,0.7,2.0,2.5,False,0.25,True,5,3.636187076568604,73.08,26,19,7,
umeh_druma_high quality,umeh_druma_high quality - page 1,Ume_Druma,layout,0.7,2.0,2.5,False,0.5,True,5,3.637186765670776,73.08,26,19,7,
umeh_druma_high quality,umeh_druma_high quality - page 1,Ume_Druma,layout,0.7,2.0,2.5,False,0.9,True,5,3.615883111953736,73.08,26,19,7,
umeh_druma_high quality,umeh_druma_high quality - page 1,Ume_Druma,layout,0.7,2.0,3.5,True,0.1,True,4,3.507803678512573,45.83,24,11,13,
umeh_druma_high quality,umeh_druma_high quality - page 1,Ume_Druma,layout,0.7,2.0,3.5,True,0.25,True,4,3.4072484970092773,45.83,24,11,13,
umeh_druma_high quality,umeh_druma_high quality - page 1,Ume_Druma,layout,0.7,2.0,3.5,True,0.5,True,4,3.4056506156921387,45.83,24,11,13,
umeh_druma_high quality,umeh_druma_high quality - page 1,Ume_Druma,layout,0.7,2.0,3.5,True,0.9,True,4,3.408178806304932,45.83,24,11,13,
umeh_druma_high quality,umeh_druma_high quality - page 1,Ume_Druma,layout,0.7,2.0,3.5,False,0.1,True,5,3.5911941528320312,50.0,24,12,12,
umeh_druma_high quality,umeh_druma_high quality - page 1,Ume_Druma,layout,0.7,2.0,3.5,False,0.25,True,5,3.5699191093444824,50.0,24,12,12,
umeh_druma_high quality,umeh_druma_high quality - page 1,Ume_Druma,layout,0.7,2.0,3.5,False,0.5,True,5,3.573250293731689,50.0,24,12,12,
umeh_druma_high quality,umeh_druma_high quality - page 1,Ume_Druma,layout,0.7,2.0,3.5,False,0.9,True,5,3.5862812995910645,50.0,24,12,12,
umeh_druma_high quality,umeh_druma_high quality - page 1,Ume_Druma,layout,0.7,2.0,4.0,True,0.1,True,4,3.445301055908203,45.45,22,10,12,
umeh_druma_high quality,umeh_druma_high quality - page 1,Ume_Druma,layout,0.7,2.0,4.0,True,0.25,True,4,3.435495615005493,45.45,22,10,12,
umeh_druma_high quality,umeh_druma_high quality - page 1,Ume_Druma,layout,0.7,2.0,4.0,True,0.5,True,4,3.520528793334961,45.45,22,10,12,
umeh_druma_high quality,umeh_druma_high quality - page 1,Ume_Druma,layout,0.7,2.0,4.0,True,0.9,True,4,3.4261245727539062,45.45,22,10,12,
umeh_druma_high quality,umeh_druma_high quality - page 1,Ume_Druma,layout,0.7,2.0,4.0,False,0.1,True,5,5.351751327514648,52.17,23,12,11,
umeh_druma_high quality,umeh_druma_high quality - page 1,Ume_Druma,layout,0.7,2.0,4.0,False,0.25,True,5,5.351580858230591,52.17,23,12,11,
umeh_druma_high quality,umeh_druma_high quality - page 1,Ume_Druma,layout,0.7,2.0,4.0,False,0.5,True,5,4.565281867980957,52.17,23,12,11,
umeh_druma_high quality,umeh_druma_high quality - page 1,Ume_Druma,layout,0.7,2.0,4.0,False,0.9,True,5,3.475531101226806,52.17,23,12,11,
umeh_druma_high quality,umeh_druma_high quality - page 1,Ume_Druma,layout,0.7,2.0,5.0,True,0.1,True,4,3.3332619667053223,38.89,18,7,11,
umeh_druma_high quality,umeh_druma_high quality - page 1,Ume_Druma,layout,0.7,2.0,5.0,True,0.25,True,4,3.290503740310669,38.89,18,7,11,
umeh_druma_high quality,umeh_druma_high quality - page 1,Ume_Druma,layout,0.7,2.0,5.0,True,0.5,True,4,3.433471918106079,38.89,18,7,11,
umeh_druma_high quality,umeh_druma_high quality - page 1,Ume_Druma,layout,0.7,2.0,5.0,True,0.9,True,4,3.4395523071289062,38.89,18,7,11,
umeh_druma_high quality,umeh_druma_high quality - page 1,Ume_Druma,layout,0.7,2.0,5.0,False,0.1,True,5,3.649508237838745,38.89,18,7,11,
umeh_druma_high quality,umeh_druma_high quality - page 1,Ume_Druma,layout,0.7,2.0,5.0,False,0.25,True,5,3.624905586242676,38.89,18,7,11,
umeh_druma_high quality,umeh_druma_high quality - page 1,Ume_Druma,layout,0.7,2.0,5.0,False,0.5,True,5,3.604461669921875,38.89,18,7,11,
umeh_druma_high quality,umeh_druma_high quality - page 1,Ume_Druma,layout,0.7,2.0,5.0,False,0.9,True,5,3.6308300495147705,38.89,18,7,11,
umeh_druma_high quality,umeh_druma_high quality - page 1,Ume_Druma,layout,0.7,2.5,2.5,True,0.1,True,4,3.514833211898804,68.0,25,17,8,
umeh_druma_high quality,umeh_druma_high quality - page 1,Ume_Druma,layout,0.7,2.5,2.5,True,0.25,True,4,3.5047590732574463,68.0,25,17,8,
umeh_druma_high quality,umeh_druma_high quality - page 1,Ume_Druma,layout,0.7,2.5,2.5,True,0.5,True,4,3.5056092739105225,68.0,25,17,8,
umeh_druma_high quality,umeh_druma_high quality - page 1,Ume_Druma,layout,0.7,2.5,2.5,True,0.9,True,4,3.519723653793335,68.0,25,17,8,
umeh_druma_high quality,umeh_druma_high quality - page 1,Ume_Druma,layout,0.7,2.5,2.5,False,0.1,True,5,3.767224788665772,73.08,26,19,7,
umeh_druma_high quality,umeh_druma_high quality - page 1,Ume_Druma,layout,0.7,2.5,2.5,False,0.25,True,5,4.491784334182739,73.08,26,19,7,
umeh_druma_high quality,umeh_druma_high quality - page 1,Ume_Druma,layout,0.7,2.5,2.5,False,0.5,True,5,3.6065638065338135,73.08,26,19,7,
umeh_druma_high quality,umeh_druma_high quality - page 1,Ume_Druma,layout,0.7,2.5,2.5,False,0.9,True,5,3.72232723236084,73.08,26,19,7,
umeh_druma_high quality,umeh_druma_high quality - page 1,Ume_Druma,layout,0.7,2.5,3.5,True,0.1,True,4,3.5626721382141118,45.83,24,11,13,
umeh_druma_high quality,umeh_druma_high quality - page 1,Ume_Druma,layout,0.7,2.5,3.5,True,0.25,True,4,3.51703143119812,45.83,24,11,13,
umeh_druma_high quality,umeh_druma_high quality - page 1,Ume_Druma,layout,0.7,2.5,3.5,True,0.5,True,4,3.5846974849700928,45.83,24,11,13,
umeh_druma_high quality,umeh_druma_high quality - page 1,Ume_Druma,layout,0.7,2.5,3.5,True,0.9,True,4,3.608909845352173,45.83,24,11,13,
umeh_druma_high quality,umeh_druma_high quality - page 1,Ume_Druma,layout,0.7,2.5,3.5,False,0.1,True,5,3.6807355880737305,50.0,24,12,12,
umeh_druma_high quality,umeh_druma_high quality - page 1,Ume_Druma,layout,0.7,2.5,3.5,False,0.25,True,5,3.717972755432129,50.0,24,12,12,
umeh_druma_high quality,umeh_druma_high quality - page 1,Ume_Druma,layout,0.7,2.5,3.5,False,0.5,True,5,3.6812496185302734,50.0,24,12,12,
umeh_druma_high quality,umeh_druma_high quality - page 1,Ume_Druma,layout,0.7,2.5,3.5,False,0.9,True,5,3.6888644695281982,50.0,24,12,12,
umeh_druma_high quality,umeh_druma_high quality - page 1,Ume_Druma,layout,0.7,2.5,4.0,True,0.1,True,4,3.5394864082336426,45.45,22,10,12,
umeh_druma_high quality,umeh_druma_high quality - page 1,Ume_Druma,layout,0.7,2.5,4.0,True,0.25,True,4,3.545489549636841,45.45,22,10,12,
umeh_druma_high quality,umeh_druma_high quality - page 1,Ume_Druma,layout,0.7,2.5,4.0,True,0.5,True,4,3.5367977619171143,45.45,22,10,12,
umeh_druma_high quality,umeh_druma_high quality - page 1,Ume_Druma,layout,0.7,2.5,4.0,True,0.9,True,4,3.54290509223938,45.45,22,10,12,
umeh_druma_high quality,umeh_druma_high quality - page 1,Ume_Druma,layout,0.7,2.5,4.0,False,0.1,True,5,3.731502532958984,52.17,23,12,11,
umeh_druma_high quality,umeh_druma_high quality - page 1,Ume_Druma,layout,0.7,2.5,4.0,False,0.25,True,5,3.751137971878052,52.17,23,12,11,
umeh_druma_high quality,umeh_druma_high quality - page 1,Ume_Druma,layout,0.7,2.5,4.0,False,0.5,True,5,3.7075717449188232,52.17,23,12,11,
umeh_druma_high quality,umeh_druma_high quality - page 1,Ume_Druma,layout,0.7,2.5,4.0,False,0.9,True,5,3.7509925365448,52.17,23,12,11,
umeh_druma_high quality,umeh_druma_high quality - page 1,Ume_Druma,layout,0.7,2.5,5.0,True,0.1,True,4,3.66815996170044,42.86,21,9,12,
umeh_druma_high quality,umeh_druma_high quality - page 1,Ume_Druma,layout,0.7,2.5,5.0,True,0.25,True,4,3.676103115081787,42.86,21,9,12,
umeh_druma_high quality,umeh_druma_high quality - page 1,Ume_Druma,layout,0.7,2.5,5.0,True,0.5,True,4,3.5639877319335938,42.86,21,9,12,
umeh_druma_high quality,umeh_druma_high quality - page 1,Ume_Druma,layout,0.7,2.5,5.0,True,0.9,True,4,3.564192533493042,42.86,21,9,12,
umeh_druma_high quality,umeh_druma_high quality - page 1,Ume_Druma,layout,0.7,2.5,5.0,False,0.1,True,5,3.741812705993652,47.62,21,10,11,
umeh_druma_high quality,umeh_druma_high quality - page 1,Ume_Druma,layout,0.7,2.5,5.0,False,0.25,True,5,3.747833013534546,47.62,21,10,11,
umeh_druma_high quality,umeh_druma_high quality - page 1,Ume_Druma,layout,0.7,2.5,5.0,False,0.5,True,5,3.759462356567383,47.62,21,10,11,
umeh_druma_high quality,umeh_druma_high quality - page 1,Ume_Druma,layout,0.7,2.5,5.0,False,0.9,True,5,3.754098653793335,47.62,21,10,11,
umeh_druma_high quality,umeh_druma_high quality - page 1,Ume_Druma,layout,0.7,3.0,2.5,True,0.1,True,4,5.116209506988525,68.0,25,17,8,
umeh_druma_high quality,umeh_druma_high quality - page 1,Ume_Druma,layout,0.7,3.0,2.5,True,0.25,True,4,3.491029500961304,68.0,25,17,8,
umeh_druma_high quality,umeh_druma_high quality - page 1,Ume_Druma,layout,0.7,3.0,2.5,True,0.5,True,4,3.5552937984466557,68.0,25,17,8,
umeh_druma_high quality,umeh_druma_high quality - page 1,Ume_Druma,layout,0.7,3.0,2.5,True,0.9,True,4,3.651622772216797,68.0,25,17,8,
umeh_druma_high quality,umeh_druma_high quality - page 1,Ume_Druma,layout,0.7,3.0,2.5,False,0.1,True,5,3.862409830093384,73.08,26,19,7,
umeh_druma_high quality,umeh_druma_high quality - page 1,Ume_Druma,layout,0.7,3.0,2.5,False,0.25,True,5,3.8771586418151855,73.08,26,19,7,
umeh_druma_high quality,umeh_druma_high quality - page 1,Ume_Druma,layout,0.7,3.0,2.5,False,0.5,True,5,3.8708808422088623,73.08,26,19,7,
umeh_druma_high quality,umeh_druma_high quality - page 1,Ume_Druma,layout,0.7,3.0,2.5,False,0.9,True,5,3.8527796268463135,73.08,26,19,7,
umeh_druma_high quality,umeh_druma_high quality - page 1,Ume_Druma,layout,0.7,3.0,3.5,True,0.1,True,4,3.683960199356079,45.83,24,11,13,
umeh_druma_high quality,umeh_druma_high quality - page 1,Ume_Druma,layout,0.7,3.0,3.5,True,0.25,True,4,5.119208812713623,45.83,24,11,13,
umeh_druma_high quality,umeh_druma_high quality - page 1,Ume_Druma,layout,0.7,3.0,3.5,True,0.5,True,4,3.490903615951538,45.83,24,11,13,
umeh_druma_high quality,umeh_druma_high quality - page 1,Ume_Druma,layout,0.7,3.0,3.5,True,0.9,True,4,3.566104888916016,45.83,24,11,13,
umeh_druma_high quality,umeh_druma_high quality - page 1,Ume_Druma,layout,0.7,3.0,3.5,False,0.1,True,5,3.918386220932007,50.0,24,12,12,
umeh_druma_high quality,umeh_druma_high quality - page 1,Ume_Druma,layout,0.7,3.0,3.5,False,0.25,True,5,3.81540322303772,50.0,24,12,12,
umeh_druma_high quality,umeh_druma_high quality - page 1,Ume_Druma,layout,0.7,3.0,3.5,False,0.5,True,5,3.803680419921875,50.0,24,12,12,
umeh_druma_high quality,umeh_druma_high quality - page 1,Ume_Druma,layout,0.7,3.0,3.5,False,0.9,True,5,3.810546398162842,50.0,24,12,12,
umeh_druma_high quality,umeh_druma_high quality - page 1,Ume_Druma,layout,0.7,3.0,4.0,True,0.1,True,4,3.656582117080689,45.45,22,10,12,
umeh_druma_high quality,umeh_druma_high quality - page 1,Ume_Druma,layout,0.7,3.0,4.0,True,0.25,True,4,3.657992362976074,45.45,22,10,12,
umeh_druma_high quality,umeh_druma_high quality - page 1,Ume_Druma,layout,0.7,3.0,4.0,True,0.5,True,4,3.658241271972656,45.45,22,10,12,
umeh_druma_high quality,umeh_druma_high quality - page 1,Ume_Druma,layout,0.7,3.0,4.0,True,0.9,True,4,3.651166677474976,45.45,22,10,12,
umeh_druma_high quality,umeh_druma_high quality - page 1,Ume_Druma,layout,0.7,3.0,4.0,False,0.1,True,5,3.848629713058472,52.17,23,12,11,
umeh_druma_high quality,umeh_druma_high quality - page 1,Ume_Druma,layout,0.7,3.0,4.0,False,0.25,True,5,3.835638046264648,52.17,23,12,11,
umeh_druma_high quality,umeh_druma_high quality - page 1,Ume_Druma,layout,0.7,3.0,4.0,False,0.5,True,5,3.834126949310303,52.17,23,12,11,
umeh_druma_high quality,umeh_druma_high quality - page 1,Ume_Druma,layout,0.7,3.0,4.0,False,0.9,True,5,3.8379392623901367,52.17,23,12,11,
umeh_druma_high quality,umeh_druma_high quality - page 1,Ume_Druma,layout,0.7,3.0,5.0,True,0.1,True,4,3.7338171005249023,42.86,21,9,12,
umeh_druma_high quality,umeh_druma_high quality - page 1,Ume_Druma,layout,0.7,3.0,5.0,True,0.25,True,4,3.675553560256958,42.86,21,9,12,
umeh_druma_high quality,umeh_druma_high quality - page 1,Ume_Druma,layout,0.7,3.0,5.0,True,0.5,True,4,3.680032253265381,42.86,21,9,12,
umeh_druma_high quality,umeh_druma_high quality - page 1,Ume_Druma,layout,0.7,3.0,5.0,True,0.9,True,4,3.6716079711914062,42.86,21,9,12,
umeh_druma_high quality,umeh_druma_high quality - page 1,Ume_Druma,layout,0.7,3.0,5.0,False,0.1,True,5,3.884020805358887,47.62,21,10,11,
umeh_druma_high quality,umeh_druma_high quality - page 1,Ume_Druma,layout,0.7,3.0,5.0,False,0.25,True,5,3.857365369796753,47.62,21,10,11,
umeh_druma_high quality,umeh_druma_high quality - page 1,Ume_Druma,layout,0.7,3.0,5.0,False,0.5,True,5,3.848100662231445,47.62,21,10,11,
umeh_druma_high quality,umeh_druma_high quality - page 1,Ume_Druma,layout,0.7,3.0,5.0,False,0.9,True,5,3.860917091369629,47.62,21,10,11,
umeh_druma_high quality,umeh_druma_high quality - page 1,Ume_Druma,layout,0.8,2.0,2.5,True,0.1,True,4,3.467856407165528,68.0,25,17,8,
umeh_druma_high quality,umeh_druma_high quality - page 1,Ume_Druma,layout,0.8,2.0,2.5,True,0.25,True,4,3.418818950653076,68.0,25,17,8,
umeh_druma_high quality,umeh_druma_high quality - page 1,Ume_Druma,layout,0.8,2.0,2.5,True,0.5,True,4,3.412198066711426,68.0,25,17,8,
umeh_druma_high quality,umeh_druma_high quality - page 1,Ume_Druma,layout,0.8,2.0,2.5,True,0.9,True,4,3.4270341396331787,68.0,25,17,8,
umeh_druma_high quality,umeh_druma_high quality - page 1,Ume_Druma,layout,0.8,2.0,2.5,False,0.1,True,5,3.626469850540161,73.08,26,19,7,
umeh_druma_high quality,umeh_druma_high quality - page 1,Ume_Druma,layout,0.8,2.0,2.5,False,0.25,True,5,3.6644327640533447,73.08,26,19,7,
umeh_druma_high quality,umeh_druma_high quality - page 1,Ume_Druma,layout,0.8,2.0,2.5,False,0.5,True,5,3.6336841583251953,73.08,26,19,7,
umeh_druma_high quality,umeh_druma_high quality - page 1,Ume_Druma,layout,0.8,2.0,2.5,False,0.9,True,5,3.64763069152832,73.08,26,19,7,
umeh_druma_high quality,umeh_druma_high quality - page 1,Ume_Druma,layout,0.8,2.0,3.5,True,0.1,True,4,3.395200252532959,45.83,24,11,13,
umeh_druma_high quality,umeh_druma_high quality - page 1,Ume_Druma,layout,0.8,2.0,3.5,True,0.25,True,4,3.5026185512542725,45.83,24,11,13,
umeh_druma_high quality,umeh_druma_high quality - page 1,Ume_Druma,layout,0.8,2.0,3.5,True,0.5,True,4,3.412447452545166,45.83,24,11,13,
umeh_druma_high quality,umeh_druma_high quality - page 1,Ume_Druma,layout,0.8,2.0,3.5,True,0.9,True,4,3.4131743907928467,45.83,24,11,13,
umeh_druma_high quality,umeh_druma_high quality - page 1,Ume_Druma,layout,0.8,2.0,3.5,False,0.1,True,5,3.570072650909424,50.0,24,12,12,
umeh_druma_high quality,umeh_druma_high quality - page 1,Ume_Druma,layout,0.8,2.0,3.5,False,0.25,True,5,3.5845818519592285,50.0,24,12,12,
umeh_druma_high quality,umeh_druma_high quality - page 1,Ume_Druma,layout,0.8,2.0,3.5,False,0.5,True,5,3.5880584716796875,50.0,24,12,12,
umeh_druma_high quality,umeh_druma_high quality - page 1,Ume_Druma,layout,0.8,2.0,3.5,False,0.9,True,5,3.571845531463623,50.0,24,12,12,
umeh_druma_high quality,umeh_druma_high quality - page 1,Ume_Druma,layout,0.8,2.0,4.0,True,0.1,True,4,3.442135572433472,45.45,22,10,12,
umeh_druma_high quality,umeh_druma_high quality - page 1,Ume_Druma,layout,0.8,2.0,4.0,True,0.25,True,4,3.4224321842193604,45.45,22,10,12,
umeh_druma_high quality,umeh_druma_high quality - page 1,Ume_Druma,layout,0.8,2.0,4.0,True,0.5,True,4,3.42268443107605,45.45,22,10,12,
umeh_druma_high quality,umeh_druma_high quality - page 1,Ume_Druma,layout,0.8,2.0,4.0,True,0.9,True,4,3.847154140472412,45.45,22,10,12,
umeh_druma_high quality,umeh_druma_high quality - page 1,Ume_Druma,layout,0.8,2.0,4.0,False,0.1,True,5,3.612371444702149,52.17,23,12,11,
umeh_druma_high quality,umeh_druma_high quality - page 1,Ume_Druma,layout,0.8,2.0,4.0,False,0.25,True,5,3.6435024738311768,52.17,23,12,11,
umeh_druma_high quality,umeh_druma_high quality - page 1,Ume_Druma,layout,0.8,2.0,4.0,False,0.5,True,5,3.611548900604248,52.17,23,12,11,
umeh_druma_high quality,umeh_druma_high quality - page 1,Ume_Druma,layout,0.8,2.0,4.0,False,0.9,True,5,3.618238687515259,52.17,23,12,11,
umeh_druma_high quality,umeh_druma_high quality - page 1,Ume_Druma,layout,0.8,2.0,5.0,True,0.1,True,4,3.436981439590454,38.89,18,7,11,
umeh_druma_high quality,umeh_druma_high quality - page 1,Ume_Druma,layout,0.8,2.0,5.0,True,0.25,True,4,3.4361283779144287,38.89,18,7,11,
umeh_druma_high quality,umeh_druma_high quality - page 1,Ume_Druma,layout,0.8,2.0,5.0,True,0.5,True,4,3.556846141815185,38.89,18,7,11,
umeh_druma_high quality,umeh_druma_high quality - page 1,Ume_Druma,layout,0.8,2.0,5.0,True,0.9,True,4,3.427177906036377,38.89,18,7,11,
umeh_druma_high quality,umeh_druma_high quality - page 1,Ume_Druma,layout,0.8,2.0,5.0,False,0.1,True,5,4.963173866271973,38.89,18,7,11,
umeh_druma_high quality,umeh_druma_high quality - page 1,Ume_Druma,layout,0.8,2.0,5.0,False,0.25,True,5,3.462147951126098,38.89,18,7,11,
umeh_druma_high quality,umeh_druma_high quality - page 1,Ume_Druma,layout,0.8,2.0,5.0,False,0.5,True,5,3.651792287826538,38.89,18,7,11,
umeh_druma_high quality,umeh_druma_high quality - page 1,Ume_Druma,layout,0.8,2.0,5.0,False,0.9,True,5,3.6383590698242183,38.89,18,7,11,
umeh_druma_high quality,umeh_druma_high quality - page 1,Ume_Druma,layout,0.8,2.5,2.5,True,0.1,True,4,3.549200773239136,68.0,25,17,8,
umeh_druma_high quality,umeh_druma_high quality - page 1,Ume_Druma,layout,0.8,2.5,2.5,True,0.25,True,4,3.501633405685425,68.0,25,17,8,
umeh_druma_high quality,umeh_druma_high quality - page 1,Ume_Druma,layout,0.8,2.5,2.5,True,0.5,True,4,3.522275686264038,68.0,25,17,8,
umeh_druma_high quality,umeh_druma_high quality - page 1,Ume_Druma,layout,0.8,2.5,2.5,True,0.9,True,4,3.5229220390319824,68.0,25,17,8,
umeh_druma_high quality,umeh_druma_high quality - page 1,Ume_Druma,layout,0.8,2.5,2.5,False,0.1,True,5,3.7351930141448975,73.08,26,19,7,
umeh_druma_high quality,umeh_druma_high quality - page 1,Ume_Druma,layout,0.8,2.5,2.5,False,0.25,True,5,3.740423202514648,73.08,26,19,7,
umeh_druma_high quality,umeh_druma_high quality - page 1,Ume_Druma,layout,0.8,2.5,2.5,False,0.5,True,5,3.8512704372406006,73.08,26,19,7,
umeh_druma_high quality,umeh_druma_high quality - page 1,Ume_Druma,layout,0.8,2.5,2.5,False,0.9,True,5,5.474773406982422,73.08,26,19,7,
umeh_druma_high quality,umeh_druma_high quality - page 1,Ume_Druma,layout,0.8,2.5,3.5,True,0.1,True,4,5.202657461166382,45.83,24,11,13,
umeh_druma_high quality,umeh_druma_high quality - page 1,Ume_Druma,layout,0.8,2.5,3.5,True,0.25,True,4,5.198227405548096,45.83,24,11,13,
umeh_druma_high quality,umeh_druma_high quality - page 1,Ume_Druma,layout,0.8,2.5,3.5,True,0.5,True,4,5.196707487106323,45.83,24,11,13,
umeh_druma_high quality,umeh_druma_high quality - page 1,Ume_Druma,layout,0.8,2.5,3.5,True,0.9,True,4,5.20014214515686,45.83,24,11,13,
umeh_druma_high quality,umeh_druma_high quality - page 1,Ume_Druma,layout,0.8,2.5,3.5,False,0.1,True,5,4.082090854644775,50.0,24,12,12,
umeh_druma_high quality,umeh_druma_high quality - page 1,Ume_Druma,layout,0.8,2.5,3.5,False,0.25,True,5,3.5239017009735107,50.0,24,12,12,
umeh_druma_high quality,umeh_druma_high quality - page 1,Ume_Druma,layout,0.8,2.5,3.5,False,0.5,True,5,3.5234174728393555,50.0,24,12,12,
umeh_druma_high quality,umeh_druma_high quality - page 1,Ume_Druma,layout,0.8,2.5,3.5,False,0.9,True,5,3.53129506111145,50.0,24,12,12,
umeh_druma_high quality,umeh_druma_high quality - page 1,Ume_Druma,layout,0.8,2.5,4.0,True,0.1,True,4,3.3945374488830566,45.45,22,10,12,
umeh_druma_high quality,umeh_druma_high quality - page 1,Ume_Druma,layout,0.8,2.5,4.0,True,0.25,True,4,3.529021978378296,45.45,22,10,12,
umeh_druma_high quality,umeh_druma_high quality - page 1,Ume_Druma,layout,0.8,2.5,4.0,True,0.5,True,4,3.5367581844329834,45.45,22,10,12,
umeh_druma_high quality,umeh_druma_high quality - page 1,Ume_Druma,layout,0.8,2.5,4.0,True,0.9,True,4,3.567036390304565,45.45,22,10,12,
umeh_druma_high quality,umeh_druma_high quality - page 1,Ume_Druma,layout,0.8,2.5,4.0,False,0.1,True,5,3.736484289169312,52.17,23,12,11,
umeh_druma_high quality,umeh_druma_high quality - page 1,Ume_Druma,layout,0.8,2.5,4.0,False,0.25,True,5,3.7105305194854736,52.17,23,12,11,
umeh_druma_high quality,umeh_druma_high quality - page 1,Ume_Druma,layout,0.8,2.5,4.0,False,0.5,True,5,3.724665641784668,52.17,23,12,11,
umeh_druma_high quality,umeh_druma_high quality - page 1,Ume_Druma,layout,0.8,2.5,4.0,False,0.9,True,5,3.719578742980957,52.17,23,12,11,
umeh_druma_high quality,umeh_druma_high quality - page 1,Ume_Druma,layout,0.8,2.5,5.0,True,0.1,True,4,3.653972864151001,42.86,21,9,12,
umeh_druma_high quality,umeh_druma_high quality - page 1,Ume_Druma,layout,0.8,2.5,5.0,True,0.25,True,4,3.6811890602111816,42.86,21,9,12,
umeh_druma_high quality,umeh_druma_high quality - page 1,Ume_Druma,layout,0.8,2.5,5.0,True,0.5,True,4,3.5869500637054443,42.86,21,9,12,
umeh_druma_high quality,umeh_druma_high quality - page 1,Ume_Druma,layout,0.8,2.5,5.0,True,0.9,True,4,3.571529626846313,42.86,21,9,12,
umeh_druma_high quality,umeh_druma_high quality - page 1,Ume_Druma,layout,0.8,2.5,5.0,False,0.1,True,5,3.763026714324951,47.62,21,10,11,
umeh_druma_high quality,umeh_druma_high quality - page 1,Ume_Druma,layout,0.8,2.5,5.0,False,0.25,True,5,3.769517183303833,47.62,21,10,11,
umeh_druma_high quality,umeh_druma_high quality - page 1,Ume_Druma,layout,0.8,2.5,5.0,False,0.5,True,5,3.740969181060791,47.62,21,10,11,
umeh_druma_high quality,umeh_druma_high quality - page 1,Ume_Druma,layout,0.8,2.5,5.0,False,0.9,True,5,3.743731737136841,47.62,21,10,11,
umeh_druma_high quality,umeh_druma_high quality - page 1,Ume_Druma,layout,0.8,3.0,2.5,True,0.1,True,4,3.67303204536438,68.0,25,17,8,
umeh_druma_high quality,umeh_druma_high quality - page 1,Ume_Druma,layout,0.8,3.0,2.5,True,0.25,True,4,3.667881727218628,68.0,25,17,8,
umeh_druma_high quality,umeh_druma_high quality - page 1,Ume_Druma,layout,0.8,3.0,2.5,True,0.5,True,4,3.648854970932007,68.0,25,17,8,
umeh_druma_high quality,umeh_druma_high quality - page 1,Ume_Druma,layout,0.8,3.0,2.5,True,0.9,True,4,3.6431884765625,68.0,25,17,8,
umeh_druma_high quality,umeh_druma_high quality - page 1,Ume_Druma,layout,0.8,3.0,2.5,False,0.1,True,5,3.8913416862487793,73.08,26,19,7,
umeh_druma_high quality,umeh_druma_high quality - page 1,Ume_Druma,layout,0.8,3.0,2.5,False,0.25,True,5,3.860114336013794,73.08,26,19,7,
umeh_druma_high quality,umeh_druma_high quality - page 1,Ume_Druma,layout,0.8,3.0,2.5,False,0.5,True,5,3.867075204849243,73.08,26,19,7,
umeh_druma_high quality,umeh_druma_high quality - page 1,Ume_Druma,layout,0.8,3.0,2.5,False,0.9,True,5,3.855332374572754,73.08,26,19,7,
umeh_druma_high quality,umeh_druma_high quality - page 1,Ume_Druma,layout,0.8,3.0,3.5,True,0.1,True,4,3.681006669998169,45.83,24,11,13,
umeh_druma_high quality,umeh_druma_high quality - page 1,Ume_Druma,layout,0.8,3.0,3.5,True,0.25,True,4,3.656795501708984,45.83,24,11,13,
umeh_druma_high quality,umeh_druma_high quality - page 1,Ume_Druma,layout,0.8,3.0,3.5,True,0.5,True,4,3.644051551818848,45.83,24,11,13,
umeh_druma_high quality,umeh_druma_high quality - page 1,Ume_Druma,layout,0.8,3.0,3.5,True,0.9,True,4,3.6531200408935542,45.83,24,11,13,
umeh_druma_high quality,umeh_druma_high quality - page 1,Ume_Druma,layout,0.8,3.0,3.5,False,0.1,True,5,3.924437522888184,50.0,24,12,12,
umeh_druma_high quality,umeh_druma_high quality - page 1,Ume_Druma,layout,0.8,3.0,3.5,False,0.25,True,5,3.8365631103515625,50.0,24,12,12,
umeh_druma_high quality,umeh_druma_high quality - page 1,Ume_Druma,layout,0.8,3.0,3.5,False,0.5,True,5,3.816619396209717,50.0,24,12,12,
umeh_druma_high quality,umeh_druma_high quality - page 1,Ume_Druma,layout,0.8,3.0,3.5,False,0.9,True,5,3.8003084659576416,50.0,24,12,12,
umeh_druma_high quality,umeh_druma_high quality - page 1,Ume_Druma,layout,0.8,3.0,4.0,True,0.1,True,4,3.669113159179688,45.45,22,10,12,
umeh_druma_high quality,umeh_druma_high quality - page 1,Ume_Druma,layout,0.8,3.0,4.0,True,0.25,True,4,3.654019832611084,45.45,22,10,12,
umeh_druma_high quality,umeh_druma_high quality - page 1,Ume_Druma,layout,0.8,3.0,4.0,True,0.5,True,4,3.645795583724976,45.45,22,10,12,
umeh_druma_high quality,umeh_druma_high quality - page 1,Ume_Druma,layout,0.8,3.0,4.0,True,0.9,True,4,3.670283794403076,45.45,22,10,12,
umeh_druma_high quality,umeh_druma_high quality - page 1,Ume_Druma,layout,0.8,3.0,4.0,False,0.1,True,5,3.869212865829468,52.17,23,12,11,
umeh_druma_high quality,umeh_druma_high quality - page 1,Ume_Druma,layout,0.8,3.0,4.0,False,0.25,True,5,3.843653917312622,52.17,23,12,11,
umeh_druma_high quality,umeh_druma_high quality - page 1,Ume_Druma,layout,0.8,3.0,4.0,False,0.5,True,5,3.8472611904144287,52.17,23,12,11,
umeh_druma_high quality,umeh_druma_high quality - page 1,Ume_Druma,layout,0.8,3.0,4.0,False,0.9,True,5,3.833209991455078,52.17,23,12,11,
umeh_druma_high quality,umeh_druma_high quality - page 1,Ume_Druma,layout,0.8,3.0,5.0,True,0.1,True,4,3.768152475357056,42.86,21,9,12,
umeh_druma_high quality,umeh_druma_high quality - page 1,Ume_Druma,layout,0.8,3.0,5.0,True,0.25,True,4,3.667586326599121,42.86,21,9,12,
umeh_druma_high quality,umeh_druma_high quality - page 1,Ume_Druma,layout,0.8,3.0,5.0,True,0.5,True,4,4.084529399871826,42.86,21,9,12,
umeh_druma_high quality,umeh_druma_high quality - page 1,Ume_Druma,layout,0.8,3.0,5.0,True,0.9,True,4,3.620283603668213,42.86,21,9,12,
umeh_druma_high quality,umeh_druma_high quality - page 1,Ume_Druma,layout,0.8,3.0,5.0,False,0.1,True,5,3.8829457759857178,47.62,21,10,11,
umeh_druma_high quality,umeh_druma_high quality - page 1,Ume_Druma,layout,0.8,3.0,5.0,False,0.25,True,5,3.859842300415039,47.62,21,10,11,
umeh_druma_high quality,umeh_druma_high quality - page 1,Ume_Druma,layout,0.8,3.0,5.0,False,0.5,True,5,3.8515172004699703,47.62,21,10,11,
umeh_druma_high quality,umeh_druma_high quality - page 1,Ume_Druma,layout,0.8,3.0,5.0,False,0.9,True,5,3.933973550796509,47.62,21,10,11,
umeh_druma_high quality,umeh_druma_high quality - page 1,Ume_Druma,layout,0.9,2.0,2.5,True,0.1,True,4,3.3782894611358643,68.0,25,17,8,
umeh_druma_high quality,umeh_druma_high quality - page 1,Ume_Druma,layout,0.9,2.0,2.5,True,0.25,True,4,3.410078287124634,68.0,25,17,8,
umeh_druma_high quality,umeh_druma_high quality - page 1,Ume_Druma,layout,0.9,2.0,2.5,True,0.5,True,4,3.422301769256592,68.0,25,17,8,
umeh_druma_high quality,umeh_druma_high quality - page 1,Ume_Druma,layout,0.9,2.0,2.5,True,0.9,True,4,3.4185333251953125,68.0,25,17,8,
umeh_druma_high quality,umeh_druma_high quality - page 1,Ume_Druma,layout,0.9,2.0,2.5,False,0.1,True,5,3.659491062164306,73.08,26,19,7,
umeh_druma_high quality,umeh_druma_high quality - page 1,Ume_Druma,layout,0.9,2.0,2.5,False,0.25,True,5,3.6382625102996826,73.08,26,19,7,
umeh_druma_high quality,umeh_druma_high quality - page 1,Ume_Druma,layout,0.9,2.0,2.5,False,0.5,True,5,3.6380536556243896,73.08,26,19,7,
umeh_druma_high quality,umeh_druma_high quality - page 1,Ume_Druma,layout,0.9,2.0,2.5,False,0.9,True,5,3.618480920791626,73.08,26,19,7,
umeh_druma_high quality,umeh_druma_high quality - page 1,Ume_Druma,layout,0.9,2.0,3.5,True,0.1,True,4,3.408735513687134,45.83,24,11,13,
umeh_druma_high quality,umeh_druma_high quality - page 1,Ume_Druma,layout,0.9,2.0,3.5,True,0.25,True,4,3.588327169418335,45.83,24,11,13,
umeh_druma_high quality,umeh_druma_high quality - page 1,Ume_Druma,layout,0.9,2.0,3.5,True,0.5,True,4,3.4175326824188232,45.83,24,11,13,
umeh_druma_high quality,umeh_druma_high quality - page 1,Ume_Druma,layout,0.9,2.0,3.5,True,0.9,True,4,3.534456491470337,45.83,24,11,13,
umeh_druma_high quality,umeh_druma_high quality - page 1,Ume_Druma,layout,0.9,2.0,3.5,False,0.1,True,5,3.5971896648406982,50.0,24,12,12,
umeh_druma_high quality,umeh_druma_high quality - page 1,Ume_Druma,layout,0.9,2.0,3.5,False,0.25,True,5,3.591331243515014,50.0,24,12,12,
umeh_druma_high quality,umeh_druma_high quality - page 1,Ume_Druma,layout,0.9,2.0,3.5,False,0.5,True,5,3.581217765808105,50.0,24,12,12,
umeh_druma_high quality,umeh_druma_high quality - page 1,Ume_Druma,layout,0.9,2.0,3.5,False,0.9,True,5,3.5868165493011475,50.0,24,12,12,
umeh_druma_high quality,umeh_druma_high quality - page 1,Ume_Druma,layout,0.9,2.0,4.0,True,0.1,True,4,3.4359288215637207,45.45,22,10,12,
umeh_druma_high quality,umeh_druma_high quality - page 1,Ume_Druma,layout,0.9,2.0,4.0,True,0.25,True,4,3.429150104522705,45.45,22,10,12,
umeh_druma_high quality,umeh_druma_high quality - page 1,Ume_Druma,layout,0.9,2.0,4.0,True,0.5,True,4,3.731879234313965,45.45,22,10,12,
umeh_druma_high quality,umeh_druma_high quality - page 1,Ume_Druma,layout,0.9,2.0,4.0,True,0.9,True,4,3.455420732498169,45.45,22,10,12,
umeh_druma_high quality,umeh_druma_high quality - page 1,Ume_Druma,layout,0.9,2.0,4.0,False,0.1,True,5,3.6853742599487305,52.17,23,12,11,
umeh_druma_high quality,umeh_druma_high quality - page 1,Ume_Druma,layout,0.9,2.0,4.0,False,0.25,True,5,3.636833429336548,52.17,23,12,11,
umeh_druma_high quality,umeh_druma_high quality - page 1,Ume_Druma,layout,0.9,2.0,4.0,False,0.5,True,5,3.6196796894073486,52.17,23,12,11,
umeh_druma_high quality,umeh_druma_high quality - page 1,Ume_Druma,layout,0.9,2.0,4.0,False,0.9,True,5,3.633251905441284,52.17,23,12,11,
umeh_druma_high quality,umeh_druma_high quality - page 1,Ume_Druma,layout,0.9,2.0,5.0,True,0.1,True,4,3.4579179286956787,38.89,18,7,11,
umeh_druma_high quality,umeh_druma_high quality - page 1,Ume_Druma,layout,0.9,2.0,5.0,True,0.25,True,4,3.4933407306671143,38.89,18,7,11,
umeh_druma_high quality,umeh_druma_high quality - page 1,Ume_Druma,layout,0.9,2.0,5.0,True,0.5,True,4,3.460930585861206,38.89,18,7,11,
umeh_druma_high quality,umeh_druma_high quality - page 1,Ume_Druma,layout,0.9,2.0,5.0,True,0.9,True,4,3.444949150085449,38.89,18,7,11,
umeh_druma_high quality,umeh_druma_high quality - page 1,Ume_Druma,layout,0.9,2.0,5.0,False,0.1,True,5,3.623307466506958,38.89,18,7,11,
umeh_druma_high quality,umeh_druma_high quality - page 1,Ume_Druma,layout,0.9,2.0,5.0,False,0.25,True,5,3.63161826133728,38.89,18,7,11,
umeh_druma_high quality,umeh_druma_high quality - page 1,Ume_Druma,layout,0.9,2.0,5.0,False,0.5,True,5,3.6593525409698486,38.89,18,7,11,
umeh_druma_high quality,umeh_druma_high quality - page 1,Ume_Druma,layout,0.9,2.0,5.0,False,0.9,True,5,3.675724506378174,38.89,18,7,11,
umeh_druma_high quality,umeh_druma_high quality - page 1,Ume_Druma,layout,0.9,2.5,2.5,True,0.1,True,4,3.5424036979675293,68.0,25,17,8,
umeh_druma_high quality,umeh_druma_high quality - page 1,Ume_Druma,layout,0.9,2.5,2.5,True,0.25,True,4,3.527170896530152,68.0,25,17,8,
umeh_druma_high quality,umeh_druma_high quality - page 1,Ume_Druma,layout,0.9,2.5,2.5,True,0.5,True,4,3.5228917598724365,68.0,25,17,8,
umeh_druma_high quality,umeh_druma_high quality - page 1,Ume_Druma,layout,0.9,2.5,2.5,True,0.9,True,4,3.513613224029541,68.0,25,17,8,
umeh_druma_high quality,umeh_druma_high quality - page 1,Ume_Druma,layout,0.9,2.5,2.5,False,0.1,True,5,3.7429473400115967,73.08,26,19,7,
umeh_druma_high quality,umeh_druma_high quality - page 1,Ume_Druma,layout,0.9,2.5,2.5,False,0.25,True,5,5.509571075439453,73.08,26,19,7,
umeh_druma_high quality,umeh_druma_high quality - page 1,Ume_Druma,layout,0.9,2.5,2.5,False,0.5,True,5,3.642417907714844,73.08,26,19,7,
umeh_druma_high quality,umeh_druma_high quality - page 1,Ume_Druma,layout,0.9,2.5,2.5,False,0.9,True,5,3.600057363510132,73.08,26,19,7,
umeh_druma_high quality,umeh_druma_high quality - page 1,Ume_Druma,layout,0.9,2.5,3.5,True,0.1,True,4,3.5243442058563232,45.83,24,11,13,
umeh_druma_high quality,umeh_druma_high quality - page 1,Ume_Druma,layout,0.9,2.5,3.5,True,0.25,True,4,3.53413724899292,45.83,24,11,13,
umeh_druma_high quality,umeh_druma_high quality - page 1,Ume_Druma,layout,0.9,2.5,3.5,True,0.5,True,4,3.616549015045166,45.83,24,11,13,
umeh_druma_high quality,umeh_druma_high quality - page 1,Ume_Druma,layout,0.9,2.5,3.5,True,0.9,True,4,3.499079942703247,45.83,24,11,13,
umeh_druma_high quality,umeh_druma_high quality - page 1,Ume_Druma,layout,0.9,2.5,3.5,False,0.1,True,5,3.68968677520752,50.0,24,12,12,
umeh_druma_high quality,umeh_druma_high quality - page 1,Ume_Druma,layout,0.9,2.5,3.5,False,0.25,True,5,3.682402849197388,50.0,24,12,12,
umeh_druma_high quality,umeh_druma_high quality - page 1,Ume_Druma,layout,0.9,2.5,3.5,False,0.5,True,5,3.699822664260864,50.0,24,12,12,
umeh_druma_high quality,umeh_druma_high quality - page 1,Ume_Druma,layout,0.9,2.5,3.5,False,0.9,True,5,3.694982290267944,50.0,24,12,12,
umeh_druma_high quality,umeh_druma_high quality - page 1,Ume_Druma,layout,0.9,2.5,4.0,True,0.1,True,4,3.557358741760254,45.45,22,10,12,
umeh_druma_high quality,umeh_druma_high quality - page 1,Ume_Druma,layout,0.9,2.5,4.0,True,0.25,True,4,3.544464588165283,45.45,22,10,12,
umeh_druma_high quality,umeh_druma_high quality - page 1,Ume_Druma,layout,0.9,2.5,4.0,True,0.5,True,4,3.5824453830718994,45.45,22,10,12,
umeh_druma_high quality,umeh_druma_high quality - page 1,Ume_Druma,layout,0.9,2.5,4.0,True,0.9,True,4,3.530817985534668,45.45,22,10,12,
umeh_druma_high quality,umeh_druma_high quality - page 1,Ume_Druma,layout,0.9,2.5,4.0,False,0.1,True,5,3.708752155303955,52.17,23,12,11,
umeh_druma_high quality,umeh_druma_high quality - page 1,Ume_Druma,layout,0.9,2.5,4.0,False,0.25,True,5,3.7201874256134033,52.17,23,12,11,
umeh_druma_high quality,umeh_druma_high quality - page 1,Ume_Druma,layout,0.9,2.5,4.0,False,0.5,True,5,3.726471424102783,52.17,23,12,11,
umeh_druma_high quality,umeh_druma_high quality - page 1,Ume_Druma,layout,0.9,2.5,4.0,False,0.9,True,5,3.711668968200684,52.17,23,12,11,
umeh_druma_high quality,umeh_druma_high quality - page 1,Ume_Druma,layout,0.9,2.5,5.0,True,0.1,True,4,3.561773538589477,42.86,21,9,12,
umeh_druma_high quality,umeh_druma_high quality - page 1,Ume_Druma,layout,0.9,2.5,5.0,True,0.25,True,4,3.9605133533477774,42.86,21,9,12,
umeh_druma_high quality,umeh_druma_high quality - page 1,Ume_Druma,layout,0.9,2.5,5.0,True,0.5,True,4,3.5485572814941406,42.86,21,9,12,
umeh_druma_high quality,umeh_druma_high quality - page 1,Ume_Druma,layout,0.9,2.5,5.0,True,0.9,True,4,3.5705363750457764,42.86,21,9,12,
umeh_druma_high quality,umeh_druma_high quality - page 1,Ume_Druma,layout,0.9,2.5,5.0,False,0.1,True,5,3.720884084701538,47.62,21,10,11,
umeh_druma_high quality,umeh_druma_high quality - page 1,Ume_Druma,layout,0.9,2.5,5.0,False,0.25,True,5,3.726342916488648,47.62,21,10,11,
umeh_druma_high quality,umeh_druma_high quality - page 1,Ume_Druma,layout,0.9,2.5,5.0,False,0.5,True,5,3.763093709945679,47.62,21,10,11,
umeh_druma_high quality,umeh_druma_high quality - page 1,Ume_Druma,layout,0.9,2.5,5.0,False,0.9,True,5,3.731802225112915,47.62,21,10,11,
umeh_druma_high quality,umeh_druma_high quality - page 1,Ume_Druma,layout,0.9,3.0,2.5,True,0.1,True,4,3.6417527198791504,68.0,25,17,8,
umeh_druma_high quality,umeh_druma_high quality - page 1,Ume_Druma,layout,0.9,3.0,2.5,True,0.25,True,4,3.625008344650269,68.0,25,17,8,
umeh_druma_high quality,umeh_druma_high quality - page 1,Ume_Druma,layout,0.9,3.0,2.5,True,0.5,True,4,3.6405045986175537,68.0,25,17,8,
umeh_druma_high quality,umeh_druma_high quality - page 1,Ume_Druma,layout,0.9,3.0,2.5,True,0.9,True,4,3.6306443214416495,68.0,25,17,8,
umeh_druma_high quality,umeh_druma_high quality - page 1,Ume_Druma,layout,0.9,3.0,2.5,False,0.1,True,5,5.470135927200317,73.08,26,19,7,
umeh_druma_high quality,umeh_druma_high quality - page 1,Ume_Druma,layout,0.9,3.0,2.5,False,0.25,True,5,3.732043981552124,73.08,26,19,7,
umeh_druma_high quality,umeh_druma_high quality - page 1,Ume_Druma,layout,0.9,3.0,2.5,False,0.5,True,5,3.756660223007202,73.08,26,19,7,
umeh_druma_high quality,umeh_druma_high quality - page 1,Ume_Druma,layout,0.9,3.0,2.5,False,0.9,True,5,3.846848249435425,73.08,26,19,7,
umeh_druma_high quality,umeh_druma_high quality - page 1,Ume_Druma,layout,0.9,3.0,3.5,True,0.1,True,4,3.6404449939727774,45.83,24,11,13,
umeh_druma_high quality,umeh_druma_high quality - page 1,Ume_Druma,layout,0.9,3.0,3.5,True,0.25,True,4,3.639023303985596,45.83,24,11,13,
umeh_druma_high quality,umeh_druma_high quality - page 1,Ume_Druma,layout,0.9,3.0,3.5,True,0.5,True,4,3.7330362796783447,45.83,24,11,13,
umeh_druma_high quality,umeh_druma_high quality - page 1,Ume_Druma,layout,0.9,3.0,3.5,True,0.9,True,4,3.646578788757324,45.83,24,11,13,
umeh_druma_high quality,umeh_druma_high quality - page 1,Ume_Druma,layout,0.9,3.0,3.5,False,0.1,True,5,3.78877067565918,50.0,24,12,12,
umeh_druma_high quality,umeh_druma_high quality - page 1,Ume_Druma,layout,0.9,3.0,3.5,False,0.25,True,5,3.800571918487549,50.0,24,12,12,
umeh_druma_high quality,umeh_druma_high quality - page 1,Ume_Druma,layout,0.9,3.0,3.5,False,0.5,True,5,3.892747163772583,50.0,24,12,12,
umeh_druma_high quality,umeh_druma_high quality - page 1,Ume_Druma,layout,0.9,3.0,3.5,False,0.9,True,5,3.808603763580322,50.0,24,12,12,
umeh_druma_high quality,umeh_druma_high quality - page 1,Ume_Druma,layout,0.9,3.0,4.0,True,0.1,True,4,3.667168140411377,45.45,22,10,12,
umeh_druma_high quality,umeh_druma_high quality - page 1,Ume_Druma,layout,0.9,3.0,4.0,True,0.25,True,4,3.693119764328003,45.45,22,10,12,
umeh_druma_high quality,umeh_druma_high quality - page 1,Ume_Druma,layout,0.9,3.0,4.0,True,0.5,True,4,3.659053325653076,45.45,22,10,12,
umeh_druma_high quality,umeh_druma_high quality - page 1,Ume_Druma,layout,0.9,3.0,4.0,True,0.9,True,4,3.66880464553833,45.45,22,10,12,
umeh_druma_high quality,umeh_druma_high quality - page 1,Ume_Druma,layout,0.9,3.0,4.0,False,0.1,True,5,3.834394216537476,52.17,23,12,11,
umeh_druma_high quality,umeh_druma_high quality - page 1,Ume_Druma,layout,0.9,3.0,4.0,False,0.25,True,5,3.829978466033936,52.17,23,12,11,
umeh_druma_high quality,umeh_druma_high quality - page 1,Ume_Druma,layout,0.9,3.0,4.0,False,0.5,True,5,3.8475282192230233,52.17,23,12,11,
umeh_druma_high quality,umeh_druma_high quality - page 1,Ume_Druma,layout,0.9,3.0,4.0,False,0.9,True,5,3.8480358123779297,52.17,23,12,11,
umeh_druma_high quality,umeh_druma_high quality - page 1,Ume_Druma,layout,0.9,3.0,5.0,True,0.1,True,4,3.698564529418945,42.86,21,9,12,
umeh_druma_high quality,umeh_druma_high quality - page 1,Ume_Druma,layout,0.9,3.0,5.0,True,0.25,True,4,3.679201364517212,42.86,21,9,12,
umeh_druma_high quality,umeh_druma_high quality - page 1,Ume_Druma,layout,0.9,3.0,5.0,True,0.5,True,4,3.775714874267578,42.86,21,9,12,
umeh_druma_high quality,umeh_druma_high quality - page 1,Ume_Druma,layout,0.9,3.0,5.0,True,0.9,True,4,3.6877827644348153,42.86,21,9,12,
umeh_druma_high quality,umeh_druma_high quality - page 1,Ume_Druma,layout,0.9,3.0,5.0,False,0.1,True,5,3.862544298171997,47.62,21,10,11,
umeh_druma_high quality,umeh_druma_high quality - page 1,Ume_Druma,layout,0.9,3.0,5.0,False,0.25,True,5,5.655251741409302,47.62,21,10,11,
umeh_druma_high quality,umeh_druma_high quality - page 1,Ume_Druma,layout,0.9,3.0,5.0,False,0.5,True,5,5.655126094818115,47.62,21,10,11,
umeh_druma_high quality,umeh_druma_high quality - page 1,Ume_Druma,layout,0.9,3.0,5.0,False,0.9,True,5,5.649030447006226,47.62,21,10,11,
umeh_druma_high quality,umeh_druma_high quality - page 1,Ume_Petsuk,line,0.7,2.0,2.5,True,0.1,False,0,3.1291632652282715,0.0,0,0,0,Line processing failed: 'list' object cannot be interpreted as an integer
umeh_druma_high quality,umeh_druma_high quality - page 1,Ume_Petsuk,line,0.7,2.0,2.5,True,0.25,True,3,3.3347718715667725,56.25,16,9,7,
umeh_druma_high quality,umeh_druma_high quality - page 1,Ume_Petsuk,line,0.7,2.0,2.5,True,0.5,True,3,3.2488930225372314,56.25,16,9,7,
umeh_druma_high quality,umeh_druma_high quality - page 1,Ume_Petsuk,line,0.7,2.0,2.5,True,0.9,True,3,3.232840061187744,56.25,16,9,7,
umeh_druma_high quality,umeh_druma_high quality - page 1,Ume_Petsuk,line,0.7,2.0,2.5,False,0.1,False,0,2.380985975265503,0.0,0,0,0,Line processing failed: 'list' object cannot be interpreted as an integer
umeh_druma_high quality,umeh_druma_high quality - page 1,Ume_Petsuk,line,0.7,2.0,2.5,False,0.25,True,4,3.7738189697265625,21.43,14,3,11,
umeh_druma_high quality,umeh_druma_high quality - page 1,Ume_Petsuk,line,0.7,2.0,2.5,False,0.5,True,4,3.650871992111206,21.43,14,3,11,
umeh_druma_high quality,umeh_druma_high quality - page 1,Ume_Petsuk,line,0.7,2.0,2.5,False,0.9,True,4,3.673311948776245,21.43,14,3,11,
umeh_druma_high quality,umeh_druma_high quality - page 1,Ume_Petsuk,line,0.7,2.0,3.5,True,0.1,False,0,2.453859329223633,0.0,0,0,0,Line processing failed: 'list' object cannot be interpreted as an integer
umeh_druma_high quality,umeh_druma_high quality - page 1,Ume_Petsuk,line,0.7,2.0,3.5,True,0.25,True,3,3.472975969314575,50.0,18,9,9,
umeh_druma_high quality,umeh_druma_high quality - page 1,Ume_Petsuk,line,0.7,2.0,3.5,True,0.5,True,3,3.5247256755828857,50.0,18,9,9,
umeh_druma_high quality,umeh_druma_high quality - page 1,Ume_Petsuk,line,0.7,2.0,3.5,True,0.9,True,3,3.412716627120972,50.0,18,9,9,
umeh_druma_high quality,umeh_druma_high quality - page 1,Ume_Petsuk,line,0.7,2.0,3.5,False,0.1,False,0,2.458587169647217,0.0,0,0,0,Line processing failed: 'list' object cannot be interpreted as an integer
umeh_druma_high quality,umeh_druma_high quality - page 1,Ume_Petsuk,line,0.7,2.0,3.5,False,0.25,True,4,3.5117640495300293,61.9,21,13,8,
umeh_druma_high quality,umeh_druma_high quality - page 1,Ume_Petsuk,line,0.7,2.0,3.5,False,0.5,True,4,3.482788562774658,61.9,21,13,8,
umeh_druma_high quality,umeh_druma_high quality - page 1,Ume_Petsuk,line,0.7,2.0,3.5,False,0.9,True,4,3.5092074871063232,61.9,21,13,8,
umeh_druma_high quality,umeh_druma_high quality - page 1,Ume_Petsuk,line,0.7,2.0,4.0,True,0.1,False,0,2.52485990524292,0.0,0,0,0,Line processing failed: 'list' object cannot be interpreted as an integer
umeh_druma_high quality,umeh_druma_high quality - page 1,Ume_Petsuk,line,0.7,2.0,4.0,True,0.25,True,3,3.456389904022217,26.32,19,5,14,
umeh_druma_high quality,umeh_druma_high quality - page 1,Ume_Petsuk,line,0.7,2.0,4.0,True,0.5,True,3,3.50620698928833,26.32,19,5,14,
umeh_druma_high quality,umeh_druma_high quality - page 1,Ume_Petsuk,line,0.7,2.0,4.0,True,0.9,True,3,3.409581184387207,26.32,19,5,14,
umeh_druma_high quality,umeh_druma_high quality - page 1,Ume_Petsuk,line,0.7,2.0,4.0,False,0.1,False,0,2.4511897563934326,0.0,0,0,0,Line processing failed: 'list' object cannot be interpreted as an integer
umeh_druma_high quality,umeh_druma_high quality - page 1,Ume_Petsuk,line,0.7,2.0,4.0,False,0.25,True,4,3.524764060974121,27.78,18,5,13,
umeh_druma_high quality,umeh_druma_high quality - page 1,Ume_Petsuk,line,0.7,2.0,4.0,False,0.5,True,4,3.493633508682251,27.78,18,5,13,
umeh_druma_high quality,umeh_druma_high quality - page 1,Ume_Petsuk,line,0.7,2.0,4.0,False,0.9,True,4,3.483724594116211,27.78,18,5,13,
umeh_druma_high quality,umeh_druma_high quality - page 1,Ume_Petsuk,line,0.7,2.0,5.0,True,0.1,False,0,2.5012807846069336,0.0,0,0,0,Line processing failed: 'list' object cannot be interpreted as an integer
umeh_druma_high quality,umeh_druma_high quality - page 1,Ume_Petsuk,line,0.7,2.0,5.0,True,0.25,True,3,4.801663160324097,33.33,9,3,6,
umeh_druma_high quality,umeh_druma_high quality - page 1,Ume_Petsuk,line,0.7,2.0,5.0,True,0.5,True,3,4.801043748855591,33.33,9,3,6,
umeh_druma_high quality,umeh_druma_high quality - page 1,Ume_Petsuk,line,0.7,2.0,5.0,True,0.9,True,3,4.797930955886841,33.33,9,3,6,
umeh_druma_high quality,umeh_druma_high quality - page 1,Ume_Petsuk,line,0.7,2.0,5.0,False,0.1,False,0,3.901667594909668,0.0,0,0,0,Line processing failed: 'list' object cannot be interpreted as an integer
umeh_druma_high quality,umeh_druma_high quality - page 1,Ume_Petsuk,line,0.7,2.0,5.0,False,0.25,True,4,5.131590843200684,53.33,15,8,7,
umeh_druma_high quality,umeh_druma_high quality - page 1,Ume_Petsuk,line,0.7,2.0,5.0,False,0.5,True,4,4.924800872802734,53.33,15,8,7,
umeh_druma_high quality,umeh_druma_high quality - page 1,Ume_Petsuk,line,0.7,2.0,5.0,False,0.9,True,4,3.4715349674224854,53.33,15,8,7,
umeh_druma_high quality,umeh_druma_high quality - page 1,Ume_Petsuk,line,0.7,2.5,2.5,True,0.1,False,0,3.9009885787963863,0.0,0,0,0,Line processing failed: 'list' object cannot be interpreted as an integer
umeh_druma_high quality,umeh_druma_high quality - page 1,Ume_Petsuk,line,0.7,2.5,2.5,True,0.25,True,3,5.278341054916382,55.56,18,10,8,
umeh_druma_high quality,umeh_druma_high quality - page 1,Ume_Petsuk,line,0.7,2.5,2.5,True,0.5,True,3,5.275038480758667,55.56,18,10,8,
umeh_druma_high quality,umeh_druma_high quality - page 1,Ume_Petsuk,line,0.7,2.5,2.5,True,0.9,True,3,5.30551290512085,55.56,18,10,8,
umeh_druma_high quality,umeh_druma_high quality - page 1,Ume_Petsuk,line,0.7,2.5,2.5,False,0.1,False,0,3.905414342880249,0.0,0,0,0,Line processing failed: 'list' object cannot be interpreted as an integer
umeh_druma_high quality,umeh_druma_high quality - page 1,Ume_Petsuk,line,0.7,2.5,2.5,False,0.25,True,4,5.441987037658691,46.67,15,7,8,
umeh_druma_high quality,umeh_druma_high quality - page 1,Ume_Petsuk,line,0.7,2.5,2.5,False,0.5,True,4,4.121441841125488,46.67,15,7,8,
umeh_druma_high quality,umeh_druma_high quality - page 1,Ume_Petsuk,line,0.7,2.5,2.5,False,0.9,True,4,3.588719129562378,46.67,15,7,8,
umeh_druma_high quality,umeh_druma_high quality - page 1,Ume_Petsuk,line,0.7,2.5,3.5,True,0.1,False,0,2.3388867378234863,0.0,0,0,0,Line processing failed: 'list' object cannot be interpreted as an integer
umeh_druma_high quality,umeh_druma_high quality - page 1,Ume_Petsuk,line,0.7,2.5,3.5,True,0.25,True,3,3.493516445159912,50.0,18,9,9,
umeh_druma_high quality,umeh_druma_high quality - page 1,Ume_Petsuk,line,0.7,2.5,3.5,True,0.5,True,3,3.40993332862854,50.0,18,9,9,
umeh_druma_high quality,umeh_druma_high quality - page 1,Ume_Petsuk,line,0.7,2.5,3.5,True,0.9,True,3,3.45606017112732,50.0,18,9,9,
umeh_druma_high quality,umeh_druma_high quality - page 1,Ume_Petsuk,line,0.7,2.5,3.5,False,0.1,False,0,2.3574132919311523,0.0,0,0,0,Line processing failed: 'list' object cannot be interpreted as an integer
umeh_druma_high quality,umeh_druma_high quality - page 1,Ume_Petsuk,line,0.7,2.5,3.5,False,0.25,True,4,3.6455578804016113,61.9,21,13,8,
umeh_druma_high quality,umeh_druma_high quality - page 1,Ume_Petsuk,line,0.7,2.5,3.5,False,0.5,True,4,4.161578416824341,61.9,21,13,8,
umeh_druma_high quality,umeh_druma_high quality - page 1,Ume_Petsuk,line,0.7,2.5,3.5,False,0.9,True,4,4.835460662841797,61.9,21,13,8,
umeh_druma_high quality,umeh_druma_high quality - page 1,Ume_Petsuk,line,0.7,2.5,4.0,True,0.1,False,0,2.306302309036255,0.0,0,0,0,Line processing failed: 'list' object cannot be interpreted as an integer
umeh_druma_high quality,umeh_druma_high quality - page 1,Ume_Petsuk,line,0.7,2.5,4.0,True,0.25,True,3,3.4733242988586426,26.32,19,5,14,
umeh_druma_high quality,umeh_druma_high quality - page 1,Ume_Petsuk,line,0.7,2.5,4.0,True,0.5,True,3,3.528026819229126,26.32,19,5,14,
umeh_druma_high quality,umeh_druma_high quality - page 1,Ume_Petsuk,line,0.7,2.5,4.0,True,0.9,True,3,3.50687575340271,26.32,19,5,14,
umeh_druma_high quality,umeh_druma_high quality - page 1,Ume_Petsuk,line,0.7,2.5,4.0,False,0.1,False,0,2.441930055618286,0.0,0,0,0,Line processing failed: 'list' object cannot be interpreted as an integer
umeh_druma_high quality,umeh_druma_high quality - page 1,Ume_Petsuk,line,0.7,2.5,4.0,False,0.25,True,4,3.629115343093872,27.78,18,5,13,
umeh_druma_high quality,umeh_druma_high quality - page 1,Ume_Petsuk,line,0.7,2.5,4.0,False,0.5,True,4,3.5855534076690674,27.78,18,5,13,
umeh_druma_high quality,umeh_druma_high quality - page 1,Ume_Petsuk,line,0.7,2.5,4.0,False,0.9,True,4,3.570371627807617,27.78,18,5,13,
umeh_druma_high quality,umeh_druma_high quality - page 1,Ume_Petsuk,line,0.7,2.5,5.0,True,0.1,False,0,2.452493190765381,0.0,0,0,0,Line processing failed: 'list' object cannot be interpreted as an integer
umeh_druma_high quality,umeh_druma_high quality - page 1,Ume_Petsuk,line,0.7,2.5,5.0,True,0.25,True,3,3.4167282581329346,60.0,10,6,4,
umeh_druma_high quality,umeh_druma_high quality - page 1,Ume_Petsuk,line,0.7,2.5,5.0,True,0.5,True,3,3.457683086395264,60.0,10,6,4,
umeh_druma_high quality,umeh_druma_high quality - page 1,Ume_Petsuk,line,0.7,2.5,5.0,True,0.9,True,3,3.478694200515747,60.0,10,6,4,
umeh_druma_high quality,umeh_druma_high quality - page 1,Ume_Petsuk,line,0.7,2.5,5.0,False,0.1,False,0,2.4550724029541016,0.0,0,0,0,Line processing failed: 'list' object cannot be interpreted as an integer
umeh_druma_high quality,umeh_druma_high quality - page 1,Ume_Petsuk,line,0.7,2.5,5.0,False,0.25,True,4,3.5814008712768555,53.33,15,8,7,
umeh_druma_high quality,umeh_druma_high quality - page 1,Ume_Petsuk,line,0.7,2.5,5.0,False,0.5,True,4,3.5426299571990967,53.33,15,8,7,
umeh_druma_high quality,umeh_druma_high quality - page 1,Ume_Petsuk,line,0.7,2.5,5.0,False,0.9,True,4,3.551788330078125,53.33,15,8,7,
umeh_druma_high quality,umeh_druma_high quality - page 1,Ume_Petsuk,line,0.7,3.0,2.5,True,0.1,False,0,2.499623537063598,0.0,0,0,0,Line processing failed: 'list' object cannot be interpreted as an integer
umeh_druma_high quality,umeh_druma_high quality - page 1,Ume_Petsuk,line,0.7,3.0,2.5,True,0.25,True,3,3.8143234252929688,44.44,9,4,5,
umeh_druma_high quality,umeh_druma_high quality - page 1,Ume_Petsuk,line,0.7,3.0,2.5,True,0.5,True,3,3.7128570079803462,44.44,9,4,5,
umeh_druma_high quality,umeh_druma_high quality - page 1,Ume_Petsuk,line,0.7,3.0,2.5,True,0.9,True,3,3.7318599224090576,44.44,9,4,5,
umeh_druma_high quality,umeh_druma_high quality - page 1,Ume_Petsuk,line,0.7,3.0,2.5,False,0.1,False,0,2.415778636932373,0.0,0,0,0,Line processing failed: 'list' object cannot be interpreted as an integer
umeh_druma_high quality,umeh_druma_high quality - page 1,Ume_Petsuk,line,0.7,3.0,2.5,False,0.25,True,4,3.964249849319458,35.71,14,5,9,
umeh_druma_high quality,umeh_druma_high quality - page 1,Ume_Petsuk,line,0.7,3.0,2.5,False,0.5,True,4,3.853805780410767,35.71,14,5,9,
umeh_druma_high quality,umeh_druma_high quality - page 1,Ume_Petsuk,line,0.7,3.0,2.5,False,0.9,True,4,3.8573389053344727,35.71,14,5,9,
umeh_druma_high quality,umeh_druma_high quality - page 1,Ume_Petsuk,line,0.7,3.0,3.5,True,0.1,False,0,2.4518492221832275,0.0,0,0,0,Line processing failed: 'list' object cannot be interpreted as an integer
umeh_druma_high quality,umeh_druma_high quality - page 1,Ume_Petsuk,line,0.7,3.0,3.5,True,0.25,True,3,3.74405288696289,40.0,10,4,6,
umeh_druma_high quality,umeh_druma_high quality - page 1,Ume_Petsuk,line,0.7,3.0,3.5,True,0.5,True,3,3.668560981750488,40.0,10,4,6,
umeh_druma_high quality,umeh_druma_high quality - page 1,Ume_Petsuk,line,0.7,3.0,3.5,True,0.9,True,3,3.818152904510498,40.0,10,4,6,
umeh_druma_high quality,umeh_druma_high quality - page 1,Ume_Petsuk,line,0.7,3.0,3.5,False,0.1,False,0,2.3842899799346924,0.0,0,0,0,Line processing failed: 'list' object cannot be interpreted as an integer
umeh_druma_high quality,umeh_druma_high quality - page 1,Ume_Petsuk,line,0.7,3.0,3.5,False,0.25,True,4,4.019326210021973,55.56,18,10,8,
umeh_druma_high quality,umeh_druma_high quality - page 1,Ume_Petsuk,line,0.7,3.0,3.5,False,0.5,True,4,3.7428576946258554,55.56,18,10,8,
umeh_druma_high quality,umeh_druma_high quality - page 1,Ume_Petsuk,line,0.7,3.0,3.5,False,0.9,True,4,3.775289297103882,55.56,18,10,8,
umeh_druma_high quality,umeh_druma_high quality - page 1,Ume_Petsuk,line,0.7,3.0,4.0,True,0.1,False,0,2.4613850116729736,0.0,0,0,0,Line processing failed: 'list' object cannot be interpreted as an integer
umeh_druma_high quality,umeh_druma_high quality - page 1,Ume_Petsuk,line,0.7,3.0,4.0,True,0.25,True,3,3.6934781074523926,40.0,10,4,6,
umeh_druma_high quality,umeh_druma_high quality - page 1,Ume_Petsuk,line,0.7,3.0,4.0,True,0.5,True,3,3.6209566593170166,40.0,10,4,6,
umeh_druma_high quality,umeh_druma_high quality - page 1,Ume_Petsuk,line,0.7,3.0,4.0,True,0.9,True,3,3.610315322875977,40.0,10,4,6,
umeh_druma_high quality,umeh_druma_high quality - page 1,Ume_Petsuk,line,0.7,3.0,4.0,False,0.1,False,0,2.4396355152130127,0.0,0,0,0,Line processing failed: 'list' object cannot be interpreted as an integer
umeh_druma_high quality,umeh_druma_high quality - page 1,Ume_Petsuk,line,0.7,3.0,4.0,False,0.25,True,4,3.8098998069763184,29.41,17,5,12,
umeh_druma_high quality,umeh_druma_high quality - page 1,Ume_Petsuk,line,0.7,3.0,4.0,False,0.5,True,4,3.737859487533569,29.41,17,5,12,
umeh_druma_high quality,umeh_druma_high quality - page 1,Ume_Petsuk,line,0.7,3.0,4.0,False,0.9,True,4,4.073853492736816,29.41,17,5,12,
umeh_druma_high quality,umeh_druma_high quality - page 1,Ume_Petsuk,line,0.7,3.0,5.0,True,0.1,False,0,2.346576452255249,0.0,0,0,0,Line processing failed: 'list' object cannot be interpreted as an integer
umeh_druma_high quality,umeh_druma_high quality - page 1,Ume_Petsuk,line,0.7,3.0,5.0,True,0.25,True,3,3.569294214248657,60.0,10,6,4,
umeh_druma_high quality,umeh_druma_high quality - page 1,Ume_Petsuk,line,0.7,3.0,5.0,True,0.5,True,3,3.534022092819214,60.0,10,6,4,
umeh_druma_high quality,umeh_druma_high quality - page 1,Ume_Petsuk,line,0.7,3.0,5.0,True,0.9,True,3,3.523104667663574,60.0,10,6,4,
umeh_druma_high quality,umeh_druma_high quality - page 1,Ume_Petsuk,line,0.7,3.0,5.0,False,0.1,False,0,2.447082042694092,0.0,0,0,0,Line processing failed: 'list' object cannot be interpreted as an integer
umeh_druma_high quality,umeh_druma_high quality - page 1,Ume_Petsuk,line,0.7,3.0,5.0,False,0.25,True,4,3.748548030853272,53.33,15,8,7,
umeh_druma_high quality,umeh_druma_high quality - page 1,Ume_Petsuk,line,0.7,3.0,5.0,False,0.5,True,4,3.742230176925659,53.33,15,8,7,
umeh_druma_high quality,umeh_druma_high quality - page 1,Ume_Petsuk,line,0.7,3.0,5.0,False,0.9,True,4,3.6882383823394775,53.33,15,8,7,
umeh_druma_high quality,umeh_druma_high quality - page 1,Ume_Petsuk,line,0.8,2.0,2.5,True,0.1,False,0,2.5325515270233154,0.0,0,0,0,Line processing failed: 'list' object cannot be interpreted as an integer
umeh_druma_high quality,umeh_druma_high quality - page 1,Ume_Petsuk,line,0.8,2.0,2.5,True,0.25,True,3,3.4602882862091064,56.25,16,9,7,
umeh_druma_high quality,umeh_druma_high quality - page 1,Ume_Petsuk,line,0.8,2.0,2.5,True,0.5,True,3,3.405751943588257,56.25,16,9,7,
umeh_druma_high quality,umeh_druma_high quality - page 1,Ume_Petsuk,line,0.8,2.0,2.5,True,0.9,True,3,3.433980226516724,56.25,16,9,7,
umeh_druma_high quality,umeh_druma_high quality - page 1,Ume_Petsuk,line,0.8,2.0,2.5,False,0.1,False,0,2.4635539054870605,0.0,0,0,0,Line processing failed: 'list' object cannot be interpreted as an integer
umeh_druma_high quality,umeh_druma_high quality - page 1,Ume_Petsuk,line,0.8,2.0,2.5,False,0.25,True,4,3.7269129753112793,21.43,14,3,11,
umeh_druma_high quality,umeh_druma_high quality - page 1,Ume_Petsuk,line,0.8,2.0,2.5,False,0.5,True,4,3.653536319732666,21.43,14,3,11,
umeh_druma_high quality,umeh_druma_high quality - page 1,Ume_Petsuk,line,0.8,2.0,2.5,False,0.9,True,4,3.6437363624572754,21.43,14,3,11,
umeh_druma_high quality,umeh_druma_high quality - page 1,Ume_Petsuk,line,0.8,2.0,3.5,True,0.1,False,0,3.007012128829956,0.0,0,0,0,Line processing failed: 'list' object cannot be interpreted as an integer
umeh_druma_high quality,umeh_druma_high quality - page 1,Ume_Petsuk,line,0.8,2.0,3.5,True,0.25,True,3,3.3809115886688232,50.0,18,9,9,
umeh_druma_high quality,umeh_druma_high quality - page 1,Ume_Petsuk,line,0.8,2.0,3.5,True,0.5,True,3,3.430943012237549,50.0,18,9,9,
umeh_druma_high quality,umeh_druma_high quality - page 1,Ume_Petsuk,line,0.8,2.0,3.5,True,0.9,True,3,3.4275426864624023,50.0,18,9,9,
umeh_druma_high quality,umeh_druma_high quality - page 1,Ume_Petsuk,line,0.8,2.0,3.5,False,0.1,False,0,2.483522891998291,0.0,0,0,0,Line processing failed: 'list' object cannot be interpreted as an integer
umeh_druma_high quality,umeh_druma_high quality - page 1,Ume_Petsuk,line,0.8,2.0,3.5,False,0.25,True,4,3.5307743549346924,61.9,21,13,8,
umeh_druma_high quality,umeh_druma_high quality - page 1,Ume_Petsuk,line,0.8,2.0,3.5,False,0.5,True,4,3.5110092163085938,61.9,21,13,8,
umeh_druma_high quality,umeh_druma_high quality - page 1,Ume_Petsuk,line,0.8,2.0,3.5,False,0.9,True,4,3.4889347553253174,61.9,21,13,8,
umeh_druma_high quality,umeh_druma_high quality - page 1,Ume_Petsuk,line,0.8,2.0,4.0,True,0.1,False,0,2.577572822570801,0.0,0,0,0,Line processing failed: 'list' object cannot be interpreted as an integer
umeh_druma_high quality,umeh_druma_high quality - page 1,Ume_Petsuk,line,0.8,2.0,4.0,True,0.25,True,3,3.4554929733276367,26.32,19,5,14,
umeh_druma_high quality,umeh_druma_high quality - page 1,Ume_Petsuk,line,0.8,2.0,4.0,True,0.5,True,3,3.431160449981689,26.32,19,5,14,
umeh_druma_high quality,umeh_druma_high quality - page 1,Ume_Petsuk,line,0.8,2.0,4.0,True,0.9,True,3,5.054294109344482,26.32,19,5,14,
umeh_druma_high quality,umeh_druma_high quality - page 1,Ume_Petsuk,line,0.8,2.0,4.0,False,0.1,False,0,3.364452123641968,0.0,0,0,0,Line processing failed: 'list' object cannot be interpreted as an integer
umeh_druma_high quality,umeh_druma_high quality - page 1,Ume_Petsuk,line,0.8,2.0,4.0,False,0.25,True,4,3.379253625869751,27.78,18,5,13,
umeh_druma_high quality,umeh_druma_high quality - page 1,Ume_Petsuk,line,0.8,2.0,4.0,False,0.5,True,4,3.4248056411743164,27.78,18,5,13,
umeh_druma_high quality,umeh_druma_high quality - page 1,Ume_Petsuk,line,0.8,2.0,4.0,False,0.9,True,4,3.4987642765045166,27.78,18,5,13,
umeh_druma_high quality,umeh_druma_high quality - page 1,Ume_Petsuk,line,0.8,2.0,5.0,True,0.1,False,0,2.4808695316314697,0.0,0,0,0,Line processing failed: 'list' object cannot be interpreted as an integer
umeh_druma_high quality,umeh_druma_high quality - page 1,Ume_Petsuk,line,0.8,2.0,5.0,True,0.25,True,3,3.206763505935669,33.33,9,3,6,
umeh_druma_high quality,umeh_druma_high quality - page 1,Ume_Petsuk,line,0.8,2.0,5.0,True,0.5,True,3,3.207883834838867,33.33,9,3,6,
umeh_druma_high quality,umeh_druma_high quality - page 1,Ume_Petsuk,line,0.8,2.0,5.0,True,0.9,True,3,3.2001919746398926,33.33,9,3,6,
umeh_druma_high quality,umeh_druma_high quality - page 1,Ume_Petsuk,line,0.8,2.0,5.0,False,0.1,False,0,2.4974236488342285,0.0,0,0,0,Line processing failed: 'list' object cannot be interpreted as an integer
umeh_druma_high quality,umeh_druma_high quality - page 1,Ume_Petsuk,line,0.8,2.0,5.0,False,0.25,True,4,3.451343536376953,53.33,15,8,7,
umeh_druma_high quality,umeh_druma_high quality - page 1,Ume_Petsuk,line,0.8,2.0,5.0,False,0.5,True,4,3.470463514328003,53.33,15,8,7,
umeh_druma_high quality,umeh_druma_high quality - page 1,Ume_Petsuk,line,0.8,2.0,5.0,False,0.9,True,4,3.444131135940552,53.33,15,8,7,
umeh_druma_high quality,umeh_druma_high quality - page 1,Ume_Petsuk,line,0.8,2.5,2.5,True,0.1,False,0,2.4822089672088623,0.0,0,0,0,Line processing failed: 'list' object cannot be interpreted as an integer
umeh_druma_high quality,umeh_druma_high quality - page 1,Ume_Petsuk,line,0.8,2.5,2.5,True,0.25,True,3,3.686435461044312,55.56,18,10,8,
umeh_druma_high quality,umeh_druma_high quality - page 1,Ume_Petsuk,line,0.8,2.5,2.5,True,0.5,True,3,3.716981887817383,55.56,18,10,8,
umeh_druma_high quality,umeh_druma_high quality - page 1,Ume_Petsuk,line,0.8,2.5,2.5,True,0.9,True,3,3.6085073947906494,55.56,18,10,8,
umeh_druma_high quality,umeh_druma_high quality - page 1,Ume_Petsuk,line,0.8,2.5,2.5,False,0.1,False,0,2.4273507595062256,0.0,0,0,0,Line processing failed: 'list' object cannot be interpreted as an integer
umeh_druma_high quality,umeh_druma_high quality - page 1,Ume_Petsuk,line,0.8,2.5,2.5,False,0.25,True,4,3.787312030792236,46.67,15,7,8,
umeh_druma_high quality,umeh_druma_high quality - page 1,Ume_Petsuk,line,0.8,2.5,2.5,False,0.5,True,4,3.720210552215576,46.67,15,7,8,
umeh_druma_high quality,umeh_druma_high quality - page 1,Ume_Petsuk,line,0.8,2.5,2.5,False,0.9,True,4,3.7260172367095943,46.67,15,7,8,
umeh_druma_high quality,umeh_druma_high quality - page 1,Ume_Petsuk,line,0.8,2.5,3.5,True,0.1,False,0,2.5322072505950928,0.0,0,0,0,Line processing failed: 'list' object cannot be interpreted as an integer
umeh_druma_high quality,umeh_druma_high quality - page 1,Ume_Petsuk,line,0.8,2.5,3.5,True,0.25,True,3,3.634111642837525,50.0,18,9,9,
umeh_druma_high quality,umeh_druma_high quality - page 1,Ume_Petsuk,line,0.8,2.5,3.5,True,0.5,True,3,3.5226147174835205,50.0,18,9,9,
umeh_druma_high quality,umeh_druma_high quality - page 1,Ume_Petsuk,line,0.8,2.5,3.5,True,0.9,True,3,3.551595449447632,50.0,18,9,9,
umeh_druma_high quality,umeh_druma_high quality - page 1,Ume_Petsuk,line,0.8,2.5,3.5,False,0.1,False,0,2.4243693351745605,0.0,0,0,0,Line processing failed: 'list' object cannot be interpreted as an integer
umeh_druma_high quality,umeh_druma_high quality - page 1,Ume_Petsuk,line,0.8,2.5,3.5,False,0.25,True,4,3.6482784748077393,61.9,21,13,8,
umeh_druma_high quality,umeh_druma_high quality - page 1,Ume_Petsuk,line,0.8,2.5,3.5,False,0.5,True,4,3.578690767288208,61.9,21,13,8,
umeh_druma_high quality,umeh_druma_high quality - page 1,Ume_Petsuk,line,0.8,2.5,3.5,False,0.9,True,4,3.5949087142944336,61.9,21,13,8,
umeh_druma_high quality,umeh_druma_high quality - page 1,Ume_Petsuk,line,0.8,2.5,4.0,True,0.1,False,0,2.4748308658599854,0.0,0,0,0,Line processing failed: 'list' object cannot be interpreted as an integer
umeh_druma_high quality,umeh_druma_high quality - page 1,Ume_Petsuk,line,0.8,2.5,4.0,True,0.25,True,3,3.610722064971924,26.32,19,5,14,
umeh_druma_high quality,umeh_druma_high quality - page 1,Ume_Petsuk,line,0.8,2.5,4.0,True,0.5,True,3,5.191241502761841,26.32,19,5,14,
umeh_druma_high quality,umeh_druma_high quality - page 1,Ume_Petsuk,line,0.8,2.5,4.0,True,0.9,True,3,5.203542232513428,26.32,19,5,14,
umeh_druma_high quality,umeh_druma_high quality - page 1,Ume_Petsuk,line,0.8,2.5,4.0,False,0.1,False,0,2.3096377849578857,0.0,0,0,0,Line processing failed: 'list' object cannot be interpreted as an integer
umeh_druma_high quality,umeh_druma_high quality - page 1,Ume_Petsuk,line,0.8,2.5,4.0,False,0.25,True,4,3.4542758464813232,27.78,18,5,13,
umeh_druma_high quality,umeh_druma_high quality - page 1,Ume_Petsuk,line,0.8,2.5,4.0,False,0.5,True,4,5.160172700881958,27.78,18,5,13,
umeh_druma_high quality,umeh_druma_high quality - page 1,Ume_Petsuk,line,0.8,2.5,4.0,False,0.9,True,4,3.458397388458252,27.78,18,5,13,
umeh_druma_high quality,umeh_druma_high quality - page 1,Ume_Petsuk,line,0.8,2.5,5.0,True,0.1,False,0,2.32415771484375,0.0,0,0,0,Line processing failed: 'list' object cannot be interpreted as an integer
umeh_druma_high quality,umeh_druma_high quality - page 1,Ume_Petsuk,line,0.8,2.5,5.0,True,0.25,True,3,3.439448833465576,60.0,10,6,4,
umeh_druma_high quality,umeh_druma_high quality - page 1,Ume_Petsuk,line,0.8,2.5,5.0,True,0.5,True,3,3.3753881454467773,60.0,10,6,4,
umeh_druma_high quality,umeh_druma_high quality - page 1,Ume_Petsuk,line,0.8,2.5,5.0,True,0.9,True,3,3.3836190700531006,60.0,10,6,4,
umeh_druma_high quality,umeh_druma_high quality - page 1,Ume_Petsuk,line,0.8,2.5,5.0,False,0.1,False,0,2.552418708801269,0.0,0,0,0,Line processing failed: 'list' object cannot be interpreted as an integer
umeh_druma_high quality,umeh_druma_high quality - page 1,Ume_Petsuk,line,0.8,2.5,5.0,False,0.25,True,4,3.599442958831787,53.33,15,8,7,
umeh_druma_high quality,umeh_druma_high quality - page 1,Ume_Petsuk,line,0.8,2.5,5.0,False,0.5,True,4,3.584481716156006,53.33,15,8,7,
umeh_druma_high quality,umeh_druma_high quality - page 1,Ume_Petsuk,line,0.8,2.5,5.0,False,0.9,True,4,3.5425024032592773,53.33,15,8,7,
umeh_druma_high quality,umeh_druma_high quality - page 1,Ume_Petsuk,line,0.8,3.0,2.5,True,0.1,False,0,2.464211225509644,0.0,0,0,0,Line processing failed: 'list' object cannot be interpreted as an integer
umeh_druma_high quality,umeh_druma_high quality - page 1,Ume_Petsuk,line,0.8,3.0,2.5,True,0.25,True,3,3.8325517177581783,44.44,9,4,5,
umeh_druma_high quality,umeh_druma_high quality - page 1,Ume_Petsuk,line,0.8,3.0,2.5,True,0.5,True,3,3.7214083671569824,44.44,9,4,5,
umeh_druma_high quality,umeh_druma_high quality - page 1,Ume_Petsuk,line,0.8,3.0,2.5,True,0.9,True,3,3.7035748958587646,44.44,9,4,5,
umeh_druma_high quality,umeh_druma_high quality - page 1,Ume_Petsuk,line,0.8,3.0,2.5,False,0.1,False,0,2.4188852310180664,0.0,0,0,0,Line processing failed: 'list' object cannot be interpreted as an integer
umeh_druma_high quality,umeh_druma_high quality - page 1,Ume_Petsuk,line,0.8,3.0,2.5,False,0.25,True,4,4.303955793380737,35.71,14,5,9,
umeh_druma_high quality,umeh_druma_high quality - page 1,Ume_Petsuk,line,0.8,3.0,2.5,False,0.5,True,4,5.526652097702026,35.71,14,5,9,
umeh_druma_high quality,umeh_druma_high quality - page 1,Ume_Petsuk,line,0.8,3.0,2.5,False,0.9,True,4,3.745161294937134,35.71,14,5,9,
umeh_druma_high quality,umeh_druma_high quality - page 1,Ume_Petsuk,line,0.8,3.0,3.5,True,0.1,False,0,2.354600191116333,0.0,0,0,0,Line processing failed: 'list' object cannot be interpreted as an integer
umeh_druma_high quality,umeh_druma_high quality - page 1,Ume_Petsuk,line,0.8,3.0,3.5,True,0.25,True,3,3.6756887435913086,40.0,10,4,6,
umeh_druma_high quality,umeh_druma_high quality - page 1,Ume_Petsuk,line,0.8,3.0,3.5,True,0.5,True,3,3.644451379776001,40.0,10,4,6,
umeh_druma_high quality,umeh_druma_high quality - page 1,Ume_Petsuk,line,0.8,3.0,3.5,True,0.9,True,3,3.657590389251709,40.0,10,4,6,
umeh_druma_high quality,umeh_druma_high quality - page 1,Ume_Petsuk,line,0.8,3.0,3.5,False,0.1,False,0,2.4225754737854004,0.0,0,0,0,Line processing failed: 'list' object cannot be interpreted as an integer
umeh_druma_high quality,umeh_druma_high quality - page 1,Ume_Petsuk,line,0.8,3.0,3.5,False,0.25,True,4,3.839970827102661,55.56,18,10,8,
umeh_druma_high quality,umeh_druma_high quality - page 1,Ume_Petsuk,line,0.8,3.0,3.5,False,0.5,True,4,3.733980655670166,55.56,18,10,8,
umeh_druma_high quality,umeh_druma_high quality - page 1,Ume_Petsuk,line,0.8,3.0,3.5,False,0.9,True,4,3.8624863624572754,55.56,18,10,8,
umeh_druma_high quality,umeh_druma_high quality - page 1,Ume_Petsuk,line,0.8,3.0,4.0,True,0.1,False,0,2.4319851398468018,0.0,0,0,0,Line processing failed: 'list' object cannot be interpreted as an integer
umeh_druma_high quality,umeh_druma_high quality - page 1,Ume_Petsuk,line,0.8,3.0,4.0,True,0.25,True,3,3.7025439739227295,40.0,10,4,6,
umeh_druma_high quality,umeh_druma_high quality - page 1,Ume_Petsuk,line,0.8,3.0,4.0,True,0.5,True,3,3.63009262084961,40.0,10,4,6,
umeh_druma_high quality,umeh_druma_high quality - page 1,Ume_Petsuk,line,0.8,3.0,4.0,True,0.9,True,3,3.630955219268799,40.0,10,4,6,
umeh_druma_high quality,umeh_druma_high quality - page 1,Ume_Petsuk,line,0.8,3.0,4.0,False,0.1,False,0,2.4253244400024414,0.0,0,0,0,Line processing failed: 'list' object cannot be interpreted as an integer
umeh_druma_high quality,umeh_druma_high quality - page 1,Ume_Petsuk,line,0.8,3.0,4.0,False,0.25,True,4,4.139152050018311,29.41,17,5,12,
umeh_druma_high quality,umeh_druma_high quality - page 1,Ume_Petsuk,line,0.8,3.0,4.0,False,0.5,True,4,3.7302305698394775,29.41,17,5,12,
umeh_druma_high quality,umeh_druma_high quality - page 1,Ume_Petsuk,line,0.8,3.0,4.0,False,0.9,True,4,3.746660470962525,29.41,17,5,12,
umeh_druma_high quality,umeh_druma_high quality - page 1,Ume_Petsuk,line,0.8,3.0,5.0,True,0.1,False,0,2.434293508529663,0.0,0,0,0,Line processing failed: 'list' object cannot be interpreted as an integer
umeh_druma_high quality,umeh_druma_high quality - page 1,Ume_Petsuk,line,0.8,3.0,5.0,True,0.25,True,3,3.5910472869873047,60.0,10,6,4,
umeh_druma_high quality,umeh_druma_high quality - page 1,Ume_Petsuk,line,0.8,3.0,5.0,True,0.5,True,3,3.5340499877929688,60.0,10,6,4,
umeh_druma_high quality,umeh_druma_high quality - page 1,Ume_Petsuk,line,0.8,3.0,5.0,True,0.9,True,3,3.5530266761779785,60.0,10,6,4,
umeh_druma_high quality,umeh_druma_high quality - page 1,Ume_Petsuk,line,0.8,3.0,5.0,False,0.1,False,0,2.440514087677002,0.0,0,0,0,Line processing failed: 'list' object cannot be interpreted as an integer
umeh_druma_high quality,umeh_druma_high quality - page 1,Ume_Petsuk,line,0.8,3.0,5.0,False,0.25,True,4,3.7318248748779297,53.33,15,8,7,
umeh_druma_high quality,umeh_druma_high quality - page 1,Ume_Petsuk,line,0.8,3.0,5.0,False,0.5,True,4,3.6620469093322754,53.33,15,8,7,
umeh_druma_high quality,umeh_druma_high quality - page 1,Ume_Petsuk,line,0.8,3.0,5.0,False,0.9,True,4,3.676115036010742,53.33,15,8,7,
umeh_druma_high quality,umeh_druma_high quality - page 1,Ume_Petsuk,line,0.9,2.0,2.5,True,0.1,False,0,2.4405579566955566,0.0,0,0,0,Line processing failed: 'list' object cannot be interpreted as an integer
umeh_druma_high quality,umeh_druma_high quality - page 1,Ume_Petsuk,line,0.9,2.0,2.5,True,0.25,True,3,3.456399917602539,56.25,16,9,7,
umeh_druma_high quality,umeh_druma_high quality - page 1,Ume_Petsuk,line,0.9,2.0,2.5,True,0.5,True,3,3.3877878189086914,56.25,16,9,7,
umeh_druma_high quality,umeh_druma_high quality - page 1,Ume_Petsuk,line,0.9,2.0,2.5,True,0.9,True,3,3.5062825679779053,56.25,16,9,7,
umeh_druma_high quality,umeh_druma_high quality - page 1,Ume_Petsuk,line,0.9,2.0,2.5,False,0.1,False,0,2.457738876342773,0.0,0,0,0,Line processing failed: 'list' object cannot be interpreted as an integer
umeh_druma_high quality,umeh_druma_high quality - page 1,Ume_Petsuk,line,0.9,2.0,2.5,False,0.25,True,4,3.71394681930542,21.43,14,3,11,
umeh_druma_high quality,umeh_druma_high quality - page 1,Ume_Petsuk,line,0.9,2.0,2.5,False,0.5,True,4,3.644424200057984,21.43,14,3,11,
umeh_druma_high quality,umeh_druma_high quality - page 1,Ume_Petsuk,line,0.9,2.0,2.5,False,0.9,True,4,5.520039319992065,21.43,14,3,11,
umeh_druma_high quality,umeh_druma_high quality - page 1,Ume_Petsuk,line,0.9,2.0,3.5,True,0.1,False,0,2.546652317047119,0.0,0,0,0,Line processing failed: 'list' object cannot be interpreted as an integer
umeh_druma_high quality,umeh_druma_high quality - page 1,Ume_Petsuk,line,0.9,2.0,3.5,True,0.25,True,3,5.063507556915283,50.0,18,9,9,
umeh_druma_high quality,umeh_druma_high quality - page 1,Ume_Petsuk,line,0.9,2.0,3.5,True,0.5,True,3,4.120932102203369,50.0,18,9,9,
umeh_druma_high quality,umeh_druma_high quality - page 1,Ume_Petsuk,line,0.9,2.0,3.5,True,0.9,True,3,3.258079767227173,50.0,18,9,9,
umeh_druma_high quality,umeh_druma_high quality - page 1,Ume_Petsuk,line,0.9,2.0,3.5,False,0.1,False,0,2.330629587173462,0.0,0,0,0,Line processing failed: 'list' object cannot be interpreted as an integer
umeh_druma_high quality,umeh_druma_high quality - page 1,Ume_Petsuk,line,0.9,2.0,3.5,False,0.25,True,4,3.4523918628692627,61.9,21,13,8,
umeh_druma_high quality,umeh_druma_high quality - page 1,Ume_Petsuk,line,0.9,2.0,3.5,False,0.5,True,4,3.4784598350524902,61.9,21,13,8,
umeh_druma_high quality,umeh_druma_high quality - page 1,Ume_Petsuk,line,0.9,2.0,3.5,False,0.9,True,4,3.48162055015564,61.9,21,13,8,
umeh_druma_high quality,umeh_druma_high quality - page 1,Ume_Petsuk,line,0.9,2.0,4.0,True,0.1,False,0,2.470444917678833,0.0,0,0,0,Line processing failed: 'list' object cannot be interpreted as an integer
umeh_druma_high quality,umeh_druma_high quality - page 1,Ume_Petsuk,line,0.9,2.0,4.0,True,0.25,True,3,3.462825059890747,26.32,19,5,14,
umeh_druma_high quality,umeh_druma_high quality - page 1,Ume_Petsuk,line,0.9,2.0,4.0,True,0.5,True,3,3.380800724029541,26.32,19,5,14,
umeh_druma_high quality,umeh_druma_high quality - page 1,Ume_Petsuk,line,0.9,2.0,4.0,True,0.9,True,3,3.408447742462158,26.32,19,5,14,
umeh_druma_high quality,umeh_druma_high quality - page 1,Ume_Petsuk,line,0.9,2.0,4.0,False,0.1,False,0,2.461132049560547,0.0,0,0,0,Line processing failed: 'list' object cannot be interpreted as an integer
umeh_druma_high quality,umeh_druma_high quality - page 1,Ume_Petsuk,line,0.9,2.0,4.0,False,0.25,True,4,3.5373470783233643,27.78,18,5,13,
umeh_druma_high quality,umeh_druma_high quality - page 1,Ume_Petsuk,line,0.9,2.0,4.0,False,0.5,True,4,3.475233316421509,27.78,18,5,13,
umeh_druma_high quality,umeh_druma_high quality - page 1,Ume_Petsuk,line,0.9,2.0,4.0,False,0.9,True,4,3.5803983211517334,27.78,18,5,13,
umeh_druma_high quality,umeh_druma_high quality - page 1,Ume_Petsuk,line,0.9,2.0,5.0,True,0.1,False,0,2.463819742202759,0.0,0,0,0,Line processing failed: 'list' object cannot be interpreted as an integer
umeh_druma_high quality,umeh_druma_high quality - page 1,Ume_Petsuk,line,0.9,2.0,5.0,True,0.25,True,3,3.224468946456909,33.33,9,3,6,
umeh_druma_high quality,umeh_druma_high quality - page 1,Ume_Petsuk,line,0.9,2.0,5.0,True,0.5,True,3,3.2987160682678223,33.33,9,3,6,
umeh_druma_high quality,umeh_druma_high quality - page 1,Ume_Petsuk,line,0.9,2.0,5.0,True,0.9,True,3,3.183250188827514,33.33,9,3,6,
umeh_druma_high quality,umeh_druma_high quality - page 1,Ume_Petsuk,line,0.9,2.0,5.0,False,0.1,False,0,2.479297399520874,0.0,0,0,0,Line processing failed: 'list' object cannot be interpreted as an integer
umeh_druma_high quality,umeh_druma_high quality - page 1,Ume_Petsuk,line,0.9,2.0,5.0,False,0.25,True,4,3.4527711868286133,53.33,15,8,7,
umeh_druma_high quality,umeh_druma_high quality - page 1,Ume_Petsuk,line,0.9,2.0,5.0,False,0.5,True,4,3.427461862564087,53.33,15,8,7,
umeh_druma_high quality,umeh_druma_high quality - page 1,Ume_Petsuk,line,0.9,2.0,5.0,False,0.9,True,4,3.457585096359253,53.33,15,8,7,
umeh_druma_high quality,umeh_druma_high quality - page 1,Ume_Petsuk,line,0.9,2.5,2.5,True,0.1,False,0,2.481109142303467,0.0,0,0,0,Line processing failed: 'list' object cannot be interpreted as an integer
umeh_druma_high quality,umeh_druma_high quality - page 1,Ume_Petsuk,line,0.9,2.5,2.5,True,0.25,True,3,3.699881076812744,55.56,18,10,8,
umeh_druma_high quality,umeh_druma_high quality - page 1,Ume_Petsuk,line,0.9,2.5,2.5,True,0.5,True,3,3.602425575256348,55.56,18,10,8,
umeh_druma_high quality,umeh_druma_high quality - page 1,Ume_Petsuk,line,0.9,2.5,2.5,True,0.9,True,3,3.5989224910736084,55.56,18,10,8,
umeh_druma_high quality,umeh_druma_high quality - page 1,Ume_Petsuk,line,0.9,2.5,2.5,False,0.1,False,0,2.4287564754486084,0.0,0,0,0,Line processing failed: 'list' object cannot be interpreted as an integer
umeh_druma_high quality,umeh_druma_high quality - page 1,Ume_Petsuk,line,0.9,2.5,2.5,False,0.25,True,4,3.8259568214416495,46.67,15,7,8,
umeh_druma_high quality,umeh_druma_high quality - page 1,Ume_Petsuk,line,0.9,2.5,2.5,False,0.5,True,4,3.711370229721069,46.67,15,7,8,
umeh_druma_high quality,umeh_druma_high quality - page 1,Ume_Petsuk,line,0.9,2.5,2.5,False,0.9,True,4,3.7578766345977774,46.67,15,7,8,
umeh_druma_high quality,umeh_druma_high quality - page 1,Ume_Petsuk,line,0.9,2.5,3.5,True,0.1,False,0,2.436082363128662,0.0,0,0,0,Line processing failed: 'list' object cannot be interpreted as an integer
umeh_druma_high quality,umeh_druma_high quality - page 1,Ume_Petsuk,line,0.9,2.5,3.5,True,0.25,True,3,3.637171268463135,50.0,18,9,9,
umeh_druma_high quality,umeh_druma_high quality - page 1,Ume_Petsuk,line,0.9,2.5,3.5,True,0.5,True,3,3.554039001464844,50.0,18,9,9,
umeh_druma_high quality,umeh_druma_high quality - page 1,Ume_Petsuk,line,0.9,2.5,3.5,True,0.9,True,3,3.653253078460693,50.0,18,9,9,
umeh_druma_high quality,umeh_druma_high quality - page 1,Ume_Petsuk,line,0.9,2.5,3.5,False,0.1,False,0,2.533079147338867,0.0,0,0,0,Line processing failed: 'list' object cannot be interpreted as an integer
umeh_druma_high quality,umeh_druma_high quality - page 1,Ume_Petsuk,line,0.9,2.5,3.5,False,0.25,True,4,3.640974760055542,61.9,21,13,8,
umeh_druma_high quality,umeh_druma_high quality - page 1,Ume_Petsuk,line,0.9,2.5,3.5,False,0.5,True,4,3.5844292640686035,61.9,21,13,8,
umeh_druma_high quality,umeh_druma_high quality - page 1,Ume_Petsuk,line,0.9,2.5,3.5,False,0.9,True,4,3.600783348083496,61.9,21,13,8,
umeh_druma_high quality,umeh_druma_high quality - page 1,Ume_Petsuk,line,0.9,2.5,4.0,True,0.1,False,0,2.458665132522583,0.0,0,0,0,Line processing failed: 'list' object cannot be interpreted as an integer
umeh_druma_high quality,umeh_druma_high quality - page 1,Ume_Petsuk,line,0.9,2.5,4.0,True,0.25,True,3,3.613510847091675,26.32,19,5,14,
umeh_druma_high quality,umeh_druma_high quality - page 1,Ume_Petsuk,line,0.9,2.5,4.0,True,0.5,True,3,3.5291364192962646,26.32,19,5,14,
umeh_druma_high quality,umeh_druma_high quality - page 1,Ume_Petsuk,line,0.9,2.5,4.0,True,0.9,True,3,3.514454126358032,26.32,19,5,14,
umeh_druma_high quality,umeh_druma_high quality - page 1,Ume_Petsuk,line,0.9,2.5,4.0,False,0.1,False,0,2.4427733421325684,0.0,0,0,0,Line processing failed: 'list' object cannot be interpreted as an integer
umeh_druma_high quality,umeh_druma_high quality - page 1,Ume_Petsuk,line,0.9,2.5,4.0,False,0.25,True,4,3.650426149368286,27.78,18,5,13,
umeh_druma_high quality,umeh_druma_high quality - page 1,Ume_Petsuk,line,0.9,2.5,4.0,False,0.5,True,4,3.5879218578338623,27.78,18,5,13,
umeh_druma_high quality,umeh_druma_high quality - page 1,Ume_Petsuk,line,0.9,2.5,4.0,False,0.9,True,4,3.614323139190674,27.78,18,5,13,
umeh_druma_high quality,umeh_druma_high quality - page 1,Ume_Petsuk,line,0.9,2.5,5.0,True,0.1,False,0,2.4579970836639404,0.0,0,0,0,Line processing failed: 'list' object cannot be interpreted as an integer
umeh_druma_high quality,umeh_druma_high quality - page 1,Ume_Petsuk,line,0.9,2.5,5.0,True,0.25,True,3,3.470932722091675,60.0,10,6,4,
umeh_druma_high quality,umeh_druma_high quality - page 1,Ume_Petsuk,line,0.9,2.5,5.0,True,0.5,True,3,3.3866894245147705,60.0,10,6,4,
umeh_druma_high quality,umeh_druma_high quality - page 1,Ume_Petsuk,line,0.9,2.5,5.0,True,0.9,True,3,3.3923773765563965,60.0,10,6,4,
umeh_druma_high quality,umeh_druma_high quality - page 1,Ume_Petsuk,line,0.9,2.5,5.0,False,0.1,False,0,2.463801383972168,0.0,0,0,0,Line processing failed: 'list' object cannot be interpreted as an integer
umeh_druma_high quality,umeh_druma_high quality - page 1,Ume_Petsuk,line,0.9,2.5,5.0,False,0.25,True,4,3.596139669418335,53.33,15,8,7,
umeh_druma_high quality,umeh_druma_high quality - page 1,Ume_Petsuk,line,0.9,2.5,5.0,False,0.5,True,4,3.648358821868897,53.33,15,8,7,
umeh_druma_high quality,umeh_druma_high quality - page 1,Ume_Petsuk,line,0.9,2.5,5.0,False,0.9,True,4,3.642467975616455,53.33,15,8,7,
umeh_druma_high quality,umeh_druma_high quality - page 1,Ume_Petsuk,line,0.9,3.0,2.5,True,0.1,False,0,2.4593286514282227,0.0,0,0,0,Line processing failed: 'list' object cannot be interpreted as an integer
umeh_druma_high quality,umeh_druma_high quality - page 1,Ume_Petsuk,line,0.9,3.0,2.5,True,0.25,True,3,3.831288099288941,44.44,9,4,5,
umeh_druma_high quality,umeh_druma_high quality - page 1,Ume_Petsuk,line,0.9,3.0,2.5,True,0.5,True,3,3.7376415729522714,44.44,9,4,5,
umeh_druma_high quality,umeh_druma_high quality - page 1,Ume_Petsuk,line,0.9,3.0,2.5,True,0.9,True,3,3.74270224571228,44.44,9,4,5,
umeh_druma_high quality,umeh_druma_high quality - page 1,Ume_Petsuk,line,0.9,3.0,2.5,False,0.1,False,0,2.419257402420044,0.0,0,0,0,Line processing failed: 'list' object cannot be interpreted as an integer
umeh_druma_high quality,umeh_druma_high quality - page 1,Ume_Petsuk,line,0.9,3.0,2.5,False,0.25,True,4,3.9400908946990967,35.71,14,5,9,
umeh_druma_high quality,umeh_druma_high quality - page 1,Ume_Petsuk,line,0.9,3.0,2.5,False,0.5,True,4,3.873769760131836,35.71,14,5,9,
umeh_druma_high quality,umeh_druma_high quality - page 1,Ume_Petsuk,line,0.9,3.0,2.5,False,0.9,True,4,3.851623773574829,35.71,14,5,9,
umeh_druma_high quality,umeh_druma_high quality - page 1,Ume_Petsuk,line,0.9,3.0,3.5,True,0.1,False,0,2.4248909950256348,0.0,0,0,0,Line processing failed: 'list' object cannot be interpreted as an integer
umeh_druma_high quality,umeh_druma_high quality - page 1,Ume_Petsuk,line,0.9,3.0,3.5,True,0.25,True,3,3.747926712036133,40.0,10,4,6,
umeh_druma_high quality,umeh_druma_high quality - page 1,Ume_Petsuk,line,0.9,3.0,3.5,True,0.5,True,3,3.639678239822388,40.0,10,4,6,
umeh_druma_high quality,umeh_druma_high quality - page 1,Ume_Petsuk,line,0.9,3.0,3.5,True,0.9,True,3,3.650769233703613,40.0,10,4,6,
umeh_druma_high quality,umeh_druma_high quality - page 1,Ume_Petsuk,line,0.9,3.0,3.5,False,0.1,False,0,2.4275362491607666,0.0,0,0,0,Line processing failed: 'list' object cannot be interpreted as an integer
umeh_druma_high quality,umeh_druma_high quality - page 1,Ume_Petsuk,line,0.9,3.0,3.5,False,0.25,True,4,3.836585283279419,55.56,18,10,8,
umeh_druma_high quality,umeh_druma_high quality - page 1,Ume_Petsuk,line,0.9,3.0,3.5,False,0.5,True,4,3.748080253601074,55.56,18,10,8,
umeh_druma_high quality,umeh_druma_high quality - page 1,Ume_Petsuk,line,0.9,3.0,3.5,False,0.9,True,4,3.8463597297668457,55.56,18,10,8,
umeh_druma_high quality,umeh_druma_high quality - page 1,Ume_Petsuk,line,0.9,3.0,4.0,True,0.1,False,0,2.445282459259033,0.0,0,0,0,Line processing failed: 'list' object cannot be interpreted as an integer
umeh_druma_high quality,umeh_druma_high quality - page 1,Ume_Petsuk,line,0.9,3.0,4.0,True,0.25,True,3,3.686633586883545,40.0,10,4,6,
umeh_druma_high quality,umeh_druma_high quality - page 1,Ume_Petsuk,line,0.9,3.0,4.0,True,0.5,True,3,3.609093427658081,40.0,10,4,6,
umeh_druma_high quality,umeh_druma_high quality - page 1,Ume_Petsuk,line,0.9,3.0,4.0,True,0.9,True,3,3.7095847129821777,40.0,10,4,6,
umeh_druma_high quality,umeh_druma_high quality - page 1,Ume_Petsuk,line,0.9,3.0,4.0,False,0.1,False,0,2.4282119274139404,0.0,0,0,0,Line processing failed: 'list' object cannot be interpreted as an integer
umeh_druma_high quality,umeh_druma_high quality - page 1,Ume_Petsuk,line,0.9,3.0,4.0,False,0.25,True,4,3.8410022258758554,29.41,17,5,12,
umeh_druma_high quality,umeh_druma_high quality - page 1,Ume_Petsuk,line,0.9,3.0,4.0,False,0.5,True,4,3.729231119155884,29.41,17,5,12,
umeh_druma_high quality,umeh_druma_high quality - page 1,Ume_Petsuk,line,0.9,3.0,4.0,False,0.9,True,4,3.7245280742645264,29.41,17,5,12,
umeh_druma_high quality,umeh_druma_high quality - page 1,Ume_Petsuk,line,0.9,3.0,5.0,True,0.1,False,0,2.440662145614624,0.0,0,0,0,Line processing failed: 'list' object cannot be interpreted as an integer
umeh_druma_high quality,umeh_druma_high quality - page 1,Ume_Petsuk,line,0.9,3.0,5.0,True,0.25,True,3,3.579414367675781,60.0,10,6,4,
umeh_druma_high quality,umeh_druma_high quality - page 1,Ume_Petsuk,line,0.9,3.0,5.0,True,0.5,True,3,3.520972490310669,60.0,10,6,4,
umeh_druma_high quality,umeh_druma_high quality - page 1,Ume_Petsuk,line,0.9,3.0,5.0,True,0.9,True,3,3.5169410705566406,60.0,10,6,4,
umeh_druma_high quality,umeh_druma_high quality - page 1,Ume_Petsuk,line,0.9,3.0,5.0,False,0.1,False,0,3.902614116668701,0.0,0,0,0,Line processing failed: 'list' object cannot be interpreted as an integer
umeh_druma_high quality,umeh_druma_high quality - page 1,Ume_Petsuk,line,0.9,3.0,5.0,False,0.25,True,4,5.203424453735352,53.33,15,8,7,
umeh_druma_high quality,umeh_druma_high quality - page 1,Ume_Petsuk,line,0.9,3.0,5.0,False,0.5,True,4,3.5289201736450195,53.33,15,8,7,
umeh_druma_high quality,umeh_druma_high quality - page 1,Ume_Petsuk,line,0.9,3.0,5.0,False,0.9,True,4,3.5285351276397705,53.33,15,8,7,
umeh_druma_high quality,umeh_druma_high quality - page 1,Ume_Petsuk,layout,0.7,2.0,2.5,True,0.1,True,4,4.411639928817749,51.85,27,14,13,
umeh_druma_high quality,umeh_druma_high quality - page 1,Ume_Petsuk,layout,0.7,2.0,2.5,True,0.25,True,4,3.796209573745728,51.85,27,14,13,
umeh_druma_high quality,umeh_druma_high quality - page 1,Ume_Petsuk,layout,0.7,2.0,2.5,True,0.5,True,4,3.781952857971192,51.85,27,14,13,
umeh_druma_high quality,umeh_druma_high quality - page 1,Ume_Petsuk,layout,0.7,2.0,2.5,True,0.9,True,4,3.773466110229492,51.85,27,14,13,
umeh_druma_high quality,umeh_druma_high quality - page 1,Ume_Petsuk,layout,0.7,2.0,2.5,False,0.1,True,5,5.794439792633057,47.83,23,11,12,
umeh_druma_high quality,umeh_druma_high quality - page 1,Ume_Petsuk,layout,0.7,2.0,2.5,False,0.25,True,5,5.78875732421875,47.83,23,11,12,
umeh_druma_high quality,umeh_druma_high quality - page 1,Ume_Petsuk,layout,0.7,2.0,2.5,False,0.5,True,5,3.86141037940979,47.83,23,11,12,
umeh_druma_high quality,umeh_druma_high quality - page 1,Ume_Petsuk,layout,0.7,2.0,2.5,False,0.9,True,5,3.950624704360962,47.83,23,11,12,
umeh_druma_high quality,umeh_druma_high quality - page 1,Ume_Petsuk,layout,0.7,2.0,3.5,True,0.1,True,4,3.4451353549957275,45.45,22,10,12,
umeh_druma_high quality,umeh_druma_high quality - page 1,Ume_Petsuk,layout,0.7,2.0,3.5,True,0.25,True,4,3.494997978210449,45.45,22,10,12,
umeh_druma_high quality,umeh_druma_high quality - page 1,Ume_Petsuk,layout,0.7,2.0,3.5,True,0.5,True,4,3.6150810718536377,45.45,22,10,12,
umeh_druma_high quality,umeh_druma_high quality - page 1,Ume_Petsuk,layout,0.7,2.0,3.5,True,0.9,True,4,3.59305191040039,45.45,22,10,12,
umeh_druma_high quality,umeh_druma_high quality - page 1,Ume_Petsuk,layout,0.7,2.0,3.5,False,0.1,True,5,3.76753568649292,36.36,22,8,14,
umeh_druma_high quality,umeh_druma_high quality - page 1,Ume_Petsuk,layout,0.7,2.0,3.5,False,0.25,True,5,3.7642884254455566,36.36,22,8,14,
umeh_druma_high quality,umeh_druma_high quality - page 1,Ume_Petsuk,layout,0.7,2.0,3.5,False,0.5,True,5,3.7580199241638175,36.36,22,8,14,
umeh_druma_high quality,umeh_druma_high quality - page 1,Ume_Petsuk,layout,0.7,2.0,3.5,False,0.9,True,5,3.850924253463745,36.36,22,8,14,
umeh_druma_high quality,umeh_druma_high quality - page 1,Ume_Petsuk,layout,0.7,2.0,4.0,True,0.1,True,4,3.5787441730499268,56.52,23,13,10,
umeh_druma_high quality,umeh_druma_high quality - page 1,Ume_Petsuk,layout,0.7,2.0,4.0,True,0.25,True,4,3.5797431468963623,56.52,23,13,10,
umeh_druma_high quality,umeh_druma_high quality - page 1,Ume_Petsuk,layout,0.7,2.0,4.0,True,0.5,True,4,3.5747523307800293,56.52,23,13,10,
umeh_druma_high quality,umeh_druma_high quality - page 1,Ume_Petsuk,layout,0.7,2.0,4.0,True,0.9,True,4,5.041485071182251,56.52,23,13,10,
umeh_druma_high quality,umeh_druma_high quality - page 1,Ume_Petsuk,layout,0.7,2.0,4.0,False,0.1,True,5,3.582195520401001,47.83,23,11,12,
umeh_druma_high quality,umeh_druma_high quality - page 1,Ume_Petsuk,layout,0.7,2.0,4.0,False,0.25,True,5,3.683680534362793,47.83,23,11,12,
umeh_druma_high quality,umeh_druma_high quality - page 1,Ume_Petsuk,layout,0.7,2.0,4.0,False,0.5,True,5,3.7429513931274414,47.83,23,11,12,
umeh_druma_high quality,umeh_druma_high quality - page 1,Ume_Petsuk,layout,0.7,2.0,4.0,False,0.9,True,5,3.738462209701538,47.83,23,11,12,
umeh_druma_high quality,umeh_druma_high quality - page 1,Ume_Petsuk,layout,0.7,2.0,5.0,True,0.1,True,4,3.621777296066284,42.31,26,11,15,
umeh_druma_high quality,umeh_druma_high quality - page 1,Ume_Petsuk,layout,0.7,2.0,5.0,True,0.25,True,4,3.622710466384888,42.31,26,11,15,
umeh_druma_high quality,umeh_druma_high quality - page 1,Ume_Petsuk,layout,0.7,2.0,5.0,True,0.5,True,4,3.741477489471436,42.31,26,11,15,
umeh_druma_high quality,umeh_druma_high quality - page 1,Ume_Petsuk,layout,0.7,2.0,5.0,True,0.9,True,4,3.636901378631592,42.31,26,11,15,
umeh_druma_high quality,umeh_druma_high quality - page 1,Ume_Petsuk,layout,0.7,2.0,5.0,False,0.1,True,5,3.816029787063599,46.15,26,12,14,
umeh_druma_high quality,umeh_druma_high quality - page 1,Ume_Petsuk,layout,0.7,2.0,5.0,False,0.25,True,5,3.7856740951538086,46.15,26,12,14,
umeh_druma_high quality,umeh_druma_high quality - page 1,Ume_Petsuk,layout,0.7,2.0,5.0,False,0.5,True,5,3.805275440216065,46.15,26,12,14,
umeh_druma_high quality,umeh_druma_high quality - page 1,Ume_Petsuk,layout,0.7,2.0,5.0,False,0.9,True,5,3.90557074546814,46.15,26,12,14,
umeh_druma_high quality,umeh_druma_high quality - page 1,Ume_Petsuk,layout,0.7,2.5,2.5,True,0.1,True,4,3.9212818145751953,51.85,27,14,13,
umeh_druma_high quality,umeh_druma_high quality - page 1,Ume_Petsuk,layout,0.7,2.5,2.5,True,0.25,True,4,3.8889009952545166,51.85,27,14,13,
umeh_druma_high quality,umeh_druma_high quality - page 1,Ume_Petsuk,layout,0.7,2.5,2.5,True,0.5,True,4,3.890755891799927,51.85,27,14,13,
umeh_druma_high quality,umeh_druma_high quality - page 1,Ume_Petsuk,layout,0.7,2.5,2.5,True,0.9,True,4,4.144290924072266,51.85,27,14,13,
umeh_druma_high quality,umeh_druma_high quality - page 1,Ume_Petsuk,layout,0.7,2.5,2.5,False,0.1,True,5,5.934819221496582,47.83,23,11,12,
umeh_druma_high quality,umeh_druma_high quality - page 1,Ume_Petsuk,layout,0.7,2.5,2.5,False,0.25,True,5,4.107945919036865,47.83,23,11,12,
umeh_druma_high quality,umeh_druma_high quality - page 1,Ume_Petsuk,layout,0.7,2.5,2.5,False,0.5,True,5,3.986867666244507,47.83,23,11,12,
umeh_druma_high quality,umeh_druma_high quality - page 1,Ume_Petsuk,layout,0.7,2.5,2.5,False,0.9,True,5,3.947178363800049,47.83,23,11,12,
umeh_druma_high quality,umeh_druma_high quality - page 1,Ume_Petsuk,layout,0.7,2.5,3.5,True,0.1,True,4,3.6658549308776855,45.45,22,10,12,
umeh_druma_high quality,umeh_druma_high quality - page 1,Ume_Petsuk,layout,0.7,2.5,3.5,True,0.25,True,4,3.717325210571289,45.45,22,10,12,
umeh_druma_high quality,umeh_druma_high quality - page 1,Ume_Petsuk,layout,0.7,2.5,3.5,True,0.5,True,4,3.7251956462860103,45.45,22,10,12,
umeh_druma_high quality,umeh_druma_high quality - page 1,Ume_Petsuk,layout,0.7,2.5,3.5,True,0.9,True,4,3.703756332397461,45.45,22,10,12,
umeh_druma_high quality,umeh_druma_high quality - page 1,Ume_Petsuk,layout,0.7,2.5,3.5,False,0.1,True,5,3.898761987686157,36.36,22,8,14,
umeh_druma_high quality,umeh_druma_high quality - page 1,Ume_Petsuk,layout,0.7,2.5,3.5,False,0.25,True,5,3.911536693572998,36.36,22,8,14,
umeh_druma_high quality,umeh_druma_high quality - page 1,Ume_Petsuk,layout,0.7,2.5,3.5,False,0.5,True,5,4.851194620132446,36.36,22,8,14,
umeh_druma_high quality,umeh_druma_high quality - page 1,Ume_Petsuk,layout,0.7,2.5,3.5,False,0.9,True,5,5.395163297653198,36.36,22,8,14,
umeh_druma_high quality,umeh_druma_high quality - page 1,Ume_Petsuk,layout,0.7,2.5,4.0,True,0.1,True,4,3.639124155044556,56.52,23,13,10,
umeh_druma_high quality,umeh_druma_high quality - page 1,Ume_Petsuk,layout,0.7,2.5,4.0,True,0.25,True,4,3.569847583770752,56.52,23,13,10,
umeh_druma_high quality,umeh_druma_high quality - page 1,Ume_Petsuk,layout,0.7,2.5,4.0,True,0.5,True,4,3.6934404373168954,56.52,23,13,10,
umeh_druma_high quality,umeh_druma_high quality - page 1,Ume_Petsuk,layout,0.7,2.5,4.0,True,0.9,True,4,3.9726109504699703,56.52,23,13,10,
umeh_druma_high quality,umeh_druma_high quality - page 1,Ume_Petsuk,layout,0.7,2.5,4.0,False,0.1,True,5,5.629213333129883,47.83,23,11,12,
umeh_druma_high quality,umeh_druma_high quality - page 1,Ume_Petsuk,layout,0.7,2.5,4.0,False,0.25,True,5,5.03570032119751,47.83,23,11,12,
umeh_druma_high quality,umeh_druma_high quality - page 1,Ume_Petsuk,layout,0.7,2.5,4.0,False,0.5,True,5,3.729083299636841,47.83,23,11,12,
umeh_druma_high quality,umeh_druma_high quality - page 1,Ume_Petsuk,layout,0.7,2.5,4.0,False,0.9,True,5,3.716715097427368,47.83,23,11,12,
umeh_druma_high quality,umeh_druma_high quality - page 1,Ume_Petsuk,layout,0.7,2.5,5.0,True,0.1,True,4,3.694705247879028,52.17,23,12,11,
umeh_druma_high quality,umeh_druma_high quality - page 1,Ume_Petsuk,layout,0.7,2.5,5.0,True,0.25,True,4,3.760066032409668,52.17,23,12,11,
umeh_druma_high quality,umeh_druma_high quality - page 1,Ume_Petsuk,layout,0.7,2.5,5.0,True,0.5,True,4,3.7813045978546143,52.17,23,12,11,
umeh_druma_high quality,umeh_druma_high quality - page 1,Ume_Petsuk,layout,0.7,2.5,5.0,True,0.9,True,4,3.738756656646729,52.17,23,12,11,
umeh_druma_high quality,umeh_druma_high quality - page 1,Ume_Petsuk,layout,0.7,2.5,5.0,False,0.1,True,5,4.09113073348999,58.33,24,14,10,
umeh_druma_high quality,umeh_druma_high quality - page 1,Ume_Petsuk,layout,0.7,2.5,5.0,False,0.25,True,5,4.04551100730896,58.33,24,14,10,
umeh_druma_high quality,umeh_druma_high quality - page 1,Ume_Petsuk,layout,0.7,2.5,5.0,False,0.5,True,5,3.922742128372192,58.33,24,14,10,
umeh_druma_high quality,umeh_druma_high quality - page 1,Ume_Petsuk,layout,0.7,2.5,5.0,False,0.9,True,5,3.966031789779663,58.33,24,14,10,
umeh_druma_high quality,umeh_druma_high quality - page 1,Ume_Petsuk,layout,0.7,3.0,2.5,True,0.1,True,4,4.097145795822144,51.85,27,14,13,
umeh_druma_high quality,umeh_druma_high quality - page 1,Ume_Petsuk,layout,0.7,3.0,2.5,True,0.25,True,4,5.772538185119629,51.85,27,14,13,
umeh_druma_high quality,umeh_druma_high quality - page 1,Ume_Petsuk,layout,0.7,3.0,2.5,True,0.5,True,4,5.821076393127441,51.85,27,14,13,
umeh_druma_high quality,umeh_druma_high quality - page 1,Ume_Petsuk,layout,0.7,3.0,2.5,True,0.9,True,4,5.7616050243377686,51.85,27,14,13,
umeh_druma_high quality,umeh_druma_high quality - page 1,Ume_Petsuk,layout,0.7,3.0,2.5,False,0.1,True,5,4.110671281814575,47.83,23,11,12,
umeh_druma_high quality,umeh_druma_high quality - page 1,Ume_Petsuk,layout,0.7,3.0,2.5,False,0.25,True,5,4.130586624145508,47.83,23,11,12,
umeh_druma_high quality,umeh_druma_high quality - page 1,Ume_Petsuk,layout,0.7,3.0,2.5,False,0.5,True,5,4.118272304534912,47.83,23,11,12,
umeh_druma_high quality,umeh_druma_high quality - page 1,Ume_Petsuk,layout,0.7,3.0,2.5,False,0.9,True,5,5.439528703689575,47.83,23,11,12,
umeh_druma_high quality,umeh_druma_high quality - page 1,Ume_Petsuk,layout,0.7,3.0,3.5,True,0.1,True,4,5.333065986633301,45.45,22,10,12,
umeh_druma_high quality,umeh_druma_high quality - page 1,Ume_Petsuk,layout,0.7,3.0,3.5,True,0.25,True,4,3.757657766342163,45.45,22,10,12,
umeh_druma_high quality,umeh_druma_high quality - page 1,Ume_Petsuk,layout,0.7,3.0,3.5,True,0.5,True,4,3.68330717086792,45.45,22,10,12,
umeh_druma_high quality,umeh_druma_high quality - page 1,Ume_Petsuk,layout,0.7,3.0,3.5,True,0.9,True,4,3.690922737121582,45.45,22,10,12,
umeh_druma_high quality,umeh_druma_high quality - page 1,Ume_Petsuk,layout,0.7,3.0,3.5,False,0.1,True,5,3.882501840591431,36.36,22,8,14,
umeh_druma_high quality,umeh_druma_high quality - page 1,Ume_Petsuk,layout,0.7,3.0,3.5,False,0.25,True,5,3.980712413787842,36.36,22,8,14,
umeh_druma_high quality,umeh_druma_high quality - page 1,Ume_Petsuk,layout,0.7,3.0,3.5,False,0.5,True,5,4.0271430015563965,36.36,22,8,14,
umeh_druma_high quality,umeh_druma_high quality - page 1,Ume_Petsuk,layout,0.7,3.0,3.5,False,0.9,True,5,4.306094169616699,36.36,22,8,14,
umeh_druma_high quality,umeh_druma_high quality - page 1,Ume_Petsuk,layout,0.7,3.0,4.0,True,0.1,True,4,3.724330186843872,56.52,23,13,10,
umeh_druma_high quality,umeh_druma_high quality - page 1,Ume_Petsuk,layout,0.7,3.0,4.0,True,0.25,True,4,5.538077354431152,56.52,23,13,10,
umeh_druma_high quality,umeh_druma_high quality - page 1,Ume_Petsuk,layout,0.7,3.0,4.0,True,0.5,True,4,3.808384418487549,56.52,23,13,10,
umeh_druma_high quality,umeh_druma_high quality - page 1,Ume_Petsuk,layout,0.7,3.0,4.0,True,0.9,True,4,3.674884796142578,56.52,23,13,10,
umeh_druma_high quality,umeh_druma_high quality - page 1,Ume_Petsuk,layout,0.7,3.0,4.0,False,0.1,True,5,4.051287412643433,47.83,23,11,12,
umeh_druma_high quality,umeh_druma_high quality - page 1,Ume_Petsuk,layout,0.7,3.0,4.0,False,0.25,True,5,4.066256761550903,47.83,23,11,12,
umeh_druma_high quality,umeh_druma_high quality - page 1,Ume_Petsuk,layout,0.7,3.0,4.0,False,0.5,True,5,3.9733729362487793,47.83,23,11,12,
umeh_druma_high quality,umeh_druma_high quality - page 1,Ume_Petsuk,layout,0.7,3.0,4.0,False,0.9,True,5,3.9788694381713863,47.83,23,11,12,
umeh_druma_high quality,umeh_druma_high quality - page 1,Ume_Petsuk,layout,0.7,3.0,5.0,True,0.1,True,4,3.9136087894439697,52.17,23,12,11,
umeh_druma_high quality,umeh_druma_high quality - page 1,Ume_Petsuk,layout,0.7,3.0,5.0,True,0.25,True,4,3.874662399291992,52.17,23,12,11,
umeh_druma_high quality,umeh_druma_high quality - page 1,Ume_Petsuk,layout,0.7,3.0,5.0,True,0.5,True,4,3.8656818866729736,52.17,23,12,11,
umeh_druma_high quality,umeh_druma_high quality - page 1,Ume_Petsuk,layout,0.7,3.0,5.0,True,0.9,True,4,3.870146989822388,52.17,23,12,11,
umeh_druma_high quality,umeh_druma_high quality - page 1,Ume_Petsuk,layout,0.7,3.0,5.0,False,0.1,True,5,4.008014440536499,58.33,24,14,10,
umeh_druma_high quality,umeh_druma_high quality - page 1,Ume_Petsuk,layout,0.7,3.0,5.0,False,0.25,True,5,4.018299341201782,58.33,24,14,10,
umeh_druma_high quality,umeh_druma_high quality - page 1,Ume_Petsuk,layout,0.7,3.0,5.0,False,0.5,True,5,4.022788047790527,58.33,24,14,10,
umeh_druma_high quality,umeh_druma_high quality - page 1,Ume_Petsuk,layout,0.7,3.0,5.0,False,0.9,True,5,4.034026145935059,58.33,24,14,10,
umeh_druma_high quality,umeh_druma_high quality - page 1,Ume_Petsuk,layout,0.8,2.0,2.5,True,0.1,True,4,3.775756359100342,51.85,27,14,13,
umeh_druma_high quality,umeh_druma_high quality - page 1,Ume_Petsuk,layout,0.8,2.0,2.5,True,0.25,True,4,3.7689883708953857,51.85,27,14,13,
umeh_druma_high quality,umeh_druma_high quality - page 1,Ume_Petsuk,layout,0.8,2.0,2.5,True,0.5,True,4,3.77245044708252,51.85,27,14,13,
umeh_druma_high quality,umeh_druma_high quality - page 1,Ume_Petsuk,layout,0.8,2.0,2.5,True,0.9,True,4,3.786162853240967,51.85,27,14,13,
umeh_druma_high quality,umeh_druma_high quality - page 1,Ume_Petsuk,layout,0.8,2.0,2.5,False,0.1,True,5,3.997525453567505,47.83,23,11,12,
umeh_druma_high quality,umeh_druma_high quality - page 1,Ume_Petsuk,layout,0.8,2.0,2.5,False,0.25,True,5,4.264061212539673,47.83,23,11,12,
umeh_druma_high quality,umeh_druma_high quality - page 1,Ume_Petsuk,layout,0.8,2.0,2.5,False,0.5,True,5,3.904582977294922,47.83,23,11,12,
umeh_druma_high quality,umeh_druma_high quality - page 1,Ume_Petsuk,layout,0.8,2.0,2.5,False,0.9,True,5,4.0418360233306885,47.83,23,11,12,
umeh_druma_high quality,umeh_druma_high quality - page 1,Ume_Petsuk,layout,0.8,2.0,3.5,True,0.1,True,4,3.588602066040039,45.45,22,10,12,
umeh_druma_high quality,umeh_druma_high quality - page 1,Ume_Petsuk,layout,0.8,2.0,3.5,True,0.25,True,4,3.6768367290496826,45.45,22,10,12,
umeh_druma_high quality,umeh_druma_high quality - page 1,Ume_Petsuk,layout,0.8,2.0,3.5,True,0.5,True,4,3.5886309146881104,45.45,22,10,12,
umeh_druma_high quality,umeh_druma_high quality - page 1,Ume_Petsuk,layout,0.8,2.0,3.5,True,0.9,True,4,3.599134922027588,45.45,22,10,12,
umeh_druma_high quality,umeh_druma_high quality - page 1,Ume_Petsuk,layout,0.8,2.0,3.5,False,0.1,True,5,3.816123962402344,36.36,22,8,14,
umeh_druma_high quality,umeh_druma_high quality - page 1,Ume_Petsuk,layout,0.8,2.0,3.5,False,0.25,True,5,3.785891532897949,36.36,22,8,14,
umeh_druma_high quality,umeh_druma_high quality - page 1,Ume_Petsuk,layout,0.8,2.0,3.5,False,0.5,True,5,3.7741777896881104,36.36,22,8,14,
umeh_druma_high quality,umeh_druma_high quality - page 1,Ume_Petsuk,layout,0.8,2.0,3.5,False,0.9,True,5,3.797356128692627,36.36,22,8,14,
umeh_druma_high quality,umeh_druma_high quality - page 1,Ume_Petsuk,layout,0.8,2.0,4.0,True,0.1,True,4,3.62421178817749,56.52,23,13,10,
umeh_druma_high quality,umeh_druma_high quality - page 1,Ume_Petsuk,layout,0.8,2.0,4.0,True,0.25,True,4,3.5876712799072266,56.52,23,13,10,
umeh_druma_high quality,umeh_druma_high quality - page 1,Ume_Petsuk,layout,0.8,2.0,4.0,True,0.5,True,4,3.5822598934173584,56.52,23,13,10,
umeh_druma_high quality,umeh_druma_high quality - page 1,Ume_Petsuk,layout,0.8,2.0,4.0,True,0.9,True,4,3.60223126411438,56.52,23,13,10,
umeh_druma_high quality,umeh_druma_high quality - page 1,Ume_Petsuk,layout,0.8,2.0,4.0,False,0.1,True,5,3.756074905395508,47.83,23,11,12,
umeh_druma_high quality,umeh_druma_high quality - page 1,Ume_Petsuk,layout,0.8,2.0,4.0,False,0.25,True,5,3.730633020401001,47.83,23,11,12,
umeh_druma_high quality,umeh_druma_high quality - page 1,Ume_Petsuk,layout,0.8,2.0,4.0,False,0.5,True,5,3.75612473487854,47.83,23,11,12,
umeh_druma_high quality,umeh_druma_high quality - page 1,Ume_Petsuk,layout,0.8,2.0,4.0,False,0.9,True,5,3.7411181926727295,47.83,23,11,12,
umeh_druma_high quality,umeh_druma_high quality - page 1,Ume_Petsuk,layout,0.8,2.0,5.0,True,0.1,True,4,3.985162258148194,42.31,26,11,15,
umeh_druma_high quality,umeh_druma_high quality - page 1,Ume_Petsuk,layout,0.8,2.0,5.0,True,0.25,True,4,3.6288092136383057,42.31,26,11,15,
umeh_druma_high quality,umeh_druma_high quality - page 1,Ume_Petsuk,layout,0.8,2.0,5.0,True,0.5,True,4,3.631669998168945,42.31,26,11,15,
umeh_druma_high quality,umeh_druma_high quality - page 1,Ume_Petsuk,layout,0.8,2.0,5.0,True,0.9,True,4,3.6790883541107178,42.31,26,11,15,
umeh_druma_high quality,umeh_druma_high quality - page 1,Ume_Petsuk,layout,0.8,2.0,5.0,False,0.1,True,5,3.7933173179626474,46.15,26,12,14,
umeh_druma_high quality,umeh_druma_high quality - page 1,Ume_Petsuk,layout,0.8,2.0,5.0,False,0.25,True,5,3.893795728683472,46.15,26,12,14,
umeh_druma_high quality,umeh_druma_high quality - page 1,Ume_Petsuk,layout,0.8,2.0,5.0,False,0.5,True,5,3.7987060546875,46.15,26,12,14,
umeh_druma_high quality,umeh_druma_high quality - page 1,Ume_Petsuk,layout,0.8,2.0,5.0,False,0.9,True,5,3.802422285079956,46.15,26,12,14,
umeh_druma_high quality,umeh_druma_high quality - page 1,Ume_Petsuk,layout,0.8,2.5,2.5,True,0.1,True,4,3.9033048152923584,51.85,27,14,13,
umeh_druma_high quality,umeh_druma_high quality - page 1,Ume_Petsuk,layout,0.8,2.5,2.5,True,0.25,True,4,3.899983167648315,51.85,27,14,13,
umeh_druma_high quality,umeh_druma_high quality - page 1,Ume_Petsuk,layout,0.8,2.5,2.5,True,0.5,True,4,3.875392436981201,51.85,27,14,13,
umeh_druma_high quality,umeh_druma_high quality - page 1,Ume_Petsuk,layout,0.8,2.5,2.5,True,0.9,True,4,3.8525588512420654,51.85,27,14,13,
umeh_druma_high quality,umeh_druma_high quality - page 1,Ume_Petsuk,layout,0.8,2.5,2.5,False,0.1,True,5,4.07744836807251,47.83,23,11,12,
umeh_druma_high quality,umeh_druma_high quality - page 1,Ume_Petsuk,layout,0.8,2.5,2.5,False,0.25,True,5,4.068280458450317,47.83,23,11,12,
umeh_druma_high quality,umeh_druma_high quality - page 1,Ume_Petsuk,layout,0.8,2.5,2.5,False,0.5,True,5,4.069493532180786,47.83,23,11,12,
umeh_druma_high quality,umeh_druma_high quality - page 1,Ume_Petsuk,layout,0.8,2.5,2.5,False,0.9,True,5,4.3231120109558105,47.83,23,11,12,
umeh_druma_high quality,umeh_druma_high quality - page 1,Ume_Petsuk,layout,0.8,2.5,3.5,True,0.1,True,4,3.776843547821045,45.45,22,10,12,
umeh_druma_high quality,umeh_druma_high quality - page 1,Ume_Petsuk,layout,0.8,2.5,3.5,True,0.25,True,4,3.6745681762695312,45.45,22,10,12,
umeh_druma_high quality,umeh_druma_high quality - page 1,Ume_Petsuk,layout,0.8,2.5,3.5,True,0.5,True,4,3.686166048049927,45.45,22,10,12,
umeh_druma_high quality,umeh_druma_high quality - page 1,Ume_Petsuk,layout,0.8,2.5,3.5,True,0.9,True,4,3.689317226409912,45.45,22,10,12,
umeh_druma_high quality,umeh_druma_high quality - page 1,Ume_Petsuk,layout,0.8,2.5,3.5,False,0.1,True,5,3.8863446712493896,36.36,22,8,14,
umeh_druma_high quality,umeh_druma_high quality - page 1,Ume_Petsuk,layout,0.8,2.5,3.5,False,0.25,True,5,3.889067888259888,36.36,22,8,14,
umeh_druma_high quality,umeh_druma_high quality - page 1,Ume_Petsuk,layout,0.8,2.5,3.5,False,0.5,True,5,3.888929843902588,36.36,22,8,14,
umeh_druma_high quality,umeh_druma_high quality - page 1,Ume_Petsuk,layout,0.8,2.5,3.5,False,0.9,True,5,3.8844592571258554,36.36,22,8,14,
umeh_druma_high quality,umeh_druma_high quality - page 1,Ume_Petsuk,layout,0.8,2.5,4.0,True,0.1,True,4,3.7821357250213614,56.52,23,13,10,
umeh_druma_high quality,umeh_druma_high quality - page 1,Ume_Petsuk,layout,0.8,2.5,4.0,True,0.25,True,4,3.689596176147461,56.52,23,13,10,
umeh_druma_high quality,umeh_druma_high quality - page 1,Ume_Petsuk,layout,0.8,2.5,4.0,True,0.5,True,4,5.417763233184815,56.52,23,13,10,
umeh_druma_high quality,umeh_druma_high quality - page 1,Ume_Petsuk,layout,0.8,2.5,4.0,True,0.9,True,4,5.42517876625061,56.52,23,13,10,
umeh_druma_high quality,umeh_druma_high quality - page 1,Ume_Petsuk,layout,0.8,2.5,4.0,False,0.1,True,5,3.7065505981445312,47.83,23,11,12,
umeh_druma_high quality,umeh_druma_high quality - page 1,Ume_Petsuk,layout,0.8,2.5,4.0,False,0.25,True,5,3.710921049118042,47.83,23,11,12,
umeh_druma_high quality,umeh_druma_high quality - page 1,Ume_Petsuk,layout,0.8,2.5,4.0,False,0.5,True,5,3.743672370910645,47.83,23,11,12,
umeh_druma_high quality,umeh_druma_high quality - page 1,Ume_Petsuk,layout,0.8,2.5,4.0,False,0.9,True,5,3.852475881576538,47.83,23,11,12,
umeh_druma_high quality,umeh_druma_high quality - page 1,Ume_Petsuk,layout,0.8,2.5,5.0,True,0.1,True,4,3.747281551361084,52.17,23,12,11,
umeh_druma_high quality,umeh_druma_high quality - page 1,Ume_Petsuk,layout,0.8,2.5,5.0,True,0.25,True,4,3.74215316772461,52.17,23,12,11,
umeh_druma_high quality,umeh_druma_high quality - page 1,Ume_Petsuk,layout,0.8,2.5,5.0,True,0.5,True,4,3.742927312850952,52.17,23,12,11,
umeh_druma_high quality,umeh_druma_high quality - page 1,Ume_Petsuk,layout,0.8,2.5,5.0,True,0.9,True,4,3.774970531463623,52.17,23,12,11,
umeh_druma_high quality,umeh_druma_high quality - page 1,Ume_Petsuk,layout,0.8,2.5,5.0,False,0.1,True,5,3.8944923877716064,58.33,24,14,10,
umeh_druma_high quality,umeh_druma_high quality - page 1,Ume_Petsuk,layout,0.8,2.5,5.0,False,0.25,True,5,3.904033660888672,58.33,24,14,10,
umeh_druma_high quality,umeh_druma_high quality - page 1,Ume_Petsuk,layout,0.8,2.5,5.0,False,0.5,True,5,3.901821613311768,58.33,24,14,10,
umeh_druma_high quality,umeh_druma_high quality - page 1,Ume_Petsuk,layout,0.8,2.5,5.0,False,0.9,True,5,3.898332357406616,58.33,24,14,10,
umeh_druma_high quality,umeh_druma_high quality - page 1,Ume_Petsuk,layout,0.8,3.0,2.5,True,0.1,True,4,4.060057640075684,51.85,27,14,13,
umeh_druma_high quality,umeh_druma_high quality - page 1,Ume_Petsuk,layout,0.8,3.0,2.5,True,0.25,True,4,3.99786639213562,51.85,27,14,13,
umeh_druma_high quality,umeh_druma_high quality - page 1,Ume_Petsuk,layout,0.8,3.0,2.5,True,0.5,True,4,4.339828014373779,51.85,27,14,13,
umeh_druma_high quality,umeh_druma_high quality - page 1,Ume_Petsuk,layout,0.8,3.0,2.5,True,0.9,True,4,3.902611017227173,51.85,27,14,13,
umeh_druma_high quality,umeh_druma_high quality - page 1,Ume_Petsuk,layout,0.8,3.0,2.5,False,0.1,True,5,4.294366836547852,47.83,23,11,12,
umeh_druma_high quality,umeh_druma_high quality - page 1,Ume_Petsuk,layout,0.8,3.0,2.5,False,0.25,True,5,4.279869556427002,47.83,23,11,12,
umeh_druma_high quality,umeh_druma_high quality - page 1,Ume_Petsuk,layout,0.8,3.0,2.5,False,0.5,True,5,4.209159851074219,47.83,23,11,12,
umeh_druma_high quality,umeh_druma_high quality - page 1,Ume_Petsuk,layout,0.8,3.0,2.5,False,0.9,True,5,4.209149122238159,47.83,23,11,12,
umeh_druma_high quality,umeh_druma_high quality - page 1,Ume_Petsuk,layout,0.8,3.0,3.5,True,0.1,True,4,3.793894052505493,45.45,22,10,12,
umeh_druma_high quality,umeh_druma_high quality - page 1,Ume_Petsuk,layout,0.8,3.0,3.5,True,0.25,True,4,3.828003883361816,45.45,22,10,12,
umeh_druma_high quality,umeh_druma_high quality - page 1,Ume_Petsuk,layout,0.8,3.0,3.5,True,0.5,True,4,3.8261966705322266,45.45,22,10,12,
umeh_druma_high quality,umeh_druma_high quality - page 1,Ume_Petsuk,layout,0.8,3.0,3.5,True,0.9,True,4,3.7957100868225098,45.45,22,10,12,
umeh_druma_high quality,umeh_druma_high quality - page 1,Ume_Petsuk,layout,0.8,3.0,3.5,False,0.1,True,5,4.011908292770386,36.36,22,8,14,
umeh_druma_high quality,umeh_druma_high quality - page 1,Ume_Petsuk,layout,0.8,3.0,3.5,False,0.25,True,5,3.9875333309173584,36.36,22,8,14,
umeh_druma_high quality,umeh_druma_high quality - page 1,Ume_Petsuk,layout,0.8,3.0,3.5,False,0.5,True,5,4.005623817443848,36.36,22,8,14,
umeh_druma_high quality,umeh_druma_high quality - page 1,Ume_Petsuk,layout,0.8,3.0,3.5,False,0.9,True,5,4.000945806503296,36.36,22,8,14,
umeh_druma_high quality,umeh_druma_high quality - page 1,Ume_Petsuk,layout,0.8,3.0,4.0,True,0.1,True,4,3.809370994567871,56.52,23,13,10,
umeh_druma_high quality,umeh_druma_high quality - page 1,Ume_Petsuk,layout,0.8,3.0,4.0,True,0.25,True,4,5.325961112976074,56.52,23,13,10,
umeh_druma_high quality,umeh_druma_high quality - page 1,Ume_Petsuk,layout,0.8,3.0,4.0,True,0.5,True,4,3.686276435852051,56.52,23,13,10,
umeh_druma_high quality,umeh_druma_high quality - page 1,Ume_Petsuk,layout,0.8,3.0,4.0,True,0.9,True,4,3.699779510498047,56.52,23,13,10,
umeh_druma_high quality,umeh_druma_high quality - page 1,Ume_Petsuk,layout,0.8,3.0,4.0,False,0.1,True,5,5.656661748886108,47.83,23,11,12,
umeh_druma_high quality,umeh_druma_high quality - page 1,Ume_Petsuk,layout,0.8,3.0,4.0,False,0.25,True,5,3.830968141555786,47.83,23,11,12,
umeh_druma_high quality,umeh_druma_high quality - page 1,Ume_Petsuk,layout,0.8,3.0,4.0,False,0.5,True,5,3.8488032817840576,47.83,23,11,12,
umeh_druma_high quality,umeh_druma_high quality - page 1,Ume_Petsuk,layout,0.8,3.0,4.0,False,0.9,True,5,3.9704701900482178,47.83,23,11,12,
umeh_druma_high quality,umeh_druma_high quality - page 1,Ume_Petsuk,layout,0.8,3.0,5.0,True,0.1,True,4,3.967034101486206,52.17,23,12,11,
umeh_druma_high quality,umeh_druma_high quality - page 1,Ume_Petsuk,layout,0.8,3.0,5.0,True,0.25,True,4,3.855533599853516,52.17,23,12,11,
umeh_druma_high quality,umeh_druma_high quality - page 1,Ume_Petsuk,layout,0.8,3.0,5.0,True,0.5,True,4,3.861437320709229,52.17,23,12,11,
umeh_druma_high quality,umeh_druma_high quality - page 1,Ume_Petsuk,layout,0.8,3.0,5.0,True,0.9,True,4,3.892200469970703,52.17,23,12,11,
umeh_druma_high quality,umeh_druma_high quality - page 1,Ume_Petsuk,layout,0.8,3.0,5.0,False,0.1,True,5,4.01339316368103,58.33,24,14,10,
umeh_druma_high quality,umeh_druma_high quality - page 1,Ume_Petsuk,layout,0.8,3.0,5.0,False,0.25,True,5,4.017233610153198,58.33,24,14,10,
umeh_druma_high quality,umeh_druma_high quality - page 1,Ume_Petsuk,layout,0.8,3.0,5.0,False,0.5,True,5,4.005962610244751,58.33,24,14,10,
umeh_druma_high quality,umeh_druma_high quality - page 1,Ume_Petsuk,layout,0.8,3.0,5.0,False,0.9,True,5,4.043303728103638,58.33,24,14,10,
umeh_druma_high quality,umeh_druma_high quality - page 1,Ume_Petsuk,layout,0.9,2.0,2.5,True,0.1,True,4,3.791989803314209,51.85,27,14,13,
umeh_druma_high quality,umeh_druma_high quality - page 1,Ume_Petsuk,layout,0.9,2.0,2.5,True,0.25,True,4,3.782217025756836,51.85,27,14,13,
umeh_druma_high quality,umeh_druma_high quality - page 1,Ume_Petsuk,layout,0.9,2.0,2.5,True,0.5,True,4,3.776590347290039,51.85,27,14,13,
umeh_druma_high quality,umeh_druma_high quality - page 1,Ume_Petsuk,layout,0.9,2.0,2.5,True,0.9,True,4,4.129292964935303,51.85,27,14,13,
umeh_druma_high quality,umeh_druma_high quality - page 1,Ume_Petsuk,layout,0.9,2.0,2.5,False,0.1,True,5,3.924551248550415,47.83,23,11,12,
umeh_druma_high quality,umeh_druma_high quality - page 1,Ume_Petsuk,layout,0.9,2.0,2.5,False,0.25,True,5,3.989971160888672,47.83,23,11,12,
umeh_druma_high quality,umeh_druma_high quality - page 1,Ume_Petsuk,layout,0.9,2.0,2.5,False,0.5,True,5,4.012511253356934,47.83,23,11,12,
umeh_druma_high quality,umeh_druma_high quality - page 1,Ume_Petsuk,layout,0.9,2.0,2.5,False,0.9,True,5,4.023218154907227,47.83,23,11,12,
umeh_druma_high quality,umeh_druma_high quality - page 1,Ume_Petsuk,layout,0.9,2.0,3.5,True,0.1,True,4,3.568071126937866,45.45,22,10,12,
umeh_druma_high quality,umeh_druma_high quality - page 1,Ume_Petsuk,layout,0.9,2.0,3.5,True,0.25,True,4,3.591830253601074,45.45,22,10,12,
umeh_druma_high quality,umeh_druma_high quality - page 1,Ume_Petsuk,layout,0.9,2.0,3.5,True,0.5,True,4,3.593506336212158,45.45,22,10,12,
umeh_druma_high quality,umeh_druma_high quality - page 1,Ume_Petsuk,layout,0.9,2.0,3.5,True,0.9,True,4,3.6009812355041504,45.45,22,10,12,
umeh_druma_high quality,umeh_druma_high quality - page 1,Ume_Petsuk,layout,0.9,2.0,3.5,False,0.1,True,5,3.9862680435180655,36.36,22,8,14,
umeh_druma_high quality,umeh_druma_high quality - page 1,Ume_Petsuk,layout,0.9,2.0,3.5,False,0.25,True,5,3.741857528686523,36.36,22,8,14,
umeh_druma_high quality,umeh_druma_high quality - page 1,Ume_Petsuk,layout,0.9,2.0,3.5,False,0.5,True,5,3.7910349369049072,36.36,22,8,14,
umeh_druma_high quality,umeh_druma_high quality - page 1,Ume_Petsuk,layout,0.9,2.0,3.5,False,0.9,True,5,3.8042151927948,36.36,22,8,14,
umeh_druma_high quality,umeh_druma_high quality - page 1,Ume_Petsuk,layout,0.9,2.0,4.0,True,0.1,True,4,3.5785391330718994,56.52,23,13,10,
umeh_druma_high quality,umeh_druma_high quality - page 1,Ume_Petsuk,layout,0.9,2.0,4.0,True,0.25,True,4,3.586357593536377,56.52,23,13,10,
umeh_druma_high quality,umeh_druma_high quality - page 1,Ume_Petsuk,layout,0.9,2.0,4.0,True,0.5,True,4,3.580116510391236,56.52,23,13,10,
umeh_druma_high quality,umeh_druma_high quality - page 1,Ume_Petsuk,layout,0.9,2.0,4.0,True,0.9,True,4,3.656830072402954,56.52,23,13,10,
umeh_druma_high quality,umeh_druma_high quality - page 1,Ume_Petsuk,layout,0.9,2.0,4.0,False,0.1,True,5,3.832045793533325,47.83,23,11,12,
umeh_druma_high quality,umeh_druma_high quality - page 1,Ume_Petsuk,layout,0.9,2.0,4.0,False,0.25,True,5,3.743582248687744,47.83,23,11,12,
umeh_druma_high quality,umeh_druma_high quality - page 1,Ume_Petsuk,layout,0.9,2.0,4.0,False,0.5,True,5,3.73511815071106,47.83,23,11,12,
umeh_druma_high quality,umeh_druma_high quality - page 1,Ume_Petsuk,layout,0.9,2.0,4.0,False,0.9,True,5,3.776393413543701,47.83,23,11,12,
umeh_druma_high quality,umeh_druma_high quality - page 1,Ume_Petsuk,layout,0.9,2.0,5.0,True,0.1,True,4,3.664405822753906,42.31,26,11,15,
umeh_druma_high quality,umeh_druma_high quality - page 1,Ume_Petsuk,layout,0.9,2.0,5.0,True,0.25,True,4,3.6325628757476807,42.31,26,11,15,
umeh_druma_high quality,umeh_druma_high quality - page 1,Ume_Petsuk,layout,0.9,2.0,5.0,True,0.5,True,4,3.614828586578369,42.31,26,11,15,
umeh_druma_high quality,umeh_druma_high quality - page 1,Ume_Petsuk,layout,0.9,2.0,5.0,True,0.9,True,4,3.629326343536377,42.31,26,11,15,
umeh_druma_high quality,umeh_druma_high quality - page 1,Ume_Petsuk,layout,0.9,2.0,5.0,False,0.1,True,5,3.7718505859375,46.15,26,12,14,
umeh_druma_high quality,umeh_druma_high quality - page 1,Ume_Petsuk,layout,0.9,2.0,5.0,False,0.25,True,5,3.785086154937744,46.15,26,12,14,
umeh_druma_high quality,umeh_druma_high quality - page 1,Ume_Petsuk,layout,0.9,2.0,5.0,False,0.5,True,5,3.775467157363892,46.15,26,12,14,
umeh_druma_high quality,umeh_druma_high quality - page 1,Ume_Petsuk,layout,0.9,2.0,5.0,False,0.9,True,5,3.875845432281494,46.15,26,12,14,
umeh_druma_high quality,umeh_druma_high quality - page 1,Ume_Petsuk,layout,0.9,2.5,2.5,True,0.1,True,4,3.891276836395264,51.85,27,14,13,
umeh_druma_high quality,umeh_druma_high quality - page 1,Ume_Petsuk,layout,0.9,2.5,2.5,True,0.25,True,4,3.880232334136963,51.85,27,14,13,
umeh_druma_high quality,umeh_druma_high quality - page 1,Ume_Petsuk,layout,0.9,2.5,2.5,True,0.5,True,4,4.126702308654785,51.85,27,14,13,
umeh_druma_high quality,umeh_druma_high quality - page 1,Ume_Petsuk,layout,0.9,2.5,2.5,True,0.9,True,4,3.8777804374694815,51.85,27,14,13,
umeh_druma_high quality,umeh_druma_high quality - page 1,Ume_Petsuk,layout,0.9,2.5,2.5,False,0.1,True,5,4.080391883850098,47.83,23,11,12,
umeh_druma_high quality,umeh_druma_high quality - page 1,Ume_Petsuk,layout,0.9,2.5,2.5,False,0.25,True,5,4.074594020843506,47.83,23,11,12,
umeh_druma_high quality,umeh_druma_high quality - page 1,Ume_Petsuk,layout,0.9,2.5,2.5,False,0.5,True,5,4.088531732559204,47.83,23,11,12,
umeh_druma_high quality,umeh_druma_high quality - page 1,Ume_Petsuk,layout,0.9,2.5,2.5,False,0.9,True,5,4.091780185699463,47.83,23,11,12,
umeh_druma_high quality,umeh_druma_high quality - page 1,Ume_Petsuk,layout,0.9,2.5,3.5,True,0.1,True,4,3.673227071762085,45.45,22,10,12,
umeh_druma_high quality,umeh_druma_high quality - page 1,Ume_Petsuk,layout,0.9,2.5,3.5,True,0.25,True,4,3.687356472015381,45.45,22,10,12,
umeh_druma_high quality,umeh_druma_high quality - page 1,Ume_Petsuk,layout,0.9,2.5,3.5,True,0.5,True,4,3.678204536437988,45.45,22,10,12,
umeh_druma_high quality,umeh_druma_high quality - page 1,Ume_Petsuk,layout,0.9,2.5,3.5,True,0.9,True,4,3.7139716148376474,45.45,22,10,12,
umeh_druma_high quality,umeh_druma_high quality - page 1,Ume_Petsuk,layout,0.9,2.5,3.5,False,0.1,True,5,3.881217241287232,36.36,22,8,14,
umeh_druma_high quality,umeh_druma_high quality - page 1,Ume_Petsuk,layout,0.9,2.5,3.5,False,0.25,True,5,5.360307216644287,36.36,22,8,14,
umeh_druma_high quality,umeh_druma_high quality - page 1,Ume_Petsuk,layout,0.9,2.5,3.5,False,0.5,True,5,3.7464585304260254,36.36,22,8,14,
umeh_druma_high quality,umeh_druma_high quality - page 1,Ume_Petsuk,layout,0.9,2.5,3.5,False,0.9,True,5,3.84431266784668,36.36,22,8,14,
umeh_druma_high quality,umeh_druma_high quality - page 1,Ume_Petsuk,layout,0.9,2.5,4.0,True,0.1,True,4,3.716161966323853,56.52,23,13,10,
umeh_druma_high quality,umeh_druma_high quality - page 1,Ume_Petsuk,layout,0.9,2.5,4.0,True,0.25,True,4,3.683096885681152,56.52,23,13,10,
umeh_druma_high quality,umeh_druma_high quality - page 1,Ume_Petsuk,layout,0.9,2.5,4.0,True,0.5,True,4,3.737340211868286,56.52,23,13,10,
umeh_druma_high quality,umeh_druma_high quality - page 1,Ume_Petsuk,layout,0.9,2.5,4.0,True,0.9,True,4,3.7776248455047607,56.52,23,13,10,
umeh_druma_high quality,umeh_druma_high quality - page 1,Ume_Petsuk,layout,0.9,2.5,4.0,False,0.1,True,5,3.837521314620972,47.83,23,11,12,
umeh_druma_high quality,umeh_druma_high quality - page 1,Ume_Petsuk,layout,0.9,2.5,4.0,False,0.25,True,5,3.848966598510742,47.83,23,11,12,
umeh_druma_high quality,umeh_druma_high quality - page 1,Ume_Petsuk,layout,0.9,2.5,4.0,False,0.5,True,5,3.842611789703369,47.83,23,11,12,
umeh_druma_high quality,umeh_druma_high quality - page 1,Ume_Petsuk,layout,0.9,2.5,4.0,False,0.9,True,5,3.87322211265564,47.83,23,11,12,
umeh_druma_high quality,umeh_druma_high quality - page 1,Ume_Petsuk,layout,0.9,2.5,5.0,True,0.1,True,4,3.741633176803589,52.17,23,12,11,
umeh_druma_high quality,umeh_druma_high quality - page 1,Ume_Petsuk,layout,0.9,2.5,5.0,True,0.25,True,4,3.749536037445069,52.17,23,12,11,
umeh_druma_high quality,umeh_druma_high quality - page 1,Ume_Petsuk,layout,0.9,2.5,5.0,True,0.5,True,4,3.7387640476226807,52.17,23,12,11,
umeh_druma_high quality,umeh_druma_high quality - page 1,Ume_Petsuk,layout,0.9,2.5,5.0,True,0.9,True,4,3.780522346496582,52.17,23,12,11,
umeh_druma_high quality,umeh_druma_high quality - page 1,Ume_Petsuk,layout,0.9,2.5,5.0,False,0.1,True,5,3.911910772323608,58.33,24,14,10,
umeh_druma_high quality,umeh_druma_high quality - page 1,Ume_Petsuk,layout,0.9,2.5,5.0,False,0.25,True,5,3.922556161880493,58.33,24,14,10,
umeh_druma_high quality,umeh_druma_high quality - page 1,Ume_Petsuk,layout,0.9,2.5,5.0,False,0.5,True,5,3.9390852451324463,58.33,24,14,10,
umeh_druma_high quality,umeh_druma_high quality - page 1,Ume_Petsuk,layout,0.9,2.5,5.0,False,0.9,True,5,3.911008834838867,58.33,24,14,10,
umeh_druma_high quality,umeh_druma_high quality - page 1,Ume_Petsuk,layout,0.9,3.0,2.5,True,0.1,True,4,4.016126155853272,51.85,27,14,13,
umeh_druma_high quality,umeh_druma_high quality - page 1,Ume_Petsuk,layout,0.9,3.0,2.5,True,0.25,True,4,4.320639133453369,51.85,27,14,13,
umeh_druma_high quality,umeh_druma_high quality - page 1,Ume_Petsuk,layout,0.9,3.0,2.5,True,0.5,True,4,4.034255743026733,51.85,27,14,13,
umeh_druma_high quality,umeh_druma_high quality - page 1,Ume_Petsuk,layout,0.9,3.0,2.5,True,0.9,True,4,5.767221927642822,51.85,27,14,13,
umeh_druma_high quality,umeh_druma_high quality - page 1,Ume_Petsuk,layout,0.9,3.0,2.5,False,0.1,True,5,5.970858573913574,47.83,23,11,12,
umeh_druma_high quality,umeh_druma_high quality - page 1,Ume_Petsuk,layout,0.9,3.0,2.5,False,0.25,True,5,4.145776033401489,47.83,23,11,12,
umeh_druma_high quality,umeh_druma_high quality - page 1,Ume_Petsuk,layout,0.9,3.0,2.5,False,0.5,True,5,4.161410570144653,47.83,23,11,12,
umeh_druma_high quality,umeh_druma_high quality - page 1,Ume_Petsuk,layout,0.9,3.0,2.5,False,0.9,True,5,4.1980061531066895,47.83,23,11,12,
umeh_druma_high quality,umeh_druma_high quality - page 1,Ume_Petsuk,layout,0.9,3.0,3.5,True,0.1,True,4,3.690786361694336,45.45,22,10,12,
umeh_druma_high quality,umeh_druma_high quality - page 1,Ume_Petsuk,layout,0.9,3.0,3.5,True,0.25,True,4,3.798140287399292,45.45,22,10,12,
umeh_druma_high quality,umeh_druma_high quality - page 1,Ume_Petsuk,layout,0.9,3.0,3.5,True,0.5,True,4,3.812082290649414,45.45,22,10,12,
umeh_druma_high quality,umeh_druma_high quality - page 1,Ume_Petsuk,layout,0.9,3.0,3.5,True,0.9,True,4,3.835366725921631,45.45,22,10,12,
umeh_druma_high quality,umeh_druma_high quality - page 1,Ume_Petsuk,layout,0.9,3.0,3.5,False,0.1,True,5,4.029883623123169,36.36,22,8,14,
umeh_druma_high quality,umeh_druma_high quality - page 1,Ume_Petsuk,layout,0.9,3.0,3.5,False,0.25,True,5,4.011059284210205,36.36,22,8,14,
umeh_druma_high quality,umeh_druma_high quality - page 1,Ume_Petsuk,layout,0.9,3.0,3.5,False,0.5,True,5,4.0223493576049805,36.36,22,8,14,
umeh_druma_high quality,umeh_druma_high quality - page 1,Ume_Petsuk,layout,0.9,3.0,3.5,False,0.9,True,5,4.019382953643799,36.36,22,8,14,
umeh_druma_high quality,umeh_druma_high quality - page 1,Ume_Petsuk,layout,0.9,3.0,4.0,True,0.1,True,4,3.90588903427124,56.52,23,13,10,
umeh_druma_high quality,umeh_druma_high quality - page 1,Ume_Petsuk,layout,0.9,3.0,4.0,True,0.25,True,4,3.7921879291534415,56.52,23,13,10,
umeh_druma_high quality,umeh_druma_high quality - page 1,Ume_Petsuk,layout,0.9,3.0,4.0,True,0.5,True,4,3.8032984733581534,56.52,23,13,10,
umeh_druma_high quality,umeh_druma_high quality - page 1,Ume_Petsuk,layout,0.9,3.0,4.0,True,0.9,True,4,4.090711116790772,56.52,23,13,10,
umeh_druma_high quality,umeh_druma_high quality - page 1,Ume_Petsuk,layout,0.9,3.0,4.0,False,0.1,True,5,5.772939682006836,47.83,23,11,12,
umeh_druma_high quality,umeh_druma_high quality - page 1,Ume_Petsuk,layout,0.9,3.0,4.0,False,0.25,True,5,5.778440713882446,47.83,23,11,12,
umeh_druma_high quality,umeh_druma_high quality - page 1,Ume_Petsuk,layout,0.9,3.0,4.0,False,0.5,True,5,5.769585847854614,47.83,23,11,12,
umeh_druma_high quality,umeh_druma_high quality - page 1,Ume_Petsuk,layout,0.9,3.0,4.0,False,0.9,True,5,5.775387287139893,47.83,23,11,12,
umeh_druma_high quality,umeh_druma_high quality - page 1,Ume_Petsuk,layout,0.9,3.0,5.0,True,0.1,True,4,5.607633352279663,52.17,23,12,11,
umeh_druma_high quality,umeh_druma_high quality - page 1,Ume_Petsuk,layout,0.9,3.0,5.0,True,0.25,True,4,5.604010820388794,52.17,23,12,11,
umeh_druma_high quality,umeh_druma_high quality - page 1,Ume_Petsuk,layout,0.9,3.0,5.0,True,0.5,True,4,4.311369180679321,52.17,23,12,11,
umeh_druma_high quality,umeh_druma_high quality - page 1,Ume_Petsuk,layout,0.9,3.0,5.0,True,0.9,True,4,3.742830753326416,52.17,23,12,11,
umeh_druma_high quality,umeh_druma_high quality - page 1,Ume_Petsuk,layout,0.9,3.0,5.0,False,0.1,True,5,3.990930795669556,58.33,24,14,10,
umeh_druma_high quality,umeh_druma_high quality - page 1,Ume_Petsuk,layout,0.9,3.0,5.0,False,0.25,True,5,4.072198867797852,58.33,24,14,10,
umeh_druma_high quality,umeh_druma_high quality - page 1,Ume_Petsuk,layout,0.9,3.0,5.0,False,0.5,True,5,5.851159334182739,58.33,24,14,10,
umeh_druma_high quality,umeh_druma_high quality - page 1,Ume_Petsuk,layout,0.9,3.0,5.0,False,0.9,True,5,4.017296314239502,58.33,24,14,10,
umeh_druma_high quality,umeh_druma_high quality - page 1,Modern,line,0.7,2.0,2.5,True,0.1,False,0,4.253412961959839,0.0,0,0,0,Line processing failed: 'list' object cannot be interpreted as an integer
umeh_druma_high quality,umeh_druma_high quality - page 1,Modern,line,0.7,2.0,2.5,True,0.25,True,3,5.31056809425354,69.23,13,9,4,
umeh_druma_high quality,umeh_druma_high quality - page 1,Modern,line,0.7,2.0,2.5,True,0.5,True,3,3.376990556716919,69.23,13,9,4,
umeh_druma_high quality,umeh_druma_high quality - page 1,Modern,line,0.7,2.0,2.5,True,0.9,True,3,3.374962568283081,69.23,13,9,4,
umeh_druma_high quality,umeh_druma_high quality - page 1,Modern,line,0.7,2.0,2.5,False,0.1,False,0,2.287311792373657,0.0,0,0,0,Line processing failed: 'list' object cannot be interpreted as an integer
umeh_druma_high quality,umeh_druma_high quality - page 1,Modern,line,0.7,2.0,2.5,False,0.25,True,4,5.317490339279175,57.14,7,4,3,
umeh_druma_high quality,umeh_druma_high quality - page 1,Modern,line,0.7,2.0,2.5,False,0.5,True,4,3.5216732025146484,57.14,7,4,3,
umeh_druma_high quality,umeh_druma_high quality - page 1,Modern,line,0.7,2.0,2.5,False,0.9,True,4,3.5629236698150635,57.14,7,4,3,
umeh_druma_high quality,umeh_druma_high quality - page 1,Modern,line,0.7,2.0,3.5,True,0.1,False,0,2.345017671585083,0.0,0,0,0,Line processing failed: 'list' object cannot be interpreted as an integer
umeh_druma_high quality,umeh_druma_high quality - page 1,Modern,line,0.7,2.0,3.5,True,0.25,True,3,3.511749267578125,71.43,14,10,4,
umeh_druma_high quality,umeh_druma_high quality - page 1,Modern,line,0.7,2.0,3.5,True,0.5,True,3,3.465317726135254,71.43,14,10,4,
umeh_druma_high quality,umeh_druma_high quality - page 1,Modern,line,0.7,2.0,3.5,True,0.9,True,3,3.467252254486084,71.43,14,10,4,
umeh_druma_high quality,umeh_druma_high quality - page 1,Modern,line,0.7,2.0,3.5,False,0.1,False,0,2.5261270999908447,0.0,0,0,0,Line processing failed: 'list' object cannot be interpreted as an integer
umeh_druma_high quality,umeh_druma_high quality - page 1,Modern,line,0.7,2.0,3.5,False,0.25,True,4,3.5853166580200195,70.0,10,7,3,
umeh_druma_high quality,umeh_druma_high quality - page 1,Modern,line,0.7,2.0,3.5,False,0.5,True,4,3.652456283569336,70.0,10,7,3,
umeh_druma_high quality,umeh_druma_high quality - page 1,Modern,line,0.7,2.0,3.5,False,0.9,True,4,3.554319381713867,70.0,10,7,3,
umeh_druma_high quality,umeh_druma_high quality - page 1,Modern,line,0.7,2.0,4.0,True,0.1,False,0,2.4630963802337646,0.0,0,0,0,Line processing failed: 'list' object cannot be interpreted as an integer
umeh_druma_high quality,umeh_druma_high quality - page 1,Modern,line,0.7,2.0,4.0,True,0.25,True,3,3.5176076889038086,54.55,11,6,5,
umeh_druma_high quality,umeh_druma_high quality - page 1,Modern,line,0.7,2.0,4.0,True,0.5,True,3,3.4501748085021973,54.55,11,6,5,
umeh_druma_high quality,umeh_druma_high quality - page 1,Modern,line,0.7,2.0,4.0,True,0.9,True,3,3.470579147338867,54.55,11,6,5,
umeh_druma_high quality,umeh_druma_high quality - page 1,Modern,line,0.7,2.0,4.0,False,0.1,False,0,2.439566135406494,0.0,0,0,0,Line processing failed: 'list' object cannot be interpreted as an integer
umeh_druma_high quality,umeh_druma_high quality - page 1,Modern,line,0.7,2.0,4.0,False,0.25,True,4,3.5486867427825928,50.0,10,5,5,
umeh_druma_high quality,umeh_druma_high quality - page 1,Modern,line,0.7,2.0,4.0,False,0.5,True,4,3.51450777053833,50.0,10,5,5,
umeh_druma_high quality,umeh_druma_high quality - page 1,Modern,line,0.7,2.0,4.0,False,0.9,True,4,3.5233073234558105,50.0,10,5,5,
umeh_druma_high quality,umeh_druma_high quality - page 1,Modern,line,0.7,2.0,5.0,True,0.1,False,0,2.457218885421753,0.0,0,0,0,Line processing failed: 'list' object cannot be interpreted as an integer
umeh_druma_high quality,umeh_druma_high quality - page 1,Modern,line,0.7,2.0,5.0,True,0.25,True,3,3.3599767684936523,60.0,10,6,4,
umeh_druma_high quality,umeh_druma_high quality - page 1,Modern,line,0.7,2.0,5.0,True,0.5,True,3,3.338062047958374,60.0,10,6,4,
umeh_druma_high quality,umeh_druma_high quality - page 1,Modern,line,0.7,2.0,5.0,True,0.9,True,3,3.640103816986084,60.0,10,6,4,
umeh_druma_high quality,umeh_druma_high quality - page 1,Modern,line,0.7,2.0,5.0,False,0.1,False,0,2.349250555038452,0.0,0,0,0,Line processing failed: 'list' object cannot be interpreted as an integer
umeh_druma_high quality,umeh_druma_high quality - page 1,Modern,line,0.7,2.0,5.0,False,0.25,True,4,3.5702037811279297,50.0,6,3,3,
umeh_druma_high quality,umeh_druma_high quality - page 1,Modern,line,0.7,2.0,5.0,False,0.5,True,4,3.592893600463867,50.0,6,3,3,
umeh_druma_high quality,umeh_druma_high quality - page 1,Modern,line,0.7,2.0,5.0,False,0.9,True,4,3.485379934310913,50.0,6,3,3,
umeh_druma_high quality,umeh_druma_high quality - page 1,Modern,line,0.7,2.5,2.5,True,0.1,False,0,2.5316174030303955,0.0,0,0,0,Line processing failed: 'list' object cannot be interpreted as an integer
umeh_druma_high quality,umeh_druma_high quality - page 1,Modern,line,0.7,2.5,2.5,True,0.25,True,3,3.781393051147461,75.0,12,9,3,
umeh_druma_high quality,umeh_druma_high quality - page 1,Modern,line,0.7,2.5,2.5,True,0.5,True,3,3.633191347122192,75.0,12,9,3,
umeh_druma_high quality,umeh_druma_high quality - page 1,Modern,line,0.7,2.5,2.5,True,0.9,True,3,3.6159722805023193,75.0,12,9,3,
umeh_druma_high quality,umeh_druma_high quality - page 1,Modern,line,0.7,2.5,2.5,False,0.1,False,0,2.4219772815704346,0.0,0,0,0,Line processing failed: 'list' object cannot be interpreted as an integer
umeh_druma_high quality,umeh_druma_high quality - page 1,Modern,line,0.7,2.5,2.5,False,0.25,True,4,3.831503391265869,63.64,11,7,4,
umeh_druma_high quality,umeh_druma_high quality - page 1,Modern,line,0.7,2.5,2.5,False,0.5,True,4,5.461414098739624,63.64,11,7,4,
umeh_druma_high quality,umeh_druma_high quality - page 1,Modern,line,0.7,2.5,2.5,False,0.9,True,4,3.812380790710449,63.64,11,7,4,
umeh_druma_high quality,umeh_druma_high quality - page 1,Modern,line,0.7,2.5,3.5,True,0.1,False,0,3.8962185382843018,0.0,0,0,0,Line processing failed: 'list' object cannot be interpreted as an integer
umeh_druma_high quality,umeh_druma_high quality - page 1,Modern,line,0.7,2.5,3.5,True,0.25,True,3,5.251963376998901,71.43,14,10,4,
umeh_druma_high quality,umeh_druma_high quality - page 1,Modern,line,0.7,2.5,3.5,True,0.5,True,3,5.246518135070801,71.43,14,10,4,
umeh_druma_high quality,umeh_druma_high quality - page 1,Modern,line,0.7,2.5,3.5,True,0.9,True,3,3.4465620517730717,71.43,14,10,4,
umeh_druma_high quality,umeh_druma_high quality - page 1,Modern,line,0.7,2.5,3.5,False,0.1,False,0,2.29226016998291,0.0,0,0,0,Line processing failed: 'list' object cannot be interpreted as an integer
umeh_druma_high quality,umeh_druma_high quality - page 1,Modern,line,0.7,2.5,3.5,False,0.25,True,4,3.5399320125579834,70.0,10,7,3,
umeh_druma_high quality,umeh_druma_high quality - page 1,Modern,line,0.7,2.5,3.5,False,0.5,True,4,3.558384656906128,70.0,10,7,3,
umeh_druma_high quality,umeh_druma_high quality - page 1,Modern,line,0.7,2.5,3.5,False,0.9,True,4,3.651151418685913,70.0,10,7,3,
umeh_druma_high quality,umeh_druma_high quality - page 1,Modern,line,0.7,2.5,4.0,True,0.1,False,0,2.449835062026977,0.0,0,0,0,Line processing failed: 'list' object cannot be interpreted as an integer
umeh_druma_high quality,umeh_druma_high quality - page 1,Modern,line,0.7,2.5,4.0,True,0.25,True,3,3.646038293838501,54.55,11,6,5,
umeh_druma_high quality,umeh_druma_high quality - page 1,Modern,line,0.7,2.5,4.0,True,0.5,True,3,3.582568645477295,54.55,11,6,5,
umeh_druma_high quality,umeh_druma_high quality - page 1,Modern,line,0.7,2.5,4.0,True,0.9,True,3,3.590396881103516,54.55,11,6,5,
umeh_druma_high quality,umeh_druma_high quality - page 1,Modern,line,0.7,2.5,4.0,False,0.1,False,0,2.4247140884399414,0.0,0,0,0,Line processing failed: 'list' object cannot be interpreted as an integer
umeh_druma_high quality,umeh_druma_high quality - page 1,Modern,line,0.7,2.5,4.0,False,0.25,True,4,3.6471874713897705,50.0,10,5,5,
umeh_druma_high quality,umeh_druma_high quality - page 1,Modern,line,0.7,2.5,4.0,False,0.5,True,4,3.728870391845703,50.0,10,5,5,
umeh_druma_high quality,umeh_druma_high quality - page 1,Modern,line,0.7,2.5,4.0,False,0.9,True,4,3.626275062561035,50.0,10,5,5,
umeh_druma_high quality,umeh_druma_high quality - page 1,Modern,line,0.7,2.5,5.0,True,0.1,False,0,2.5804553031921387,0.0,0,0,0,Line processing failed: 'list' object cannot be interpreted as an integer
umeh_druma_high quality,umeh_druma_high quality - page 1,Modern,line,0.7,2.5,5.0,True,0.25,True,3,4.207677841186523,28.57,7,2,5,
umeh_druma_high quality,umeh_druma_high quality - page 1,Modern,line,0.7,2.5,5.0,True,0.5,True,3,3.347571849822998,28.57,7,2,5,
umeh_druma_high quality,umeh_druma_high quality - page 1,Modern,line,0.7,2.5,5.0,True,0.9,True,3,3.4824533462524414,28.57,7,2,5,
umeh_druma_high quality,umeh_druma_high quality - page 1,Modern,line,0.7,2.5,5.0,False,0.1,False,0,2.455120086669922,0.0,0,0,0,Line processing failed: 'list' object cannot be interpreted as an integer
umeh_druma_high quality,umeh_druma_high quality - page 1,Modern,line,0.7,2.5,5.0,False,0.25,True,4,3.612863540649414,42.86,7,3,4,
umeh_druma_high quality,umeh_druma_high quality - page 1,Modern,line,0.7,2.5,5.0,False,0.5,True,4,3.5756173133850098,42.86,7,3,4,
umeh_druma_high quality,umeh_druma_high quality - page 1,Modern,line,0.7,2.5,5.0,False,0.9,True,4,3.5855112075805664,42.86,7,3,4,
umeh_druma_high quality,umeh_druma_high quality - page 1,Modern,line,0.7,3.0,2.5,True,0.1,False,0,2.443805932998657,0.0,0,0,0,Line processing failed: 'list' object cannot be interpreted as an integer
umeh_druma_high quality,umeh_druma_high quality - page 1,Modern,line,0.7,3.0,2.5,True,0.25,True,3,5.344854831695557,20.0,5,1,4,
umeh_druma_high quality,umeh_druma_high quality - page 1,Modern,line,0.7,3.0,2.5,True,0.5,True,3,3.685120105743408,20.0,5,1,4,
umeh_druma_high quality,umeh_druma_high quality - page 1,Modern,line,0.7,3.0,2.5,True,0.9,True,3,4.053478479385376,20.0,5,1,4,
umeh_druma_high quality,umeh_druma_high quality - page 1,Modern,line,0.7,3.0,2.5,False,0.1,False,0,2.348358154296875,0.0,0,0,0,Line processing failed: 'list' object cannot be interpreted as an integer
umeh_druma_high quality,umeh_druma_high quality - page 1,Modern,line,0.7,3.0,2.5,False,0.25,True,4,4.002377271652222,44.44,9,4,5,
umeh_druma_high quality,umeh_druma_high quality - page 1,Modern,line,0.7,3.0,2.5,False,0.5,True,4,3.881426095962525,44.44,9,4,5,
umeh_druma_high quality,umeh_druma_high quality - page 1,Modern,line,0.7,3.0,2.5,False,0.9,True,4,3.883013010025024,44.44,9,4,5,
umeh_druma_high quality,umeh_druma_high quality - page 1,Modern,line,0.7,3.0,3.5,True,0.1,False,0,2.510307788848877,0.0,0,0,0,Line processing failed: 'list' object cannot be interpreted as an integer
umeh_druma_high quality,umeh_druma_high quality - page 1,Modern,line,0.7,3.0,3.5,True,0.25,True,3,3.805442571640015,37.5,8,3,5,
umeh_druma_high quality,umeh_druma_high quality - page 1,Modern,line,0.7,3.0,3.5,True,0.5,True,3,3.736228227615357,37.5,8,3,5,
umeh_druma_high quality,umeh_druma_high quality - page 1,Modern,line,0.7,3.0,3.5,True,0.9,True,3,3.7312474250793457,37.5,8,3,5,
umeh_druma_high quality,umeh_druma_high quality - page 1,Modern,line,0.7,3.0,3.5,False,0.1,False,0,2.4124960899353027,0.0,0,0,0,Line processing failed: 'list' object cannot be interpreted as an integer
umeh_druma_high quality,umeh_druma_high quality - page 1,Modern,line,0.7,3.0,3.5,False,0.25,True,4,3.8916845321655273,50.0,8,4,4,
umeh_druma_high quality,umeh_druma_high quality - page 1,Modern,line,0.7,3.0,3.5,False,0.5,True,4,3.808084487915039,50.0,8,4,4,
umeh_druma_high quality,umeh_druma_high quality - page 1,Modern,line,0.7,3.0,3.5,False,0.9,True,4,3.7999460697174072,50.0,8,4,4,
umeh_druma_high quality,umeh_druma_high quality - page 1,Modern,line,0.7,3.0,4.0,True,0.1,False,0,2.432643413543701,0.0,0,0,0,Line processing failed: 'list' object cannot be interpreted as an integer
umeh_druma_high quality,umeh_druma_high quality - page 1,Modern,line,0.7,3.0,4.0,True,0.25,True,3,3.961027622222901,37.5,8,3,5,
umeh_druma_high quality,umeh_druma_high quality - page 1,Modern,line,0.7,3.0,4.0,True,0.5,True,3,3.676614761352539,37.5,8,3,5,
umeh_druma_high quality,umeh_druma_high quality - page 1,Modern,line,0.7,3.0,4.0,True,0.9,True,3,3.702965497970581,37.5,8,3,5,
umeh_druma_high quality,umeh_druma_high quality - page 1,Modern,line,0.7,3.0,4.0,False,0.1,False,0,2.405803680419922,0.0,0,0,0,Line processing failed: 'list' object cannot be interpreted as an integer
umeh_druma_high quality,umeh_druma_high quality - page 1,Modern,line,0.7,3.0,4.0,False,0.25,True,4,3.8621184825897217,55.56,9,5,4,
umeh_druma_high quality,umeh_druma_high quality - page 1,Modern,line,0.7,3.0,4.0,False,0.5,True,4,3.766915082931519,55.56,9,5,4,
umeh_druma_high quality,umeh_druma_high quality - page 1,Modern,line,0.7,3.0,4.0,False,0.9,True,4,3.7700352668762207,55.56,9,5,4,
umeh_druma_high quality,umeh_druma_high quality - page 1,Modern,line,0.7,3.0,5.0,True,0.1,False,0,2.4136033058166504,0.0,0,0,0,Line processing failed: 'list' object cannot be interpreted as an integer
umeh_druma_high quality,umeh_druma_high quality - page 1,Modern,line,0.7,3.0,5.0,True,0.25,True,3,3.677067518234253,28.57,7,2,5,
umeh_druma_high quality,umeh_druma_high quality - page 1,Modern,line,0.7,3.0,5.0,True,0.5,True,3,3.600793838500977,28.57,7,2,5,
umeh_druma_high quality,umeh_druma_high quality - page 1,Modern,line,0.7,3.0,5.0,True,0.9,True,3,3.608797550201416,28.57,7,2,5,
umeh_druma_high quality,umeh_druma_high quality - page 1,Modern,line,0.7,3.0,5.0,False,0.1,False,0,2.5099661350250244,0.0,0,0,0,Line processing failed: 'list' object cannot be interpreted as an integer
umeh_druma_high quality,umeh_druma_high quality - page 1,Modern,line,0.7,3.0,5.0,False,0.25,True,4,5.445471048355103,42.86,7,3,4,
umeh_druma_high quality,umeh_druma_high quality - page 1,Modern,line,0.7,3.0,5.0,False,0.5,True,4,4.66973614692688,42.86,7,3,4,
umeh_druma_high quality,umeh_druma_high quality - page 1,Modern,line,0.7,3.0,5.0,False,0.9,True,4,3.548598051071167,42.86,7,3,4,
umeh_druma_high quality,umeh_druma_high quality - page 1,Modern,line,0.8,2.0,2.5,True,0.1,False,0,2.292086362838745,0.0,0,0,0,Line processing failed: 'list' object cannot be interpreted as an integer
umeh_druma_high quality,umeh_druma_high quality - page 1,Modern,line,0.8,2.0,2.5,True,0.25,True,3,3.58980655670166,69.23,13,9,4,
umeh_druma_high quality,umeh_druma_high quality - page 1,Modern,line,0.8,2.0,2.5,True,0.5,True,3,3.5668046474456787,69.23,13,9,4,
umeh_druma_high quality,umeh_druma_high quality - page 1,Modern,line,0.8,2.0,2.5,True,0.9,True,3,3.526519298553467,69.23,13,9,4,
umeh_druma_high quality,umeh_druma_high quality - page 1,Modern,line,0.8,2.0,2.5,False,0.1,False,0,3.8996777534484863,0.0,0,0,0,Line processing failed: 'list' object cannot be interpreted as an integer
umeh_druma_high quality,umeh_druma_high quality - page 1,Modern,line,0.8,2.0,2.5,False,0.25,True,4,5.2016565799713135,57.14,7,4,3,
umeh_druma_high quality,umeh_druma_high quality - page 1,Modern,line,0.8,2.0,2.5,False,0.5,True,4,4.484521865844727,57.14,7,4,3,
umeh_druma_high quality,umeh_druma_high quality - page 1,Modern,line,0.8,2.0,2.5,False,0.9,True,4,3.543330192565918,57.14,7,4,3,
umeh_druma_high quality,umeh_druma_high quality - page 1,Modern,line,0.8,2.0,3.5,True,0.1,False,0,2.2876760959625244,0.0,0,0,0,Line processing failed: 'list' object cannot be interpreted as an integer
umeh_druma_high quality,umeh_druma_high quality - page 1,Modern,line,0.8,2.0,3.5,True,0.25,True,3,3.440131187438965,71.43,14,10,4,
umeh_druma_high quality,umeh_druma_high quality - page 1,Modern,line,0.8,2.0,3.5,True,0.5,True,3,3.467032194137573,71.43,14,10,4,
umeh_druma_high quality,umeh_druma_high quality - page 1,Modern,line,0.8,2.0,3.5,True,0.9,True,3,3.5966079235076904,71.43,14,10,4,
umeh_druma_high quality,umeh_druma_high quality - page 1,Modern,line,0.8,2.0,3.5,False,0.1,False,0,2.4329872131347656,0.0,0,0,0,Line processing failed: 'list' object cannot be interpreted as an integer
umeh_druma_high quality,umeh_druma_high quality - page 1,Modern,line,0.8,2.0,3.5,False,0.25,True,4,3.610351800918579,70.0,10,7,3,
umeh_druma_high quality,umeh_druma_high quality - page 1,Modern,line,0.8,2.0,3.5,False,0.5,True,4,3.526150703430176,70.0,10,7,3,
umeh_druma_high quality,umeh_druma_high quality - page 1,Modern,line,0.8,2.0,3.5,False,0.9,True,4,4.718785524368286,70.0,10,7,3,
umeh_druma_high quality,umeh_druma_high quality - page 1,Modern,line,0.8,2.0,4.0,True,0.1,False,0,2.321685791015625,0.0,0,0,0,Line processing failed: 'list' object cannot be interpreted as an integer
umeh_druma_high quality,umeh_druma_high quality - page 1,Modern,line,0.8,2.0,4.0,True,0.25,True,3,3.858921051025391,54.55,11,6,5,
umeh_druma_high quality,umeh_druma_high quality - page 1,Modern,line,0.8,2.0,4.0,True,0.5,True,3,3.3679866790771484,54.55,11,6,5,
umeh_druma_high quality,umeh_druma_high quality - page 1,Modern,line,0.8,2.0,4.0,True,0.9,True,3,3.5471177101135254,54.55,11,6,5,
umeh_druma_high quality,umeh_druma_high quality - page 1,Modern,line,0.8,2.0,4.0,False,0.1,False,0,2.438899040222168,0.0,0,0,0,Line processing failed: 'list' object cannot be interpreted as an integer
umeh_druma_high quality,umeh_druma_high quality - page 1,Modern,line,0.8,2.0,4.0,False,0.25,True,4,3.549098014831543,50.0,10,5,5,
umeh_druma_high quality,umeh_druma_high quality - page 1,Modern,line,0.8,2.0,4.0,False,0.5,True,4,3.5347187519073486,50.0,10,5,5,
umeh_druma_high quality,umeh_druma_high quality - page 1,Modern,line,0.8,2.0,4.0,False,0.9,True,4,3.525192975997925,50.0,10,5,5,
umeh_druma_high quality,umeh_druma_high quality - page 1,Modern,line,0.8,2.0,5.0,True,0.1,False,0,2.463576316833496,0.0,0,0,0,Line processing failed: 'list' object cannot be interpreted as an integer
umeh_druma_high quality,umeh_druma_high quality - page 1,Modern,line,0.8,2.0,5.0,True,0.25,True,3,3.377962350845337,60.0,10,6,4,
umeh_druma_high quality,umeh_druma_high quality - page 1,Modern,line,0.8,2.0,5.0,True,0.5,True,3,3.3132481575012207,60.0,10,6,4,
umeh_druma_high quality,umeh_druma_high quality - page 1,Modern,line,0.8,2.0,5.0,True,0.9,True,3,3.302600383758545,60.0,10,6,4,
umeh_druma_high quality,umeh_druma_high quality - page 1,Modern,line,0.8,2.0,5.0,False,0.1,False,0,2.458200693130493,0.0,0,0,0,Line processing failed: 'list' object cannot be interpreted as an integer
umeh_druma_high quality,umeh_druma_high quality - page 1,Modern,line,0.8,2.0,5.0,False,0.25,True,4,3.532554864883423,50.0,6,3,3,
umeh_druma_high quality,umeh_druma_high quality - page 1,Modern,line,0.8,2.0,5.0,False,0.5,True,4,4.919683456420898,50.0,6,3,3,
umeh_druma_high quality,umeh_druma_high quality - page 1,Modern,line,0.8,2.0,5.0,False,0.9,True,4,3.327338933944702,50.0,6,3,3,
umeh_druma_high quality,umeh_druma_high quality - page 1,Modern,line,0.8,2.5,2.5,True,0.1,False,0,2.4323606491088867,0.0,0,0,0,Line processing failed: 'list' object cannot be interpreted as an integer
umeh_druma_high quality,umeh_druma_high quality - page 1,Modern,line,0.8,2.5,2.5,True,0.25,True,3,3.7225401401519775,75.0,12,9,3,
umeh_druma_high quality,umeh_druma_high quality - page 1,Modern,line,0.8,2.5,2.5,True,0.5,True,3,3.6261472702026367,75.0,12,9,3,
umeh_druma_high quality,umeh_druma_high quality - page 1,Modern,line,0.8,2.5,2.5,True,0.9,True,3,3.721204042434693,75.0,12,9,3,
umeh_druma_high quality,umeh_druma_high quality - page 1,Modern,line,0.8,2.5,2.5,False,0.1,False,0,2.4120774269104004,0.0,0,0,0,Line processing failed: 'list' object cannot be interpreted as an integer
umeh_druma_high quality,umeh_druma_high quality - page 1,Modern,line,0.8,2.5,2.5,False,0.25,True,4,3.8755195140838623,63.64,11,7,4,
umeh_druma_high quality,umeh_druma_high quality - page 1,Modern,line,0.8,2.5,2.5,False,0.5,True,4,3.760207176208496,63.64,11,7,4,
umeh_druma_high quality,umeh_druma_high quality - page 1,Modern,line,0.8,2.5,2.5,False,0.9,True,4,3.731804370880127,63.64,11,7,4,
umeh_druma_high quality,umeh_druma_high quality - page 1,Modern,line,0.8,2.5,3.5,True,0.1,False,0,2.4310364723205566,0.0,0,0,0,Line processing failed: 'list' object cannot be interpreted as an integer
umeh_druma_high quality,umeh_druma_high quality - page 1,Modern,line,0.8,2.5,3.5,True,0.25,True,3,3.661764144897461,71.43,14,10,4,
umeh_druma_high quality,umeh_druma_high quality - page 1,Modern,line,0.8,2.5,3.5,True,0.5,True,3,3.578073740005493,71.43,14,10,4,
umeh_druma_high quality,umeh_druma_high quality - page 1,Modern,line,0.8,2.5,3.5,True,0.9,True,3,3.586153030395508,71.43,14,10,4,
umeh_druma_high quality,umeh_druma_high quality - page 1,Modern,line,0.8,2.5,3.5,False,0.1,False,0,2.414083957672119,0.0,0,0,0,Line processing failed: 'list' object cannot be interpreted as an integer
umeh_druma_high quality,umeh_druma_high quality - page 1,Modern,line,0.8,2.5,3.5,False,0.25,True,4,3.7100536823272714,70.0,10,7,3,
umeh_druma_high quality,umeh_druma_high quality - page 1,Modern,line,0.8,2.5,3.5,False,0.5,True,4,3.6628165245056152,70.0,10,7,3,
umeh_druma_high quality,umeh_druma_high quality - page 1,Modern,line,0.8,2.5,3.5,False,0.9,True,4,3.672175168991089,70.0,10,7,3,
umeh_druma_high quality,umeh_druma_high quality - page 1,Modern,line,0.8,2.5,4.0,True,0.1,False,0,2.4419989585876465,0.0,0,0,0,Line processing failed: 'list' object cannot be interpreted as an integer
umeh_druma_high quality,umeh_druma_high quality - page 1,Modern,line,0.8,2.5,4.0,True,0.25,True,3,3.650529623031616,54.55,11,6,5,
umeh_druma_high quality,umeh_druma_high quality - page 1,Modern,line,0.8,2.5,4.0,True,0.5,True,3,3.598150491714477,54.55,11,6,5,
umeh_druma_high quality,umeh_druma_high quality - page 1,Modern,line,0.8,2.5,4.0,True,0.9,True,3,3.5870120525360107,54.55,11,6,5,
umeh_druma_high quality,umeh_druma_high quality - page 1,Modern,line,0.8,2.5,4.0,False,0.1,False,0,2.421879768371582,0.0,0,0,0,Line processing failed: 'list' object cannot be interpreted as an integer
umeh_druma_high quality,umeh_druma_high quality - page 1,Modern,line,0.8,2.5,4.0,False,0.25,True,4,4.010961532592773,50.0,10,5,5,
umeh_druma_high quality,umeh_druma_high quality - page 1,Modern,line,0.8,2.5,4.0,False,0.5,True,4,3.528191328048706,50.0,10,5,5,
umeh_druma_high quality,umeh_druma_high quality - page 1,Modern,line,0.8,2.5,4.0,False,0.9,True,4,3.788450002670288,50.0,10,5,5,
umeh_druma_high quality,umeh_druma_high quality - page 1,Modern,line,0.8,2.5,5.0,True,0.1,False,0,2.454850673675537,0.0,0,0,0,Line processing failed: 'list' object cannot be interpreted as an integer
umeh_druma_high quality,umeh_druma_high quality - page 1,Modern,line,0.8,2.5,5.0,True,0.25,True,3,3.505882501602173,28.57,7,2,5,
umeh_druma_high quality,umeh_druma_high quality - page 1,Modern,line,0.8,2.5,5.0,True,0.5,True,3,3.4548709392547607,28.57,7,2,5,
umeh_druma_high quality,umeh_druma_high quality - page 1,Modern,line,0.8,2.5,5.0,True,0.9,True,3,3.485029697418213,28.57,7,2,5,
umeh_druma_high quality,umeh_druma_high quality - page 1,Modern,line,0.8,2.5,5.0,False,0.1,False,0,2.452557325363159,0.0,0,0,0,Line processing failed: 'list' object cannot be interpreted as an integer
umeh_druma_high quality,umeh_druma_high quality - page 1,Modern,line,0.8,2.5,5.0,False,0.25,True,4,3.616426706314087,42.86,7,3,4,
umeh_druma_high quality,umeh_druma_high quality - page 1,Modern,line,0.8,2.5,5.0,False,0.5,True,4,3.572616577148437,42.86,7,3,4,
umeh_druma_high quality,umeh_druma_high quality - page 1,Modern,line,0.8,2.5,5.0,False,0.9,True,4,3.550696611404419,42.86,7,3,4,
umeh_druma_high quality,umeh_druma_high quality - page 1,Modern,line,0.8,3.0,2.5,True,0.1,False,0,2.450013399124145,0.0,0,0,0,Line processing failed: 'list' object cannot be interpreted as an integer
umeh_druma_high quality,umeh_druma_high quality - page 1,Modern,line,0.8,3.0,2.5,True,0.25,True,3,3.864247083663941,20.0,5,1,4,
umeh_druma_high quality,umeh_druma_high quality - page 1,Modern,line,0.8,3.0,2.5,True,0.5,True,3,3.7447259426116943,20.0,5,1,4,
umeh_druma_high quality,umeh_druma_high quality - page 1,Modern,line,0.8,3.0,2.5,True,0.9,True,3,3.764602661132813,20.0,5,1,4,
umeh_druma_high quality,umeh_druma_high quality - page 1,Modern,line,0.8,3.0,2.5,False,0.1,False,0,2.407952785491944,0.0,0,0,0,Line processing failed: 'list' object cannot be interpreted as an integer
umeh_druma_high quality,umeh_druma_high quality - page 1,Modern,line,0.8,3.0,2.5,False,0.25,True,4,3.992821216583252,44.44,9,4,5,
umeh_druma_high quality,umeh_druma_high quality - page 1,Modern,line,0.8,3.0,2.5,False,0.5,True,4,3.8881309032440186,44.44,9,4,5,
umeh_druma_high quality,umeh_druma_high quality - page 1,Modern,line,0.8,3.0,2.5,False,0.9,True,4,3.878514051437378,44.44,9,4,5,
umeh_druma_high quality,umeh_druma_high quality - page 1,Modern,line,0.8,3.0,3.5,True,0.1,False,0,2.4254355430603027,0.0,0,0,0,Line processing failed: 'list' object cannot be interpreted as an integer
umeh_druma_high quality,umeh_druma_high quality - page 1,Modern,line,0.8,3.0,3.5,True,0.25,True,3,3.89287781715393,37.5,8,3,5,
umeh_druma_high quality,umeh_druma_high quality - page 1,Modern,line,0.8,3.0,3.5,True,0.5,True,3,3.69851016998291,37.5,8,3,5,
umeh_druma_high quality,umeh_druma_high quality - page 1,Modern,line,0.8,3.0,3.5,True,0.9,True,3,3.706187009811402,37.5,8,3,5,
umeh_druma_high quality,umeh_druma_high quality - page 1,Modern,line,0.8,3.0,3.5,False,0.1,False,0,2.412350654602051,0.0,0,0,0,Line processing failed: 'list' object cannot be interpreted as an integer
umeh_druma_high quality,umeh_druma_high quality - page 1,Modern,line,0.8,3.0,3.5,False,0.25,True,4,3.86480164527893,50.0,8,4,4,
umeh_druma_high quality,umeh_druma_high quality - page 1,Modern,line,0.8,3.0,3.5,False,0.5,True,4,3.896923542022705,50.0,8,4,4,
umeh_druma_high quality,umeh_druma_high quality - page 1,Modern,line,0.8,3.0,3.5,False,0.9,True,4,3.8012404441833496,50.0,8,4,4,
umeh_druma_high quality,umeh_druma_high quality - page 1,Modern,line,0.8,3.0,4.0,True,0.1,False,0,2.423362493515014,0.0,0,0,0,Line processing failed: 'list' object cannot be interpreted as an integer
umeh_druma_high quality,umeh_druma_high quality - page 1,Modern,line,0.8,3.0,4.0,True,0.25,True,3,3.777290105819702,37.5,8,3,5,
umeh_druma_high quality,umeh_druma_high quality - page 1,Modern,line,0.8,3.0,4.0,True,0.5,True,3,3.6897013187408447,37.5,8,3,5,
umeh_druma_high quality,umeh_druma_high quality - page 1,Modern,line,0.8,3.0,4.0,True,0.9,True,3,3.700029134750366,37.5,8,3,5,
umeh_druma_high quality,umeh_druma_high quality - page 1,Modern,line,0.8,3.0,4.0,False,0.1,False,0,2.408904552459717,0.0,0,0,0,Line processing failed: 'list' object cannot be interpreted as an integer
umeh_druma_high quality,umeh_druma_high quality - page 1,Modern,line,0.8,3.0,4.0,False,0.25,True,4,3.8360438346862793,55.56,9,5,4,
umeh_druma_high quality,umeh_druma_high quality - page 1,Modern,line,0.8,3.0,4.0,False,0.5,True,4,3.7795376777648926,55.56,9,5,4,
umeh_druma_high quality,umeh_druma_high quality - page 1,Modern,line,0.8,3.0,4.0,False,0.9,True,4,3.795926570892334,55.56,9,5,4,
umeh_druma_high quality,umeh_druma_high quality - page 1,Modern,line,0.8,3.0,5.0,True,0.1,False,0,2.4230520725250244,0.0,0,0,0,Line processing failed: 'list' object cannot be interpreted as an integer
umeh_druma_high quality,umeh_druma_high quality - page 1,Modern,line,0.8,3.0,5.0,True,0.25,True,3,3.674148321151733,28.57,7,2,5,
umeh_druma_high quality,umeh_druma_high quality - page 1,Modern,line,0.8,3.0,5.0,True,0.5,True,3,4.003265380859375,28.57,7,2,5,
umeh_druma_high quality,umeh_druma_high quality - page 1,Modern,line,0.8,3.0,5.0,True,0.9,True,3,3.512537240982056,28.57,7,2,5,
umeh_druma_high quality,umeh_druma_high quality - page 1,Modern,line,0.8,3.0,5.0,False,0.1,False,0,2.426869630813598,0.0,0,0,0,Line processing failed: 'list' object cannot be interpreted as an integer
umeh_druma_high quality,umeh_druma_high quality - page 1,Modern,line,0.8,3.0,5.0,False,0.25,True,4,3.755608081817627,42.86,7,3,4,
umeh_druma_high quality,umeh_druma_high quality - page 1,Modern,line,0.8,3.0,5.0,False,0.5,True,4,3.6846556663513184,42.86,7,3,4,
umeh_druma_high quality,umeh_druma_high quality - page 1,Modern,line,0.8,3.0,5.0,False,0.9,True,4,3.69850492477417,42.86,7,3,4,
umeh_druma_high quality,umeh_druma_high quality - page 1,Modern,line,0.9,2.0,2.5,True,0.1,False,0,2.4416306018829346,0.0,0,0,0,Line processing failed: 'list' object cannot be interpreted as an integer
umeh_druma_high quality,umeh_druma_high quality - page 1,Modern,line,0.9,2.0,2.5,True,0.25,True,3,3.682614326477051,69.23,13,9,4,
umeh_druma_high quality,umeh_druma_high quality - page 1,Modern,line,0.9,2.0,2.5,True,0.5,True,3,5.182238817214966,69.23,13,9,4,
umeh_druma_high quality,umeh_druma_high quality - page 1,Modern,line,0.9,2.0,2.5,True,0.9,True,3,3.986937999725342,69.23,13,9,4,
umeh_druma_high quality,umeh_druma_high quality - page 1,Modern,line,0.9,2.0,2.5,False,0.1,False,0,2.300620555877685,0.0,0,0,0,Line processing failed: 'list' object cannot be interpreted as an integer
umeh_druma_high quality,umeh_druma_high quality - page 1,Modern,line,0.9,2.0,2.5,False,0.25,True,4,3.921327352523804,57.14,7,4,3,
umeh_druma_high quality,umeh_druma_high quality - page 1,Modern,line,0.9,2.0,2.5,False,0.5,True,4,5.413621664047241,57.14,7,4,3,
umeh_druma_high quality,umeh_druma_high quality - page 1,Modern,line,0.9,2.0,2.5,False,0.9,True,4,3.912852048873901,57.14,7,4,3,
umeh_druma_high quality,umeh_druma_high quality - page 1,Modern,line,0.9,2.0,3.5,True,0.1,False,0,3.90675950050354,0.0,0,0,0,Line processing failed: 'list' object cannot be interpreted as an integer
umeh_druma_high quality,umeh_druma_high quality - page 1,Modern,line,0.9,2.0,3.5,True,0.25,True,3,4.931153535842896,71.43,14,10,4,
umeh_druma_high quality,umeh_druma_high quality - page 1,Modern,line,0.9,2.0,3.5,True,0.5,True,3,3.410674571990967,71.43,14,10,4,
umeh_druma_high quality,umeh_druma_high quality - page 1,Modern,line,0.9,2.0,3.5,True,0.9,True,3,3.3116917610168457,71.43,14,10,4,
umeh_druma_high quality,umeh_druma_high quality - page 1,Modern,line,0.9,2.0,3.5,False,0.1,False,0,2.2970752716064453,0.0,0,0,0,Line processing failed: 'list' object cannot be interpreted as an integer
umeh_druma_high quality,umeh_druma_high quality - page 1,Modern,line,0.9,2.0,3.5,False,0.25,True,4,3.5939457416534424,70.0,10,7,3,
umeh_druma_high quality,umeh_druma_high quality - page 1,Modern,line,0.9,2.0,3.5,False,0.5,True,4,3.5426995754241943,70.0,10,7,3,
umeh_druma_high quality,umeh_druma_high quality - page 1,Modern,line,0.9,2.0,3.5,False,0.9,True,4,3.573941230773926,70.0,10,7,3,
umeh_druma_high quality,umeh_druma_high quality - page 1,Modern,line,0.9,2.0,4.0,True,0.1,False,0,2.4580483436584477,0.0,0,0,0,Line processing failed: 'list' object cannot be interpreted as an integer
umeh_druma_high quality,umeh_druma_high quality - page 1,Modern,line,0.9,2.0,4.0,True,0.25,True,3,3.526676654815674,54.55,11,6,5,
umeh_druma_high quality,umeh_druma_high quality - page 1,Modern,line,0.9,2.0,4.0,True,0.5,True,3,3.453756332397461,54.55,11,6,5,
umeh_druma_high quality,umeh_druma_high quality - page 1,Modern,line,0.9,2.0,4.0,True,0.9,True,3,3.5059492588043213,54.55,11,6,5,
umeh_druma_high quality,umeh_druma_high quality - page 1,Modern,line,0.9,2.0,4.0,False,0.1,False,0,2.441902875900269,0.0,0,0,0,Line processing failed: 'list' object cannot be interpreted as an integer
umeh_druma_high quality,umeh_druma_high quality - page 1,Modern,line,0.9,2.0,4.0,False,0.25,True,4,3.6280016899108887,50.0,10,5,5,
umeh_druma_high quality,umeh_druma_high quality - page 1,Modern,line,0.9,2.0,4.0,False,0.5,True,4,3.5266408920288086,50.0,10,5,5,
umeh_druma_high quality,umeh_druma_high quality - page 1,Modern,line,0.9,2.0,4.0,False,0.9,True,4,3.494507074356079,50.0,10,5,5,
umeh_druma_high quality,umeh_druma_high quality - page 1,Modern,line,0.9,2.0,5.0,True,0.1,False,0,2.489656925201416,0.0,0,0,0,Line processing failed: 'list' object cannot be interpreted as an integer
umeh_druma_high quality,umeh_druma_high quality - page 1,Modern,line,0.9,2.0,5.0,True,0.25,True,3,3.3585779666900635,60.0,10,6,4,
umeh_druma_high quality,umeh_druma_high quality - page 1,Modern,line,0.9,2.0,5.0,True,0.5,True,3,3.326044797897339,60.0,10,6,4,
umeh_druma_high quality,umeh_druma_high quality - page 1,Modern,line,0.9,2.0,5.0,True,0.9,True,3,3.3262174129486084,60.0,10,6,4,
umeh_druma_high quality,umeh_druma_high quality - page 1,Modern,line,0.9,2.0,5.0,False,0.1,False,0,2.458322286605835,0.0,0,0,0,Line processing failed: 'list' object cannot be interpreted as an integer
umeh_druma_high quality,umeh_druma_high quality - page 1,Modern,line,0.9,2.0,5.0,False,0.25,True,4,3.6275579929351807,50.0,6,3,3,
umeh_druma_high quality,umeh_druma_high quality - page 1,Modern,line,0.9,2.0,5.0,False,0.5,True,4,3.4973576068878174,50.0,6,3,3,
umeh_druma_high quality,umeh_druma_high quality - page 1,Modern,line,0.9,2.0,5.0,False,0.9,True,4,3.499534368515014,50.0,6,3,3,
umeh_druma_high quality,umeh_druma_high quality - page 1,Modern,line,0.9,2.5,2.5,True,0.1,False,0,2.465023994445801,0.0,0,0,0,Line processing failed: 'list' object cannot be interpreted as an integer
umeh_druma_high quality,umeh_druma_high quality - page 1,Modern,line,0.9,2.5,2.5,True,0.25,True,3,3.701535940170288,75.0,12,9,3,
umeh_druma_high quality,umeh_druma_high quality - page 1,Modern,line,0.9,2.5,2.5,True,0.5,True,3,3.628875970840454,75.0,12,9,3,
umeh_druma_high quality,umeh_druma_high quality - page 1,Modern,line,0.9,2.5,2.5,True,0.9,True,3,3.956542730331421,75.0,12,9,3,
umeh_druma_high quality,umeh_druma_high quality - page 1,Modern,line,0.9,2.5,2.5,False,0.1,False,0,2.345832347869873,0.0,0,0,0,Line processing failed: 'list' object cannot be interpreted as an integer
umeh_druma_high quality,umeh_druma_high quality - page 1,Modern,line,0.9,2.5,2.5,False,0.25,True,4,3.851766586303711,63.64,11,7,4,
umeh_druma_high quality,umeh_druma_high quality - page 1,Modern,line,0.9,2.5,2.5,False,0.5,True,4,3.754773616790772,63.64,11,7,4,
umeh_druma_high quality,umeh_druma_high quality - page 1,Modern,line,0.9,2.5,2.5,False,0.9,True,4,3.7557718753814697,63.64,11,7,4,
umeh_druma_high quality,umeh_druma_high quality - page 1,Modern,line,0.9,2.5,3.5,True,0.1,False,0,2.428654193878174,0.0,0,0,0,Line processing failed: 'list' object cannot be interpreted as an integer
umeh_druma_high quality,umeh_druma_high quality - page 1,Modern,line,0.9,2.5,3.5,True,0.25,True,3,3.755098581314087,71.43,14,10,4,
umeh_druma_high quality,umeh_druma_high quality - page 1,Modern,line,0.9,2.5,3.5,True,0.5,True,3,3.6075241565704346,71.43,14,10,4,
umeh_druma_high quality,umeh_druma_high quality - page 1,Modern,line,0.9,2.5,3.5,True,0.9,True,3,3.580654621124268,71.43,14,10,4,
umeh_druma_high quality,umeh_druma_high quality - page 1,Modern,line,0.9,2.5,3.5,False,0.1,False,0,2.4258816242218018,0.0,0,0,0,Line processing failed: 'list' object cannot be interpreted as an integer
umeh_druma_high quality,umeh_druma_high quality - page 1,Modern,line,0.9,2.5,3.5,False,0.25,True,4,3.713413953781128,70.0,10,7,3,
umeh_druma_high quality,umeh_druma_high quality - page 1,Modern,line,0.9,2.5,3.5,False,0.5,True,4,3.706578969955444,70.0,10,7,3,
umeh_druma_high quality,umeh_druma_high quality - page 1,Modern,line,0.9,2.5,3.5,False,0.9,True,4,3.675015449523926,70.0,10,7,3,
umeh_druma_high quality,umeh_druma_high quality - page 1,Modern,line,0.9,2.5,4.0,True,0.1,False,0,2.439471483230591,0.0,0,0,0,Line processing failed: 'list' object cannot be interpreted as an integer
umeh_druma_high quality,umeh_druma_high quality - page 1,Modern,line,0.9,2.5,4.0,True,0.25,True,3,3.6417887210845943,54.55,11,6,5,
umeh_druma_high quality,umeh_druma_high quality - page 1,Modern,line,0.9,2.5,4.0,True,0.5,True,3,3.611859083175659,54.55,11,6,5,
umeh_druma_high quality,umeh_druma_high quality - page 1,Modern,line,0.9,2.5,4.0,True,0.9,True,3,3.594935417175293,54.55,11,6,5,
umeh_druma_high quality,umeh_druma_high quality - page 1,Modern,line,0.9,2.5,4.0,False,0.1,False,0,2.4303503036499023,0.0,0,0,0,Line processing failed: 'list' object cannot be interpreted as an integer
umeh_druma_high quality,umeh_druma_high quality - page 1,Modern,line,0.9,2.5,4.0,False,0.25,True,4,3.66437578201294,50.0,10,5,5,
umeh_druma_high quality,umeh_druma_high quality - page 1,Modern,line,0.9,2.5,4.0,False,0.5,True,4,3.617634057998657,50.0,10,5,5,
umeh_druma_high quality,umeh_druma_high quality - page 1,Modern,line,0.9,2.5,4.0,False,0.9,True,4,3.627800464630127,50.0,10,5,5,
umeh_druma_high quality,umeh_druma_high quality - page 1,Modern,line,0.9,2.5,5.0,True,0.1,False,0,2.435778856277466,0.0,0,0,0,Line processing failed: 'list' object cannot be interpreted as an integer
umeh_druma_high quality,umeh_druma_high quality - page 1,Modern,line,0.9,2.5,5.0,True,0.25,True,3,3.544504880905152,28.57,7,2,5,
umeh_druma_high quality,umeh_druma_high quality - page 1,Modern,line,0.9,2.5,5.0,True,0.5,True,3,3.46914291381836,28.57,7,2,5,
umeh_druma_high quality,umeh_druma_high quality - page 1,Modern,line,0.9,2.5,5.0,True,0.9,True,3,3.4742398262023926,28.57,7,2,5,
umeh_druma_high quality,umeh_druma_high quality - page 1,Modern,line,0.9,2.5,5.0,False,0.1,False,0,2.461555004119873,0.0,0,0,0,Line processing failed: 'list' object cannot be interpreted as an integer
umeh_druma_high quality,umeh_druma_high quality - page 1,Modern,line,0.9,2.5,5.0,False,0.25,True,4,3.757633686065674,42.86,7,3,4,
umeh_druma_high quality,umeh_druma_high quality - page 1,Modern,line,0.9,2.5,5.0,False,0.5,True,4,3.58205246925354,42.86,7,3,4,
umeh_druma_high quality,umeh_druma_high quality - page 1,Modern,line,0.9,2.5,5.0,False,0.9,True,4,3.5872814655303955,42.86,7,3,4,
umeh_druma_high quality,umeh_druma_high quality - page 1,Modern,line,0.9,3.0,2.5,True,0.1,False,0,2.4995687007904053,0.0,0,0,0,Line processing failed: 'list' object cannot be interpreted as an integer
umeh_druma_high quality,umeh_druma_high quality - page 1,Modern,line,0.9,3.0,2.5,True,0.25,True,3,3.8894121646881104,20.0,5,1,4,
umeh_druma_high quality,umeh_druma_high quality - page 1,Modern,line,0.9,3.0,2.5,True,0.5,True,3,3.801638841629028,20.0,5,1,4,
umeh_druma_high quality,umeh_druma_high quality - page 1,Modern,line,0.9,3.0,2.5,True,0.9,True,3,3.7754156589508057,20.0,5,1,4,
umeh_druma_high quality,umeh_druma_high quality - page 1,Modern,line,0.9,3.0,2.5,False,0.1,False,0,2.3976683616638184,0.0,0,0,0,Line processing failed: 'list' object cannot be interpreted as an integer
umeh_druma_high quality,umeh_druma_high quality - page 1,Modern,line,0.9,3.0,2.5,False,0.25,True,4,4.497555494308472,44.44,9,4,5,
umeh_druma_high quality,umeh_druma_high quality - page 1,Modern,line,0.9,3.0,2.5,False,0.5,True,4,5.668525457382202,44.44,9,4,5,
umeh_druma_high quality,umeh_druma_high quality - page 1,Modern,line,0.9,3.0,2.5,False,0.9,True,4,3.7712268829345694,44.44,9,4,5,
umeh_druma_high quality,umeh_druma_high quality - page 1,Modern,line,0.9,3.0,3.5,True,0.1,False,0,2.295318126678467,0.0,0,0,0,Line processing failed: 'list' object cannot be interpreted as an integer
umeh_druma_high quality,umeh_druma_high quality - page 1,Modern,line,0.9,3.0,3.5,True,0.25,True,3,3.683650493621826,37.5,8,3,5,
umeh_druma_high quality,umeh_druma_high quality - page 1,Modern,line,0.9,3.0,3.5,True,0.5,True,3,3.725106716156006,37.5,8,3,5,
umeh_druma_high quality,umeh_druma_high quality - page 1,Modern,line,0.9,3.0,3.5,True,0.9,True,3,4.035813331604004,37.5,8,3,5,
umeh_druma_high quality,umeh_druma_high quality - page 1,Modern,line,0.9,3.0,3.5,False,0.1,False,0,2.32590651512146,0.0,0,0,0,Line processing failed: 'list' object cannot be interpreted as an integer
umeh_druma_high quality,umeh_druma_high quality - page 1,Modern,line,0.9,3.0,3.5,False,0.25,True,4,3.900879859924317,50.0,8,4,4,
umeh_druma_high quality,umeh_druma_high quality - page 1,Modern,line,0.9,3.0,3.5,False,0.5,True,4,3.9605014324188232,50.0,8,4,4,
umeh_druma_high quality,umeh_druma_high quality - page 1,Modern,line,0.9,3.0,3.5,False,0.9,True,4,5.298766613006592,50.0,8,4,4,
umeh_druma_high quality,umeh_druma_high quality - page 1,Modern,line,0.9,3.0,4.0,True,0.1,False,0,2.367621898651123,0.0,0,0,0,Line processing failed: 'list' object cannot be interpreted as an integer
umeh_druma_high quality,umeh_druma_high quality - page 1,Modern,line,0.9,3.0,4.0,True,0.25,True,3,3.764988899230957,37.5,8,3,5,
umeh_druma_high quality,umeh_druma_high quality - page 1,Modern,line,0.9,3.0,4.0,True,0.5,True,3,3.8862380981445312,37.5,8,3,5,
umeh_druma_high quality,umeh_druma_high quality - page 1,Modern,line,0.9,3.0,4.0,True,0.9,True,3,3.6526129245758057,37.5,8,3,5,
umeh_druma_high quality,umeh_druma_high quality - page 1,Modern,line,0.9,3.0,4.0,False,0.1,False,0,2.613712787628174,0.0,0,0,0,Line processing failed: 'list' object cannot be interpreted as an integer
umeh_druma_high quality,umeh_druma_high quality - page 1,Modern,line,0.9,3.0,4.0,False,0.25,True,4,5.285791635513306,55.56,9,5,4,
umeh_druma_high quality,umeh_druma_high quality - page 1,Modern,line,0.9,3.0,4.0,False,0.5,True,4,3.64076828956604,55.56,9,5,4,
umeh_druma_high quality,umeh_druma_high quality - page 1,Modern,line,0.9,3.0,4.0,False,0.9,True,4,3.708374500274658,55.56,9,5,4,
umeh_druma_high quality,umeh_druma_high quality - page 1,Modern,line,0.9,3.0,5.0,True,0.1,False,0,2.4305577278137207,0.0,0,0,0,Line processing failed: 'list' object cannot be interpreted as an integer
umeh_druma_high quality,umeh_druma_high quality - page 1,Modern,line,0.9,3.0,5.0,True,0.25,True,3,3.691197395324707,28.57,7,2,5,
umeh_druma_high quality,umeh_druma_high quality - page 1,Modern,line,0.9,3.0,5.0,True,0.5,True,3,3.6366591453552246,28.57,7,2,5,
umeh_druma_high quality,umeh_druma_high quality - page 1,Modern,line,0.9,3.0,5.0,True,0.9,True,3,3.609208583831787,28.57,7,2,5,
umeh_druma_high quality,umeh_druma_high quality - page 1,Modern,line,0.9,3.0,5.0,False,0.1,False,0,2.42585825920105,0.0,0,0,0,Line processing failed: 'list' object cannot be interpreted as an integer
umeh_druma_high quality,umeh_druma_high quality - page 1,Modern,line,0.9,3.0,5.0,False,0.25,True,4,3.803211927413941,42.86,7,3,4,
umeh_druma_high quality,umeh_druma_high quality - page 1,Modern,line,0.9,3.0,5.0,False,0.5,True,4,3.7000582218170166,42.86,7,3,4,
umeh_druma_high quality,umeh_druma_high quality - page 1,Modern,line,0.9,3.0,5.0,False,0.9,True,4,3.706911087036133,42.86,7,3,4,
umeh_druma_high quality,umeh_druma_high quality - page 1,Modern,layout,0.7,2.0,2.5,True,0.1,True,4,4.146400451660156,41.18,17,7,10,
umeh_druma_high quality,umeh_druma_high quality - page 1,Modern,layout,0.7,2.0,2.5,True,0.25,True,4,3.986992835998535,41.18,17,7,10,
umeh_druma_high quality,umeh_druma_high quality - page 1,Modern,layout,0.7,2.0,2.5,True,0.5,True,4,3.880596399307251,41.18,17,7,10,
umeh_druma_high quality,umeh_druma_high quality - page 1,Modern,layout,0.7,2.0,2.5,True,0.9,True,4,3.933770418167114,41.18,17,7,10,
umeh_druma_high quality,umeh_druma_high quality - page 1,Modern,layout,0.7,2.0,2.5,False,0.1,True,5,4.279742479324341,57.14,14,8,6,
umeh_druma_high quality,umeh_druma_high quality - page 1,Modern,layout,0.7,2.0,2.5,False,0.25,True,5,4.8161468505859375,57.14,14,8,6,
umeh_druma_high quality,umeh_druma_high quality - page 1,Modern,layout,0.7,2.0,2.5,False,0.5,True,5,3.876035213470459,57.14,14,8,6,
umeh_druma_high quality,umeh_druma_high quality - page 1,Modern,layout,0.7,2.0,2.5,False,0.9,True,5,3.964789628982544,57.14,14,8,6,
umeh_druma_high quality,umeh_druma_high quality - page 1,Modern,layout,0.7,2.0,3.5,True,0.1,True,4,3.74083948135376,57.14,14,8,6,
umeh_druma_high quality,umeh_druma_high quality - page 1,Modern,layout,0.7,2.0,3.5,True,0.25,True,4,3.74408483505249,57.14,14,8,6,
umeh_druma_high quality,umeh_druma_high quality - page 1,Modern,layout,0.7,2.0,3.5,True,0.5,True,4,3.749439239501953,57.14,14,8,6,
umeh_druma_high quality,umeh_druma_high quality - page 1,Modern,layout,0.7,2.0,3.5,True,0.9,True,4,4.109619379043579,57.14,14,8,6,
umeh_druma_high quality,umeh_druma_high quality - page 1,Modern,layout,0.7,2.0,3.5,False,0.1,True,5,3.796851396560669,50.0,16,8,8,
umeh_druma_high quality,umeh_druma_high quality - page 1,Modern,layout,0.7,2.0,3.5,False,0.25,True,5,3.918693065643311,50.0,16,8,8,
umeh_druma_high quality,umeh_druma_high quality - page 1,Modern,layout,0.7,2.0,3.5,False,0.5,True,5,3.894764423370361,50.0,16,8,8,
umeh_druma_high quality,umeh_druma_high quality - page 1,Modern,layout,0.7,2.0,3.5,False,0.9,True,5,3.920167922973633,50.0,16,8,8,
umeh_druma_high quality,umeh_druma_high quality - page 1,Modern,layout,0.7,2.0,4.0,True,0.1,True,4,3.850008249282837,50.0,10,5,5,
umeh_druma_high quality,umeh_druma_high quality - page 1,Modern,layout,0.7,2.0,4.0,True,0.25,True,4,3.74143385887146,50.0,10,5,5,
umeh_druma_high quality,umeh_druma_high quality - page 1,Modern,layout,0.7,2.0,4.0,True,0.5,True,4,3.745830774307251,50.0,10,5,5,
umeh_druma_high quality,umeh_druma_high quality - page 1,Modern,layout,0.7,2.0,4.0,True,0.9,True,4,3.7397384643554688,50.0,10,5,5,
umeh_druma_high quality,umeh_druma_high quality - page 1,Modern,layout,0.7,2.0,4.0,False,0.1,True,5,3.9297592639923096,36.36,11,4,7,
umeh_druma_high quality,umeh_druma_high quality - page 1,Modern,layout,0.7,2.0,4.0,False,0.25,True,5,3.933230638504028,36.36,11,4,7,
umeh_druma_high quality,umeh_druma_high quality - page 1,Modern,layout,0.7,2.0,4.0,False,0.5,True,5,3.937023401260376,36.36,11,4,7,
umeh_druma_high quality,umeh_druma_high quality - page 1,Modern,layout,0.7,2.0,4.0,False,0.9,True,5,3.993693828582764,36.36,11,4,7,
umeh_druma_high quality,umeh_druma_high quality - page 1,Modern,layout,0.7,2.0,5.0,True,0.1,True,4,3.597404718399048,53.85,13,7,6,
umeh_druma_high quality,umeh_druma_high quality - page 1,Modern,layout,0.7,2.0,5.0,True,0.25,True,4,3.619407176971436,53.85,13,7,6,
umeh_druma_high quality,umeh_druma_high quality - page 1,Modern,layout,0.7,2.0,5.0,True,0.5,True,4,3.604778289794922,53.85,13,7,6,
umeh_druma_high quality,umeh_druma_high quality - page 1,Modern,layout,0.7,2.0,5.0,True,0.9,True,4,3.693920612335205,53.85,13,7,6,
umeh_druma_high quality,umeh_druma_high quality - page 1,Modern,layout,0.7,2.0,5.0,False,0.1,True,5,3.849432229995728,86.67,15,13,2,
umeh_druma_high quality,umeh_druma_high quality - page 1,Modern,layout,0.7,2.0,5.0,False,0.25,True,5,3.796240091323853,86.67,15,13,2,
umeh_druma_high quality,umeh_druma_high quality - page 1,Modern,layout,0.7,2.0,5.0,False,0.5,True,5,3.809222459793091,86.67,15,13,2,
umeh_druma_high quality,umeh_druma_high quality - page 1,Modern,layout,0.7,2.0,5.0,False,0.9,True,5,3.821948289871216,86.67,15,13,2,
umeh_druma_high quality,umeh_druma_high quality - page 1,Modern,layout,0.7,2.5,2.5,True,0.1,True,4,3.9846653938293457,41.18,17,7,10,
umeh_druma_high quality,umeh_druma_high quality - page 1,Modern,layout,0.7,2.5,2.5,True,0.25,True,4,3.957152128219605,41.18,17,7,10,
umeh_druma_high quality,umeh_druma_high quality - page 1,Modern,layout,0.7,2.5,2.5,True,0.5,True,4,3.92154598236084,41.18,17,7,10,
umeh_druma_high quality,umeh_druma_high quality - page 1,Modern,layout,0.7,2.5,2.5,True,0.9,True,4,3.9545395374298096,41.18,17,7,10,
umeh_druma_high quality,umeh_druma_high quality - page 1,Modern,layout,0.7,2.5,2.5,False,0.1,True,5,4.490459442138672,57.14,14,8,6,
umeh_druma_high quality,umeh_druma_high quality - page 1,Modern,layout,0.7,2.5,2.5,False,0.25,True,5,4.035680532455444,57.14,14,8,6,
umeh_druma_high quality,umeh_druma_high quality - page 1,Modern,layout,0.7,2.5,2.5,False,0.5,True,5,4.1026833057403564,57.14,14,8,6,
umeh_druma_high quality,umeh_druma_high quality - page 1,Modern,layout,0.7,2.5,2.5,False,0.9,True,5,4.108415842056274,57.14,14,8,6,
umeh_druma_high quality,umeh_druma_high quality - page 1,Modern,layout,0.7,2.5,3.5,True,0.1,True,4,3.86728835105896,57.14,14,8,6,
umeh_druma_high quality,umeh_druma_high quality - page 1,Modern,layout,0.7,2.5,3.5,True,0.25,True,4,3.885103464126587,57.14,14,8,6,
umeh_druma_high quality,umeh_druma_high quality - page 1,Modern,layout,0.7,2.5,3.5,True,0.5,True,4,3.968105554580689,57.14,14,8,6,
umeh_druma_high quality,umeh_druma_high quality - page 1,Modern,layout,0.7,2.5,3.5,True,0.9,True,4,3.9021403789520255,57.14,14,8,6,
umeh_druma_high quality,umeh_druma_high quality - page 1,Modern,layout,0.7,2.5,3.5,False,0.1,True,5,4.010019063949585,50.0,16,8,8,
umeh_druma_high quality,umeh_druma_high quality - page 1,Modern,layout,0.7,2.5,3.5,False,0.25,True,5,4.021809816360474,50.0,16,8,8,
umeh_druma_high quality,umeh_druma_high quality - page 1,Modern,layout,0.7,2.5,3.5,False,0.5,True,5,4.022766590118408,50.0,16,8,8,
umeh_druma_high quality,umeh_druma_high quality - page 1,Modern,layout,0.7,2.5,3.5,False,0.9,True,5,4.081526756286621,50.0,16,8,8,
umeh_druma_high quality,umeh_druma_high quality - page 1,Modern,layout,0.7,2.5,4.0,True,0.1,True,4,3.8817427158355713,50.0,10,5,5,
umeh_druma_high quality,umeh_druma_high quality - page 1,Modern,layout,0.7,2.5,4.0,True,0.25,True,4,3.8615334033966064,50.0,10,5,5,
umeh_druma_high quality,umeh_druma_high quality - page 1,Modern,layout,0.7,2.5,4.0,True,0.5,True,4,3.85984206199646,50.0,10,5,5,
umeh_druma_high quality,umeh_druma_high quality - page 1,Modern,layout,0.7,2.5,4.0,True,0.9,True,4,3.859606027603149,50.0,10,5,5,
umeh_druma_high quality,umeh_druma_high quality - page 1,Modern,layout,0.7,2.5,4.0,False,0.1,True,5,4.045832633972168,36.36,11,4,7,
umeh_druma_high quality,umeh_druma_high quality - page 1,Modern,layout,0.7,2.5,4.0,False,0.25,True,5,4.05142879486084,36.36,11,4,7,
umeh_druma_high quality,umeh_druma_high quality - page 1,Modern,layout,0.7,2.5,4.0,False,0.5,True,5,4.15521764755249,36.36,11,4,7,
umeh_druma_high quality,umeh_druma_high quality - page 1,Modern,layout,0.7,2.5,4.0,False,0.9,True,5,4.020961761474609,36.36,11,4,7,
umeh_druma_high quality,umeh_druma_high quality - page 1,Modern,layout,0.7,2.5,5.0,True,0.1,True,4,3.7601237297058105,41.67,12,5,7,
umeh_druma_high quality,umeh_druma_high quality - page 1,Modern,layout,0.7,2.5,5.0,True,0.25,True,4,3.7773170471191406,41.67,12,5,7,
umeh_druma_high quality,umeh_druma_high quality - page 1,Modern,layout,0.7,2.5,5.0,True,0.5,True,4,4.098586082458496,41.67,12,5,7,
umeh_druma_high quality,umeh_druma_high quality - page 1,Modern,layout,0.7,2.5,5.0,True,0.9,True,4,3.682302951812744,41.67,12,5,7,
umeh_druma_high quality,umeh_druma_high quality - page 1,Modern,layout,0.7,2.5,5.0,False,0.1,True,5,3.9261531829833984,38.46,13,5,8,
umeh_druma_high quality,umeh_druma_high quality - page 1,Modern,layout,0.7,2.5,5.0,False,0.25,True,5,3.995455741882324,38.46,13,5,8,
umeh_druma_high quality,umeh_druma_high quality - page 1,Modern,layout,0.7,2.5,5.0,False,0.5,True,5,5.474370956420898,38.46,13,5,8,
umeh_druma_high quality,umeh_druma_high quality - page 1,Modern,layout,0.7,2.5,5.0,False,0.9,True,5,3.811115980148315,38.46,13,5,8,
umeh_druma_high quality,umeh_druma_high quality - page 1,Modern,layout,0.7,3.0,2.5,True,0.1,True,4,3.9902398586273193,41.18,17,7,10,
umeh_druma_high quality,umeh_druma_high quality - page 1,Modern,layout,0.7,3.0,2.5,True,0.25,True,4,4.056498527526856,41.18,17,7,10,
umeh_druma_high quality,umeh_druma_high quality - page 1,Modern,layout,0.7,3.0,2.5,True,0.5,True,4,4.034021377563477,41.18,17,7,10,
umeh_druma_high quality,umeh_druma_high quality - page 1,Modern,layout,0.7,3.0,2.5,True,0.9,True,4,4.03452205657959,41.18,17,7,10,
umeh_druma_high quality,umeh_druma_high quality - page 1,Modern,layout,0.7,3.0,2.5,False,0.1,True,5,4.1961729526519775,57.14,14,8,6,
umeh_druma_high quality,umeh_druma_high quality - page 1,Modern,layout,0.7,3.0,2.5,False,0.25,True,5,4.1925976276397705,57.14,14,8,6,
umeh_druma_high quality,umeh_druma_high quality - page 1,Modern,layout,0.7,3.0,2.5,False,0.5,True,5,4.173761367797852,57.14,14,8,6,
umeh_druma_high quality,umeh_druma_high quality - page 1,Modern,layout,0.7,3.0,2.5,False,0.9,True,5,4.175492286682129,57.14,14,8,6,
umeh_druma_high quality,umeh_druma_high quality - page 1,Modern,layout,0.7,3.0,3.5,True,0.1,True,4,3.927150249481201,57.14,14,8,6,
umeh_druma_high quality,umeh_druma_high quality - page 1,Modern,layout,0.7,3.0,3.5,True,0.25,True,4,3.951549768447876,57.14,14,8,6,
umeh_druma_high quality,umeh_druma_high quality - page 1,Modern,layout,0.7,3.0,3.5,True,0.5,True,4,3.954601764678955,57.14,14,8,6,
umeh_druma_high quality,umeh_druma_high quality - page 1,Modern,layout,0.7,3.0,3.5,True,0.9,True,4,3.9492440223693848,57.14,14,8,6,
umeh_druma_high quality,umeh_druma_high quality - page 1,Modern,layout,0.7,3.0,3.5,False,0.1,True,5,4.071072578430176,50.0,16,8,8,
umeh_druma_high quality,umeh_druma_high quality - page 1,Modern,layout,0.7,3.0,3.5,False,0.25,True,5,4.232260227203369,50.0,16,8,8,
umeh_druma_high quality,umeh_druma_high quality - page 1,Modern,layout,0.7,3.0,3.5,False,0.5,True,5,4.086758136749268,50.0,16,8,8,
umeh_druma_high quality,umeh_druma_high quality - page 1,Modern,layout,0.7,3.0,3.5,False,0.9,True,5,4.089856386184692,50.0,16,8,8,
umeh_druma_high quality,umeh_druma_high quality - page 1,Modern,layout,0.7,3.0,4.0,True,0.1,True,4,3.969846248626709,50.0,10,5,5,
umeh_druma_high quality,umeh_druma_high quality - page 1,Modern,layout,0.7,3.0,4.0,True,0.25,True,4,4.046811580657959,50.0,10,5,5,
umeh_druma_high quality,umeh_druma_high quality - page 1,Modern,layout,0.7,3.0,4.0,True,0.5,True,4,3.9817826747894287,50.0,10,5,5,
umeh_druma_high quality,umeh_druma_high quality - page 1,Modern,layout,0.7,3.0,4.0,True,0.9,True,4,3.975180387496948,50.0,10,5,5,
umeh_druma_high quality,umeh_druma_high quality - page 1,Modern,layout,0.7,3.0,4.0,False,0.1,True,5,4.133292198181152,36.36,11,4,7,
umeh_druma_high quality,umeh_druma_high quality - page 1,Modern,layout,0.7,3.0,4.0,False,0.25,True,5,4.407183647155762,36.36,11,4,7,
umeh_druma_high quality,umeh_druma_high quality - page 1,Modern,layout,0.7,3.0,4.0,False,0.5,True,5,4.059654474258423,36.36,11,4,7,
umeh_druma_high quality,umeh_druma_high quality - page 1,Modern,layout,0.7,3.0,4.0,False,0.9,True,5,4.143182754516602,36.36,11,4,7,
umeh_druma_high quality,umeh_druma_high quality - page 1,Modern,layout,0.7,3.0,5.0,True,0.1,True,4,3.924284219741821,41.67,12,5,7,
umeh_druma_high quality,umeh_druma_high quality - page 1,Modern,layout,0.7,3.0,5.0,True,0.25,True,4,3.905181646347046,41.67,12,5,7,
umeh_druma_high quality,umeh_druma_high quality - page 1,Modern,layout,0.7,3.0,5.0,True,0.5,True,4,3.8860831260681152,41.67,12,5,7,
umeh_druma_high quality,umeh_druma_high quality - page 1,Modern,layout,0.7,3.0,5.0,True,0.9,True,4,3.878064393997192,41.67,12,5,7,
umeh_druma_high quality,umeh_druma_high quality - page 1,Modern,layout,0.7,3.0,5.0,False,0.1,True,5,4.102082252502441,38.46,13,5,8,
umeh_druma_high quality,umeh_druma_high quality - page 1,Modern,layout,0.7,3.0,5.0,False,0.25,True,5,4.001495599746704,38.46,13,5,8,
umeh_druma_high quality,umeh_druma_high quality - page 1,Modern,layout,0.7,3.0,5.0,False,0.5,True,5,4.010786294937134,38.46,13,5,8,
umeh_druma_high quality,umeh_druma_high quality - page 1,Modern,layout,0.7,3.0,5.0,False,0.9,True,5,4.007537603378296,38.46,13,5,8,
umeh_druma_high quality,umeh_druma_high quality - page 1,Modern,layout,0.8,2.0,2.5,True,0.1,True,4,3.826013565063477,41.18,17,7,10,
umeh_druma_high quality,umeh_druma_high quality - page 1,Modern,layout,0.8,2.0,2.5,True,0.25,True,4,3.829325199127197,41.18,17,7,10,
umeh_druma_high quality,umeh_druma_high quality - page 1,Modern,layout,0.8,2.0,2.5,True,0.5,True,4,3.827045440673828,41.18,17,7,10,
umeh_druma_high quality,umeh_druma_high quality - page 1,Modern,layout,0.8,2.0,2.5,True,0.9,True,4,3.827290296554565,41.18,17,7,10,
umeh_druma_high quality,umeh_druma_high quality - page 1,Modern,layout,0.8,2.0,2.5,False,0.1,True,5,4.325961828231812,57.14,14,8,6,
umeh_druma_high quality,umeh_druma_high quality - page 1,Modern,layout,0.8,2.0,2.5,False,0.25,True,5,5.813340902328491,57.14,14,8,6,
umeh_druma_high quality,umeh_druma_high quality - page 1,Modern,layout,0.8,2.0,2.5,False,0.5,True,5,4.478910446166992,57.14,14,8,6,
umeh_druma_high quality,umeh_druma_high quality - page 1,Modern,layout,0.8,2.0,2.5,False,0.9,True,5,3.869057893753052,57.14,14,8,6,
umeh_druma_high quality,umeh_druma_high quality - page 1,Modern,layout,0.8,2.0,3.5,True,0.1,True,4,3.631082534790039,57.14,14,8,6,
umeh_druma_high quality,umeh_druma_high quality - page 1,Modern,layout,0.8,2.0,3.5,True,0.25,True,4,3.7237470149993896,57.14,14,8,6,
umeh_druma_high quality,umeh_druma_high quality - page 1,Modern,layout,0.8,2.0,3.5,True,0.5,True,4,3.8669183254241934,57.14,14,8,6,
umeh_druma_high quality,umeh_druma_high quality - page 1,Modern,layout,0.8,2.0,3.5,True,0.9,True,4,3.7706100940704346,57.14,14,8,6,
umeh_druma_high quality,umeh_druma_high quality - page 1,Modern,layout,0.8,2.0,3.5,False,0.1,True,5,3.89915943145752,50.0,16,8,8,
umeh_druma_high quality,umeh_druma_high quality - page 1,Modern,layout,0.8,2.0,3.5,False,0.25,True,5,3.935826778411865,50.0,16,8,8,
umeh_druma_high quality,umeh_druma_high quality - page 1,Modern,layout,0.8,2.0,3.5,False,0.5,True,5,3.933763027191162,50.0,16,8,8,
umeh_druma_high quality,umeh_druma_high quality - page 1,Modern,layout,0.8,2.0,3.5,False,0.9,True,5,4.253048419952393,50.0,16,8,8,
umeh_druma_high quality,umeh_druma_high quality - page 1,Modern,layout,0.8,2.0,4.0,True,0.1,True,4,3.686324119567871,50.0,10,5,5,
umeh_druma_high quality,umeh_druma_high quality - page 1,Modern,layout,0.8,2.0,4.0,True,0.25,True,4,3.764502763748169,50.0,10,5,5,
umeh_druma_high quality,umeh_druma_high quality - page 1,Modern,layout,0.8,2.0,4.0,True,0.5,True,4,3.743736505508423,50.0,10,5,5,
umeh_druma_high quality,umeh_druma_high quality - page 1,Modern,layout,0.8,2.0,4.0,True,0.9,True,4,3.782865524291992,50.0,10,5,5,
umeh_druma_high quality,umeh_druma_high quality - page 1,Modern,layout,0.8,2.0,4.0,False,0.1,True,5,3.9410688877105713,36.36,11,4,7,
umeh_druma_high quality,umeh_druma_high quality - page 1,Modern,layout,0.8,2.0,4.0,False,0.25,True,5,3.942791223526001,36.36,11,4,7,
umeh_druma_high quality,umeh_druma_high quality - page 1,Modern,layout,0.8,2.0,4.0,False,0.5,True,5,3.966629981994629,36.36,11,4,7,
umeh_druma_high quality,umeh_druma_high quality - page 1,Modern,layout,0.8,2.0,4.0,False,0.9,True,5,3.937301874160767,36.36,11,4,7,
umeh_druma_high quality,umeh_druma_high quality - page 1,Modern,layout,0.8,2.0,5.0,True,0.1,True,4,3.744630098342896,53.85,13,7,6,
umeh_druma_high quality,umeh_druma_high quality - page 1,Modern,layout,0.8,2.0,5.0,True,0.25,True,4,3.6104698181152335,53.85,13,7,6,
umeh_druma_high quality,umeh_druma_high quality - page 1,Modern,layout,0.8,2.0,5.0,True,0.5,True,4,3.733719110488892,53.85,13,7,6,
umeh_druma_high quality,umeh_druma_high quality - page 1,Modern,layout,0.8,2.0,5.0,True,0.9,True,4,3.641144990921021,53.85,13,7,6,
umeh_druma_high quality,umeh_druma_high quality - page 1,Modern,layout,0.8,2.0,5.0,False,0.1,True,5,3.845866441726685,86.67,15,13,2,
umeh_druma_high quality,umeh_druma_high quality - page 1,Modern,layout,0.8,2.0,5.0,False,0.25,True,5,3.817361354827881,86.67,15,13,2,
umeh_druma_high quality,umeh_druma_high quality - page 1,Modern,layout,0.8,2.0,5.0,False,0.5,True,5,3.806878328323364,86.67,15,13,2,
umeh_druma_high quality,umeh_druma_high quality - page 1,Modern,layout,0.8,2.0,5.0,False,0.9,True,5,3.8375003337860103,86.67,15,13,2,
umeh_druma_high quality,umeh_druma_high quality - page 1,Modern,layout,0.8,2.5,2.5,True,0.1,True,4,4.00461220741272,41.18,17,7,10,
umeh_druma_high quality,umeh_druma_high quality - page 1,Modern,layout,0.8,2.5,2.5,True,0.25,True,4,3.928020715713501,41.18,17,7,10,
umeh_druma_high quality,umeh_druma_high quality - page 1,Modern,layout,0.8,2.5,2.5,True,0.5,True,4,3.925177335739136,41.18,17,7,10,
umeh_druma_high quality,umeh_druma_high quality - page 1,Modern,layout,0.8,2.5,2.5,True,0.9,True,4,3.943140745162964,41.18,17,7,10,
umeh_druma_high quality,umeh_druma_high quality - page 1,Modern,layout,0.8,2.5,2.5,False,0.1,True,5,4.080064058303833,57.14,14,8,6,
umeh_druma_high quality,umeh_druma_high quality - page 1,Modern,layout,0.8,2.5,2.5,False,0.25,True,5,4.409962892532349,57.14,14,8,6,
umeh_druma_high quality,umeh_druma_high quality - page 1,Modern,layout,0.8,2.5,2.5,False,0.5,True,5,4.025370359420776,57.14,14,8,6,
umeh_druma_high quality,umeh_druma_high quality - page 1,Modern,layout,0.8,2.5,2.5,False,0.9,True,5,4.1119372844696045,57.14,14,8,6,
umeh_druma_high quality,umeh_druma_high quality - page 1,Modern,layout,0.8,2.5,3.5,True,0.1,True,4,3.880345106124878,57.14,14,8,6,
umeh_druma_high quality,umeh_druma_high quality - page 1,Modern,layout,0.8,2.5,3.5,True,0.25,True,4,4.2206337451934814,57.14,14,8,6,
umeh_druma_high quality,umeh_druma_high quality - page 1,Modern,layout,0.8,2.5,3.5,True,0.5,True,4,5.643820285797119,57.14,14,8,6,
umeh_druma_high quality,umeh_druma_high quality - page 1,Modern,layout,0.8,2.5,3.5,True,0.9,True,4,5.401266574859619,57.14,14,8,6,
umeh_druma_high quality,umeh_druma_high quality - page 1,Modern,layout,0.8,2.5,3.5,False,0.1,True,5,3.921175003051758,50.0,16,8,8,
umeh_druma_high quality,umeh_druma_high quality - page 1,Modern,layout,0.8,2.5,3.5,False,0.25,True,5,4.03722095489502,50.0,16,8,8,
umeh_druma_high quality,umeh_druma_high quality - page 1,Modern,layout,0.8,2.5,3.5,False,0.5,True,5,4.254254817962647,50.0,16,8,8,
umeh_druma_high quality,umeh_druma_high quality - page 1,Modern,layout,0.8,2.5,3.5,False,0.9,True,5,5.849188089370728,50.0,16,8,8,
umeh_druma_high quality,umeh_druma_high quality - page 1,Modern,layout,0.8,2.5,4.0,True,0.1,True,4,5.6414642333984375,50.0,10,5,5,
umeh_druma_high quality,umeh_druma_high quality - page 1,Modern,layout,0.8,2.5,4.0,True,0.25,True,4,5.629979848861694,50.0,10,5,5,
umeh_druma_high quality,umeh_druma_high quality - page 1,Modern,layout,0.8,2.5,4.0,True,0.5,True,4,5.630488395690918,50.0,10,5,5,
umeh_druma_high quality,umeh_druma_high quality - page 1,Modern,layout,0.8,2.5,4.0,True,0.9,True,4,3.763643503189087,50.0,10,5,5,
umeh_druma_high quality,umeh_druma_high quality - page 1,Modern,layout,0.8,2.5,4.0,False,0.1,True,5,3.929101705551148,36.36,11,4,7,
umeh_druma_high quality,umeh_druma_high quality - page 1,Modern,layout,0.8,2.5,4.0,False,0.25,True,5,3.9137096405029297,36.36,11,4,7,
umeh_druma_high quality,umeh_druma_high quality - page 1,Modern,layout,0.8,2.5,4.0,False,0.5,True,5,4.0134828090667725,36.36,11,4,7,
umeh_druma_high quality,umeh_druma_high quality - page 1,Modern,layout,0.8,2.5,4.0,False,0.9,True,5,3.9740939140319824,36.36,11,4,7,
umeh_druma_high quality,umeh_druma_high quality - page 1,Modern,layout,0.8,2.5,5.0,True,0.1,True,4,3.6747887134552,41.67,12,5,7,
umeh_druma_high quality,umeh_druma_high quality - page 1,Modern,layout,0.8,2.5,5.0,True,0.25,True,4,3.784786939620972,41.67,12,5,7,
umeh_druma_high quality,umeh_druma_high quality - page 1,Modern,layout,0.8,2.5,5.0,True,0.5,True,4,3.797074794769287,41.67,12,5,7,
umeh_druma_high quality,umeh_druma_high quality - page 1,Modern,layout,0.8,2.5,5.0,True,0.9,True,4,3.7868998050689697,41.67,12,5,7,
umeh_druma_high quality,umeh_druma_high quality - page 1,Modern,layout,0.8,2.5,5.0,False,0.1,True,5,3.928894281387329,38.46,13,5,8,
umeh_druma_high quality,umeh_druma_high quality - page 1,Modern,layout,0.8,2.5,5.0,False,0.25,True,5,3.936192750930786,38.46,13,5,8,
umeh_druma_high quality,umeh_druma_high quality - page 1,Modern,layout,0.8,2.5,5.0,False,0.5,True,5,4.234890222549439,38.46,13,5,8,
umeh_druma_high quality,umeh_druma_high quality - page 1,Modern,layout,0.8,2.5,5.0,False,0.9,True,5,3.823500394821167,38.46,13,5,8,
umeh_druma_high quality,umeh_druma_high quality - page 1,Modern,layout,0.8,3.0,2.5,True,0.1,True,4,4.164209127426148,41.18,17,7,10,
umeh_druma_high quality,umeh_druma_high quality - page 1,Modern,layout,0.8,3.0,2.5,True,0.25,True,4,4.025430202484131,41.18,17,7,10,
umeh_druma_high quality,umeh_druma_high quality - page 1,Modern,layout,0.8,3.0,2.5,True,0.5,True,4,4.03321647644043,41.18,17,7,10,
umeh_druma_high quality,umeh_druma_high quality - page 1,Modern,layout,0.8,3.0,2.5,True,0.9,True,4,4.021061420440674,41.18,17,7,10,
umeh_druma_high quality,umeh_druma_high quality - page 1,Modern,layout,0.8,3.0,2.5,False,0.1,True,5,4.169402837753296,57.14,14,8,6,
umeh_druma_high quality,umeh_druma_high quality - page 1,Modern,layout,0.8,3.0,2.5,False,0.25,True,5,4.956131458282471,57.14,14,8,6,
umeh_druma_high quality,umeh_druma_high quality - page 1,Modern,layout,0.8,3.0,2.5,False,0.5,True,5,4.090254545211792,57.14,14,8,6,
umeh_druma_high quality,umeh_druma_high quality - page 1,Modern,layout,0.8,3.0,2.5,False,0.9,True,5,4.180876970291138,57.14,14,8,6,
umeh_druma_high quality,umeh_druma_high quality - page 1,Modern,layout,0.8,3.0,3.5,True,0.1,True,4,3.934765577316284,57.14,14,8,6,
umeh_druma_high quality,umeh_druma_high quality - page 1,Modern,layout,0.8,3.0,3.5,True,0.25,True,4,5.712616205215454,57.14,14,8,6,
umeh_druma_high quality,umeh_druma_high quality - page 1,Modern,layout,0.8,3.0,3.5,True,0.5,True,4,5.708276987075806,57.14,14,8,6,
umeh_druma_high quality,umeh_druma_high quality - page 1,Modern,layout,0.8,3.0,3.5,True,0.9,True,4,5.710648059844971,57.14,14,8,6,
umeh_druma_high quality,umeh_druma_high quality - page 1,Modern,layout,0.8,3.0,3.5,False,0.1,True,5,3.980679988861084,50.0,16,8,8,
umeh_druma_high quality,umeh_druma_high quality - page 1,Modern,layout,0.8,3.0,3.5,False,0.25,True,5,3.973486185073853,50.0,16,8,8,
umeh_druma_high quality,umeh_druma_high quality - page 1,Modern,layout,0.8,3.0,3.5,False,0.5,True,5,3.973658561706543,50.0,16,8,8,
umeh_druma_high quality,umeh_druma_high quality - page 1,Modern,layout,0.8,3.0,3.5,False,0.9,True,5,3.98248028755188,50.0,16,8,8,
umeh_druma_high quality,umeh_druma_high quality - page 1,Modern,layout,0.8,3.0,4.0,True,0.1,True,4,3.903241634368897,50.0,10,5,5,
umeh_druma_high quality,umeh_druma_high quality - page 1,Modern,layout,0.8,3.0,4.0,True,0.25,True,4,3.944195508956909,50.0,10,5,5,
umeh_druma_high quality,umeh_druma_high quality - page 1,Modern,layout,0.8,3.0,4.0,True,0.5,True,4,4.048983573913574,50.0,10,5,5,
umeh_druma_high quality,umeh_druma_high quality - page 1,Modern,layout,0.8,3.0,4.0,True,0.9,True,4,3.9736385345458975,50.0,10,5,5,
umeh_druma_high quality,umeh_druma_high quality - page 1,Modern,layout,0.8,3.0,4.0,False,0.1,True,5,4.230973243713379,36.36,11,4,7,
umeh_druma_high quality,umeh_druma_high quality - page 1,Modern,layout,0.8,3.0,4.0,False,0.25,True,5,4.130815744400024,36.36,11,4,7,
umeh_druma_high quality,umeh_druma_high quality - page 1,Modern,layout,0.8,3.0,4.0,False,0.5,True,5,4.187252044677734,36.36,11,4,7,
umeh_druma_high quality,umeh_druma_high quality - page 1,Modern,layout,0.8,3.0,4.0,False,0.9,True,5,4.142425298690796,36.36,11,4,7,
umeh_druma_high quality,umeh_druma_high quality - page 1,Modern,layout,0.8,3.0,5.0,True,0.1,True,4,3.8907463550567623,41.67,12,5,7,
umeh_druma_high quality,umeh_druma_high quality - page 1,Modern,layout,0.8,3.0,5.0,True,0.25,True,4,4.205714464187622,41.67,12,5,7,
umeh_druma_high quality,umeh_druma_high quality - page 1,Modern,layout,0.8,3.0,5.0,True,0.5,True,4,3.7946910858154297,41.67,12,5,7,
umeh_druma_high quality,umeh_druma_high quality - page 1,Modern,layout,0.8,3.0,5.0,True,0.9,True,4,3.968593597412109,41.67,12,5,7,
umeh_druma_high quality,umeh_druma_high quality - page 1,Modern,layout,0.8,3.0,5.0,False,0.1,True,5,4.018367290496826,38.46,13,5,8,
umeh_druma_high quality,umeh_druma_high quality - page 1,Modern,layout,0.8,3.0,5.0,False,0.25,True,5,4.025734186172485,38.46,13,5,8,
umeh_druma_high quality,umeh_druma_high quality - page 1,Modern,layout,0.8,3.0,5.0,False,0.5,True,5,4.021880149841309,38.46,13,5,8,
umeh_druma_high quality,umeh_druma_high quality - page 1,Modern,layout,0.8,3.0,5.0,False,0.9,True,5,4.017181396484375,38.46,13,5,8,
umeh_druma_high quality,umeh_druma_high quality - page 1,Modern,layout,0.9,2.0,2.5,True,0.1,True,4,3.858081102371216,41.18,17,7,10,
umeh_druma_high quality,umeh_druma_high quality - page 1,Modern,layout,0.9,2.0,2.5,True,0.25,True,4,3.873394250869751,41.18,17,7,10,
umeh_druma_high quality,umeh_druma_high quality - page 1,Modern,layout,0.9,2.0,2.5,True,0.5,True,4,3.8645458221435542,41.18,17,7,10,
umeh_druma_high quality,umeh_druma_high quality - page 1,Modern,layout,0.9,2.0,2.5,True,0.9,True,4,3.840228080749512,41.18,17,7,10,
umeh_druma_high quality,umeh_druma_high quality - page 1,Modern,layout,0.9,2.0,2.5,False,0.1,True,5,4.0574376583099365,57.14,14,8,6,
umeh_druma_high quality,umeh_druma_high quality - page 1,Modern,layout,0.9,2.0,2.5,False,0.25,True,5,4.012286901473999,57.14,14,8,6,
umeh_druma_high quality,umeh_druma_high quality - page 1,Modern,layout,0.9,2.0,2.5,False,0.5,True,5,4.020042419433594,57.14,14,8,6,
umeh_druma_high quality,umeh_druma_high quality - page 1,Modern,layout,0.9,2.0,2.5,False,0.9,True,5,4.114034175872803,57.14,14,8,6,
umeh_druma_high quality,umeh_druma_high quality - page 1,Modern,layout,0.9,2.0,3.5,True,0.1,True,4,3.776412963867188,57.14,14,8,6,
umeh_druma_high quality,umeh_druma_high quality - page 1,Modern,layout,0.9,2.0,3.5,True,0.25,True,4,3.76068377494812,57.14,14,8,6,
umeh_druma_high quality,umeh_druma_high quality - page 1,Modern,layout,0.9,2.0,3.5,True,0.5,True,4,3.781899690628052,57.14,14,8,6,
umeh_druma_high quality,umeh_druma_high quality - page 1,Modern,layout,0.9,2.0,3.5,True,0.9,True,4,3.774568557739258,57.14,14,8,6,
umeh_druma_high quality,umeh_druma_high quality - page 1,Modern,layout,0.9,2.0,3.5,False,0.1,True,5,3.914457082748413,50.0,16,8,8,
umeh_druma_high quality,umeh_druma_high quality - page 1,Modern,layout,0.9,2.0,3.5,False,0.25,True,5,3.933964967727661,50.0,16,8,8,
umeh_druma_high quality,umeh_druma_high quality - page 1,Modern,layout,0.9,2.0,3.5,False,0.5,True,5,3.919866323471069,50.0,16,8,8,
umeh_druma_high quality,umeh_druma_high quality - page 1,Modern,layout,0.9,2.0,3.5,False,0.9,True,5,3.93051028251648,50.0,16,8,8,
umeh_druma_high quality,umeh_druma_high quality - page 1,Modern,layout,0.9,2.0,4.0,True,0.1,True,4,3.761688709259033,50.0,10,5,5,
umeh_druma_high quality,umeh_druma_high quality - page 1,Modern,layout,0.9,2.0,4.0,True,0.25,True,4,3.835782289505005,50.0,10,5,5,
umeh_druma_high quality,umeh_druma_high quality - page 1,Modern,layout,0.9,2.0,4.0,True,0.5,True,4,3.741824388504028,50.0,10,5,5,
umeh_druma_high quality,umeh_druma_high quality - page 1,Modern,layout,0.9,2.0,4.0,True,0.9,True,4,4.064398288726807,50.0,10,5,5,
umeh_druma_high quality,umeh_druma_high quality - page 1,Modern,layout,0.9,2.0,4.0,False,0.1,True,5,3.815898180007935,36.36,11,4,7,
umeh_druma_high quality,umeh_druma_high quality - page 1,Modern,layout,0.9,2.0,4.0,False,0.25,True,5,3.9175312519073486,36.36,11,4,7,
umeh_druma_high quality,umeh_druma_high quality - page 1,Modern,layout,0.9,2.0,4.0,False,0.5,True,5,3.9095520973205566,36.36,11,4,7,
umeh_druma_high quality,umeh_druma_high quality - page 1,Modern,layout,0.9,2.0,4.0,False,0.9,True,5,3.915050029754639,36.36,11,4,7,
umeh_druma_high quality,umeh_druma_high quality - page 1,Modern,layout,0.9,2.0,5.0,True,0.1,True,4,3.57539701461792,53.85,13,7,6,
umeh_druma_high quality,umeh_druma_high quality - page 1,Modern,layout,0.9,2.0,5.0,True,0.25,True,4,3.5939624309539795,53.85,13,7,6,
umeh_druma_high quality,umeh_druma_high quality - page 1,Modern,layout,0.9,2.0,5.0,True,0.5,True,4,3.606304407119751,53.85,13,7,6,
umeh_druma_high quality,umeh_druma_high quality - page 1,Modern,layout,0.9,2.0,5.0,True,0.9,True,4,3.688522577285767,53.85,13,7,6,
umeh_druma_high quality,umeh_druma_high quality - page 1,Modern,layout,0.9,2.0,5.0,False,0.1,True,5,3.836326122283936,86.67,15,13,2,
umeh_druma_high quality,umeh_druma_high quality - page 1,Modern,layout,0.9,2.0,5.0,False,0.25,True,5,3.7967569828033447,86.67,15,13,2,
umeh_druma_high quality,umeh_druma_high quality - page 1,Modern,layout,0.9,2.0,5.0,False,0.5,True,5,3.789647340774536,86.67,15,13,2,
umeh_druma_high quality,umeh_druma_high quality - page 1,Modern,layout,0.9,2.0,5.0,False,0.9,True,5,3.8356428146362314,86.67,15,13,2,
umeh_druma_high quality,umeh_druma_high quality - page 1,Modern,layout,0.9,2.5,2.5,True,0.1,True,4,5.053417682647705,41.18,17,7,10,
umeh_druma_high quality,umeh_druma_high quality - page 1,Modern,layout,0.9,2.5,2.5,True,0.25,True,4,5.675475120544434,41.18,17,7,10,
umeh_druma_high quality,umeh_druma_high quality - page 1,Modern,layout,0.9,2.5,2.5,True,0.5,True,4,4.000134944915772,41.18,17,7,10,
umeh_druma_high quality,umeh_druma_high quality - page 1,Modern,layout,0.9,2.5,2.5,True,0.9,True,4,3.840424299240112,41.18,17,7,10,
umeh_druma_high quality,umeh_druma_high quality - page 1,Modern,layout,0.9,2.5,2.5,False,0.1,True,5,3.981597900390625,57.14,14,8,6,
umeh_druma_high quality,umeh_druma_high quality - page 1,Modern,layout,0.9,2.5,2.5,False,0.25,True,5,4.0655577182769775,57.14,14,8,6,
umeh_druma_high quality,umeh_druma_high quality - page 1,Modern,layout,0.9,2.5,2.5,False,0.5,True,5,4.094173908233643,57.14,14,8,6,
umeh_druma_high quality,umeh_druma_high quality - page 1,Modern,layout,0.9,2.5,2.5,False,0.9,True,5,4.102210760116577,57.14,14,8,6,
umeh_druma_high quality,umeh_druma_high quality - page 1,Modern,layout,0.9,2.5,3.5,True,0.1,True,4,3.859798192977905,57.14,14,8,6,
umeh_druma_high quality,umeh_druma_high quality - page 1,Modern,layout,0.9,2.5,3.5,True,0.25,True,4,3.874393939971924,57.14,14,8,6,
umeh_druma_high quality,umeh_druma_high quality - page 1,Modern,layout,0.9,2.5,3.5,True,0.5,True,4,3.887446403503418,57.14,14,8,6,
umeh_druma_high quality,umeh_druma_high quality - page 1,Modern,layout,0.9,2.5,3.5,True,0.9,True,4,3.9038174152374263,57.14,14,8,6,
umeh_druma_high quality,umeh_druma_high quality - page 1,Modern,layout,0.9,2.5,3.5,False,0.1,True,5,4.022916316986084,50.0,16,8,8,
umeh_druma_high quality,umeh_druma_high quality - page 1,Modern,layout,0.9,2.5,3.5,False,0.25,True,5,4.005693912506104,50.0,16,8,8,
umeh_druma_high quality,umeh_druma_high quality - page 1,Modern,layout,0.9,2.5,3.5,False,0.5,True,5,4.327413320541382,50.0,16,8,8,
umeh_druma_high quality,umeh_druma_high quality - page 1,Modern,layout,0.9,2.5,3.5,False,0.9,True,5,4.123821496963501,50.0,16,8,8,
umeh_druma_high quality,umeh_druma_high quality - page 1,Modern,layout,0.9,2.5,4.0,True,0.1,True,4,3.8669047355651855,50.0,10,5,5,
umeh_druma_high quality,umeh_druma_high quality - page 1,Modern,layout,0.9,2.5,4.0,True,0.25,True,4,3.865268230438232,50.0,10,5,5,
umeh_druma_high quality,umeh_druma_high quality - page 1,Modern,layout,0.9,2.5,4.0,True,0.5,True,4,3.882194995880127,50.0,10,5,5,
umeh_druma_high quality,umeh_druma_high quality - page 1,Modern,layout,0.9,2.5,4.0,True,0.9,True,4,3.860991716384888,50.0,10,5,5,
umeh_druma_high quality,umeh_druma_high quality - page 1,Modern,layout,0.9,2.5,4.0,False,0.1,True,5,4.04761266708374,36.36,11,4,7,
umeh_druma_high quality,umeh_druma_high quality - page 1,Modern,layout,0.9,2.5,4.0,False,0.25,True,5,4.036850452423096,36.36,11,4,7,
umeh_druma_high quality,umeh_druma_high quality - page 1,Modern,layout,0.9,2.5,4.0,False,0.5,True,5,4.028634548187256,36.36,11,4,7,
umeh_druma_high quality,umeh_druma_high quality - page 1,Modern,layout,0.9,2.5,4.0,False,0.9,True,5,5.747051239013672,36.36,11,4,7,
umeh_druma_high quality,umeh_druma_high quality - page 1,Modern,layout,0.9,2.5,5.0,True,0.1,True,4,3.642972469329834,41.67,12,5,7,
umeh_druma_high quality,umeh_druma_high quality - page 1,Modern,layout,0.9,2.5,5.0,True,0.25,True,4,5.273759126663208,41.67,12,5,7,
umeh_druma_high quality,umeh_druma_high quality - page 1,Modern,layout,0.9,2.5,5.0,True,0.5,True,4,3.6507256031036377,41.67,12,5,7,
umeh_druma_high quality,umeh_druma_high quality - page 1,Modern,layout,0.9,2.5,5.0,True,0.9,True,4,3.660882234573364,41.67,12,5,7,
umeh_druma_high quality,umeh_druma_high quality - page 1,Modern,layout,0.9,2.5,5.0,False,0.1,True,5,3.854506731033325,38.46,13,5,8,
umeh_druma_high quality,umeh_druma_high quality - page 1,Modern,layout,0.9,2.5,5.0,False,0.25,True,5,3.992083787918091,38.46,13,5,8,
umeh_druma_high quality,umeh_druma_high quality - page 1,Modern,layout,0.9,2.5,5.0,False,0.5,True,5,5.545550107955933,38.46,13,5,8,
umeh_druma_high quality,umeh_druma_high quality - page 1,Modern,layout,0.9,2.5,5.0,False,0.9,True,5,3.7930538654327393,38.46,13,5,8,
umeh_druma_high quality,umeh_druma_high quality - page 1,Modern,layout,0.9,3.0,2.5,True,0.1,True,4,3.922554016113281,41.18,17,7,10,
umeh_druma_high quality,umeh_druma_high quality - page 1,Modern,layout,0.9,3.0,2.5,True,0.25,True,4,4.066222667694092,41.18,17,7,10,
umeh_druma_high quality,umeh_druma_high quality - page 1,Modern,layout,0.9,3.0,2.5,True,0.5,True,4,4.033653259277344,41.18,17,7,10,
umeh_druma_high quality,umeh_druma_high quality - page 1,Modern,layout,0.9,3.0,2.5,True,0.9,True,4,4.130161285400391,41.18,17,7,10,
umeh_druma_high quality,umeh_druma_high quality - page 1,Modern,layout,0.9,3.0,2.5,False,0.1,True,5,4.216233253479004,57.14,14,8,6,
umeh_druma_high quality,umeh_druma_high quality - page 1,Modern,layout,0.9,3.0,2.5,False,0.25,True,5,4.178802251815796,57.14,14,8,6,
umeh_druma_high quality,umeh_druma_high quality - page 1,Modern,layout,0.9,3.0,2.5,False,0.5,True,5,4.516419410705566,57.14,14,8,6,
umeh_druma_high quality,umeh_druma_high quality - page 1,Modern,layout,0.9,3.0,2.5,False,0.9,True,5,4.086975574493408,57.14,14,8,6,
umeh_druma_high quality,umeh_druma_high quality - page 1,Modern,layout,0.9,3.0,3.5,True,0.1,True,4,4.152832984924316,57.14,14,8,6,
umeh_druma_high quality,umeh_druma_high quality - page 1,Modern,layout,0.9,3.0,3.5,True,0.25,True,4,3.89817214012146,57.14,14,8,6,
umeh_druma_high quality,umeh_druma_high quality - page 1,Modern,layout,0.9,3.0,3.5,True,0.5,True,4,3.943007469177246,57.14,14,8,6,
umeh_druma_high quality,umeh_druma_high quality - page 1,Modern,layout,0.9,3.0,3.5,True,0.9,True,4,3.932684421539306,57.14,14,8,6,
umeh_druma_high quality,umeh_druma_high quality - page 1,Modern,layout,0.9,3.0,3.5,False,0.1,True,5,5.565273284912109,50.0,16,8,8,
umeh_druma_high quality,umeh_druma_high quality - page 1,Modern,layout,0.9,3.0,3.5,False,0.25,True,5,5.920998334884644,50.0,16,8,8,
umeh_druma_high quality,umeh_druma_high quality - page 1,Modern,layout,0.9,3.0,3.5,False,0.5,True,5,5.926517248153687,50.0,16,8,8,
umeh_druma_high quality,umeh_druma_high quality - page 1,Modern,layout,0.9,3.0,3.5,False,0.9,True,5,5.912496566772461,50.0,16,8,8,
umeh_druma_high quality,umeh_druma_high quality - page 1,Modern,layout,0.9,3.0,4.0,True,0.1,True,4,3.893320322036743,50.0,10,5,5,
umeh_druma_high quality,umeh_druma_high quality - page 1,Modern,layout,0.9,3.0,4.0,True,0.25,True,4,3.866829633712769,50.0,10,5,5,
umeh_druma_high quality,umeh_druma_high quality - page 1,Modern,layout,0.9,3.0,4.0,True,0.5,True,4,3.855056762695313,50.0,10,5,5,
umeh_druma_high quality,umeh_druma_high quality - page 1,Modern,layout,0.9,3.0,4.0,True,0.9,True,4,3.862218618392944,50.0,10,5,5,
umeh_druma_high quality,umeh_druma_high quality - page 1,Modern,layout,0.9,3.0,4.0,False,0.1,True,5,4.020522594451904,36.36,11,4,7,
umeh_druma_high quality,umeh_druma_high quality - page 1,Modern,layout,0.9,3.0,4.0,False,0.25,True,5,4.113530397415161,36.36,11,4,7,
umeh_druma_high quality,umeh_druma_high quality - page 1,Modern,layout,0.9,3.0,4.0,False,0.5,True,5,4.119520902633667,36.36,11,4,7,
umeh_druma_high quality,umeh_druma_high quality - page 1,Modern,layout,0.9,3.0,4.0,False,0.9,True,5,4.145518064498901,36.36,11,4,7,
umeh_druma_high quality,umeh_druma_high quality - page 1,Modern,layout,0.9,3.0,5.0,True,0.1,True,4,3.869300842285156,41.67,12,5,7,
umeh_druma_high quality,umeh_druma_high quality - page 1,Modern,layout,0.9,3.0,5.0,True,0.25,True,4,3.98759651184082,41.67,12,5,7,
umeh_druma_high quality,umeh_druma_high quality - page 1,Modern,layout,0.9,3.0,5.0,True,0.5,True,4,3.8873913288116455,41.67,12,5,7,
umeh_druma_high quality,umeh_druma_high quality - page 1,Modern,layout,0.9,3.0,5.0,True,0.9,True,4,3.9098291397094727,41.67,12,5,7,
umeh_druma_high quality,umeh_druma_high quality - page 1,Modern,layout,0.9,3.0,5.0,False,0.1,True,5,4.01985239982605,38.46,13,5,8,
umeh_druma_high quality,umeh_druma_high quality - page 1,Modern,layout,0.9,3.0,5.0,False,0.25,True,5,4.037230730056763,38.46,13,5,8,
umeh_druma_high quality,umeh_druma_high quality - page 1,Modern,layout,0.9,3.0,5.0,False,0.5,True,5,4.026519060134888,38.46,13,5,8,
umeh_druma_high quality,umeh_druma_high quality - page 1,Modern,layout,0.9,3.0,5.0,False,0.9,True,5,4.3464295864105225,38.46,13,5,8,
umeh_druma_high quality,umeh_druma_high quality - page 2,Ume_Druma,line,0.7,2.0,2.5,True,0.1,True,4,6.762232542037964,44.0,75,33,42,
umeh_druma_high quality,umeh_druma_high quality - page 2,Ume_Druma,line,0.7,2.0,2.5,False,0.1,True,4,5.499391078948975,44.0,75,33,42,
umeh_druma_high quality,umeh_druma_high quality - page 2,Ume_Druma,line,0.7,2.0,3.5,True,0.1,True,4,5.789653539657593,56.58,76,43,33,
umeh_druma_high quality,umeh_druma_high quality - page 2,Ume_Druma,line,0.7,2.0,3.5,False,0.1,True,4,5.485238313674927,56.58,76,43,33,
umeh_druma_high quality,umeh_druma_high quality - page 2,Ume_Druma,line,0.7,2.0,4.0,True,0.1,True,4,5.48072624206543,61.73,81,50,31,
umeh_druma_high quality,umeh_druma_high quality - page 2,Ume_Druma,line,0.7,2.0,4.0,False,0.1,True,4,5.530813217163086,61.73,81,50,31,
umeh_druma_high quality,umeh_druma_high quality - page 2,Ume_Druma,line,0.7,2.0,5.0,True,0.1,True,4,6.087250709533691,56.1,82,46,36,
umeh_druma_high quality,umeh_druma_high quality - page 2,Ume_Druma,line,0.7,2.0,5.0,False,0.1,True,4,6.27396559715271,56.1,82,46,36,
umeh_druma_high quality,umeh_druma_high quality - page 2,Ume_Druma,line,0.7,2.5,2.5,True,0.1,True,4,6.601528167724609,44.74,76,34,42,
umeh_druma_high quality,umeh_druma_high quality - page 2,Ume_Druma,line,0.7,2.5,2.5,False,0.1,True,4,6.2775795459747314,44.74,76,34,42,
umeh_druma_high quality,umeh_druma_high quality - page 2,Ume_Druma,line,0.7,2.5,3.5,True,0.1,True,4,5.954722166061401,56.58,76,43,33,
umeh_druma_high quality,umeh_druma_high quality - page 2,Ume_Druma,line,0.7,2.5,3.5,False,0.1,True,4,6.395390748977661,56.58,76,43,33,
umeh_druma_high quality,umeh_druma_high quality - page 2,Ume_Druma,line,0.7,2.5,4.0,True,0.1,True,4,5.867441415786743,61.73,81,50,31,
umeh_druma_high quality,umeh_druma_high quality - page 2,Ume_Druma,line,0.7,2.5,4.0,False,0.1,True,4,6.356709957122803,61.73,81,50,31,
umeh_druma_high quality,umeh_druma_high quality - page 2,Ume_Druma,line,0.7,2.5,5.0,True,0.1,True,4,6.56618332862854,51.85,81,42,39,
umeh_druma_high quality,umeh_druma_high quality - page 2,Ume_Druma,line,0.7,2.5,5.0,False,0.1,True,4,6.687238931655884,51.85,81,42,39,
umeh_druma_high quality,umeh_druma_high quality - page 2,Ume_Druma,layout,0.7,2.0,2.5,True,0.1,True,4,6.872540473937988,51.81,83,43,40,
umeh_druma_high quality,umeh_druma_high quality - page 2,Ume_Druma,layout,0.7,2.0,2.5,False,0.1,True,6,6.53705620765686,50.0,82,41,41,
umeh_druma_high quality,umeh_druma_high quality - page 2,Ume_Druma,layout,0.7,2.0,3.5,True,0.1,True,4,5.9085729122161865,53.95,76,41,35,
umeh_druma_high quality,umeh_druma_high quality - page 2,Ume_Druma,layout,0.7,2.0,3.5,False,0.1,True,6,6.741556882858276,55.41,74,41,33,
umeh_druma_high quality,umeh_druma_high quality - page 2,Ume_Druma,layout,0.7,2.0,4.0,True,0.1,True,4,6.232983350753784,55.13,78,43,35,
umeh_druma_high quality,umeh_druma_high quality - page 2,Ume_Druma,layout,0.7,2.0,4.0,False,0.1,True,6,6.66263484954834,57.14,77,44,33,
umeh_druma_high quality,umeh_druma_high quality - page 2,Ume_Druma,layout,0.7,2.0,5.0,True,0.1,True,4,6.6945085525512695,56.96,79,45,34,
umeh_druma_high quality,umeh_druma_high quality - page 2,Ume_Druma,layout,0.7,2.0,5.0,False,0.1,True,6,7.136857986450195,53.85,78,42,36,
umeh_druma_high quality,umeh_druma_high quality - page 2,Ume_Druma,layout,0.7,2.5,2.5,True,0.1,True,4,6.447638273239136,46.99,83,39,44,
umeh_druma_high quality,umeh_druma_high quality - page 2,Ume_Druma,layout,0.7,2.5,2.5,False,0.1,True,6,7.203853130340576,49.4,83,41,42,
umeh_druma_high quality,umeh_druma_high quality - page 2,Ume_Druma,layout,0.7,2.5,3.5,True,0.1,True,4,6.140700340270996,53.95,76,41,35,
umeh_druma_high quality,umeh_druma_high quality - page 2,Ume_Druma,layout,0.7,2.5,3.5,False,0.1,True,6,7.010532140731812,55.41,74,41,33,
umeh_druma_high quality,umeh_druma_high quality - page 2,Ume_Druma,layout,0.7,2.5,4.0,True,0.1,True,4,6.94812273979187,55.13,78,43,35,
umeh_druma_high quality,umeh_druma_high quality - page 2,Ume_Druma,layout,0.7,2.5,4.0,False,0.1,True,6,7.021254301071167,57.14,77,44,33,
umeh_druma_high quality,umeh_druma_high quality - page 2,Ume_Druma,layout,0.7,2.5,5.0,True,0.1,True,4,6.861864805221558,61.73,81,50,31,
umeh_druma_high quality,umeh_druma_high quality - page 2,Ume_Druma,layout,0.7,2.5,5.0,False,0.1,True,6,7.119535207748413,60.24,83,50,33,
umeh_druma_high quality,umeh_druma_high quality - page 2,Ume_Petsuk,line,0.7,2.0,2.5,True,0.1,True,4,7.806667804718018,51.85,81,42,39,
umeh_druma_high quality,umeh_druma_high quality - page 2,Ume_Petsuk,line,0.7,2.0,2.5,False,0.1,True,4,6.990838527679443,51.85,81,42,39,
umeh_druma_high quality,umeh_druma_high quality - page 2,Ume_Petsuk,line,0.7,2.0,3.5,True,0.1,True,4,5.967723369598389,63.86,83,53,30,
umeh_druma_high quality,umeh_druma_high quality - page 2,Ume_Petsuk,line,0.7,2.0,3.5,False,0.1,True,4,5.784740447998047,63.86,83,53,30,
umeh_druma_high quality,umeh_druma_high quality - page 2,Ume_Petsuk,line,0.7,2.0,4.0,True,0.1,True,4,6.493020534515381,60.47,86,52,34,
umeh_druma_high quality,umeh_druma_high quality - page 2,Ume_Petsuk,line,0.7,2.0,4.0,False,0.1,True,4,6.1687493324279785,60.47,86,52,34,
umeh_druma_high quality,umeh_druma_high quality - page 2,Ume_Petsuk,line,0.7,2.0,5.0,True,0.1,True,4,7.013705015182495,56.82,88,50,38,
umeh_druma_high quality,umeh_druma_high quality - page 2,Ume_Petsuk,line,0.7,2.0,5.0,False,0.1,True,4,6.963042974472046,56.82,88,50,38,
umeh_druma_high quality,umeh_druma_high quality - page 2,Ume_Petsuk,line,0.7,2.5,2.5,True,0.1,True,4,7.110148191452026,55.7,79,44,35,
umeh_druma_high quality,umeh_druma_high quality - page 2,Ume_Petsuk,line,0.7,2.5,2.5,False,0.1,True,4,6.967758655548096,55.7,79,44,35,
umeh_druma_high quality,umeh_druma_high quality - page 2,Ume_Petsuk,line,0.7,2.5,3.5,True,0.1,True,4,6.246093988418579,63.86,83,53,30,
umeh_druma_high quality,umeh_druma_high quality - page 2,Ume_Petsuk,line,0.7,2.5,3.5,False,0.1,True,4,6.459585666656494,63.86,83,53,30,
umeh_druma_high quality,umeh_druma_high quality - page 2,Ume_Petsuk,line,0.7,2.5,4.0,True,0.1,True,4,6.62128210067749,60.47,86,52,34,
umeh_druma_high quality,umeh_druma_high quality - page 2,Ume_Petsuk,line,0.7,2.5,4.0,False,0.1,True,4,6.094115972518921,60.47,86,52,34,
umeh_druma_high quality,umeh_druma_high quality - page 2,Ume_Petsuk,line,0.7,2.5,5.0,True,0.1,True,4,6.563568115234375,56.98,86,49,37,
umeh_druma_high quality,umeh_druma_high quality - page 2,Ume_Petsuk,line,0.7,2.5,5.0,False,0.1,True,4,6.996300458908081,56.98,86,49,37,
umeh_druma_high quality,umeh_druma_high quality - page 2,Ume_Petsuk,layout,0.7,2.0,2.5,True,0.1,True,4,4.69159460067749,56.98,86,49,37,
umeh_druma_high quality,umeh_druma_high quality - page 2,Ume_Petsuk,layout,0.7,2.0,2.5,False,0.1,True,6,4.620446681976318,56.98,86,49,37,
umeh_druma_high quality,umeh_druma_high quality - page 2,Ume_Petsuk,layout,0.7,2.0,3.5,True,0.1,True,4,4.002023935317993,67.42,89,60,29,
umeh_druma_high quality,umeh_druma_high quality - page 2,Ume_Petsuk,layout,0.7,2.0,3.5,False,0.1,True,6,4.296969413757324,63.64,88,56,32,
umeh_druma_high quality,umeh_druma_high quality - page 2,Ume_Petsuk,layout,0.7,2.0,4.0,True,0.1,True,4,4.033624172210693,59.52,84,50,34,
umeh_druma_high quality,umeh_druma_high quality - page 2,Ume_Petsuk,layout,0.7,2.0,4.0,False,0.1,True,6,4.346728563308716,56.98,86,49,37,
umeh_druma_high quality,umeh_druma_high quality - page 2,Ume_Petsuk,layout,0.7,2.0,5.0,True,0.1,True,4,4.485410213470459,48.1,79,38,41,
umeh_druma_high quality,umeh_druma_high quality - page 2,Ume_Petsuk,layout,0.7,2.0,5.0,False,0.1,True,6,4.645638465881348,46.25,80,37,43,
umeh_druma_high quality,umeh_druma_high quality - page 2,Ume_Petsuk,layout,0.7,2.5,2.5,True,0.1,True,4,4.319552659988403,63.53,85,54,31,
umeh_druma_high quality,umeh_druma_high quality - page 2,Ume_Petsuk,layout,0.7,2.5,2.5,False,0.1,True,6,4.62255859375,55.29,85,47,38,
umeh_druma_high quality,umeh_druma_high quality - page 2,Ume_Petsuk,layout,0.7,2.5,3.5,True,0.1,True,4,4.151001691818237,67.42,89,60,29,
umeh_druma_high quality,umeh_druma_high quality - page 2,Ume_Petsuk,layout,0.7,2.5,3.5,False,0.1,True,6,4.420581817626953,63.64,88,56,32,
umeh_druma_high quality,umeh_druma_high quality - page 2,Ume_Petsuk,layout,0.7,2.5,4.0,True,0.1,True,4,4.162824630737305,59.52,84,50,34,
umeh_druma_high quality,umeh_druma_high quality - page 2,Ume_Petsuk,layout,0.7,2.5,4.0,False,0.1,True,6,4.498277425765991,56.98,86,49,37,
umeh_druma_high quality,umeh_druma_high quality - page 2,Ume_Petsuk,layout,0.7,2.5,5.0,True,0.1,True,4,4.43341326713562,49.35,77,38,39,
umeh_druma_high quality,umeh_druma_high quality - page 2,Ume_Petsuk,layout,0.7,2.5,5.0,False,0.1,True,6,4.711851119995117,47.37,76,36,40,
umeh_druma_high quality,umeh_druma_high quality - page 2,Modern,line,0.7,2.0,2.5,True,0.1,True,4,6.125730752944946,28.57,49,14,35,
umeh_druma_high quality,umeh_druma_high quality - page 2,Modern,line,0.7,2.0,2.5,False,0.1,True,4,5.475422620773315,28.57,49,14,35,
umeh_druma_high quality,umeh_druma_high quality - page 2,Modern,line,0.7,2.0,3.5,True,0.1,True,4,5.105255126953125,24.39,41,10,31,
umeh_druma_high quality,umeh_druma_high quality - page 2,Modern,line,0.7,2.0,3.5,False,0.1,True,4,5.192720651626587,24.39,41,10,31,
umeh_druma_high quality,umeh_druma_high quality - page 2,Modern,line,0.7,2.0,4.0,True,0.1,True,4,4.981599807739258,25.64,39,10,29,
umeh_druma_high quality,umeh_druma_high quality - page 2,Modern,line,0.7,2.0,4.0,False,0.1,True,4,5.011173963546753,25.64,39,10,29,
umeh_druma_high quality,umeh_druma_high quality - page 2,Modern,line,0.7,2.0,5.0,True,0.1,True,4,5.348085165023804,51.43,35,18,17,
umeh_druma_high quality,umeh_druma_high quality - page 2,Modern,line,0.7,2.0,5.0,False,0.1,True,4,4.993815183639526,51.43,35,18,17,
umeh_druma_high quality,umeh_druma_high quality - page 2,Modern,line,0.7,2.5,2.5,True,0.1,True,4,5.355467081069946,24.49,49,12,37,
umeh_druma_high quality,umeh_druma_high quality - page 2,Modern,line,0.7,2.5,2.5,False,0.1,True,4,5.353023529052734,24.49,49,12,37,
umeh_druma_high quality,umeh_druma_high quality - page 2,Modern,line,0.7,2.5,3.5,True,0.1,True,4,5.630704164505005,24.39,41,10,31,
umeh_druma_high quality,umeh_druma_high quality - page 2,Modern,line,0.7,2.5,3.5,False,0.1,True,4,5.373280048370361,24.39,41,10,31,
umeh_druma_high quality,umeh_druma_high quality - page 2,Modern,line,0.7,2.5,4.0,True,0.1,True,4,5.1391441822052,25.64,39,10,29,
umeh_druma_high quality,umeh_druma_high quality - page 2,Modern,line,0.7,2.5,4.0,False,0.1,True,4,5.102863311767578,25.64,39,10,29,
umeh_druma_high quality,umeh_druma_high quality - page 2,Modern,line,0.7,2.5,5.0,True,0.1,True,4,5.575455904006958,40.62,32,13,19,
umeh_druma_high quality,umeh_druma_high quality - page 2,Modern,line,0.7,2.5,5.0,False,0.1,True,4,5.2448344230651855,40.62,32,13,19,
umeh_druma_high quality,umeh_druma_high quality - page 2,Modern,layout,0.7,2.0,2.5,True,0.1,True,4,5.935766696929932,28.85,52,15,37,
umeh_druma_high quality,umeh_druma_high quality - page 2,Modern,layout,0.7,2.0,2.5,False,0.1,True,6,5.69100022315979,32.0,50,16,34,
umeh_druma_high quality,umeh_druma_high quality - page 2,Modern,layout,0.7,2.0,3.5,True,0.1,True,4,5.506351709365845,41.86,43,18,25,
umeh_druma_high quality,umeh_druma_high quality - page 2,Modern,layout,0.7,2.0,3.5,False,0.1,True,6,5.255740642547607,28.57,42,12,30,
umeh_druma_high quality,umeh_druma_high quality - page 2,Modern,layout,0.7,2.0,4.0,True,0.1,True,4,5.255192279815674,40.48,42,17,25,
umeh_druma_high quality,umeh_druma_high quality - page 2,Modern,layout,0.7,2.0,4.0,False,0.1,True,6,5.258503198623657,33.33,42,14,28,
umeh_druma_high quality,umeh_druma_high quality - page 2,Modern,layout,0.7,2.0,5.0,True,0.1,True,4,5.505359172821045,34.38,32,11,21,
umeh_druma_high quality,umeh_druma_high quality - page 2,Modern,layout,0.7,2.0,5.0,False,0.1,True,6,5.52023196220398,41.18,34,14,20,
umeh_druma_high quality,umeh_druma_high quality - page 2,Modern,layout,0.7,2.5,2.5,True,0.1,True,4,6.071251153945923,29.55,44,13,31,
umeh_druma_high quality,umeh_druma_high quality - page 2,Modern,layout,0.7,2.5,2.5,False,0.1,True,6,5.98526668548584,32.0,50,16,34,
umeh_druma_high quality,umeh_druma_high quality - page 2,Modern,layout,0.7,2.5,3.5,True,0.1,True,4,5.445772409439087,41.86,43,18,25,
umeh_druma_high quality,umeh_druma_high quality - page 2,Modern,layout,0.7,2.5,3.5,False,0.1,True,6,5.3977370262146,28.57,42,12,30,
umeh_druma_high quality,umeh_druma_high quality - page 2,Modern,layout,0.7,2.5,4.0,True,0.1,True,4,5.671069383621216,40.48,42,17,25,
umeh_druma_high quality,umeh_druma_high quality - page 2,Modern,layout,0.7,2.5,4.0,False,0.1,True,6,5.385776996612549,33.33,42,14,28,
umeh_druma_high quality,umeh_druma_high quality - page 2,Modern,layout,0.7,2.5,5.0,True,0.1,True,4,7.209612131118774,51.52,33,17,16,
umeh_druma_high quality,umeh_druma_high quality - page 2,Modern,layout,0.7,2.5,5.0,False,0.1,True,6,5.764600992202759,43.75,32,14,18,
umeh_druma_high quality,umeh_druma_high quality - page 3,Ume_Druma,line,0.7,2.0,2.5,True,0.1,True,4,3.605026006698608,54.76,84,46,38,
umeh_druma_high quality,umeh_druma_high quality - page 3,Ume_Druma,line,0.7,2.0,2.5,False,0.1,True,4,3.6550562381744394,54.76,84,46,38,
umeh_druma_high quality,umeh_druma_high quality - page 3,Ume_Druma,line,0.7,2.0,3.5,True,0.1,True,4,3.5259737968444824,64.77,88,57,31,
umeh_druma_high quality,umeh_druma_high quality - page 3,Ume_Druma,line,0.7,2.0,3.5,False,0.1,True,4,3.499054431915283,64.77,88,57,31,
umeh_druma_high quality,umeh_druma_high quality - page 3,Ume_Druma,line,0.7,2.0,4.0,True,0.1,True,4,3.6467947959899902,59.49,79,47,32,
umeh_druma_high quality,umeh_druma_high quality - page 3,Ume_Druma,line,0.7,2.0,4.0,False,0.1,True,4,3.757877588272095,59.49,79,47,32,
umeh_druma_high quality,umeh_druma_high quality - page 3,Ume_Druma,line,0.7,2.0,5.0,True,0.1,True,4,5.656760454177856,53.16,79,42,37,
umeh_druma_high quality,umeh_druma_high quality - page 3,Ume_Druma,line,0.7,2.0,5.0,False,0.1,True,4,3.873826026916504,53.16,79,42,37,
umeh_druma_high quality,umeh_druma_high quality - page 3,Ume_Druma,line,0.7,2.5,2.5,True,0.1,True,4,3.738163471221924,57.83,83,48,35,
umeh_druma_high quality,umeh_druma_high quality - page 3,Ume_Druma,line,0.7,2.5,2.5,False,0.1,True,4,3.808607578277588,57.83,83,48,35,
umeh_druma_high quality,umeh_druma_high quality - page 3,Ume_Druma,line,0.7,2.5,3.5,True,0.1,True,4,3.790450811386109,64.77,88,57,31,
umeh_druma_high quality,umeh_druma_high quality - page 3,Ume_Druma,line,0.7,2.5,3.5,False,0.1,True,4,3.7911109924316406,64.77,88,57,31,
umeh_druma_high quality,umeh_druma_high quality - page 3,Ume_Druma,line,0.7,2.5,4.0,True,0.1,True,4,4.118247985839844,59.49,79,47,32,
umeh_druma_high quality,umeh_druma_high quality - page 3,Ume_Druma,line,0.7,2.5,4.0,False,0.1,True,4,3.867138624191284,59.49,79,47,32,
umeh_druma_high quality,umeh_druma_high quality - page 3,Ume_Druma,line,0.7,2.5,5.0,True,0.1,True,4,4.063747882843018,56.63,83,47,36,
umeh_druma_high quality,umeh_druma_high quality - page 3,Ume_Druma,line,0.7,2.5,5.0,False,0.1,True,4,4.032851219177246,56.63,83,47,36,
umeh_druma_high quality,umeh_druma_high quality - page 3,Ume_Druma,layout,0.7,2.0,2.5,True,0.1,True,4,3.791450738906861,55.29,85,47,38,
umeh_druma_high quality,umeh_druma_high quality - page 3,Ume_Druma,layout,0.7,2.0,2.5,False,0.1,True,5,3.9944000244140634,50.0,82,41,41,
umeh_druma_high quality,umeh_druma_high quality - page 3,Ume_Druma,layout,0.7,2.0,3.5,True,0.1,True,4,3.8322227001190186,54.65,86,47,39,
umeh_druma_high quality,umeh_druma_high quality - page 3,Ume_Druma,layout,0.7,2.0,3.5,False,0.1,True,5,3.93232798576355,59.3,86,51,35,
umeh_druma_high quality,umeh_druma_high quality - page 3,Ume_Druma,layout,0.7,2.0,4.0,True,0.1,True,4,4.039162397384644,54.65,86,47,39,
umeh_druma_high quality,umeh_druma_high quality - page 3,Ume_Druma,layout,0.7,2.0,4.0,False,0.1,True,5,4.115323543548584,58.14,86,50,36,
umeh_druma_high quality,umeh_druma_high quality - page 3,Ume_Druma,layout,0.7,2.0,5.0,True,0.1,True,4,4.081744194030762,52.86,70,37,33,
umeh_druma_high quality,umeh_druma_high quality - page 3,Ume_Druma,layout,0.7,2.0,5.0,False,0.1,True,5,4.2016191482543945,50.0,72,36,36,
umeh_druma_high quality,umeh_druma_high quality - page 3,Ume_Druma,layout,0.7,2.5,2.5,True,0.1,True,4,3.958095788955689,58.82,85,50,35,
umeh_druma_high quality,umeh_druma_high quality - page 3,Ume_Druma,layout,0.7,2.5,2.5,False,0.1,True,5,4.110535383224487,53.66,82,44,38,
umeh_druma_high quality,umeh_druma_high quality - page 3,Ume_Druma,layout,0.7,2.5,3.5,True,0.1,True,4,3.961446046829224,54.65,86,47,39,
umeh_druma_high quality,umeh_druma_high quality - page 3,Ume_Druma,layout,0.7,2.5,3.5,False,0.1,True,5,4.0679121017456055,59.3,86,51,35,
umeh_druma_high quality,umeh_druma_high quality - page 3,Ume_Druma,layout,0.7,2.5,4.0,True,0.1,True,4,3.997732162475586,54.65,86,47,39,
umeh_druma_high quality,umeh_druma_high quality - page 3,Ume_Druma,layout,0.7,2.5,4.0,False,0.1,True,5,4.1257829666137695,58.14,86,50,36,
umeh_druma_high quality,umeh_druma_high quality - page 3,Ume_Druma,layout,0.7,2.5,5.0,True,0.1,True,4,4.20982813835144,50.0,70,35,35,
umeh_druma_high quality,umeh_druma_high quality - page 3,Ume_Druma,layout,0.7,2.5,5.0,False,0.1,True,5,4.301270246505737,48.65,74,36,38,
umeh_druma_high quality,umeh_druma_high quality - page 3,Ume_Petsuk,line,0.7,2.0,2.5,True,0.1,True,4,3.7752327919006343,66.29,89,59,30,
umeh_druma_high quality,umeh_druma_high quality - page 3,Ume_Petsuk,line,0.7,2.0,2.5,False,0.1,True,4,3.814961433410645,66.29,89,59,30,
umeh_druma_high quality,umeh_druma_high quality - page 3,Ume_Petsuk,line,0.7,2.0,3.5,True,0.1,True,4,3.7356457710266113,61.73,81,50,31,
umeh_druma_high quality,umeh_druma_high quality - page 3,Ume_Petsuk,line,0.7,2.0,3.5,False,0.1,True,4,3.762355089187622,61.73,81,50,31,
umeh_druma_high quality,umeh_druma_high quality - page 3,Ume_Petsuk,line,0.7,2.0,4.0,True,0.1,True,4,3.902068853378296,57.5,80,46,34,
umeh_druma_high quality,umeh_druma_high quality - page 3,Ume_Petsuk,line,0.7,2.0,4.0,False,0.1,True,4,5.578478574752808,57.5,80,46,34,
umeh_druma_high quality,umeh_druma_high quality - page 3,Ume_Petsuk,line,0.7,2.0,5.0,True,0.1,True,4,5.935927152633667,53.57,84,45,39,
umeh_druma_high quality,umeh_druma_high quality - page 3,Ume_Petsuk,line,0.7,2.0,5.0,False,0.1,True,4,5.831592321395874,53.57,84,45,39,
umeh_druma_high quality,umeh_druma_high quality - page 3,Ume_Petsuk,line,0.7,2.5,2.5,True,0.1,True,4,3.779283046722412,62.92,89,56,33,
umeh_druma_high quality,umeh_druma_high quality - page 3,Ume_Petsuk,line,0.7,2.5,2.5,False,0.1,True,4,3.773010730743408,62.92,89,56,33,
umeh_druma_high quality,umeh_druma_high quality - page 3,Ume_Petsuk,line,0.7,2.5,3.5,True,0.1,True,4,3.7349140644073486,61.73,81,50,31,
umeh_druma_high quality,umeh_druma_high quality - page 3,Ume_Petsuk,line,0.7,2.5,3.5,False,0.1,True,4,3.7488698959350586,61.73,81,50,31,
umeh_druma_high quality,umeh_druma_high quality - page 3,Ume_Petsuk,line,0.7,2.5,4.0,True,0.1,True,4,3.973357677459717,57.5,80,46,34,
umeh_druma_high quality,umeh_druma_high quality - page 3,Ume_Petsuk,line,0.7,2.5,4.0,False,0.1,True,4,3.897526502609253,57.5,80,46,34,
umeh_druma_high quality,umeh_druma_high quality - page 3,Ume_Petsuk,line,0.7,2.5,5.0,True,0.1,True,4,4.2933759689331055,45.57,79,36,43,
umeh_druma_high quality,umeh_druma_high quality - page 3,Ume_Petsuk,line,0.7,2.5,5.0,False,0.1,True,4,4.335915565490723,45.57,79,36,43,
umeh_druma_high quality,umeh_druma_high quality - page 3,Ume_Petsuk,layout,0.7,2.0,2.5,True,0.1,True,4,3.9392881393432617,67.42,89,60,29,
umeh_druma_high quality,umeh_druma_high quality - page 3,Ume_Petsuk,layout,0.7,2.0,2.5,False,0.1,True,5,4.183091163635254,68.18,88,60,28,
umeh_druma_high quality,umeh_druma_high quality - page 3,Ume_Petsuk,layout,0.7,2.0,3.5,True,0.1,True,4,3.951770782470703,63.41,82,52,30,
umeh_druma_high quality,umeh_druma_high quality - page 3,Ume_Petsuk,layout,0.7,2.0,3.5,False,0.1,True,5,3.997887134552002,61.9,84,52,32,
umeh_druma_high quality,umeh_druma_high quality - page 3,Ume_Petsuk,layout,0.7,2.0,4.0,True,0.1,True,4,4.009765386581421,55.13,78,43,35,
umeh_druma_high quality,umeh_druma_high quality - page 3,Ume_Petsuk,layout,0.7,2.0,4.0,False,0.1,True,5,4.099158048629761,58.02,81,47,34,
umeh_druma_high quality,umeh_druma_high quality - page 3,Ume_Petsuk,layout,0.7,2.0,5.0,True,0.1,True,4,4.597679138183594,41.1,73,30,43,
umeh_druma_high quality,umeh_druma_high quality - page 3,Ume_Petsuk,layout,0.7,2.0,5.0,False,0.1,True,5,4.609739065170288,38.16,76,29,47,
umeh_druma_high quality,umeh_druma_high quality - page 3,Ume_Petsuk,layout,0.7,2.5,2.5,True,0.1,True,4,4.171651840209961,67.03,91,61,30,
umeh_druma_high quality,umeh_druma_high quality - page 3,Ume_Petsuk,layout,0.7,2.5,2.5,False,0.1,True,5,4.307662010192871,67.78,90,61,29,
umeh_druma_high quality,umeh_druma_high quality - page 3,Ume_Petsuk,layout,0.7,2.5,3.5,True,0.1,True,4,3.993701219558716,63.41,82,52,30,
umeh_druma_high quality,umeh_druma_high quality - page 3,Ume_Petsuk,layout,0.7,2.5,3.5,False,0.1,True,5,5.605993270874023,61.9,84,52,32,
umeh_druma_high quality,umeh_druma_high quality - page 3,Ume_Petsuk,layout,0.7,2.5,4.0,True,0.1,True,4,4.026525735855103,55.13,78,43,35,
umeh_druma_high quality,umeh_druma_high quality - page 3,Ume_Petsuk,layout,0.7,2.5,4.0,False,0.1,True,5,4.11018180847168,58.02,81,47,34,
umeh_druma_high quality,umeh_druma_high quality - page 3,Ume_Petsuk,layout,0.7,2.5,5.0,True,0.1,True,4,4.967631340026856,41.33,75,31,44,
umeh_druma_high quality,umeh_druma_high quality - page 3,Ume_Petsuk,layout,0.7,2.5,5.0,False,0.1,True,5,4.668004035949707,37.84,74,28,46,
umeh_druma_high quality,umeh_druma_high quality - page 3,Modern,line,0.7,2.0,2.5,True,0.1,True,4,5.24518084526062,34.78,46,16,30,
umeh_druma_high quality,umeh_druma_high quality - page 3,Modern,line,0.7,2.0,2.5,False,0.1,True,4,5.226829051971436,34.78,46,16,30,
umeh_druma_high quality,umeh_druma_high quality - page 3,Modern,line,0.7,2.0,3.5,True,0.1,True,4,4.856381177902222,39.58,48,19,29,
umeh_druma_high quality,umeh_druma_high quality - page 3,Modern,line,0.7,2.0,3.5,False,0.1,True,4,4.766087770462036,39.58,48,19,29,
umeh_druma_high quality,umeh_druma_high quality - page 3,Modern,line,0.7,2.0,4.0,True,0.1,True,4,4.68990159034729,32.56,43,14,29,
umeh_druma_high quality,umeh_druma_high quality - page 3,Modern,line,0.7,2.0,4.0,False,0.1,True,4,4.746262073516846,32.56,43,14,29,
umeh_druma_high quality,umeh_druma_high quality - page 3,Modern,line,0.7,2.0,5.0,True,0.1,True,4,5.034773349761963,31.11,45,14,31,
umeh_druma_high quality,umeh_druma_high quality - page 3,Modern,line,0.7,2.0,5.0,False,0.1,True,4,4.747227907180786,31.11,45,14,31,
umeh_druma_high quality,umeh_druma_high quality - page 3,Modern,line,0.7,2.5,2.5,True,0.1,True,4,5.14786171913147,29.27,41,12,29,
umeh_druma_high quality,umeh_druma_high quality - page 3,Modern,line,0.7,2.5,2.5,False,0.1,True,4,5.241559982299805,29.27,41,12,29,
umeh_druma_high quality,umeh_druma_high quality - page 3,Modern,line,0.7,2.5,3.5,True,0.1,True,4,4.9070141315460205,39.58,48,19,29,
umeh_druma_high quality,umeh_druma_high quality - page 3,Modern,line,0.7,2.5,3.5,False,0.1,True,4,4.977573156356812,39.58,48,19,29,
umeh_druma_high quality,umeh_druma_high quality - page 3,Modern,line,0.7,2.5,4.0,True,0.1,True,4,5.116549730300903,32.56,43,14,29,
umeh_druma_high quality,umeh_druma_high quality - page 3,Modern,line,0.7,2.5,4.0,False,0.1,True,4,4.904255628585815,32.56,43,14,29,
umeh_druma_high quality,umeh_druma_high quality - page 3,Modern,line,0.7,2.5,5.0,True,0.1,True,4,4.9621782302856445,47.83,46,22,24,
umeh_druma_high quality,umeh_druma_high quality - page 3,Modern,line,0.7,2.5,5.0,False,0.1,True,4,5.0505211353302,47.83,46,22,24,
umeh_druma_high quality,umeh_druma_high quality - page 3,Modern,layout,0.7,2.0,2.5,True,0.1,True,4,5.394038915634155,44.19,43,19,24,
umeh_druma_high quality,umeh_druma_high quality - page 3,Modern,layout,0.7,2.0,2.5,False,0.1,True,5,5.745490789413452,45.45,44,20,24,
umeh_druma_high quality,umeh_druma_high quality - page 3,Modern,layout,0.7,2.0,3.5,True,0.1,True,4,5.033284425735474,40.0,45,18,27,
umeh_druma_high quality,umeh_druma_high quality - page 3,Modern,layout,0.7,2.0,3.5,False,0.1,True,5,5.162903308868408,36.36,44,16,28,
umeh_druma_high quality,umeh_druma_high quality - page 3,Modern,layout,0.7,2.0,4.0,True,0.1,True,4,5.117999315261841,52.94,51,27,24,
umeh_druma_high quality,umeh_druma_high quality - page 3,Modern,layout,0.7,2.0,4.0,False,0.1,True,5,5.217816114425659,51.02,49,25,24,
umeh_druma_high quality,umeh_druma_high quality - page 3,Modern,layout,0.7,2.0,5.0,True,0.1,True,4,5.437887191772461,29.55,44,13,31,
umeh_druma_high quality,umeh_druma_high quality - page 3,Modern,layout,0.7,2.0,5.0,False,0.1,True,5,5.460891008377075,36.96,46,17,29,
umeh_druma_high quality,umeh_druma_high quality - page 3,Modern,layout,0.7,2.5,2.5,True,0.1,True,4,5.297622203826904,43.9,41,18,23,
umeh_druma_high quality,umeh_druma_high quality - page 3,Modern,layout,0.7,2.5,2.5,False,0.1,True,5,5.498660087585449,45.24,42,19,23,
umeh_druma_high quality,umeh_druma_high quality - page 3,Modern,layout,0.7,2.5,3.5,True,0.1,True,4,5.2465293407440186,40.0,45,18,27,
umeh_druma_high quality,umeh_druma_high quality - page 3,Modern,layout,0.7,2.5,3.5,False,0.1,True,5,5.295369386672974,36.36,44,16,28,
umeh_druma_high quality,umeh_druma_high quality - page 3,Modern,layout,0.7,2.5,4.0,True,0.1,True,4,5.682978868484497,52.94,51,27,24,
umeh_druma_high quality,umeh_druma_high quality - page 3,Modern,layout,0.7,2.5,4.0,False,0.1,True,5,5.352633476257324,51.02,49,25,24,
umeh_druma_high quality,umeh_druma_high quality - page 3,Modern,layout,0.7,2.5,5.0,True,0.1,True,4,5.253086805343628,25.0,40,10,30,
umeh_druma_high quality,umeh_druma_high quality - page 3,Modern,layout,0.7,2.5,5.0,False,0.1,True,5,5.694225788116455,29.55,44,13,31,
