file_name,image_name,ocr_model_name,line_mode,class_threshold,k_factor,bbox_tolerance,merge_lines,tps_threshold,success,num_lines_detected,processing_time,quality_score,total_tokens,valid_tokens,invalid_tokens,error
uchen_medium quality,uchen_medium quality - page 1,Woodblock,line,0.7,2.0,2.5,True,0.1,True,1,10.298204898834229,6.25,16,1,15,
uchen_medium quality,uchen_medium quality - page 1,Woodblock,line,0.7,2.0,2.5,True,0.25,True,1,9.033533334732056,6.25,16,1,15,
uchen_medium quality,uchen_medium quality - page 1,Woodblock,line,0.7,2.0,2.5,True,0.5,True,1,8.889682054519653,6.25,16,1,15,
uchen_medium quality,uchen_medium quality - page 1,Woodblock,line,0.7,2.0,2.5,True,0.9,True,1,8.52764892578125,6.25,16,1,15,
uchen_medium quality,uchen_medium quality - page 1,Woodblock,line,0.7,2.0,2.5,False,0.1,True,2,9.84317421913147,40.0,10,4,6,
uchen_medium quality,uchen_medium quality - page 1,Woodblock,line,0.7,2.0,2.5,False,0.25,True,2,10.254772186279297,40.0,10,4,6,
uchen_medium quality,uchen_medium quality - page 1,Woodblock,line,0.7,2.0,2.5,False,0.5,True,2,9.902950286865234,40.0,10,4,6,
uchen_medium quality,uchen_medium quality - page 1,Woodblock,line,0.7,2.0,2.5,False,0.9,True,2,9.80874752998352,40.0,10,4,6,
uchen_medium quality,uchen_medium quality - page 1,Woodblock,line,0.7,2.0,3.5,True,0.1,True,1,8.85611605644226,63.16,19,12,7,
uchen_medium quality,uchen_medium quality - page 1,Woodblock,line,0.7,2.0,3.5,True,0.25,True,1,8.638766050338745,63.16,19,12,7,
uchen_medium quality,uchen_medium quality - page 1,Woodblock,line,0.7,2.0,3.5,True,0.5,True,1,9.01036810874939,63.16,19,12,7,
uchen_medium quality,uchen_medium quality - page 1,Woodblock,line,0.7,2.0,3.5,True,0.9,True,1,9.063252210617065,63.16,19,12,7,
uchen_medium quality,uchen_medium quality - page 1,Woodblock,line,0.7,2.0,3.5,False,0.1,True,2,9.388190746307373,58.82,17,10,7,
uchen_medium quality,uchen_medium quality - page 1,Woodblock,line,0.7,2.0,3.5,False,0.25,True,2,9.09438705444336,58.82,17,10,7,
uchen_medium quality,uchen_medium quality - page 1,Woodblock,line,0.7,2.0,3.5,False,0.5,True,2,9.301980972290039,58.82,17,10,7,
uchen_medium quality,uchen_medium quality - page 1,Woodblock,line,0.7,2.0,3.5,False,0.9,True,2,8.901035785675049,58.82,17,10,7,
uchen_medium quality,uchen_medium quality - page 1,Woodblock,line,0.7,2.0,4.0,True,0.1,True,1,8.47195053100586,61.54,13,8,5,
uchen_medium quality,uchen_medium quality - page 1,Woodblock,line,0.7,2.0,4.0,True,0.25,True,1,9.229120254516602,61.54,13,8,5,
uchen_medium quality,uchen_medium quality - page 1,Woodblock,line,0.7,2.0,4.0,True,0.5,True,1,8.569519281387329,61.54,13,8,5,
uchen_medium quality,uchen_medium quality - page 1,Woodblock,line,0.7,2.0,4.0,True,0.9,True,1,8.830039739608765,61.54,13,8,5,
uchen_medium quality,uchen_medium quality - page 1,Woodblock,line,0.7,2.0,4.0,False,0.1,True,2,9.254534482955933,57.14,14,8,6,
uchen_medium quality,uchen_medium quality - page 1,Woodblock,line,0.7,2.0,4.0,False,0.25,True,2,8.928217649459839,57.14,14,8,6,
uchen_medium quality,uchen_medium quality - page 1,Woodblock,line,0.7,2.0,4.0,False,0.5,True,2,8.565876483917236,57.14,14,8,6,
uchen_medium quality,uchen_medium quality - page 1,Woodblock,line,0.7,2.0,4.0,False,0.9,True,2,9.192397594451904,57.14,14,8,6,
uchen_medium quality,uchen_medium quality - page 1,Woodblock,line,0.7,2.0,5.0,True,0.1,True,1,8.250378847122192,54.55,11,6,5,
uchen_medium quality,uchen_medium quality - page 1,Woodblock,line,0.7,2.0,5.0,True,0.25,True,1,7.903641223907471,54.55,11,6,5,
uchen_medium quality,uchen_medium quality - page 1,Woodblock,line,0.7,2.0,5.0,True,0.5,True,1,8.474684953689575,54.55,11,6,5,
uchen_medium quality,uchen_medium quality - page 1,Woodblock,line,0.7,2.0,5.0,True,0.9,True,1,8.283536911010742,54.55,11,6,5,
uchen_medium quality,uchen_medium quality - page 1,Woodblock,line,0.7,2.0,5.0,False,0.1,True,2,9.199982404708862,63.64,11,7,4,
uchen_medium quality,uchen_medium quality - page 1,Woodblock,line,0.7,2.0,5.0,False,0.25,True,2,8.754460096359253,63.64,11,7,4,
uchen_medium quality,uchen_medium quality - page 1,Woodblock,line,0.7,2.0,5.0,False,0.5,True,2,8.375699758529663,63.64,11,7,4,
uchen_medium quality,uchen_medium quality - page 1,Woodblock,line,0.7,2.0,5.0,False,0.9,True,2,8.357501745223999,63.64,11,7,4,
uchen_medium quality,uchen_medium quality - page 1,Woodblock,line,0.7,2.5,2.5,True,0.1,True,1,9.204554319381714,66.67,18,12,6,
uchen_medium quality,uchen_medium quality - page 1,Woodblock,line,0.7,2.5,2.5,True,0.25,True,1,9.409080505371094,66.67,18,12,6,
uchen_medium quality,uchen_medium quality - page 1,Woodblock,line,0.7,2.5,2.5,True,0.5,True,1,9.586763143539429,66.67,18,12,6,
uchen_medium quality,uchen_medium quality - page 1,Woodblock,line,0.7,2.5,2.5,True,0.9,True,1,9.630612850189209,66.67,18,12,6,
uchen_medium quality,uchen_medium quality - page 1,Woodblock,line,0.7,2.5,2.5,False,0.1,True,2,9.941342830657959,50.0,16,8,8,
uchen_medium quality,uchen_medium quality - page 1,Woodblock,line,0.7,2.5,2.5,False,0.25,True,2,9.849761009216309,50.0,16,8,8,
uchen_medium quality,uchen_medium quality - page 1,Woodblock,line,0.7,2.5,2.5,False,0.5,True,2,9.609320402145386,50.0,16,8,8,
uchen_medium quality,uchen_medium quality - page 1,Woodblock,line,0.7,2.5,2.5,False,0.9,True,2,9.609442949295044,50.0,16,8,8,
uchen_medium quality,uchen_medium quality - page 1,Woodblock,line,0.7,2.5,3.5,True,0.1,True,1,9.28646445274353,63.16,19,12,7,
uchen_medium quality,uchen_medium quality - page 1,Woodblock,line,0.7,2.5,3.5,True,0.25,True,1,9.025171279907227,63.16,19,12,7,
uchen_medium quality,uchen_medium quality - page 1,Woodblock,line,0.7,2.5,3.5,True,0.5,True,1,9.014074325561523,63.16,19,12,7,
uchen_medium quality,uchen_medium quality - page 1,Woodblock,line,0.7,2.5,3.5,True,0.9,True,1,9.300683498382568,63.16,19,12,7,
uchen_medium quality,uchen_medium quality - page 1,Woodblock,line,0.7,2.5,3.5,False,0.1,True,2,9.535640478134155,58.82,17,10,7,
uchen_medium quality,uchen_medium quality - page 1,Woodblock,line,0.7,2.5,3.5,False,0.25,True,2,9.541596412658691,58.82,17,10,7,
uchen_medium quality,uchen_medium quality - page 1,Woodblock,line,0.7,2.5,3.5,False,0.5,True,2,9.425069808959961,58.82,17,10,7,
uchen_medium quality,uchen_medium quality - page 1,Woodblock,line,0.7,2.5,3.5,False,0.9,True,2,9.522093772888184,58.82,17,10,7,
uchen_medium quality,uchen_medium quality - page 1,Woodblock,line,0.7,2.5,4.0,True,0.1,True,1,6.894139528274536,61.54,13,8,5,
uchen_medium quality,uchen_medium quality - page 1,Woodblock,line,0.7,2.5,4.0,True,0.25,True,1,5.779322147369385,61.54,13,8,5,
uchen_medium quality,uchen_medium quality - page 1,Woodblock,line,0.7,2.5,4.0,True,0.5,True,1,5.8153674602508545,61.54,13,8,5,
uchen_medium quality,uchen_medium quality - page 1,Woodblock,line,0.7,2.5,4.0,True,0.9,True,1,5.838902950286865,61.54,13,8,5,
uchen_medium quality,uchen_medium quality - page 1,Woodblock,line,0.7,2.5,4.0,False,0.1,True,2,5.977669715881348,57.14,14,8,6,
uchen_medium quality,uchen_medium quality - page 1,Woodblock,line,0.7,2.5,4.0,False,0.25,True,2,5.999139308929443,57.14,14,8,6,
uchen_medium quality,uchen_medium quality - page 1,Woodblock,line,0.7,2.5,4.0,False,0.5,True,2,6.014861106872559,57.14,14,8,6,
uchen_medium quality,uchen_medium quality - page 1,Woodblock,line,0.7,2.5,4.0,False,0.9,True,2,5.99609375,57.14,14,8,6,
uchen_medium quality,uchen_medium quality - page 1,Woodblock,line,0.7,2.5,5.0,True,0.1,True,1,5.608795166015625,66.67,12,8,4,
uchen_medium quality,uchen_medium quality - page 1,Woodblock,line,0.7,2.5,5.0,True,0.25,True,1,5.618880987167358,66.67,12,8,4,
uchen_medium quality,uchen_medium quality - page 1,Woodblock,line,0.7,2.5,5.0,True,0.5,True,1,5.592617034912109,66.67,12,8,4,
uchen_medium quality,uchen_medium quality - page 1,Woodblock,line,0.7,2.5,5.0,True,0.9,True,1,5.596613168716431,66.67,12,8,4,
uchen_medium quality,uchen_medium quality - page 1,Woodblock,line,0.7,2.5,5.0,False,0.1,True,2,5.7551493644714355,70.0,10,7,3,
uchen_medium quality,uchen_medium quality - page 1,Woodblock,line,0.7,2.5,5.0,False,0.25,True,2,5.844713926315308,70.0,10,7,3,
uchen_medium quality,uchen_medium quality - page 1,Woodblock,line,0.7,2.5,5.0,False,0.5,True,2,5.764359951019287,70.0,10,7,3,
uchen_medium quality,uchen_medium quality - page 1,Woodblock,line,0.7,2.5,5.0,False,0.9,True,2,5.759189128875732,70.0,10,7,3,
uchen_medium quality,uchen_medium quality - page 1,Woodblock,line,0.7,3.0,2.5,True,0.1,True,1,5.9834067821502686,66.67,12,8,4,
uchen_medium quality,uchen_medium quality - page 1,Woodblock,line,0.7,3.0,2.5,True,0.25,True,1,6.02647590637207,66.67,12,8,4,
uchen_medium quality,uchen_medium quality - page 1,Woodblock,line,0.7,3.0,2.5,True,0.5,True,1,5.949426889419556,66.67,12,8,4,
uchen_medium quality,uchen_medium quality - page 1,Woodblock,line,0.7,3.0,2.5,True,0.9,True,1,6.032687664031982,66.67,12,8,4,
uchen_medium quality,uchen_medium quality - page 1,Woodblock,line,0.7,3.0,2.5,False,0.1,True,2,6.569241523742676,70.0,10,7,3,
uchen_medium quality,uchen_medium quality - page 1,Woodblock,line,0.7,3.0,2.5,False,0.25,True,2,6.530471086502075,70.0,10,7,3,
uchen_medium quality,uchen_medium quality - page 1,Woodblock,line,0.7,3.0,2.5,False,0.5,True,2,6.516848087310791,70.0,10,7,3,
uchen_medium quality,uchen_medium quality - page 1,Woodblock,line,0.7,3.0,2.5,False,0.9,True,2,6.510700225830078,70.0,10,7,3,
uchen_medium quality,uchen_medium quality - page 1,Woodblock,line,0.7,3.0,3.5,True,0.1,True,1,5.9034154415130615,66.67,12,8,4,
uchen_medium quality,uchen_medium quality - page 1,Woodblock,line,0.7,3.0,3.5,True,0.25,True,1,5.9168150424957275,66.67,12,8,4,
uchen_medium quality,uchen_medium quality - page 1,Woodblock,line,0.7,3.0,3.5,True,0.5,True,1,5.967742204666138,66.67,12,8,4,
uchen_medium quality,uchen_medium quality - page 1,Woodblock,line,0.7,3.0,3.5,True,0.9,True,1,5.9634716510772705,66.67,12,8,4,
uchen_medium quality,uchen_medium quality - page 1,Woodblock,line,0.7,3.0,3.5,False,0.1,True,2,6.390653371810913,70.0,10,7,3,
uchen_medium quality,uchen_medium quality - page 1,Woodblock,line,0.7,3.0,3.5,False,0.25,True,2,6.5905351638793945,70.0,10,7,3,
uchen_medium quality,uchen_medium quality - page 1,Woodblock,line,0.7,3.0,3.5,False,0.5,True,2,6.300245761871338,70.0,10,7,3,
uchen_medium quality,uchen_medium quality - page 1,Woodblock,line,0.7,3.0,3.5,False,0.9,True,2,6.327470064163208,70.0,10,7,3,
uchen_medium quality,uchen_medium quality - page 1,Woodblock,line,0.7,3.0,4.0,True,0.1,True,1,5.877858400344849,66.67,12,8,4,
uchen_medium quality,uchen_medium quality - page 1,Woodblock,line,0.7,3.0,4.0,True,0.25,True,1,5.93232536315918,66.67,12,8,4,
uchen_medium quality,uchen_medium quality - page 1,Woodblock,line,0.7,3.0,4.0,True,0.5,True,1,5.924649477005005,66.67,12,8,4,
uchen_medium quality,uchen_medium quality - page 1,Woodblock,line,0.7,3.0,4.0,True,0.9,True,1,6.060863018035889,66.67,12,8,4,
uchen_medium quality,uchen_medium quality - page 1,Woodblock,line,0.7,3.0,4.0,False,0.1,True,2,6.246826887130737,70.0,10,7,3,
uchen_medium quality,uchen_medium quality - page 1,Woodblock,line,0.7,3.0,4.0,False,0.25,True,2,6.241937637329102,70.0,10,7,3,
uchen_medium quality,uchen_medium quality - page 1,Woodblock,line,0.7,3.0,4.0,False,0.5,True,2,6.313213109970093,70.0,10,7,3,
uchen_medium quality,uchen_medium quality - page 1,Woodblock,line,0.7,3.0,4.0,False,0.9,True,2,6.415440559387207,70.0,10,7,3,
uchen_medium quality,uchen_medium quality - page 1,Woodblock,line,0.7,3.0,5.0,True,0.1,True,1,9.8954598903656,66.67,12,8,4,
uchen_medium quality,uchen_medium quality - page 1,Woodblock,line,0.7,3.0,5.0,True,0.25,True,1,9.47592830657959,66.67,12,8,4,
uchen_medium quality,uchen_medium quality - page 1,Woodblock,line,0.7,3.0,5.0,True,0.5,True,1,9.491424798965454,66.67,12,8,4,
uchen_medium quality,uchen_medium quality - page 1,Woodblock,line,0.7,3.0,5.0,True,0.9,True,1,9.39934492111206,66.67,12,8,4,
uchen_medium quality,uchen_medium quality - page 1,Woodblock,line,0.7,3.0,5.0,False,0.1,True,2,9.80714750289917,70.0,10,7,3,
uchen_medium quality,uchen_medium quality - page 1,Woodblock,line,0.7,3.0,5.0,False,0.25,True,2,9.686807632446289,70.0,10,7,3,
uchen_medium quality,uchen_medium quality - page 1,Woodblock,line,0.7,3.0,5.0,False,0.5,True,2,9.628655672073364,70.0,10,7,3,
uchen_medium quality,uchen_medium quality - page 1,Woodblock,line,0.7,3.0,5.0,False,0.9,True,2,9.817638158798218,70.0,10,7,3,
uchen_medium quality,uchen_medium quality - page 1,Woodblock,line,0.8,2.0,2.5,True,0.1,True,1,9.174917459487915,6.25,16,1,15,
uchen_medium quality,uchen_medium quality - page 1,Woodblock,line,0.8,2.0,2.5,True,0.25,True,1,10.292437314987183,6.25,16,1,15,
uchen_medium quality,uchen_medium quality - page 1,Woodblock,line,0.8,2.0,2.5,True,0.5,True,1,9.780083179473877,6.25,16,1,15,
uchen_medium quality,uchen_medium quality - page 1,Woodblock,line,0.8,2.0,2.5,True,0.9,True,1,9.448146104812622,6.25,16,1,15,
uchen_medium quality,uchen_medium quality - page 1,Woodblock,line,0.8,2.0,2.5,False,0.1,True,2,9.555830240249634,40.0,10,4,6,
uchen_medium quality,uchen_medium quality - page 1,Woodblock,line,0.8,2.0,2.5,False,0.25,True,2,9.992760181427002,40.0,10,4,6,
uchen_medium quality,uchen_medium quality - page 1,Woodblock,line,0.8,2.0,2.5,False,0.5,True,2,10.100356578826904,40.0,10,4,6,
uchen_medium quality,uchen_medium quality - page 1,Woodblock,line,0.8,2.0,2.5,False,0.9,True,2,10.159902334213257,40.0,10,4,6,
uchen_medium quality,uchen_medium quality - page 1,Woodblock,line,0.8,2.0,3.5,True,0.1,True,1,9.053931474685669,63.16,19,12,7,
uchen_medium quality,uchen_medium quality - page 1,Woodblock,line,0.8,2.0,3.5,True,0.25,True,1,9.31973385810852,63.16,19,12,7,
uchen_medium quality,uchen_medium quality - page 1,Woodblock,line,0.8,2.0,3.5,True,0.5,True,1,9.096925020217896,63.16,19,12,7,
uchen_medium quality,uchen_medium quality - page 1,Woodblock,line,0.8,2.0,3.5,True,0.9,True,1,8.79271650314331,63.16,19,12,7,
uchen_medium quality,uchen_medium quality - page 1,Woodblock,line,0.8,2.0,3.5,False,0.1,True,2,9.62422800064087,58.82,17,10,7,
uchen_medium quality,uchen_medium quality - page 1,Woodblock,line,0.8,2.0,3.5,False,0.25,True,2,9.122803926467896,58.82,17,10,7,
uchen_medium quality,uchen_medium quality - page 1,Woodblock,line,0.8,2.0,3.5,False,0.5,True,2,9.009732246398926,58.82,17,10,7,
uchen_medium quality,uchen_medium quality - page 1,Woodblock,line,0.8,2.0,3.5,False,0.9,True,2,9.108126401901245,58.82,17,10,7,
uchen_medium quality,uchen_medium quality - page 1,Woodblock,line,0.8,2.0,4.0,True,0.1,True,1,9.076040267944336,61.54,13,8,5,
uchen_medium quality,uchen_medium quality - page 1,Woodblock,line,0.8,2.0,4.0,True,0.25,True,1,8.492730617523193,61.54,13,8,5,
uchen_medium quality,uchen_medium quality - page 1,Woodblock,line,0.8,2.0,4.0,True,0.5,True,1,8.517046213150024,61.54,13,8,5,
uchen_medium quality,uchen_medium quality - page 1,Woodblock,line,0.8,2.0,4.0,True,0.9,True,1,9.685073614120483,61.54,13,8,5,
uchen_medium quality,uchen_medium quality - page 1,Woodblock,line,0.8,2.0,4.0,False,0.1,True,2,9.00584864616394,57.14,14,8,6,
uchen_medium quality,uchen_medium quality - page 1,Woodblock,line,0.8,2.0,4.0,False,0.25,True,2,9.405626058578491,57.14,14,8,6,
uchen_medium quality,uchen_medium quality - page 1,Woodblock,line,0.8,2.0,4.0,False,0.5,True,2,9.205546617507935,57.14,14,8,6,
uchen_medium quality,uchen_medium quality - page 1,Woodblock,line,0.8,2.0,4.0,False,0.9,True,2,9.469457387924194,57.14,14,8,6,
uchen_medium quality,uchen_medium quality - page 1,Woodblock,line,0.8,2.0,5.0,True,0.1,True,1,8.142487287521362,54.55,11,6,5,
uchen_medium quality,uchen_medium quality - page 1,Woodblock,line,0.8,2.0,5.0,True,0.25,True,1,8.780632734298706,54.55,11,6,5,
uchen_medium quality,uchen_medium quality - page 1,Woodblock,line,0.8,2.0,5.0,True,0.5,True,1,8.555598497390747,54.55,11,6,5,
uchen_medium quality,uchen_medium quality - page 1,Woodblock,line,0.8,2.0,5.0,True,0.9,True,1,9.119733810424805,54.55,11,6,5,
uchen_medium quality,uchen_medium quality - page 1,Woodblock,line,0.8,2.0,5.0,False,0.1,True,2,8.261767148971558,63.64,11,7,4,
uchen_medium quality,uchen_medium quality - page 1,Woodblock,line,0.8,2.0,5.0,False,0.25,True,2,8.872337818145752,63.64,11,7,4,
uchen_medium quality,uchen_medium quality - page 1,Woodblock,line,0.8,2.0,5.0,False,0.5,True,2,8.241815328598022,63.64,11,7,4,
uchen_medium quality,uchen_medium quality - page 1,Woodblock,line,0.8,2.0,5.0,False,0.9,True,2,8.82341980934143,63.64,11,7,4,
uchen_medium quality,uchen_medium quality - page 1,Woodblock,line,0.8,2.5,2.5,True,0.1,True,1,9.37475061416626,66.67,18,12,6,
uchen_medium quality,uchen_medium quality - page 1,Woodblock,line,0.8,2.5,2.5,True,0.25,True,1,9.905839681625366,66.67,18,12,6,
uchen_medium quality,uchen_medium quality - page 1,Woodblock,line,0.8,2.5,2.5,True,0.5,True,1,9.672329187393188,66.67,18,12,6,
uchen_medium quality,uchen_medium quality - page 1,Woodblock,line,0.8,2.5,2.5,True,0.9,True,1,9.632177829742432,66.67,18,12,6,
uchen_medium quality,uchen_medium quality - page 1,Woodblock,line,0.8,2.5,2.5,False,0.1,True,2,10.24031686782837,50.0,16,8,8,
uchen_medium quality,uchen_medium quality - page 1,Woodblock,line,0.8,2.5,2.5,False,0.25,True,2,9.72355341911316,50.0,16,8,8,
uchen_medium quality,uchen_medium quality - page 1,Woodblock,line,0.8,2.5,2.5,False,0.5,True,2,9.825187921524048,50.0,16,8,8,
uchen_medium quality,uchen_medium quality - page 1,Woodblock,line,0.8,2.5,2.5,False,0.9,True,2,9.969255924224854,50.0,16,8,8,
uchen_medium quality,uchen_medium quality - page 1,Woodblock,line,0.8,2.5,3.5,True,0.1,True,1,9.118260145187378,63.16,19,12,7,
uchen_medium quality,uchen_medium quality - page 1,Woodblock,line,0.8,2.5,3.5,True,0.25,True,1,9.513486623764038,63.16,19,12,7,
uchen_medium quality,uchen_medium quality - page 1,Woodblock,line,0.8,2.5,3.5,True,0.5,True,1,9.173908948898315,63.16,19,12,7,
uchen_medium quality,uchen_medium quality - page 1,Woodblock,line,0.8,2.5,3.5,True,0.9,True,1,10.005667924880981,63.16,19,12,7,
uchen_medium quality,uchen_medium quality - page 1,Woodblock,line,0.8,2.5,3.5,False,0.1,True,2,9.829721927642822,58.82,17,10,7,
uchen_medium quality,uchen_medium quality - page 1,Woodblock,line,0.8,2.5,3.5,False,0.25,True,2,9.841450214385986,58.82,17,10,7,
uchen_medium quality,uchen_medium quality - page 1,Woodblock,line,0.8,2.5,3.5,False,0.5,True,2,9.545644760131836,58.82,17,10,7,
uchen_medium quality,uchen_medium quality - page 1,Woodblock,line,0.8,2.5,3.5,False,0.9,True,2,9.669822931289673,58.82,17,10,7,
uchen_medium quality,uchen_medium quality - page 1,Woodblock,line,0.8,2.5,4.0,True,0.1,True,1,8.898808240890503,61.54,13,8,5,
uchen_medium quality,uchen_medium quality - page 1,Woodblock,line,0.8,2.5,4.0,True,0.25,True,1,8.933621883392334,61.54,13,8,5,
uchen_medium quality,uchen_medium quality - page 1,Woodblock,line,0.8,2.5,4.0,True,0.5,True,1,9.030702829360962,61.54,13,8,5,
uchen_medium quality,uchen_medium quality - page 1,Woodblock,line,0.8,2.5,4.0,True,0.9,True,1,8.875755310058594,61.54,13,8,5,
uchen_medium quality,uchen_medium quality - page 1,Woodblock,line,0.8,2.5,4.0,False,0.1,True,2,9.44054102897644,57.14,14,8,6,
uchen_medium quality,uchen_medium quality - page 1,Woodblock,line,0.8,2.5,4.0,False,0.25,True,2,9.242651462554932,57.14,14,8,6,
uchen_medium quality,uchen_medium quality - page 1,Woodblock,line,0.8,2.5,4.0,False,0.5,True,2,6.043682813644409,57.14,14,8,6,
uchen_medium quality,uchen_medium quality - page 1,Woodblock,line,0.8,2.5,4.0,False,0.9,True,2,6.0258753299713135,57.14,14,8,6,
uchen_medium quality,uchen_medium quality - page 1,Woodblock,line,0.8,2.5,5.0,True,0.1,True,1,5.56556248664856,66.67,12,8,4,
uchen_medium quality,uchen_medium quality - page 1,Woodblock,line,0.8,2.5,5.0,True,0.25,True,1,5.579806089401245,66.67,12,8,4,
uchen_medium quality,uchen_medium quality - page 1,Woodblock,line,0.8,2.5,5.0,True,0.5,True,1,5.574775457382202,66.67,12,8,4,
uchen_medium quality,uchen_medium quality - page 1,Woodblock,line,0.8,2.5,5.0,True,0.9,True,1,5.571560859680176,66.67,12,8,4,
uchen_medium quality,uchen_medium quality - page 1,Woodblock,line,0.8,2.5,5.0,False,0.1,True,2,5.75353479385376,70.0,10,7,3,
uchen_medium quality,uchen_medium quality - page 1,Woodblock,line,0.8,2.5,5.0,False,0.25,True,2,5.767236232757568,70.0,10,7,3,
uchen_medium quality,uchen_medium quality - page 1,Woodblock,line,0.8,2.5,5.0,False,0.5,True,2,5.856729507446289,70.0,10,7,3,
uchen_medium quality,uchen_medium quality - page 1,Woodblock,line,0.8,2.5,5.0,False,0.9,True,2,5.777747631072998,70.0,10,7,3,
uchen_medium quality,uchen_medium quality - page 1,Woodblock,line,0.8,3.0,2.5,True,0.1,True,1,5.95932674407959,66.67,12,8,4,
uchen_medium quality,uchen_medium quality - page 1,Woodblock,line,0.8,3.0,2.5,True,0.25,True,1,5.925713300704956,66.67,12,8,4,
uchen_medium quality,uchen_medium quality - page 1,Woodblock,line,0.8,3.0,2.5,True,0.5,True,1,6.040590524673462,66.67,12,8,4,
uchen_medium quality,uchen_medium quality - page 1,Woodblock,line,0.8,3.0,2.5,True,0.9,True,1,5.91666579246521,66.67,12,8,4,
uchen_medium quality,uchen_medium quality - page 1,Woodblock,line,0.8,3.0,2.5,False,0.1,True,2,6.557410001754761,70.0,10,7,3,
uchen_medium quality,uchen_medium quality - page 1,Woodblock,line,0.8,3.0,2.5,False,0.25,True,2,6.503546476364136,70.0,10,7,3,
uchen_medium quality,uchen_medium quality - page 1,Woodblock,line,0.8,3.0,2.5,False,0.5,True,2,6.48381233215332,70.0,10,7,3,
uchen_medium quality,uchen_medium quality - page 1,Woodblock,line,0.8,3.0,2.5,False,0.9,True,2,6.5076258182525635,70.0,10,7,3,
uchen_medium quality,uchen_medium quality - page 1,Woodblock,line,0.8,3.0,3.5,True,0.1,True,1,5.845980882644653,66.67,12,8,4,
uchen_medium quality,uchen_medium quality - page 1,Woodblock,line,0.8,3.0,3.5,True,0.25,True,1,5.923871994018555,66.67,12,8,4,
uchen_medium quality,uchen_medium quality - page 1,Woodblock,line,0.8,3.0,3.5,True,0.5,True,1,6.03357458114624,66.67,12,8,4,
uchen_medium quality,uchen_medium quality - page 1,Woodblock,line,0.8,3.0,3.5,True,0.9,True,1,5.96967077255249,66.67,12,8,4,
uchen_medium quality,uchen_medium quality - page 1,Woodblock,line,0.8,3.0,3.5,False,0.1,True,2,6.425451040267944,70.0,10,7,3,
uchen_medium quality,uchen_medium quality - page 1,Woodblock,line,0.8,3.0,3.5,False,0.25,True,2,6.3313889503479,70.0,10,7,3,
uchen_medium quality,uchen_medium quality - page 1,Woodblock,line,0.8,3.0,3.5,False,0.5,True,2,6.516599655151367,70.0,10,7,3,
uchen_medium quality,uchen_medium quality - page 1,Woodblock,line,0.8,3.0,3.5,False,0.9,True,2,6.304320335388184,70.0,10,7,3,
uchen_medium quality,uchen_medium quality - page 1,Woodblock,line,0.8,3.0,4.0,True,0.1,True,1,5.891021251678467,66.67,12,8,4,
uchen_medium quality,uchen_medium quality - page 1,Woodblock,line,0.8,3.0,4.0,True,0.25,True,1,5.892175197601318,66.67,12,8,4,
uchen_medium quality,uchen_medium quality - page 1,Woodblock,line,0.8,3.0,4.0,True,0.5,True,1,5.919223785400391,66.67,12,8,4,
uchen_medium quality,uchen_medium quality - page 1,Woodblock,line,0.8,3.0,4.0,True,0.9,True,1,5.934484004974365,66.67,12,8,4,
uchen_medium quality,uchen_medium quality - page 1,Woodblock,line,0.8,3.0,4.0,False,0.1,True,2,6.232814788818359,70.0,10,7,3,
uchen_medium quality,uchen_medium quality - page 1,Woodblock,line,0.8,3.0,4.0,False,0.25,True,2,6.365148067474365,70.0,10,7,3,
uchen_medium quality,uchen_medium quality - page 1,Woodblock,line,0.8,3.0,4.0,False,0.5,True,2,6.296820640563965,70.0,10,7,3,
uchen_medium quality,uchen_medium quality - page 1,Woodblock,line,0.8,3.0,4.0,False,0.9,True,2,6.197289943695068,70.0,10,7,3,
uchen_medium quality,uchen_medium quality - page 1,Woodblock,line,0.8,3.0,5.0,True,0.1,True,1,5.919934272766113,66.67,12,8,4,
uchen_medium quality,uchen_medium quality - page 1,Woodblock,line,0.8,3.0,5.0,True,0.25,True,1,5.903930902481079,66.67,12,8,4,
uchen_medium quality,uchen_medium quality - page 1,Woodblock,line,0.8,3.0,5.0,True,0.5,True,1,5.898609638214111,66.67,12,8,4,
uchen_medium quality,uchen_medium quality - page 1,Woodblock,line,0.8,3.0,5.0,True,0.9,True,1,5.920722007751465,66.67,12,8,4,
uchen_medium quality,uchen_medium quality - page 1,Woodblock,line,0.8,3.0,5.0,False,0.1,True,2,6.088115215301514,70.0,10,7,3,
uchen_medium quality,uchen_medium quality - page 1,Woodblock,line,0.8,3.0,5.0,False,0.25,True,2,6.131342887878418,70.0,10,7,3,
uchen_medium quality,uchen_medium quality - page 1,Woodblock,line,0.8,3.0,5.0,False,0.5,True,2,6.260356187820435,70.0,10,7,3,
uchen_medium quality,uchen_medium quality - page 1,Woodblock,line,0.8,3.0,5.0,False,0.9,True,2,6.854071378707886,70.0,10,7,3,
uchen_medium quality,uchen_medium quality - page 1,Woodblock,line,0.9,2.0,2.5,True,0.1,True,1,6.047267436981201,6.25,16,1,15,
uchen_medium quality,uchen_medium quality - page 1,Woodblock,line,0.9,2.0,2.5,True,0.25,True,1,6.015709400177002,6.25,16,1,15,
uchen_medium quality,uchen_medium quality - page 1,Woodblock,line,0.9,2.0,2.5,True,0.5,True,1,6.026675701141357,6.25,16,1,15,
uchen_medium quality,uchen_medium quality - page 1,Woodblock,line,0.9,2.0,2.5,True,0.9,True,1,6.011336803436279,6.25,16,1,15,
uchen_medium quality,uchen_medium quality - page 1,Woodblock,line,0.9,2.0,2.5,False,0.1,True,2,6.168569803237915,40.0,10,4,6,
uchen_medium quality,uchen_medium quality - page 1,Woodblock,line,0.9,2.0,2.5,False,0.25,True,2,6.1750407218933105,40.0,10,4,6,
uchen_medium quality,uchen_medium quality - page 1,Woodblock,line,0.9,2.0,2.5,False,0.5,True,2,6.32816481590271,40.0,10,4,6,
uchen_medium quality,uchen_medium quality - page 1,Woodblock,line,0.9,2.0,2.5,False,0.9,True,2,6.2244062423706055,40.0,10,4,6,
uchen_medium quality,uchen_medium quality - page 1,Woodblock,line,0.9,2.0,3.5,True,0.1,True,1,5.524111747741699,63.16,19,12,7,
uchen_medium quality,uchen_medium quality - page 1,Woodblock,line,0.9,2.0,3.5,True,0.25,True,1,5.682308912277222,63.16,19,12,7,
uchen_medium quality,uchen_medium quality - page 1,Woodblock,line,0.9,2.0,3.5,True,0.5,True,1,5.59246826171875,63.16,19,12,7,
uchen_medium quality,uchen_medium quality - page 1,Woodblock,line,0.9,2.0,3.5,True,0.9,True,1,5.596607685089111,63.16,19,12,7,
uchen_medium quality,uchen_medium quality - page 1,Woodblock,line,0.9,2.0,3.5,False,0.1,True,2,5.790333032608032,58.82,17,10,7,
uchen_medium quality,uchen_medium quality - page 1,Woodblock,line,0.9,2.0,3.5,False,0.25,True,2,5.744648694992065,58.82,17,10,7,
uchen_medium quality,uchen_medium quality - page 1,Woodblock,line,0.9,2.0,3.5,False,0.5,True,2,5.731057405471802,58.82,17,10,7,
uchen_medium quality,uchen_medium quality - page 1,Woodblock,line,0.9,2.0,3.5,False,0.9,True,2,5.74426531791687,58.82,17,10,7,
uchen_medium quality,uchen_medium quality - page 1,Woodblock,line,0.9,2.0,4.0,True,0.1,True,1,5.4640953540802,61.54,13,8,5,
uchen_medium quality,uchen_medium quality - page 1,Woodblock,line,0.9,2.0,4.0,True,0.25,True,1,5.494352579116821,61.54,13,8,5,
uchen_medium quality,uchen_medium quality - page 1,Woodblock,line,0.9,2.0,4.0,True,0.5,True,1,5.49585747718811,61.54,13,8,5,
uchen_medium quality,uchen_medium quality - page 1,Woodblock,line,0.9,2.0,4.0,True,0.9,True,1,5.497514486312866,61.54,13,8,5,
uchen_medium quality,uchen_medium quality - page 1,Woodblock,line,0.9,2.0,4.0,False,0.1,True,2,5.8151538372039795,57.14,14,8,6,
uchen_medium quality,uchen_medium quality - page 1,Woodblock,line,0.9,2.0,4.0,False,0.25,True,2,5.655802249908447,57.14,14,8,6,
uchen_medium quality,uchen_medium quality - page 1,Woodblock,line,0.9,2.0,4.0,False,0.5,True,2,5.63401198387146,57.14,14,8,6,
uchen_medium quality,uchen_medium quality - page 1,Woodblock,line,0.9,2.0,4.0,False,0.9,True,2,6.256624221801758,57.14,14,8,6,
uchen_medium quality,uchen_medium quality - page 1,Woodblock,line,0.9,2.0,5.0,True,0.1,True,1,5.517379283905029,54.55,11,6,5,
uchen_medium quality,uchen_medium quality - page 1,Woodblock,line,0.9,2.0,5.0,True,0.25,True,1,5.176093578338623,54.55,11,6,5,
uchen_medium quality,uchen_medium quality - page 1,Woodblock,line,0.9,2.0,5.0,True,0.5,True,1,5.238435506820679,54.55,11,6,5,
uchen_medium quality,uchen_medium quality - page 1,Woodblock,line,0.9,2.0,5.0,True,0.9,True,1,5.219879865646362,54.55,11,6,5,
uchen_medium quality,uchen_medium quality - page 1,Woodblock,line,0.9,2.0,5.0,False,0.1,True,2,5.422346115112305,63.64,11,7,4,
uchen_medium quality,uchen_medium quality - page 1,Woodblock,line,0.9,2.0,5.0,False,0.25,True,2,5.383723020553589,63.64,11,7,4,
uchen_medium quality,uchen_medium quality - page 1,Woodblock,line,0.9,2.0,5.0,False,0.5,True,2,5.489092111587524,63.64,11,7,4,
uchen_medium quality,uchen_medium quality - page 1,Woodblock,line,0.9,2.0,5.0,False,0.9,True,2,5.4341607093811035,63.64,11,7,4,
uchen_medium quality,uchen_medium quality - page 1,Woodblock,line,0.9,2.5,2.5,True,0.1,True,1,6.118703603744507,66.67,18,12,6,
uchen_medium quality,uchen_medium quality - page 1,Woodblock,line,0.9,2.5,2.5,True,0.25,True,1,5.9829018115997314,66.67,18,12,6,
uchen_medium quality,uchen_medium quality - page 1,Woodblock,line,0.9,2.5,2.5,True,0.5,True,1,6.058387041091919,66.67,18,12,6,
uchen_medium quality,uchen_medium quality - page 1,Woodblock,line,0.9,2.5,2.5,True,0.9,True,1,6.01128077507019,66.67,18,12,6,
uchen_medium quality,uchen_medium quality - page 1,Woodblock,line,0.9,2.5,2.5,False,0.1,True,2,6.237575054168701,50.0,16,8,8,
uchen_medium quality,uchen_medium quality - page 1,Woodblock,line,0.9,2.5,2.5,False,0.25,True,2,6.257422924041748,50.0,16,8,8,
uchen_medium quality,uchen_medium quality - page 1,Woodblock,line,0.9,2.5,2.5,False,0.5,True,2,6.309099197387695,50.0,16,8,8,
uchen_medium quality,uchen_medium quality - page 1,Woodblock,line,0.9,2.5,2.5,False,0.9,True,2,6.273906946182251,50.0,16,8,8,
uchen_medium quality,uchen_medium quality - page 1,Woodblock,line,0.9,2.5,3.5,True,0.1,True,1,5.985793590545654,63.16,19,12,7,
uchen_medium quality,uchen_medium quality - page 1,Woodblock,line,0.9,2.5,3.5,True,0.25,True,1,5.9924774169921875,63.16,19,12,7,
uchen_medium quality,uchen_medium quality - page 1,Woodblock,line,0.9,2.5,3.5,True,0.5,True,1,5.908065557479858,63.16,19,12,7,
uchen_medium quality,uchen_medium quality - page 1,Woodblock,line,0.9,2.5,3.5,True,0.9,True,1,5.9093170166015625,63.16,19,12,7,
uchen_medium quality,uchen_medium quality - page 1,Woodblock,line,0.9,2.5,3.5,False,0.1,True,2,6.0705506801605225,58.82,17,10,7,
uchen_medium quality,uchen_medium quality - page 1,Woodblock,line,0.9,2.5,3.5,False,0.25,True,2,6.082594156265259,58.82,17,10,7,
uchen_medium quality,uchen_medium quality - page 1,Woodblock,line,0.9,2.5,3.5,False,0.5,True,2,6.070312023162842,58.82,17,10,7,
uchen_medium quality,uchen_medium quality - page 1,Woodblock,line,0.9,2.5,3.5,False,0.9,True,2,6.088874101638794,58.82,17,10,7,
uchen_medium quality,uchen_medium quality - page 1,Woodblock,line,0.9,2.5,4.0,True,0.1,True,1,5.827428817749023,61.54,13,8,5,
uchen_medium quality,uchen_medium quality - page 1,Woodblock,line,0.9,2.5,4.0,True,0.25,True,1,5.856117248535156,61.54,13,8,5,
uchen_medium quality,uchen_medium quality - page 1,Woodblock,line,0.9,2.5,4.0,True,0.5,True,1,5.906700611114502,61.54,13,8,5,
uchen_medium quality,uchen_medium quality - page 1,Woodblock,line,0.9,2.5,4.0,True,0.9,True,1,5.844549179077148,61.54,13,8,5,
uchen_medium quality,uchen_medium quality - page 1,Woodblock,line,0.9,2.5,4.0,False,0.1,True,2,5.973453044891357,57.14,14,8,6,
uchen_medium quality,uchen_medium quality - page 1,Woodblock,line,0.9,2.5,4.0,False,0.25,True,2,5.966494798660278,57.14,14,8,6,
uchen_medium quality,uchen_medium quality - page 1,Woodblock,line,0.9,2.5,4.0,False,0.5,True,2,5.99750018119812,57.14,14,8,6,
uchen_medium quality,uchen_medium quality - page 1,Woodblock,line,0.9,2.5,4.0,False,0.9,True,2,5.9990234375,57.14,14,8,6,
uchen_medium quality,uchen_medium quality - page 1,Woodblock,line,0.9,2.5,5.0,True,0.1,True,1,5.529907464981079,66.67,12,8,4,
uchen_medium quality,uchen_medium quality - page 1,Woodblock,line,0.9,2.5,5.0,True,0.25,True,1,5.589376926422119,66.67,12,8,4,
uchen_medium quality,uchen_medium quality - page 1,Woodblock,line,0.9,2.5,5.0,True,0.5,True,1,5.603221654891968,66.67,12,8,4,
uchen_medium quality,uchen_medium quality - page 1,Woodblock,line,0.9,2.5,5.0,True,0.9,True,1,5.593987941741943,66.67,12,8,4,
uchen_medium quality,uchen_medium quality - page 1,Woodblock,line,0.9,2.5,5.0,False,0.1,True,2,5.782325506210327,70.0,10,7,3,
uchen_medium quality,uchen_medium quality - page 1,Woodblock,line,0.9,2.5,5.0,False,0.25,True,2,5.889596462249756,70.0,10,7,3,
uchen_medium quality,uchen_medium quality - page 1,Woodblock,line,0.9,2.5,5.0,False,0.5,True,2,5.7457990646362305,70.0,10,7,3,
uchen_medium quality,uchen_medium quality - page 1,Woodblock,line,0.9,2.5,5.0,False,0.9,True,2,5.882449150085449,70.0,10,7,3,
uchen_medium quality,uchen_medium quality - page 1,Woodblock,line,0.9,3.0,2.5,True,0.1,True,1,6.442504167556763,66.67,12,8,4,
uchen_medium quality,uchen_medium quality - page 1,Woodblock,line,0.9,3.0,2.5,True,0.25,True,1,7.9257848262786865,66.67,12,8,4,
uchen_medium quality,uchen_medium quality - page 1,Woodblock,line,0.9,3.0,2.5,True,0.5,True,1,8.8928062915802,66.67,12,8,4,
uchen_medium quality,uchen_medium quality - page 1,Woodblock,line,0.9,3.0,2.5,True,0.9,True,1,8.880366325378418,66.67,12,8,4,
uchen_medium quality,uchen_medium quality - page 1,Woodblock,line,0.9,3.0,2.5,False,0.1,True,2,9.569094896316528,70.0,10,7,3,
uchen_medium quality,uchen_medium quality - page 1,Woodblock,line,0.9,3.0,2.5,False,0.25,True,2,7.944856405258179,70.0,10,7,3,
uchen_medium quality,uchen_medium quality - page 1,Woodblock,line,0.9,3.0,2.5,False,0.5,True,2,6.297479152679443,70.0,10,7,3,
uchen_medium quality,uchen_medium quality - page 1,Woodblock,line,0.9,3.0,2.5,False,0.9,True,2,6.294625759124756,70.0,10,7,3,
uchen_medium quality,uchen_medium quality - page 1,Woodblock,line,0.9,3.0,3.5,True,0.1,True,1,5.659553527832031,66.67,12,8,4,
uchen_medium quality,uchen_medium quality - page 1,Woodblock,line,0.9,3.0,3.5,True,0.25,True,1,5.929051876068115,66.67,12,8,4,
uchen_medium quality,uchen_medium quality - page 1,Woodblock,line,0.9,3.0,3.5,True,0.5,True,1,5.9382734298706055,66.67,12,8,4,
uchen_medium quality,uchen_medium quality - page 1,Woodblock,line,0.9,3.0,3.5,True,0.9,True,1,5.922212600708008,66.67,12,8,4,
uchen_medium quality,uchen_medium quality - page 1,Woodblock,line,0.9,3.0,3.5,False,0.1,True,2,6.371383428573608,70.0,10,7,3,
uchen_medium quality,uchen_medium quality - page 1,Woodblock,line,0.9,3.0,3.5,False,0.25,True,2,6.371126890182495,70.0,10,7,3,
uchen_medium quality,uchen_medium quality - page 1,Woodblock,line,0.9,3.0,3.5,False,0.5,True,2,6.394943952560425,70.0,10,7,3,
uchen_medium quality,uchen_medium quality - page 1,Woodblock,line,0.9,3.0,3.5,False,0.9,True,2,6.3606767654418945,70.0,10,7,3,
uchen_medium quality,uchen_medium quality - page 1,Woodblock,line,0.9,3.0,4.0,True,0.1,True,1,5.917361259460449,66.67,12,8,4,
uchen_medium quality,uchen_medium quality - page 1,Woodblock,line,0.9,3.0,4.0,True,0.25,True,1,5.927498817443848,66.67,12,8,4,
uchen_medium quality,uchen_medium quality - page 1,Woodblock,line,0.9,3.0,4.0,True,0.5,True,1,5.924372434616089,66.67,12,8,4,
uchen_medium quality,uchen_medium quality - page 1,Woodblock,line,0.9,3.0,4.0,True,0.9,True,1,5.91966438293457,66.67,12,8,4,
uchen_medium quality,uchen_medium quality - page 1,Woodblock,line,0.9,3.0,4.0,False,0.1,True,2,6.2118659019470215,70.0,10,7,3,
uchen_medium quality,uchen_medium quality - page 1,Woodblock,line,0.9,3.0,4.0,False,0.25,True,2,6.222259283065796,70.0,10,7,3,
uchen_medium quality,uchen_medium quality - page 1,Woodblock,line,0.9,3.0,4.0,False,0.5,True,2,6.289808988571167,70.0,10,7,3,
uchen_medium quality,uchen_medium quality - page 1,Woodblock,line,0.9,3.0,4.0,False,0.9,True,2,6.219280481338501,70.0,10,7,3,
uchen_medium quality,uchen_medium quality - page 1,Woodblock,line,0.9,3.0,5.0,True,0.1,True,1,6.076742649078369,66.67,12,8,4,
uchen_medium quality,uchen_medium quality - page 1,Woodblock,line,0.9,3.0,5.0,True,0.25,True,1,5.989232301712036,66.67,12,8,4,
uchen_medium quality,uchen_medium quality - page 1,Woodblock,line,0.9,3.0,5.0,True,0.5,True,1,5.902020692825317,66.67,12,8,4,
uchen_medium quality,uchen_medium quality - page 1,Woodblock,line,0.9,3.0,5.0,True,0.9,True,1,5.914017915725708,66.67,12,8,4,
uchen_medium quality,uchen_medium quality - page 1,Woodblock,line,0.9,3.0,5.0,False,0.1,True,2,6.0943756103515625,70.0,10,7,3,
uchen_medium quality,uchen_medium quality - page 1,Woodblock,line,0.9,3.0,5.0,False,0.25,True,2,6.227011442184448,70.0,10,7,3,
uchen_medium quality,uchen_medium quality - page 1,Woodblock,line,0.9,3.0,5.0,False,0.5,True,2,6.06170392036438,70.0,10,7,3,
uchen_medium quality,uchen_medium quality - page 1,Woodblock,line,0.9,3.0,5.0,False,0.9,True,2,6.077874422073364,70.0,10,7,3,
uchen_medium quality,uchen_medium quality - page 1,Woodblock,layout,0.7,2.0,2.5,True,0.1,True,1,10.000457048416138,31.25,16,5,11,
uchen_medium quality,uchen_medium quality - page 1,Woodblock,layout,0.7,2.0,2.5,True,0.25,True,1,6.5711989402771,31.25,16,5,11,
uchen_medium quality,uchen_medium quality - page 1,Woodblock,layout,0.7,2.0,2.5,True,0.5,True,1,5.889798402786255,31.25,16,5,11,
uchen_medium quality,uchen_medium quality - page 1,Woodblock,layout,0.7,2.0,2.5,True,0.9,True,1,6.02492880821228,31.25,16,5,11,
uchen_medium quality,uchen_medium quality - page 1,Woodblock,layout,0.7,2.0,2.5,False,0.1,True,2,6.3129377365112305,35.71,14,5,9,
uchen_medium quality,uchen_medium quality - page 1,Woodblock,layout,0.7,2.0,2.5,False,0.25,True,2,6.306501388549805,35.71,14,5,9,
uchen_medium quality,uchen_medium quality - page 1,Woodblock,layout,0.7,2.0,2.5,False,0.5,True,2,6.3096301555633545,35.71,14,5,9,
uchen_medium quality,uchen_medium quality - page 1,Woodblock,layout,0.7,2.0,2.5,False,0.9,True,2,6.290189266204834,35.71,14,5,9,
uchen_medium quality,uchen_medium quality - page 1,Woodblock,layout,0.7,2.0,3.5,True,0.1,True,1,5.693625211715698,57.14,14,8,6,
uchen_medium quality,uchen_medium quality - page 1,Woodblock,layout,0.7,2.0,3.5,True,0.25,True,1,5.8191914558410645,57.14,14,8,6,
uchen_medium quality,uchen_medium quality - page 1,Woodblock,layout,0.7,2.0,3.5,True,0.5,True,1,5.72541880607605,57.14,14,8,6,
uchen_medium quality,uchen_medium quality - page 1,Woodblock,layout,0.7,2.0,3.5,True,0.9,True,1,5.80461311340332,57.14,14,8,6,
uchen_medium quality,uchen_medium quality - page 1,Woodblock,layout,0.7,2.0,3.5,False,0.1,True,2,6.02977442741394,40.0,15,6,9,
uchen_medium quality,uchen_medium quality - page 1,Woodblock,layout,0.7,2.0,3.5,False,0.25,True,2,5.9802491664886475,40.0,15,6,9,
uchen_medium quality,uchen_medium quality - page 1,Woodblock,layout,0.7,2.0,3.5,False,0.5,True,2,5.99732780456543,40.0,15,6,9,
uchen_medium quality,uchen_medium quality - page 1,Woodblock,layout,0.7,2.0,3.5,False,0.9,True,2,5.987726449966431,40.0,15,6,9,
uchen_medium quality,uchen_medium quality - page 1,Woodblock,layout,0.7,2.0,4.0,True,0.1,True,1,5.609312534332275,50.0,12,6,6,
uchen_medium quality,uchen_medium quality - page 1,Woodblock,layout,0.7,2.0,4.0,True,0.25,True,1,5.636011600494385,50.0,12,6,6,
uchen_medium quality,uchen_medium quality - page 1,Woodblock,layout,0.7,2.0,4.0,True,0.5,True,1,5.608170986175537,50.0,12,6,6,
uchen_medium quality,uchen_medium quality - page 1,Woodblock,layout,0.7,2.0,4.0,True,0.9,True,1,8.53654432296753,50.0,12,6,6,
uchen_medium quality,uchen_medium quality - page 1,Woodblock,layout,0.7,2.0,4.0,False,0.1,True,2,5.537026882171631,50.0,12,6,6,
uchen_medium quality,uchen_medium quality - page 1,Woodblock,layout,0.7,2.0,4.0,False,0.25,True,2,5.774965286254883,50.0,12,6,6,
uchen_medium quality,uchen_medium quality - page 1,Woodblock,layout,0.7,2.0,4.0,False,0.5,True,2,5.837577819824219,50.0,12,6,6,
uchen_medium quality,uchen_medium quality - page 1,Woodblock,layout,0.7,2.0,4.0,False,0.9,True,2,5.821745157241821,50.0,12,6,6,
uchen_medium quality,uchen_medium quality - page 1,Woodblock,layout,0.7,2.0,5.0,True,0.1,True,1,8.355093002319336,60.0,10,6,4,
uchen_medium quality,uchen_medium quality - page 1,Woodblock,layout,0.7,2.0,5.0,True,0.25,True,1,8.353843212127686,60.0,10,6,4,
uchen_medium quality,uchen_medium quality - page 1,Woodblock,layout,0.7,2.0,5.0,True,0.5,True,1,5.403731822967529,60.0,10,6,4,
uchen_medium quality,uchen_medium quality - page 1,Woodblock,layout,0.7,2.0,5.0,True,0.9,True,1,5.0906524658203125,60.0,10,6,4,
uchen_medium quality,uchen_medium quality - page 1,Woodblock,layout,0.7,2.0,5.0,False,0.1,True,2,5.55026388168335,70.0,10,7,3,
uchen_medium quality,uchen_medium quality - page 1,Woodblock,layout,0.7,2.0,5.0,False,0.25,True,2,5.656524896621704,70.0,10,7,3,
uchen_medium quality,uchen_medium quality - page 1,Woodblock,layout,0.7,2.0,5.0,False,0.5,True,2,5.569390773773193,70.0,10,7,3,
uchen_medium quality,uchen_medium quality - page 1,Woodblock,layout,0.7,2.0,5.0,False,0.9,True,2,5.804773807525635,70.0,10,7,3,
uchen_medium quality,uchen_medium quality - page 1,Woodblock,layout,0.7,2.5,2.5,True,0.1,True,1,6.202399969100952,60.0,20,12,8,
uchen_medium quality,uchen_medium quality - page 1,Woodblock,layout,0.7,2.5,2.5,True,0.25,True,1,6.121946811676025,60.0,20,12,8,
uchen_medium quality,uchen_medium quality - page 1,Woodblock,layout,0.7,2.5,2.5,True,0.5,True,1,6.1069676876068115,60.0,20,12,8,
uchen_medium quality,uchen_medium quality - page 1,Woodblock,layout,0.7,2.5,2.5,True,0.9,True,1,6.115006446838379,60.0,20,12,8,
uchen_medium quality,uchen_medium quality - page 1,Woodblock,layout,0.7,2.5,2.5,False,0.1,True,2,6.650343179702759,25.0,16,4,12,
uchen_medium quality,uchen_medium quality - page 1,Woodblock,layout,0.7,2.5,2.5,False,0.25,True,2,6.6151063442230225,25.0,16,4,12,
uchen_medium quality,uchen_medium quality - page 1,Woodblock,layout,0.7,2.5,2.5,False,0.5,True,2,6.636220932006836,25.0,16,4,12,
uchen_medium quality,uchen_medium quality - page 1,Woodblock,layout,0.7,2.5,2.5,False,0.9,True,2,6.638359308242798,25.0,16,4,12,
uchen_medium quality,uchen_medium quality - page 1,Woodblock,layout,0.7,2.5,3.5,True,0.1,True,1,6.080672740936279,57.14,14,8,6,
uchen_medium quality,uchen_medium quality - page 1,Woodblock,layout,0.7,2.5,3.5,True,0.25,True,1,6.103874683380127,57.14,14,8,6,
uchen_medium quality,uchen_medium quality - page 1,Woodblock,layout,0.7,2.5,3.5,True,0.5,True,1,6.0540807247161865,57.14,14,8,6,
uchen_medium quality,uchen_medium quality - page 1,Woodblock,layout,0.7,2.5,3.5,True,0.9,True,1,6.052459239959717,57.14,14,8,6,
uchen_medium quality,uchen_medium quality - page 1,Woodblock,layout,0.7,2.5,3.5,False,0.1,True,2,6.32835054397583,40.0,15,6,9,
uchen_medium quality,uchen_medium quality - page 1,Woodblock,layout,0.7,2.5,3.5,False,0.25,True,2,6.313989639282227,40.0,15,6,9,
uchen_medium quality,uchen_medium quality - page 1,Woodblock,layout,0.7,2.5,3.5,False,0.5,True,2,6.321393728256226,40.0,15,6,9,
uchen_medium quality,uchen_medium quality - page 1,Woodblock,layout,0.7,2.5,3.5,False,0.9,True,2,6.313596248626709,40.0,15,6,9,
uchen_medium quality,uchen_medium quality - page 1,Woodblock,layout,0.7,2.5,4.0,True,0.1,True,1,5.972055673599243,50.0,12,6,6,
uchen_medium quality,uchen_medium quality - page 1,Woodblock,layout,0.7,2.5,4.0,True,0.25,True,1,6.005193710327148,50.0,12,6,6,
uchen_medium quality,uchen_medium quality - page 1,Woodblock,layout,0.7,2.5,4.0,True,0.5,True,1,6.046555042266846,50.0,12,6,6,
uchen_medium quality,uchen_medium quality - page 1,Woodblock,layout,0.7,2.5,4.0,True,0.9,True,1,6.09612774848938,50.0,12,6,6,
uchen_medium quality,uchen_medium quality - page 1,Woodblock,layout,0.7,2.5,4.0,False,0.1,True,2,6.099120378494263,50.0,12,6,6,
uchen_medium quality,uchen_medium quality - page 1,Woodblock,layout,0.7,2.5,4.0,False,0.25,True,2,6.123523235321045,50.0,12,6,6,
uchen_medium quality,uchen_medium quality - page 1,Woodblock,layout,0.7,2.5,4.0,False,0.5,True,2,6.253928899765015,50.0,12,6,6,
uchen_medium quality,uchen_medium quality - page 1,Woodblock,layout,0.7,2.5,4.0,False,0.9,True,2,7.590652704238892,50.0,12,6,6,
uchen_medium quality,uchen_medium quality - page 1,Woodblock,layout,0.7,2.5,5.0,True,0.1,True,1,5.552487850189209,66.67,9,6,3,
uchen_medium quality,uchen_medium quality - page 1,Woodblock,layout,0.7,2.5,5.0,True,0.25,True,1,5.722935438156128,66.67,9,6,3,
uchen_medium quality,uchen_medium quality - page 1,Woodblock,layout,0.7,2.5,5.0,True,0.5,True,1,5.752951383590698,66.67,9,6,3,
uchen_medium quality,uchen_medium quality - page 1,Woodblock,layout,0.7,2.5,5.0,True,0.9,True,1,5.751405954360962,66.67,9,6,3,
uchen_medium quality,uchen_medium quality - page 1,Woodblock,layout,0.7,2.5,5.0,False,0.1,True,2,5.996559381484985,72.73,11,8,3,
uchen_medium quality,uchen_medium quality - page 1,Woodblock,layout,0.7,2.5,5.0,False,0.25,True,2,5.8952600955963135,72.73,11,8,3,
uchen_medium quality,uchen_medium quality - page 1,Woodblock,layout,0.7,2.5,5.0,False,0.5,True,2,5.903415679931641,72.73,11,8,3,
uchen_medium quality,uchen_medium quality - page 1,Woodblock,layout,0.7,2.5,5.0,False,0.9,True,2,5.895840406417847,72.73,11,8,3,
uchen_medium quality,uchen_medium quality - page 1,Woodblock,layout,0.7,3.0,2.5,True,0.1,True,1,6.125900030136108,66.67,9,6,3,
uchen_medium quality,uchen_medium quality - page 1,Woodblock,layout,0.7,3.0,2.5,True,0.25,True,1,6.082306146621704,66.67,9,6,3,
uchen_medium quality,uchen_medium quality - page 1,Woodblock,layout,0.7,3.0,2.5,True,0.5,True,1,6.089906692504883,66.67,9,6,3,
uchen_medium quality,uchen_medium quality - page 1,Woodblock,layout,0.7,3.0,2.5,True,0.9,True,1,6.244183301925659,66.67,9,6,3,
uchen_medium quality,uchen_medium quality - page 1,Woodblock,layout,0.7,3.0,2.5,False,0.1,True,2,6.9649739265441895,30.77,13,4,9,
uchen_medium quality,uchen_medium quality - page 1,Woodblock,layout,0.7,3.0,2.5,False,0.25,True,2,6.867954254150391,30.77,13,4,9,
uchen_medium quality,uchen_medium quality - page 1,Woodblock,layout,0.7,3.0,2.5,False,0.5,True,2,6.946751594543457,30.77,13,4,9,
uchen_medium quality,uchen_medium quality - page 1,Woodblock,layout,0.7,3.0,2.5,False,0.9,True,2,6.886880397796631,30.77,13,4,9,
uchen_medium quality,uchen_medium quality - page 1,Woodblock,layout,0.7,3.0,3.5,True,0.1,True,1,5.998049736022949,66.67,9,6,3,
uchen_medium quality,uchen_medium quality - page 1,Woodblock,layout,0.7,3.0,3.5,True,0.25,True,1,6.162968397140503,66.67,9,6,3,
uchen_medium quality,uchen_medium quality - page 1,Woodblock,layout,0.7,3.0,3.5,True,0.5,True,1,6.074444055557251,66.67,9,6,3,
uchen_medium quality,uchen_medium quality - page 1,Woodblock,layout,0.7,3.0,3.5,True,0.9,True,1,6.730356454849243,66.67,9,6,3,
uchen_medium quality,uchen_medium quality - page 1,Woodblock,layout,0.7,3.0,3.5,False,0.1,True,2,6.636021375656128,53.85,13,7,6,
uchen_medium quality,uchen_medium quality - page 1,Woodblock,layout,0.7,3.0,3.5,False,0.25,True,2,6.608713150024414,53.85,13,7,6,
uchen_medium quality,uchen_medium quality - page 1,Woodblock,layout,0.7,3.0,3.5,False,0.5,True,2,6.596580743789673,53.85,13,7,6,
uchen_medium quality,uchen_medium quality - page 1,Woodblock,layout,0.7,3.0,3.5,False,0.9,True,2,6.749919891357422,53.85,13,7,6,
uchen_medium quality,uchen_medium quality - page 1,Woodblock,layout,0.7,3.0,4.0,True,0.1,True,1,6.020542144775391,66.67,9,6,3,
uchen_medium quality,uchen_medium quality - page 1,Woodblock,layout,0.7,3.0,4.0,True,0.25,True,1,6.10926079750061,66.67,9,6,3,
uchen_medium quality,uchen_medium quality - page 1,Woodblock,layout,0.7,3.0,4.0,True,0.5,True,1,6.083332061767578,66.67,9,6,3,
uchen_medium quality,uchen_medium quality - page 1,Woodblock,layout,0.7,3.0,4.0,True,0.9,True,1,6.094080209732056,66.67,9,6,3,
uchen_medium quality,uchen_medium quality - page 1,Woodblock,layout,0.7,3.0,4.0,False,0.1,True,2,6.453113555908203,60.0,10,6,4,
uchen_medium quality,uchen_medium quality - page 1,Woodblock,layout,0.7,3.0,4.0,False,0.25,True,2,6.422802686691284,60.0,10,6,4,
uchen_medium quality,uchen_medium quality - page 1,Woodblock,layout,0.7,3.0,4.0,False,0.5,True,2,6.439228057861328,60.0,10,6,4,
uchen_medium quality,uchen_medium quality - page 1,Woodblock,layout,0.7,3.0,4.0,False,0.9,True,2,6.438283443450928,60.0,10,6,4,
uchen_medium quality,uchen_medium quality - page 1,Woodblock,layout,0.7,3.0,5.0,True,0.1,True,1,6.351072788238525,66.67,9,6,3,
uchen_medium quality,uchen_medium quality - page 1,Woodblock,layout,0.7,3.0,5.0,True,0.25,True,1,9.122292280197144,66.67,9,6,3,
uchen_medium quality,uchen_medium quality - page 1,Woodblock,layout,0.7,3.0,5.0,True,0.5,True,1,9.121429443359375,66.67,9,6,3,
uchen_medium quality,uchen_medium quality - page 1,Woodblock,layout,0.7,3.0,5.0,True,0.9,True,1,9.137000799179077,66.67,9,6,3,
uchen_medium quality,uchen_medium quality - page 1,Woodblock,layout,0.7,3.0,5.0,False,0.1,True,2,9.324346780776978,72.73,11,8,3,
uchen_medium quality,uchen_medium quality - page 1,Woodblock,layout,0.7,3.0,5.0,False,0.25,True,2,9.369232892990112,72.73,11,8,3,
uchen_medium quality,uchen_medium quality - page 1,Woodblock,layout,0.7,3.0,5.0,False,0.5,True,2,6.211243629455566,72.73,11,8,3,
uchen_medium quality,uchen_medium quality - page 1,Woodblock,layout,0.7,3.0,5.0,False,0.9,True,2,6.126073122024536,72.73,11,8,3,
uchen_medium quality,uchen_medium quality - page 1,Woodblock,layout,0.8,2.0,2.5,True,0.1,True,1,5.910455703735352,31.25,16,5,11,
uchen_medium quality,uchen_medium quality - page 1,Woodblock,layout,0.8,2.0,2.5,True,0.25,True,1,5.88614821434021,31.25,16,5,11,
uchen_medium quality,uchen_medium quality - page 1,Woodblock,layout,0.8,2.0,2.5,True,0.5,True,1,6.106796979904175,31.25,16,5,11,
uchen_medium quality,uchen_medium quality - page 1,Woodblock,layout,0.8,2.0,2.5,True,0.9,True,1,6.120950222015381,31.25,16,5,11,
uchen_medium quality,uchen_medium quality - page 1,Woodblock,layout,0.8,2.0,2.5,False,0.1,True,2,6.571238994598389,35.71,14,5,9,
uchen_medium quality,uchen_medium quality - page 1,Woodblock,layout,0.8,2.0,2.5,False,0.25,True,2,6.321509122848511,35.71,14,5,9,
uchen_medium quality,uchen_medium quality - page 1,Woodblock,layout,0.8,2.0,2.5,False,0.5,True,2,6.312263488769531,35.71,14,5,9,
uchen_medium quality,uchen_medium quality - page 1,Woodblock,layout,0.8,2.0,2.5,False,0.9,True,2,6.339054107666016,35.71,14,5,9,
uchen_medium quality,uchen_medium quality - page 1,Woodblock,layout,0.8,2.0,3.5,True,0.1,True,1,5.673165321350098,57.14,14,8,6,
uchen_medium quality,uchen_medium quality - page 1,Woodblock,layout,0.8,2.0,3.5,True,0.25,True,1,5.782027244567871,57.14,14,8,6,
uchen_medium quality,uchen_medium quality - page 1,Woodblock,layout,0.8,2.0,3.5,True,0.5,True,1,8.705246448516846,57.14,14,8,6,
uchen_medium quality,uchen_medium quality - page 1,Woodblock,layout,0.8,2.0,3.5,True,0.9,True,1,8.74114465713501,57.14,14,8,6,
uchen_medium quality,uchen_medium quality - page 1,Woodblock,layout,0.8,2.0,3.5,False,0.1,True,2,9.054890394210815,40.0,15,6,9,
uchen_medium quality,uchen_medium quality - page 1,Woodblock,layout,0.8,2.0,3.5,False,0.25,True,2,9.065605163574219,40.0,15,6,9,
uchen_medium quality,uchen_medium quality - page 1,Woodblock,layout,0.8,2.0,3.5,False,0.5,True,2,6.36437201499939,40.0,15,6,9,
uchen_medium quality,uchen_medium quality - page 1,Woodblock,layout,0.8,2.0,3.5,False,0.9,True,2,5.772444725036621,40.0,15,6,9,
uchen_medium quality,uchen_medium quality - page 1,Woodblock,layout,0.8,2.0,4.0,True,0.1,True,1,5.337683916091919,50.0,12,6,6,
uchen_medium quality,uchen_medium quality - page 1,Woodblock,layout,0.8,2.0,4.0,True,0.25,True,1,5.481050968170166,50.0,12,6,6,
uchen_medium quality,uchen_medium quality - page 1,Woodblock,layout,0.8,2.0,4.0,True,0.5,True,1,5.804202318191528,50.0,12,6,6,
uchen_medium quality,uchen_medium quality - page 1,Woodblock,layout,0.8,2.0,4.0,True,0.9,True,1,5.640418529510498,50.0,12,6,6,
uchen_medium quality,uchen_medium quality - page 1,Woodblock,layout,0.8,2.0,4.0,False,0.1,True,2,5.819772243499756,50.0,12,6,6,
uchen_medium quality,uchen_medium quality - page 1,Woodblock,layout,0.8,2.0,4.0,False,0.25,True,2,5.913321018218994,50.0,12,6,6,
uchen_medium quality,uchen_medium quality - page 1,Woodblock,layout,0.8,2.0,4.0,False,0.5,True,2,5.829943656921387,50.0,12,6,6,
uchen_medium quality,uchen_medium quality - page 1,Woodblock,layout,0.8,2.0,4.0,False,0.9,True,2,5.798141241073608,50.0,12,6,6,
uchen_medium quality,uchen_medium quality - page 1,Woodblock,layout,0.8,2.0,5.0,True,0.1,True,1,5.381865978240967,60.0,10,6,4,
uchen_medium quality,uchen_medium quality - page 1,Woodblock,layout,0.8,2.0,5.0,True,0.25,True,1,5.4907310009002686,60.0,10,6,4,
uchen_medium quality,uchen_medium quality - page 1,Woodblock,layout,0.8,2.0,5.0,True,0.5,True,1,5.4490509033203125,60.0,10,6,4,
uchen_medium quality,uchen_medium quality - page 1,Woodblock,layout,0.8,2.0,5.0,True,0.9,True,1,5.408019065856934,60.0,10,6,4,
uchen_medium quality,uchen_medium quality - page 1,Woodblock,layout,0.8,2.0,5.0,False,0.1,True,2,5.689006567001343,70.0,10,7,3,
uchen_medium quality,uchen_medium quality - page 1,Woodblock,layout,0.8,2.0,5.0,False,0.25,True,2,5.640445947647095,70.0,10,7,3,
uchen_medium quality,uchen_medium quality - page 1,Woodblock,layout,0.8,2.0,5.0,False,0.5,True,2,5.623422622680664,70.0,10,7,3,
uchen_medium quality,uchen_medium quality - page 1,Woodblock,layout,0.8,2.0,5.0,False,0.9,True,2,5.5801637172698975,70.0,10,7,3,
uchen_medium quality,uchen_medium quality - page 1,Woodblock,layout,0.8,2.5,2.5,True,0.1,True,1,6.223098993301392,60.0,20,12,8,
uchen_medium quality,uchen_medium quality - page 1,Woodblock,layout,0.8,2.5,2.5,True,0.25,True,1,6.118890285491943,60.0,20,12,8,
uchen_medium quality,uchen_medium quality - page 1,Woodblock,layout,0.8,2.5,2.5,True,0.5,True,1,6.155850887298584,60.0,20,12,8,
uchen_medium quality,uchen_medium quality - page 1,Woodblock,layout,0.8,2.5,2.5,True,0.9,True,1,6.122930526733398,60.0,20,12,8,
uchen_medium quality,uchen_medium quality - page 1,Woodblock,layout,0.8,2.5,2.5,False,0.1,True,2,6.691628932952881,25.0,16,4,12,
uchen_medium quality,uchen_medium quality - page 1,Woodblock,layout,0.8,2.5,2.5,False,0.25,True,2,6.640660047531128,25.0,16,4,12,
uchen_medium quality,uchen_medium quality - page 1,Woodblock,layout,0.8,2.5,2.5,False,0.5,True,2,6.751554012298584,25.0,16,4,12,
uchen_medium quality,uchen_medium quality - page 1,Woodblock,layout,0.8,2.5,2.5,False,0.9,True,2,6.639596223831177,25.0,16,4,12,
uchen_medium quality,uchen_medium quality - page 1,Woodblock,layout,0.8,2.5,3.5,True,0.1,True,1,6.026489019393921,57.14,14,8,6,
uchen_medium quality,uchen_medium quality - page 1,Woodblock,layout,0.8,2.5,3.5,True,0.25,True,1,6.051509857177734,57.14,14,8,6,
uchen_medium quality,uchen_medium quality - page 1,Woodblock,layout,0.8,2.5,3.5,True,0.5,True,1,6.121232271194458,57.14,14,8,6,
uchen_medium quality,uchen_medium quality - page 1,Woodblock,layout,0.8,2.5,3.5,True,0.9,True,1,6.084449291229248,57.14,14,8,6,
uchen_medium quality,uchen_medium quality - page 1,Woodblock,layout,0.8,2.5,3.5,False,0.1,True,2,6.341545343399048,40.0,15,6,9,
uchen_medium quality,uchen_medium quality - page 1,Woodblock,layout,0.8,2.5,3.5,False,0.25,True,2,6.394362449645996,40.0,15,6,9,
uchen_medium quality,uchen_medium quality - page 1,Woodblock,layout,0.8,2.5,3.5,False,0.5,True,2,6.369581460952759,40.0,15,6,9,
uchen_medium quality,uchen_medium quality - page 1,Woodblock,layout,0.8,2.5,3.5,False,0.9,True,2,6.341418743133545,40.0,15,6,9,
uchen_medium quality,uchen_medium quality - page 1,Woodblock,layout,0.8,2.5,4.0,True,0.1,True,1,6.1009602546691895,50.0,12,6,6,
uchen_medium quality,uchen_medium quality - page 1,Woodblock,layout,0.8,2.5,4.0,True,0.25,True,1,5.956263780593872,50.0,12,6,6,
uchen_medium quality,uchen_medium quality - page 1,Woodblock,layout,0.8,2.5,4.0,True,0.5,True,1,5.967283725738525,50.0,12,6,6,
uchen_medium quality,uchen_medium quality - page 1,Woodblock,layout,0.8,2.5,4.0,True,0.9,True,1,5.96944522857666,50.0,12,6,6,
uchen_medium quality,uchen_medium quality - page 1,Woodblock,layout,0.8,2.5,4.0,False,0.1,True,2,6.12960147857666,50.0,12,6,6,
uchen_medium quality,uchen_medium quality - page 1,Woodblock,layout,0.8,2.5,4.0,False,0.25,True,2,6.128658056259155,50.0,12,6,6,
uchen_medium quality,uchen_medium quality - page 1,Woodblock,layout,0.8,2.5,4.0,False,0.5,True,2,6.142780780792236,50.0,12,6,6,
uchen_medium quality,uchen_medium quality - page 1,Woodblock,layout,0.8,2.5,4.0,False,0.9,True,2,6.142263889312744,50.0,12,6,6,
uchen_medium quality,uchen_medium quality - page 1,Woodblock,layout,0.8,2.5,5.0,True,0.1,True,1,5.730457067489624,66.67,9,6,3,
uchen_medium quality,uchen_medium quality - page 1,Woodblock,layout,0.8,2.5,5.0,True,0.25,True,1,5.730791807174683,66.67,9,6,3,
uchen_medium quality,uchen_medium quality - page 1,Woodblock,layout,0.8,2.5,5.0,True,0.5,True,1,5.873767375946045,66.67,9,6,3,
uchen_medium quality,uchen_medium quality - page 1,Woodblock,layout,0.8,2.5,5.0,True,0.9,True,1,5.720677137374878,66.67,9,6,3,
uchen_medium quality,uchen_medium quality - page 1,Woodblock,layout,0.8,2.5,5.0,False,0.1,True,2,5.899145126342773,72.73,11,8,3,
uchen_medium quality,uchen_medium quality - page 1,Woodblock,layout,0.8,2.5,5.0,False,0.25,True,2,8.935981512069702,72.73,11,8,3,
uchen_medium quality,uchen_medium quality - page 1,Woodblock,layout,0.8,2.5,5.0,False,0.5,True,2,7.9748313426971436,72.73,11,8,3,
uchen_medium quality,uchen_medium quality - page 1,Woodblock,layout,0.8,2.5,5.0,False,0.9,True,2,9.2986900806427,72.73,11,8,3,
uchen_medium quality,uchen_medium quality - page 1,Woodblock,layout,0.8,3.0,2.5,True,0.1,True,1,9.614789485931396,66.67,9,6,3,
uchen_medium quality,uchen_medium quality - page 1,Woodblock,layout,0.8,3.0,2.5,True,0.25,True,1,9.358055591583252,66.67,9,6,3,
uchen_medium quality,uchen_medium quality - page 1,Woodblock,layout,0.8,3.0,2.5,True,0.5,True,1,9.14737057685852,66.67,9,6,3,
uchen_medium quality,uchen_medium quality - page 1,Woodblock,layout,0.8,3.0,2.5,True,0.9,True,1,10.622711658477783,66.67,9,6,3,
uchen_medium quality,uchen_medium quality - page 1,Woodblock,layout,0.8,3.0,2.5,False,0.1,True,2,10.090103149414062,30.77,13,4,9,
uchen_medium quality,uchen_medium quality - page 1,Woodblock,layout,0.8,3.0,2.5,False,0.25,True,2,10.562963485717773,30.77,13,4,9,
uchen_medium quality,uchen_medium quality - page 1,Woodblock,layout,0.8,3.0,2.5,False,0.5,True,2,10.591169357299805,30.77,13,4,9,
uchen_medium quality,uchen_medium quality - page 1,Woodblock,layout,0.8,3.0,2.5,False,0.9,True,2,10.784788131713867,30.77,13,4,9,
uchen_medium quality,uchen_medium quality - page 1,Woodblock,layout,0.8,3.0,3.5,True,0.1,True,1,9.065290927886963,66.67,9,6,3,
uchen_medium quality,uchen_medium quality - page 1,Woodblock,layout,0.8,3.0,3.5,True,0.25,True,1,9.46217155456543,66.67,9,6,3,
uchen_medium quality,uchen_medium quality - page 1,Woodblock,layout,0.8,3.0,3.5,True,0.5,True,1,8.873171329498291,66.67,9,6,3,
uchen_medium quality,uchen_medium quality - page 1,Woodblock,layout,0.8,3.0,3.5,True,0.9,True,1,9.265839576721191,66.67,9,6,3,
uchen_medium quality,uchen_medium quality - page 1,Woodblock,layout,0.8,3.0,3.5,False,0.1,True,2,10.309804201126099,53.85,13,7,6,
uchen_medium quality,uchen_medium quality - page 1,Woodblock,layout,0.8,3.0,3.5,False,0.25,True,2,10.17203164100647,53.85,13,7,6,
uchen_medium quality,uchen_medium quality - page 1,Woodblock,layout,0.8,3.0,3.5,False,0.5,True,2,10.392253398895264,53.85,13,7,6,
uchen_medium quality,uchen_medium quality - page 1,Woodblock,layout,0.8,3.0,3.5,False,0.9,True,2,10.213996410369873,53.85,13,7,6,
uchen_medium quality,uchen_medium quality - page 1,Woodblock,layout,0.8,3.0,4.0,True,0.1,True,1,9.255085945129395,66.67,9,6,3,
uchen_medium quality,uchen_medium quality - page 1,Woodblock,layout,0.8,3.0,4.0,True,0.25,True,1,9.114378929138184,66.67,9,6,3,
uchen_medium quality,uchen_medium quality - page 1,Woodblock,layout,0.8,3.0,4.0,True,0.5,True,1,9.137947797775269,66.67,9,6,3,
uchen_medium quality,uchen_medium quality - page 1,Woodblock,layout,0.8,3.0,4.0,True,0.9,True,1,9.430391788482666,66.67,9,6,3,
uchen_medium quality,uchen_medium quality - page 1,Woodblock,layout,0.8,3.0,4.0,False,0.1,True,2,10.108950853347778,60.0,10,6,4,
uchen_medium quality,uchen_medium quality - page 1,Woodblock,layout,0.8,3.0,4.0,False,0.25,True,2,9.858168601989746,60.0,10,6,4,
uchen_medium quality,uchen_medium quality - page 1,Woodblock,layout,0.8,3.0,4.0,False,0.5,True,2,9.971459865570068,60.0,10,6,4,
uchen_medium quality,uchen_medium quality - page 1,Woodblock,layout,0.8,3.0,4.0,False,0.9,True,2,9.595865488052368,60.0,10,6,4,
uchen_medium quality,uchen_medium quality - page 1,Woodblock,layout,0.8,3.0,5.0,True,0.1,True,1,9.420273542404175,66.67,9,6,3,
uchen_medium quality,uchen_medium quality - page 1,Woodblock,layout,0.8,3.0,5.0,True,0.25,True,1,8.86585783958435,66.67,9,6,3,
uchen_medium quality,uchen_medium quality - page 1,Woodblock,layout,0.8,3.0,5.0,True,0.5,True,1,9.369812488555908,66.67,9,6,3,
uchen_medium quality,uchen_medium quality - page 1,Woodblock,layout,0.8,3.0,5.0,True,0.9,True,1,9.057530879974365,66.67,9,6,3,
uchen_medium quality,uchen_medium quality - page 1,Woodblock,layout,0.8,3.0,5.0,False,0.1,True,2,9.371119737625122,72.73,11,8,3,
uchen_medium quality,uchen_medium quality - page 1,Woodblock,layout,0.8,3.0,5.0,False,0.25,True,2,9.468539714813232,72.73,11,8,3,
uchen_medium quality,uchen_medium quality - page 1,Woodblock,layout,0.8,3.0,5.0,False,0.5,True,2,9.541958808898926,72.73,11,8,3,
uchen_medium quality,uchen_medium quality - page 1,Woodblock,layout,0.8,3.0,5.0,False,0.9,True,2,9.75489330291748,72.73,11,8,3,
uchen_medium quality,uchen_medium quality - page 1,Woodblock,layout,0.9,2.0,2.5,True,0.1,True,1,9.577789783477783,31.25,16,5,11,
uchen_medium quality,uchen_medium quality - page 1,Woodblock,layout,0.9,2.0,2.5,True,0.25,True,1,9.222331047058105,31.25,16,5,11,
uchen_medium quality,uchen_medium quality - page 1,Woodblock,layout,0.9,2.0,2.5,True,0.5,True,1,9.21497392654419,31.25,16,5,11,
uchen_medium quality,uchen_medium quality - page 1,Woodblock,layout,0.9,2.0,2.5,True,0.9,True,1,9.433697938919067,31.25,16,5,11,
uchen_medium quality,uchen_medium quality - page 1,Woodblock,layout,0.9,2.0,2.5,False,0.1,True,2,9.567301034927368,35.71,14,5,9,
uchen_medium quality,uchen_medium quality - page 1,Woodblock,layout,0.9,2.0,2.5,False,0.25,True,2,9.908839702606201,35.71,14,5,9,
uchen_medium quality,uchen_medium quality - page 1,Woodblock,layout,0.9,2.0,2.5,False,0.5,True,2,9.415832042694092,35.71,14,5,9,
uchen_medium quality,uchen_medium quality - page 1,Woodblock,layout,0.9,2.0,2.5,False,0.9,True,2,9.873623371124268,35.71,14,5,9,
uchen_medium quality,uchen_medium quality - page 1,Woodblock,layout,0.9,2.0,3.5,True,0.1,True,1,9.264621019363403,57.14,14,8,6,
uchen_medium quality,uchen_medium quality - page 1,Woodblock,layout,0.9,2.0,3.5,True,0.25,True,1,8.845478057861328,57.14,14,8,6,
uchen_medium quality,uchen_medium quality - page 1,Woodblock,layout,0.9,2.0,3.5,True,0.5,True,1,9.044826030731201,57.14,14,8,6,
uchen_medium quality,uchen_medium quality - page 1,Woodblock,layout,0.9,2.0,3.5,True,0.9,True,1,8.714435338973999,57.14,14,8,6,
uchen_medium quality,uchen_medium quality - page 1,Woodblock,layout,0.9,2.0,3.5,False,0.1,True,2,9.209502220153809,40.0,15,6,9,
uchen_medium quality,uchen_medium quality - page 1,Woodblock,layout,0.9,2.0,3.5,False,0.25,True,2,9.249680995941162,40.0,15,6,9,
uchen_medium quality,uchen_medium quality - page 1,Woodblock,layout,0.9,2.0,3.5,False,0.5,True,2,8.863093614578247,40.0,15,6,9,
uchen_medium quality,uchen_medium quality - page 1,Woodblock,layout,0.9,2.0,3.5,False,0.9,True,2,9.11259651184082,40.0,15,6,9,
uchen_medium quality,uchen_medium quality - page 1,Woodblock,layout,0.9,2.0,4.0,True,0.1,True,1,8.384568452835083,50.0,12,6,6,
uchen_medium quality,uchen_medium quality - page 1,Woodblock,layout,0.9,2.0,4.0,True,0.25,True,1,8.43882131576538,50.0,12,6,6,
uchen_medium quality,uchen_medium quality - page 1,Woodblock,layout,0.9,2.0,4.0,True,0.5,True,1,8.84870433807373,50.0,12,6,6,
uchen_medium quality,uchen_medium quality - page 1,Woodblock,layout,0.9,2.0,4.0,True,0.9,True,1,8.49586033821106,50.0,12,6,6,
uchen_medium quality,uchen_medium quality - page 1,Woodblock,layout,0.9,2.0,4.0,False,0.1,True,2,8.965885162353516,50.0,12,6,6,
uchen_medium quality,uchen_medium quality - page 1,Woodblock,layout,0.9,2.0,4.0,False,0.25,True,2,8.936925888061523,50.0,12,6,6,
uchen_medium quality,uchen_medium quality - page 1,Woodblock,layout,0.9,2.0,4.0,False,0.5,True,2,8.5219407081604,50.0,12,6,6,
uchen_medium quality,uchen_medium quality - page 1,Woodblock,layout,0.9,2.0,4.0,False,0.9,True,2,8.775004386901855,50.0,12,6,6,
uchen_medium quality,uchen_medium quality - page 1,Woodblock,layout,0.9,2.0,5.0,True,0.1,True,1,8.171228170394897,60.0,10,6,4,
uchen_medium quality,uchen_medium quality - page 1,Woodblock,layout,0.9,2.0,5.0,True,0.25,True,1,6.268640518188477,60.0,10,6,4,
uchen_medium quality,uchen_medium quality - page 1,Woodblock,layout,0.9,2.0,5.0,True,0.5,True,1,5.448012113571167,60.0,10,6,4,
uchen_medium quality,uchen_medium quality - page 1,Woodblock,layout,0.9,2.0,5.0,True,0.9,True,1,5.495384216308594,60.0,10,6,4,
uchen_medium quality,uchen_medium quality - page 1,Woodblock,layout,0.9,2.0,5.0,False,0.1,True,2,5.7083024978637695,70.0,10,7,3,
uchen_medium quality,uchen_medium quality - page 1,Woodblock,layout,0.9,2.0,5.0,False,0.25,True,2,5.635990381240845,70.0,10,7,3,
uchen_medium quality,uchen_medium quality - page 1,Woodblock,layout,0.9,2.0,5.0,False,0.5,True,2,5.63073205947876,70.0,10,7,3,
uchen_medium quality,uchen_medium quality - page 1,Woodblock,layout,0.9,2.0,5.0,False,0.9,True,2,5.605889081954956,70.0,10,7,3,
uchen_medium quality,uchen_medium quality - page 1,Woodblock,layout,0.9,2.5,2.5,True,0.1,True,1,6.223753452301025,60.0,20,12,8,
uchen_medium quality,uchen_medium quality - page 1,Woodblock,layout,0.9,2.5,2.5,True,0.25,True,1,6.1365065574646,60.0,20,12,8,
uchen_medium quality,uchen_medium quality - page 1,Woodblock,layout,0.9,2.5,2.5,True,0.5,True,1,6.134020566940308,60.0,20,12,8,
uchen_medium quality,uchen_medium quality - page 1,Woodblock,layout,0.9,2.5,2.5,True,0.9,True,1,6.154930830001831,60.0,20,12,8,
uchen_medium quality,uchen_medium quality - page 1,Woodblock,layout,0.9,2.5,2.5,False,0.1,True,2,6.6945250034332275,25.0,16,4,12,
uchen_medium quality,uchen_medium quality - page 1,Woodblock,layout,0.9,2.5,2.5,False,0.25,True,2,6.648728847503662,25.0,16,4,12,
uchen_medium quality,uchen_medium quality - page 1,Woodblock,layout,0.9,2.5,2.5,False,0.5,True,2,6.750699043273926,25.0,16,4,12,
uchen_medium quality,uchen_medium quality - page 1,Woodblock,layout,0.9,2.5,2.5,False,0.9,True,2,6.661175727844238,25.0,16,4,12,
uchen_medium quality,uchen_medium quality - page 1,Woodblock,layout,0.9,2.5,3.5,True,0.1,True,1,6.055026531219482,57.14,14,8,6,
uchen_medium quality,uchen_medium quality - page 1,Woodblock,layout,0.9,2.5,3.5,True,0.25,True,1,6.098047971725464,57.14,14,8,6,
uchen_medium quality,uchen_medium quality - page 1,Woodblock,layout,0.9,2.5,3.5,True,0.5,True,1,6.067162036895752,57.14,14,8,6,
uchen_medium quality,uchen_medium quality - page 1,Woodblock,layout,0.9,2.5,3.5,True,0.9,True,1,6.068875551223755,57.14,14,8,6,
uchen_medium quality,uchen_medium quality - page 1,Woodblock,layout,0.9,2.5,3.5,False,0.1,True,2,6.338659286499023,40.0,15,6,9,
uchen_medium quality,uchen_medium quality - page 1,Woodblock,layout,0.9,2.5,3.5,False,0.25,True,2,6.344788074493408,40.0,15,6,9,
uchen_medium quality,uchen_medium quality - page 1,Woodblock,layout,0.9,2.5,3.5,False,0.5,True,2,6.343376636505127,40.0,15,6,9,
uchen_medium quality,uchen_medium quality - page 1,Woodblock,layout,0.9,2.5,3.5,False,0.9,True,2,6.483246803283691,40.0,15,6,9,
uchen_medium quality,uchen_medium quality - page 1,Woodblock,layout,0.9,2.5,4.0,True,0.1,True,1,6.012002468109131,50.0,12,6,6,
uchen_medium quality,uchen_medium quality - page 1,Woodblock,layout,0.9,2.5,4.0,True,0.25,True,1,5.9913270473480225,50.0,12,6,6,
uchen_medium quality,uchen_medium quality - page 1,Woodblock,layout,0.9,2.5,4.0,True,0.5,True,1,5.978993892669678,50.0,12,6,6,
uchen_medium quality,uchen_medium quality - page 1,Woodblock,layout,0.9,2.5,4.0,True,0.9,True,1,5.954275846481323,50.0,12,6,6,
uchen_medium quality,uchen_medium quality - page 1,Woodblock,layout,0.9,2.5,4.0,False,0.1,True,2,6.133868217468262,50.0,12,6,6,
uchen_medium quality,uchen_medium quality - page 1,Woodblock,layout,0.9,2.5,4.0,False,0.25,True,2,6.142009973526001,50.0,12,6,6,
uchen_medium quality,uchen_medium quality - page 1,Woodblock,layout,0.9,2.5,4.0,False,0.5,True,2,6.1043314933776855,50.0,12,6,6,
uchen_medium quality,uchen_medium quality - page 1,Woodblock,layout,0.9,2.5,4.0,False,0.9,True,2,6.145063161849976,50.0,12,6,6,
uchen_medium quality,uchen_medium quality - page 1,Woodblock,layout,0.9,2.5,5.0,True,0.1,True,1,5.722923517227173,66.67,9,6,3,
uchen_medium quality,uchen_medium quality - page 1,Woodblock,layout,0.9,2.5,5.0,True,0.25,True,1,5.822939872741699,66.67,9,6,3,
uchen_medium quality,uchen_medium quality - page 1,Woodblock,layout,0.9,2.5,5.0,True,0.5,True,1,5.851322174072266,66.67,9,6,3,
uchen_medium quality,uchen_medium quality - page 1,Woodblock,layout,0.9,2.5,5.0,True,0.9,True,1,5.790719032287598,66.67,9,6,3,
uchen_medium quality,uchen_medium quality - page 1,Woodblock,layout,0.9,2.5,5.0,False,0.1,True,2,5.928493499755859,72.73,11,8,3,
uchen_medium quality,uchen_medium quality - page 1,Woodblock,layout,0.9,2.5,5.0,False,0.25,True,2,5.909061670303345,72.73,11,8,3,
uchen_medium quality,uchen_medium quality - page 1,Woodblock,layout,0.9,2.5,5.0,False,0.5,True,2,5.916561603546143,72.73,11,8,3,
uchen_medium quality,uchen_medium quality - page 1,Woodblock,layout,0.9,2.5,5.0,False,0.9,True,2,5.948498725891113,72.73,11,8,3,
uchen_medium quality,uchen_medium quality - page 1,Woodblock,layout,0.9,3.0,2.5,True,0.1,True,1,6.144099473953247,66.67,9,6,3,
uchen_medium quality,uchen_medium quality - page 1,Woodblock,layout,0.9,3.0,2.5,True,0.25,True,1,6.111593961715698,66.67,9,6,3,
uchen_medium quality,uchen_medium quality - page 1,Woodblock,layout,0.9,3.0,2.5,True,0.5,True,1,6.142802715301514,66.67,9,6,3,
uchen_medium quality,uchen_medium quality - page 1,Woodblock,layout,0.9,3.0,2.5,True,0.9,True,1,6.241889715194702,66.67,9,6,3,
uchen_medium quality,uchen_medium quality - page 1,Woodblock,layout,0.9,3.0,2.5,False,0.1,True,2,6.99911642074585,30.77,13,4,9,
uchen_medium quality,uchen_medium quality - page 1,Woodblock,layout,0.9,3.0,2.5,False,0.25,True,2,6.929845094680786,30.77,13,4,9,
uchen_medium quality,uchen_medium quality - page 1,Woodblock,layout,0.9,3.0,2.5,False,0.5,True,2,6.874919652938843,30.77,13,4,9,
uchen_medium quality,uchen_medium quality - page 1,Woodblock,layout,0.9,3.0,2.5,False,0.9,True,2,6.873641729354858,30.77,13,4,9,
uchen_medium quality,uchen_medium quality - page 1,Woodblock,layout,0.9,3.0,3.5,True,0.1,True,1,6.042276859283447,66.67,9,6,3,
uchen_medium quality,uchen_medium quality - page 1,Woodblock,layout,0.9,3.0,3.5,True,0.25,True,1,6.096055746078491,66.67,9,6,3,
uchen_medium quality,uchen_medium quality - page 1,Woodblock,layout,0.9,3.0,3.5,True,0.5,True,1,6.114227533340454,66.67,9,6,3,
uchen_medium quality,uchen_medium quality - page 1,Woodblock,layout,0.9,3.0,3.5,True,0.9,True,1,6.117530822753906,66.67,9,6,3,
uchen_medium quality,uchen_medium quality - page 1,Woodblock,layout,0.9,3.0,3.5,False,0.1,True,2,6.637305736541748,53.85,13,7,6,
uchen_medium quality,uchen_medium quality - page 1,Woodblock,layout,0.9,3.0,3.5,False,0.25,True,2,6.720602750778198,53.85,13,7,6,
uchen_medium quality,uchen_medium quality - page 1,Woodblock,layout,0.9,3.0,3.5,False,0.5,True,2,6.607000827789307,53.85,13,7,6,
uchen_medium quality,uchen_medium quality - page 1,Woodblock,layout,0.9,3.0,3.5,False,0.9,True,2,6.599064111709595,53.85,13,7,6,
uchen_medium quality,uchen_medium quality - page 1,Woodblock,layout,0.9,3.0,4.0,True,0.1,True,1,6.05577278137207,66.67,9,6,3,
uchen_medium quality,uchen_medium quality - page 1,Woodblock,layout,0.9,3.0,4.0,True,0.25,True,1,6.107399940490723,66.67,9,6,3,
uchen_medium quality,uchen_medium quality - page 1,Woodblock,layout,0.9,3.0,4.0,True,0.5,True,1,6.120187997817993,66.67,9,6,3,
uchen_medium quality,uchen_medium quality - page 1,Woodblock,layout,0.9,3.0,4.0,True,0.9,True,1,6.0910115242004395,66.67,9,6,3,
uchen_medium quality,uchen_medium quality - page 1,Woodblock,layout,0.9,3.0,4.0,False,0.1,True,2,6.4852516651153564,60.0,10,6,4,
uchen_medium quality,uchen_medium quality - page 1,Woodblock,layout,0.9,3.0,4.0,False,0.25,True,2,6.487689018249512,60.0,10,6,4,
uchen_medium quality,uchen_medium quality - page 1,Woodblock,layout,0.9,3.0,4.0,False,0.5,True,2,6.563575506210327,60.0,10,6,4,
uchen_medium quality,uchen_medium quality - page 1,Woodblock,layout,0.9,3.0,4.0,False,0.9,True,2,6.452998876571655,60.0,10,6,4,
uchen_medium quality,uchen_medium quality - page 1,Woodblock,layout,0.9,3.0,5.0,True,0.1,True,1,6.216566562652588,66.67,9,6,3,
uchen_medium quality,uchen_medium quality - page 1,Woodblock,layout,0.9,3.0,5.0,True,0.25,True,1,6.139751434326172,66.67,9,6,3,
uchen_medium quality,uchen_medium quality - page 1,Woodblock,layout,0.9,3.0,5.0,True,0.5,True,1,6.095160484313965,66.67,9,6,3,
uchen_medium quality,uchen_medium quality - page 1,Woodblock,layout,0.9,3.0,5.0,True,0.9,True,1,6.118467807769775,66.67,9,6,3,
uchen_medium quality,uchen_medium quality - page 1,Woodblock,layout,0.9,3.0,5.0,False,0.1,True,2,6.236759185791016,72.73,11,8,3,
uchen_medium quality,uchen_medium quality - page 1,Woodblock,layout,0.9,3.0,5.0,False,0.25,True,2,6.2572572231292725,72.73,11,8,3,
uchen_medium quality,uchen_medium quality - page 1,Woodblock,layout,0.9,3.0,5.0,False,0.5,True,2,6.270648241043091,72.73,11,8,3,
uchen_medium quality,uchen_medium quality - page 1,Woodblock,layout,0.9,3.0,5.0,False,0.9,True,2,9.202880620956421,72.73,11,8,3,
uchen_medium quality,uchen_medium quality - page 1,Woodblock-Stacks,line,0.7,2.0,2.5,True,0.1,True,1,9.829082489013672,7.14,14,1,13,
uchen_medium quality,uchen_medium quality - page 1,Woodblock-Stacks,line,0.7,2.0,2.5,True,0.25,True,1,5.889520883560181,7.14,14,1,13,
uchen_medium quality,uchen_medium quality - page 1,Woodblock-Stacks,line,0.7,2.0,2.5,True,0.5,True,1,5.6777942180633545,7.14,14,1,13,
uchen_medium quality,uchen_medium quality - page 1,Woodblock-Stacks,line,0.7,2.0,2.5,True,0.9,True,1,5.843372583389282,7.14,14,1,13,
uchen_medium quality,uchen_medium quality - page 1,Woodblock-Stacks,line,0.7,2.0,2.5,False,0.1,True,2,6.346105575561523,30.77,13,4,9,
uchen_medium quality,uchen_medium quality - page 1,Woodblock-Stacks,line,0.7,2.0,2.5,False,0.25,True,2,6.340625286102295,30.77,13,4,9,
uchen_medium quality,uchen_medium quality - page 1,Woodblock-Stacks,line,0.7,2.0,2.5,False,0.5,True,2,6.323074817657471,30.77,13,4,9,
uchen_medium quality,uchen_medium quality - page 1,Woodblock-Stacks,line,0.7,2.0,2.5,False,0.9,True,2,6.398966550827026,30.77,13,4,9,
uchen_medium quality,uchen_medium quality - page 1,Woodblock-Stacks,line,0.7,2.0,3.5,True,0.1,True,1,5.702368974685669,53.33,15,8,7,
uchen_medium quality,uchen_medium quality - page 1,Woodblock-Stacks,line,0.7,2.0,3.5,True,0.25,True,1,5.716189622879028,53.33,15,8,7,
uchen_medium quality,uchen_medium quality - page 1,Woodblock-Stacks,line,0.7,2.0,3.5,True,0.5,True,1,5.785054683685303,53.33,15,8,7,
uchen_medium quality,uchen_medium quality - page 1,Woodblock-Stacks,line,0.7,2.0,3.5,True,0.9,True,1,5.672516822814941,53.33,15,8,7,
uchen_medium quality,uchen_medium quality - page 1,Woodblock-Stacks,line,0.7,2.0,3.5,False,0.1,True,2,6.183870553970337,40.0,15,6,9,
uchen_medium quality,uchen_medium quality - page 1,Woodblock-Stacks,line,0.7,2.0,3.5,False,0.25,True,2,6.009601831436157,40.0,15,6,9,
uchen_medium quality,uchen_medium quality - page 1,Woodblock-Stacks,line,0.7,2.0,3.5,False,0.5,True,2,5.9921746253967285,40.0,15,6,9,
uchen_medium quality,uchen_medium quality - page 1,Woodblock-Stacks,line,0.7,2.0,3.5,False,0.9,True,2,5.984615802764893,40.0,15,6,9,
uchen_medium quality,uchen_medium quality - page 1,Woodblock-Stacks,line,0.7,2.0,4.0,True,0.1,True,1,5.6195900440216064,61.54,13,8,5,
uchen_medium quality,uchen_medium quality - page 1,Woodblock-Stacks,line,0.7,2.0,4.0,True,0.25,True,1,5.645765781402588,61.54,13,8,5,
uchen_medium quality,uchen_medium quality - page 1,Woodblock-Stacks,line,0.7,2.0,4.0,True,0.5,True,1,5.599308013916016,61.54,13,8,5,
uchen_medium quality,uchen_medium quality - page 1,Woodblock-Stacks,line,0.7,2.0,4.0,True,0.9,True,1,7.939934492111206,61.54,13,8,5,
uchen_medium quality,uchen_medium quality - page 1,Woodblock-Stacks,line,0.7,2.0,4.0,False,0.1,True,2,8.989364862442017,57.14,14,8,6,
uchen_medium quality,uchen_medium quality - page 1,Woodblock-Stacks,line,0.7,2.0,4.0,False,0.25,True,2,8.985199689865112,57.14,14,8,6,
uchen_medium quality,uchen_medium quality - page 1,Woodblock-Stacks,line,0.7,2.0,4.0,False,0.5,True,2,8.998356580734253,57.14,14,8,6,
uchen_medium quality,uchen_medium quality - page 1,Woodblock-Stacks,line,0.7,2.0,4.0,False,0.9,True,2,8.990413665771484,57.14,14,8,6,
uchen_medium quality,uchen_medium quality - page 1,Woodblock-Stacks,line,0.7,2.0,5.0,True,0.1,True,1,8.41457986831665,70.0,10,7,3,
uchen_medium quality,uchen_medium quality - page 1,Woodblock-Stacks,line,0.7,2.0,5.0,True,0.25,True,1,5.154845237731934,70.0,10,7,3,
uchen_medium quality,uchen_medium quality - page 1,Woodblock-Stacks,line,0.7,2.0,5.0,True,0.5,True,1,5.179586887359619,70.0,10,7,3,
uchen_medium quality,uchen_medium quality - page 1,Woodblock-Stacks,line,0.7,2.0,5.0,True,0.9,True,1,5.183320045471191,70.0,10,7,3,
uchen_medium quality,uchen_medium quality - page 1,Woodblock-Stacks,line,0.7,2.0,5.0,False,0.1,True,2,8.830636262893677,88.89,9,8,1,
uchen_medium quality,uchen_medium quality - page 1,Woodblock-Stacks,line,0.7,2.0,5.0,False,0.25,True,2,5.592317819595337,88.89,9,8,1,
uchen_medium quality,uchen_medium quality - page 1,Woodblock-Stacks,line,0.7,2.0,5.0,False,0.5,True,2,5.733852863311768,88.89,9,8,1,
uchen_medium quality,uchen_medium quality - page 1,Woodblock-Stacks,line,0.7,2.0,5.0,False,0.9,True,2,8.197695016860962,88.89,9,8,1,
uchen_medium quality,uchen_medium quality - page 1,Woodblock-Stacks,line,0.7,2.5,2.5,True,0.1,True,1,9.052296876907349,60.0,15,9,6,
uchen_medium quality,uchen_medium quality - page 1,Woodblock-Stacks,line,0.7,2.5,2.5,True,0.25,True,1,9.056913614273071,60.0,15,9,6,
uchen_medium quality,uchen_medium quality - page 1,Woodblock-Stacks,line,0.7,2.5,2.5,True,0.5,True,1,9.060604572296143,60.0,15,9,6,
uchen_medium quality,uchen_medium quality - page 1,Woodblock-Stacks,line,0.7,2.5,2.5,True,0.9,True,1,9.049229145050049,60.0,15,9,6,
uchen_medium quality,uchen_medium quality - page 1,Woodblock-Stacks,line,0.7,2.5,2.5,False,0.1,True,2,9.640134572982788,62.5,16,10,6,
uchen_medium quality,uchen_medium quality - page 1,Woodblock-Stacks,line,0.7,2.5,2.5,False,0.25,True,2,9.55050539970398,62.5,16,10,6,
uchen_medium quality,uchen_medium quality - page 1,Woodblock-Stacks,line,0.7,2.5,2.5,False,0.5,True,2,6.247459888458252,62.5,16,10,6,
uchen_medium quality,uchen_medium quality - page 1,Woodblock-Stacks,line,0.7,2.5,2.5,False,0.9,True,2,6.262949466705322,62.5,16,10,6,
uchen_medium quality,uchen_medium quality - page 1,Woodblock-Stacks,line,0.7,2.5,3.5,True,0.1,True,1,5.731240749359131,53.33,15,8,7,
uchen_medium quality,uchen_medium quality - page 1,Woodblock-Stacks,line,0.7,2.5,3.5,True,0.25,True,1,5.849619150161743,53.33,15,8,7,
uchen_medium quality,uchen_medium quality - page 1,Woodblock-Stacks,line,0.7,2.5,3.5,True,0.5,True,1,6.0856218338012695,53.33,15,8,7,
uchen_medium quality,uchen_medium quality - page 1,Woodblock-Stacks,line,0.7,2.5,3.5,True,0.9,True,1,6.066406011581421,53.33,15,8,7,
uchen_medium quality,uchen_medium quality - page 1,Woodblock-Stacks,line,0.7,2.5,3.5,False,0.1,True,2,9.426101446151733,40.0,15,6,9,
uchen_medium quality,uchen_medium quality - page 1,Woodblock-Stacks,line,0.7,2.5,3.5,False,0.25,True,2,6.057157039642334,40.0,15,6,9,
uchen_medium quality,uchen_medium quality - page 1,Woodblock-Stacks,line,0.7,2.5,3.5,False,0.5,True,2,6.216315507888794,40.0,15,6,9,
uchen_medium quality,uchen_medium quality - page 1,Woodblock-Stacks,line,0.7,2.5,3.5,False,0.9,True,2,6.326659679412842,40.0,15,6,9,
uchen_medium quality,uchen_medium quality - page 1,Woodblock-Stacks,line,0.7,2.5,4.0,True,0.1,True,1,5.913010835647583,61.54,13,8,5,
uchen_medium quality,uchen_medium quality - page 1,Woodblock-Stacks,line,0.7,2.5,4.0,True,0.25,True,1,5.934628009796143,61.54,13,8,5,
uchen_medium quality,uchen_medium quality - page 1,Woodblock-Stacks,line,0.7,2.5,4.0,True,0.5,True,1,5.964608669281006,61.54,13,8,5,
uchen_medium quality,uchen_medium quality - page 1,Woodblock-Stacks,line,0.7,2.5,4.0,True,0.9,True,1,6.052732706069946,61.54,13,8,5,
uchen_medium quality,uchen_medium quality - page 1,Woodblock-Stacks,line,0.7,2.5,4.0,False,0.1,True,2,6.380604028701782,57.14,14,8,6,
uchen_medium quality,uchen_medium quality - page 1,Woodblock-Stacks,line,0.7,2.5,4.0,False,0.25,True,2,9.173261642456055,57.14,14,8,6,
uchen_medium quality,uchen_medium quality - page 1,Woodblock-Stacks,line,0.7,2.5,4.0,False,0.5,True,2,5.946927547454834,57.14,14,8,6,
uchen_medium quality,uchen_medium quality - page 1,Woodblock-Stacks,line,0.7,2.5,4.0,False,0.9,True,2,6.220065355300903,57.14,14,8,6,
uchen_medium quality,uchen_medium quality - page 1,Woodblock-Stacks,line,0.7,2.5,5.0,True,0.1,True,1,5.781940937042236,80.0,10,8,2,
uchen_medium quality,uchen_medium quality - page 1,Woodblock-Stacks,line,0.7,2.5,5.0,True,0.25,True,1,5.818398952484131,80.0,10,8,2,
uchen_medium quality,uchen_medium quality - page 1,Woodblock-Stacks,line,0.7,2.5,5.0,True,0.5,True,1,5.797900199890137,80.0,10,8,2,
uchen_medium quality,uchen_medium quality - page 1,Woodblock-Stacks,line,0.7,2.5,5.0,True,0.9,True,1,5.773982286453247,80.0,10,8,2,
uchen_medium quality,uchen_medium quality - page 1,Woodblock-Stacks,line,0.7,2.5,5.0,False,0.1,True,2,6.187510967254639,77.78,9,7,2,
uchen_medium quality,uchen_medium quality - page 1,Woodblock-Stacks,line,0.7,2.5,5.0,False,0.25,True,2,6.177381992340088,77.78,9,7,2,
uchen_medium quality,uchen_medium quality - page 1,Woodblock-Stacks,line,0.7,2.5,5.0,False,0.5,True,2,6.177041292190552,77.78,9,7,2,
uchen_medium quality,uchen_medium quality - page 1,Woodblock-Stacks,line,0.7,2.5,5.0,False,0.9,True,2,6.131239891052246,77.78,9,7,2,
uchen_medium quality,uchen_medium quality - page 1,Woodblock-Stacks,line,0.7,3.0,2.5,True,0.1,True,1,6.183756589889526,80.0,10,8,2,
uchen_medium quality,uchen_medium quality - page 1,Woodblock-Stacks,line,0.7,3.0,2.5,True,0.25,True,1,6.142131328582764,80.0,10,8,2,
uchen_medium quality,uchen_medium quality - page 1,Woodblock-Stacks,line,0.7,3.0,2.5,True,0.5,True,1,6.163363456726074,80.0,10,8,2,
uchen_medium quality,uchen_medium quality - page 1,Woodblock-Stacks,line,0.7,3.0,2.5,True,0.9,True,1,6.157674074172974,80.0,10,8,2,
uchen_medium quality,uchen_medium quality - page 1,Woodblock-Stacks,line,0.7,3.0,2.5,False,0.1,True,2,6.923043727874756,77.78,9,7,2,
uchen_medium quality,uchen_medium quality - page 1,Woodblock-Stacks,line,0.7,3.0,2.5,False,0.25,True,2,6.88536810874939,77.78,9,7,2,
uchen_medium quality,uchen_medium quality - page 1,Woodblock-Stacks,line,0.7,3.0,2.5,False,0.5,True,2,6.903315544128418,77.78,9,7,2,
uchen_medium quality,uchen_medium quality - page 1,Woodblock-Stacks,line,0.7,3.0,2.5,False,0.9,True,2,6.990869522094727,77.78,9,7,2,
uchen_medium quality,uchen_medium quality - page 1,Woodblock-Stacks,line,0.7,3.0,3.5,True,0.1,True,1,6.18534255027771,80.0,10,8,2,
uchen_medium quality,uchen_medium quality - page 1,Woodblock-Stacks,line,0.7,3.0,3.5,True,0.25,True,1,6.13918924331665,80.0,10,8,2,
uchen_medium quality,uchen_medium quality - page 1,Woodblock-Stacks,line,0.7,3.0,3.5,True,0.5,True,1,6.180832386016846,80.0,10,8,2,
uchen_medium quality,uchen_medium quality - page 1,Woodblock-Stacks,line,0.7,3.0,3.5,True,0.9,True,1,6.137771129608154,80.0,10,8,2,
uchen_medium quality,uchen_medium quality - page 1,Woodblock-Stacks,line,0.7,3.0,3.5,False,0.1,True,2,6.717609882354736,77.78,9,7,2,
uchen_medium quality,uchen_medium quality - page 1,Woodblock-Stacks,line,0.7,3.0,3.5,False,0.25,True,2,6.690469741821289,77.78,9,7,2,
uchen_medium quality,uchen_medium quality - page 1,Woodblock-Stacks,line,0.7,3.0,3.5,False,0.5,True,2,6.71800684928894,77.78,9,7,2,
uchen_medium quality,uchen_medium quality - page 1,Woodblock-Stacks,line,0.7,3.0,3.5,False,0.9,True,2,6.733916282653809,77.78,9,7,2,
uchen_medium quality,uchen_medium quality - page 1,Woodblock-Stacks,line,0.7,3.0,4.0,True,0.1,True,1,6.253838539123535,80.0,10,8,2,
uchen_medium quality,uchen_medium quality - page 1,Woodblock-Stacks,line,0.7,3.0,4.0,True,0.25,True,1,6.146283388137817,80.0,10,8,2,
uchen_medium quality,uchen_medium quality - page 1,Woodblock-Stacks,line,0.7,3.0,4.0,True,0.5,True,1,6.156177043914795,80.0,10,8,2,
uchen_medium quality,uchen_medium quality - page 1,Woodblock-Stacks,line,0.7,3.0,4.0,True,0.9,True,1,6.15776515007019,80.0,10,8,2,
uchen_medium quality,uchen_medium quality - page 1,Woodblock-Stacks,line,0.7,3.0,4.0,False,0.1,True,2,6.753462553024292,77.78,9,7,2,
uchen_medium quality,uchen_medium quality - page 1,Woodblock-Stacks,line,0.7,3.0,4.0,False,0.25,True,2,6.555750131607056,77.78,9,7,2,
uchen_medium quality,uchen_medium quality - page 1,Woodblock-Stacks,line,0.7,3.0,4.0,False,0.5,True,2,6.578936815261841,77.78,9,7,2,
uchen_medium quality,uchen_medium quality - page 1,Woodblock-Stacks,line,0.7,3.0,4.0,False,0.9,True,2,6.5819807052612305,77.78,9,7,2,
uchen_medium quality,uchen_medium quality - page 1,Woodblock-Stacks,line,0.7,3.0,5.0,True,0.1,True,1,6.142303228378296,80.0,10,8,2,
uchen_medium quality,uchen_medium quality - page 1,Woodblock-Stacks,line,0.7,3.0,5.0,True,0.25,True,1,6.195587635040283,80.0,10,8,2,
uchen_medium quality,uchen_medium quality - page 1,Woodblock-Stacks,line,0.7,3.0,5.0,True,0.5,True,1,6.165780305862427,80.0,10,8,2,
uchen_medium quality,uchen_medium quality - page 1,Woodblock-Stacks,line,0.7,3.0,5.0,True,0.9,True,1,6.1695215702056885,80.0,10,8,2,
uchen_medium quality,uchen_medium quality - page 1,Woodblock-Stacks,line,0.7,3.0,5.0,False,0.1,True,2,6.54616641998291,77.78,9,7,2,
uchen_medium quality,uchen_medium quality - page 1,Woodblock-Stacks,line,0.7,3.0,5.0,False,0.25,True,2,6.508945941925049,77.78,9,7,2,
uchen_medium quality,uchen_medium quality - page 1,Woodblock-Stacks,line,0.7,3.0,5.0,False,0.5,True,2,6.473565101623535,77.78,9,7,2,
uchen_medium quality,uchen_medium quality - page 1,Woodblock-Stacks,line,0.7,3.0,5.0,False,0.9,True,2,6.460756063461304,77.78,9,7,2,
uchen_medium quality,uchen_medium quality - page 1,Woodblock-Stacks,line,0.8,2.0,2.5,True,0.1,True,1,5.95388126373291,7.14,14,1,13,
uchen_medium quality,uchen_medium quality - page 1,Woodblock-Stacks,line,0.8,2.0,2.5,True,0.25,True,1,5.985297203063965,7.14,14,1,13,
uchen_medium quality,uchen_medium quality - page 1,Woodblock-Stacks,line,0.8,2.0,2.5,True,0.5,True,1,6.0271124839782715,7.14,14,1,13,
uchen_medium quality,uchen_medium quality - page 1,Woodblock-Stacks,line,0.8,2.0,2.5,True,0.9,True,1,6.085816383361816,7.14,14,1,13,
uchen_medium quality,uchen_medium quality - page 1,Woodblock-Stacks,line,0.8,2.0,2.5,False,0.1,True,2,6.394633769989014,30.77,13,4,9,
uchen_medium quality,uchen_medium quality - page 1,Woodblock-Stacks,line,0.8,2.0,2.5,False,0.25,True,2,6.3348548412323,30.77,13,4,9,
uchen_medium quality,uchen_medium quality - page 1,Woodblock-Stacks,line,0.8,2.0,2.5,False,0.5,True,2,6.350003242492676,30.77,13,4,9,
uchen_medium quality,uchen_medium quality - page 1,Woodblock-Stacks,line,0.8,2.0,2.5,False,0.9,True,2,6.322980165481567,30.77,13,4,9,
uchen_medium quality,uchen_medium quality - page 1,Woodblock-Stacks,line,0.8,2.0,3.5,True,0.1,True,1,5.599872827529907,53.33,15,8,7,
uchen_medium quality,uchen_medium quality - page 1,Woodblock-Stacks,line,0.8,2.0,3.5,True,0.25,True,1,5.6819682121276855,53.33,15,8,7,
uchen_medium quality,uchen_medium quality - page 1,Woodblock-Stacks,line,0.8,2.0,3.5,True,0.5,True,1,5.712282657623291,53.33,15,8,7,
uchen_medium quality,uchen_medium quality - page 1,Woodblock-Stacks,line,0.8,2.0,3.5,True,0.9,True,1,5.683305501937866,53.33,15,8,7,
uchen_medium quality,uchen_medium quality - page 1,Woodblock-Stacks,line,0.8,2.0,3.5,False,0.1,True,2,6.023166656494141,40.0,15,6,9,
uchen_medium quality,uchen_medium quality - page 1,Woodblock-Stacks,line,0.8,2.0,3.5,False,0.25,True,2,6.1085851192474365,40.0,15,6,9,
uchen_medium quality,uchen_medium quality - page 1,Woodblock-Stacks,line,0.8,2.0,3.5,False,0.5,True,2,5.974838972091675,40.0,15,6,9,
uchen_medium quality,uchen_medium quality - page 1,Woodblock-Stacks,line,0.8,2.0,3.5,False,0.9,True,2,5.984044551849365,40.0,15,6,9,
uchen_medium quality,uchen_medium quality - page 1,Woodblock-Stacks,line,0.8,2.0,4.0,True,0.1,True,1,5.555448532104492,61.54,13,8,5,
uchen_medium quality,uchen_medium quality - page 1,Woodblock-Stacks,line,0.8,2.0,4.0,True,0.25,True,1,5.674743413925171,61.54,13,8,5,
uchen_medium quality,uchen_medium quality - page 1,Woodblock-Stacks,line,0.8,2.0,4.0,True,0.5,True,1,5.579843997955322,61.54,13,8,5,
uchen_medium quality,uchen_medium quality - page 1,Woodblock-Stacks,line,0.8,2.0,4.0,True,0.9,True,1,5.574142694473267,61.54,13,8,5,
uchen_medium quality,uchen_medium quality - page 1,Woodblock-Stacks,line,0.8,2.0,4.0,False,0.1,True,2,5.93624472618103,57.14,14,8,6,
uchen_medium quality,uchen_medium quality - page 1,Woodblock-Stacks,line,0.8,2.0,4.0,False,0.25,True,2,5.903815984725952,57.14,14,8,6,
uchen_medium quality,uchen_medium quality - page 1,Woodblock-Stacks,line,0.8,2.0,4.0,False,0.5,True,2,5.954455375671387,57.14,14,8,6,
uchen_medium quality,uchen_medium quality - page 1,Woodblock-Stacks,line,0.8,2.0,4.0,False,0.9,True,2,6.000619888305664,57.14,14,8,6,
uchen_medium quality,uchen_medium quality - page 1,Woodblock-Stacks,line,0.8,2.0,5.0,True,0.1,True,1,5.482160568237305,70.0,10,7,3,
uchen_medium quality,uchen_medium quality - page 1,Woodblock-Stacks,line,0.8,2.0,5.0,True,0.25,True,1,5.487228155136108,70.0,10,7,3,
uchen_medium quality,uchen_medium quality - page 1,Woodblock-Stacks,line,0.8,2.0,5.0,True,0.5,True,1,8.403466939926147,70.0,10,7,3,
uchen_medium quality,uchen_medium quality - page 1,Woodblock-Stacks,line,0.8,2.0,5.0,True,0.9,True,1,5.104728937149048,70.0,10,7,3,
uchen_medium quality,uchen_medium quality - page 1,Woodblock-Stacks,line,0.8,2.0,5.0,False,0.1,True,2,5.755542993545532,88.89,9,8,1,
uchen_medium quality,uchen_medium quality - page 1,Woodblock-Stacks,line,0.8,2.0,5.0,False,0.25,True,2,5.770968198776245,88.89,9,8,1,
uchen_medium quality,uchen_medium quality - page 1,Woodblock-Stacks,line,0.8,2.0,5.0,False,0.5,True,2,5.767831087112427,88.89,9,8,1,
uchen_medium quality,uchen_medium quality - page 1,Woodblock-Stacks,line,0.8,2.0,5.0,False,0.9,True,2,5.774026870727539,88.89,9,8,1,
uchen_medium quality,uchen_medium quality - page 1,Woodblock-Stacks,line,0.8,2.5,2.5,True,0.1,True,1,6.143624782562256,60.0,15,9,6,
uchen_medium quality,uchen_medium quality - page 1,Woodblock-Stacks,line,0.8,2.5,2.5,True,0.25,True,1,6.1470887660980225,60.0,15,9,6,
uchen_medium quality,uchen_medium quality - page 1,Woodblock-Stacks,line,0.8,2.5,2.5,True,0.5,True,1,6.070957899093628,60.0,15,9,6,
uchen_medium quality,uchen_medium quality - page 1,Woodblock-Stacks,line,0.8,2.5,2.5,True,0.9,True,1,6.0457603931427,60.0,15,9,6,
uchen_medium quality,uchen_medium quality - page 1,Woodblock-Stacks,line,0.8,2.5,2.5,False,0.1,True,2,6.51290488243103,62.5,16,10,6,
uchen_medium quality,uchen_medium quality - page 1,Woodblock-Stacks,line,0.8,2.5,2.5,False,0.25,True,2,6.596884727478027,62.5,16,10,6,
uchen_medium quality,uchen_medium quality - page 1,Woodblock-Stacks,line,0.8,2.5,2.5,False,0.5,True,2,6.476735830307007,62.5,16,10,6,
uchen_medium quality,uchen_medium quality - page 1,Woodblock-Stacks,line,0.8,2.5,2.5,False,0.9,True,2,6.4932427406311035,62.5,16,10,6,
uchen_medium quality,uchen_medium quality - page 1,Woodblock-Stacks,line,0.8,2.5,3.5,True,0.1,True,1,5.97960090637207,53.33,15,8,7,
uchen_medium quality,uchen_medium quality - page 1,Woodblock-Stacks,line,0.8,2.5,3.5,True,0.25,True,1,5.988360166549683,53.33,15,8,7,
uchen_medium quality,uchen_medium quality - page 1,Woodblock-Stacks,line,0.8,2.5,3.5,True,0.5,True,1,6.044302463531494,53.33,15,8,7,
uchen_medium quality,uchen_medium quality - page 1,Woodblock-Stacks,line,0.8,2.5,3.5,True,0.9,True,1,6.145607948303223,53.33,15,8,7,
uchen_medium quality,uchen_medium quality - page 1,Woodblock-Stacks,line,0.8,2.5,3.5,False,0.1,True,2,6.324917316436768,40.0,15,6,9,
uchen_medium quality,uchen_medium quality - page 1,Woodblock-Stacks,line,0.8,2.5,3.5,False,0.25,True,2,6.331982374191284,40.0,15,6,9,
uchen_medium quality,uchen_medium quality - page 1,Woodblock-Stacks,line,0.8,2.5,3.5,False,0.5,True,2,6.298474311828613,40.0,15,6,9,
uchen_medium quality,uchen_medium quality - page 1,Woodblock-Stacks,line,0.8,2.5,3.5,False,0.9,True,2,6.321309804916382,40.0,15,6,9,
uchen_medium quality,uchen_medium quality - page 1,Woodblock-Stacks,line,0.8,2.5,4.0,True,0.1,True,1,5.898106575012207,61.54,13,8,5,
uchen_medium quality,uchen_medium quality - page 1,Woodblock-Stacks,line,0.8,2.5,4.0,True,0.25,True,1,5.917879104614258,61.54,13,8,5,
uchen_medium quality,uchen_medium quality - page 1,Woodblock-Stacks,line,0.8,2.5,4.0,True,0.5,True,1,5.906105279922485,61.54,13,8,5,
uchen_medium quality,uchen_medium quality - page 1,Woodblock-Stacks,line,0.8,2.5,4.0,True,0.9,True,1,5.9385387897491455,61.54,13,8,5,
uchen_medium quality,uchen_medium quality - page 1,Woodblock-Stacks,line,0.8,2.5,4.0,False,0.1,True,2,6.327667713165283,57.14,14,8,6,
uchen_medium quality,uchen_medium quality - page 1,Woodblock-Stacks,line,0.8,2.5,4.0,False,0.25,True,2,6.396428346633911,57.14,14,8,6,
uchen_medium quality,uchen_medium quality - page 1,Woodblock-Stacks,line,0.8,2.5,4.0,False,0.5,True,2,6.317233324050903,57.14,14,8,6,
uchen_medium quality,uchen_medium quality - page 1,Woodblock-Stacks,line,0.8,2.5,4.0,False,0.9,True,2,6.2559497356414795,57.14,14,8,6,
uchen_medium quality,uchen_medium quality - page 1,Woodblock-Stacks,line,0.8,2.5,5.0,True,0.1,True,1,5.775563716888428,80.0,10,8,2,
uchen_medium quality,uchen_medium quality - page 1,Woodblock-Stacks,line,0.8,2.5,5.0,True,0.25,True,1,5.891879558563232,80.0,10,8,2,
uchen_medium quality,uchen_medium quality - page 1,Woodblock-Stacks,line,0.8,2.5,5.0,True,0.5,True,1,5.8141820430755615,80.0,10,8,2,
uchen_medium quality,uchen_medium quality - page 1,Woodblock-Stacks,line,0.8,2.5,5.0,True,0.9,True,1,5.773591995239258,80.0,10,8,2,
uchen_medium quality,uchen_medium quality - page 1,Woodblock-Stacks,line,0.8,2.5,5.0,False,0.1,True,2,6.143157958984375,77.78,9,7,2,
uchen_medium quality,uchen_medium quality - page 1,Woodblock-Stacks,line,0.8,2.5,5.0,False,0.25,True,2,6.1194257736206055,77.78,9,7,2,
uchen_medium quality,uchen_medium quality - page 1,Woodblock-Stacks,line,0.8,2.5,5.0,False,0.5,True,2,6.201773643493652,77.78,9,7,2,
uchen_medium quality,uchen_medium quality - page 1,Woodblock-Stacks,line,0.8,2.5,5.0,False,0.9,True,2,6.1754419803619385,77.78,9,7,2,
uchen_medium quality,uchen_medium quality - page 1,Woodblock-Stacks,line,0.8,3.0,2.5,True,0.1,True,1,6.195580005645752,80.0,10,8,2,
uchen_medium quality,uchen_medium quality - page 1,Woodblock-Stacks,line,0.8,3.0,2.5,True,0.25,True,1,6.156035661697388,80.0,10,8,2,
uchen_medium quality,uchen_medium quality - page 1,Woodblock-Stacks,line,0.8,3.0,2.5,True,0.5,True,1,6.135969400405884,80.0,10,8,2,
uchen_medium quality,uchen_medium quality - page 1,Woodblock-Stacks,line,0.8,3.0,2.5,True,0.9,True,1,6.159532070159912,80.0,10,8,2,
uchen_medium quality,uchen_medium quality - page 1,Woodblock-Stacks,line,0.8,3.0,2.5,False,0.1,True,2,6.914766550064087,77.78,9,7,2,
uchen_medium quality,uchen_medium quality - page 1,Woodblock-Stacks,line,0.8,3.0,2.5,False,0.25,True,2,6.865413188934326,77.78,9,7,2,
uchen_medium quality,uchen_medium quality - page 1,Woodblock-Stacks,line,0.8,3.0,2.5,False,0.5,True,2,7.110287189483643,77.78,9,7,2,
uchen_medium quality,uchen_medium quality - page 1,Woodblock-Stacks,line,0.8,3.0,2.5,False,0.9,True,2,8.162514925003052,77.78,9,7,2,
uchen_medium quality,uchen_medium quality - page 1,Woodblock-Stacks,line,0.8,3.0,3.5,True,0.1,True,1,6.012465000152588,80.0,10,8,2,
uchen_medium quality,uchen_medium quality - page 1,Woodblock-Stacks,line,0.8,3.0,3.5,True,0.25,True,1,6.154592037200928,80.0,10,8,2,
uchen_medium quality,uchen_medium quality - page 1,Woodblock-Stacks,line,0.8,3.0,3.5,True,0.5,True,1,6.150940418243408,80.0,10,8,2,
uchen_medium quality,uchen_medium quality - page 1,Woodblock-Stacks,line,0.8,3.0,3.5,True,0.9,True,1,6.154318571090698,80.0,10,8,2,
uchen_medium quality,uchen_medium quality - page 1,Woodblock-Stacks,line,0.8,3.0,3.5,False,0.1,True,2,6.751009225845337,77.78,9,7,2,
uchen_medium quality,uchen_medium quality - page 1,Woodblock-Stacks,line,0.8,3.0,3.5,False,0.25,True,2,6.700730562210083,77.78,9,7,2,
uchen_medium quality,uchen_medium quality - page 1,Woodblock-Stacks,line,0.8,3.0,3.5,False,0.5,True,2,6.7845447063446045,77.78,9,7,2,
uchen_medium quality,uchen_medium quality - page 1,Woodblock-Stacks,line,0.8,3.0,3.5,False,0.9,True,2,6.724582672119141,77.78,9,7,2,
uchen_medium quality,uchen_medium quality - page 1,Woodblock-Stacks,line,0.8,3.0,4.0,True,0.1,True,1,6.153835296630859,80.0,10,8,2,
uchen_medium quality,uchen_medium quality - page 1,Woodblock-Stacks,line,0.8,3.0,4.0,True,0.25,True,1,6.238321542739868,80.0,10,8,2,
uchen_medium quality,uchen_medium quality - page 1,Woodblock-Stacks,line,0.8,3.0,4.0,True,0.5,True,1,6.140393257141113,80.0,10,8,2,
uchen_medium quality,uchen_medium quality - page 1,Woodblock-Stacks,line,0.8,3.0,4.0,True,0.9,True,1,6.145258188247681,80.0,10,8,2,
uchen_medium quality,uchen_medium quality - page 1,Woodblock-Stacks,line,0.8,3.0,4.0,False,0.1,True,2,6.630065679550171,77.78,9,7,2,
uchen_medium quality,uchen_medium quality - page 1,Woodblock-Stacks,line,0.8,3.0,4.0,False,0.25,True,2,6.589467287063599,77.78,9,7,2,
uchen_medium quality,uchen_medium quality - page 1,Woodblock-Stacks,line,0.8,3.0,4.0,False,0.5,True,2,6.634848594665527,77.78,9,7,2,
uchen_medium quality,uchen_medium quality - page 1,Woodblock-Stacks,line,0.8,3.0,4.0,False,0.9,True,2,6.575751781463623,77.78,9,7,2,
uchen_medium quality,uchen_medium quality - page 1,Woodblock-Stacks,line,0.8,3.0,5.0,True,0.1,True,1,6.116270303726196,80.0,10,8,2,
uchen_medium quality,uchen_medium quality - page 1,Woodblock-Stacks,line,0.8,3.0,5.0,True,0.25,True,1,6.138733863830566,80.0,10,8,2,
uchen_medium quality,uchen_medium quality - page 1,Woodblock-Stacks,line,0.8,3.0,5.0,True,0.5,True,1,6.222856044769287,80.0,10,8,2,
uchen_medium quality,uchen_medium quality - page 1,Woodblock-Stacks,line,0.8,3.0,5.0,True,0.9,True,1,6.181235313415527,80.0,10,8,2,
uchen_medium quality,uchen_medium quality - page 1,Woodblock-Stacks,line,0.8,3.0,5.0,False,0.1,True,2,6.4309306144714355,77.78,9,7,2,
uchen_medium quality,uchen_medium quality - page 1,Woodblock-Stacks,line,0.8,3.0,5.0,False,0.25,True,2,9.568915128707886,77.78,9,7,2,
uchen_medium quality,uchen_medium quality - page 1,Woodblock-Stacks,line,0.8,3.0,5.0,False,0.5,True,2,6.181994199752808,77.78,9,7,2,
uchen_medium quality,uchen_medium quality - page 1,Woodblock-Stacks,line,0.8,3.0,5.0,False,0.9,True,2,6.271371364593506,77.78,9,7,2,
uchen_medium quality,uchen_medium quality - page 1,Woodblock-Stacks,line,0.9,2.0,2.5,True,0.1,True,1,5.958054780960083,7.14,14,1,13,
uchen_medium quality,uchen_medium quality - page 1,Woodblock-Stacks,line,0.9,2.0,2.5,True,0.25,True,1,6.085001468658447,7.14,14,1,13,
uchen_medium quality,uchen_medium quality - page 1,Woodblock-Stacks,line,0.9,2.0,2.5,True,0.5,True,1,5.976364612579346,7.14,14,1,13,
uchen_medium quality,uchen_medium quality - page 1,Woodblock-Stacks,line,0.9,2.0,2.5,True,0.9,True,1,6.0736658573150635,7.14,14,1,13,
uchen_medium quality,uchen_medium quality - page 1,Woodblock-Stacks,line,0.9,2.0,2.5,False,0.1,True,2,6.382090330123901,30.77,13,4,9,
uchen_medium quality,uchen_medium quality - page 1,Woodblock-Stacks,line,0.9,2.0,2.5,False,0.25,True,2,6.3477699756622314,30.77,13,4,9,
uchen_medium quality,uchen_medium quality - page 1,Woodblock-Stacks,line,0.9,2.0,2.5,False,0.5,True,2,6.309841632843018,30.77,13,4,9,
uchen_medium quality,uchen_medium quality - page 1,Woodblock-Stacks,line,0.9,2.0,2.5,False,0.9,True,2,6.310587406158447,30.77,13,4,9,
uchen_medium quality,uchen_medium quality - page 1,Woodblock-Stacks,line,0.9,2.0,3.5,True,0.1,True,1,5.60804295539856,53.33,15,8,7,
uchen_medium quality,uchen_medium quality - page 1,Woodblock-Stacks,line,0.9,2.0,3.5,True,0.25,True,1,5.67917275428772,53.33,15,8,7,
uchen_medium quality,uchen_medium quality - page 1,Woodblock-Stacks,line,0.9,2.0,3.5,True,0.5,True,1,5.672583103179932,53.33,15,8,7,
uchen_medium quality,uchen_medium quality - page 1,Woodblock-Stacks,line,0.9,2.0,3.5,True,0.9,True,1,5.668254375457764,53.33,15,8,7,
uchen_medium quality,uchen_medium quality - page 1,Woodblock-Stacks,line,0.9,2.0,3.5,False,0.1,True,2,6.020804166793823,40.0,15,6,9,
uchen_medium quality,uchen_medium quality - page 1,Woodblock-Stacks,line,0.9,2.0,3.5,False,0.25,True,2,6.122102737426758,40.0,15,6,9,
uchen_medium quality,uchen_medium quality - page 1,Woodblock-Stacks,line,0.9,2.0,3.5,False,0.5,True,2,6.016575336456299,40.0,15,6,9,
uchen_medium quality,uchen_medium quality - page 1,Woodblock-Stacks,line,0.9,2.0,3.5,False,0.9,True,2,8.18990445137024,40.0,15,6,9,
uchen_medium quality,uchen_medium quality - page 1,Woodblock-Stacks,line,0.9,2.0,4.0,True,0.1,True,1,8.538767099380493,61.54,13,8,5,
uchen_medium quality,uchen_medium quality - page 1,Woodblock-Stacks,line,0.9,2.0,4.0,True,0.25,True,1,5.246648550033569,61.54,13,8,5,
uchen_medium quality,uchen_medium quality - page 1,Woodblock-Stacks,line,0.9,2.0,4.0,True,0.5,True,1,5.34637713432312,61.54,13,8,5,
uchen_medium quality,uchen_medium quality - page 1,Woodblock-Stacks,line,0.9,2.0,4.0,True,0.9,True,1,5.5797810554504395,61.54,13,8,5,
uchen_medium quality,uchen_medium quality - page 1,Woodblock-Stacks,line,0.9,2.0,4.0,False,0.1,True,2,5.905909776687622,57.14,14,8,6,
uchen_medium quality,uchen_medium quality - page 1,Woodblock-Stacks,line,0.9,2.0,4.0,False,0.25,True,2,5.900704622268677,57.14,14,8,6,
uchen_medium quality,uchen_medium quality - page 1,Woodblock-Stacks,line,0.9,2.0,4.0,False,0.5,True,2,6.003462791442871,57.14,14,8,6,
uchen_medium quality,uchen_medium quality - page 1,Woodblock-Stacks,line,0.9,2.0,4.0,False,0.9,True,2,6.022779941558838,57.14,14,8,6,
uchen_medium quality,uchen_medium quality - page 1,Woodblock-Stacks,line,0.9,2.0,5.0,True,0.1,True,1,5.457291126251221,70.0,10,7,3,
uchen_medium quality,uchen_medium quality - page 1,Woodblock-Stacks,line,0.9,2.0,5.0,True,0.25,True,1,5.488179445266724,70.0,10,7,3,
uchen_medium quality,uchen_medium quality - page 1,Woodblock-Stacks,line,0.9,2.0,5.0,True,0.5,True,1,5.4780285358428955,70.0,10,7,3,
uchen_medium quality,uchen_medium quality - page 1,Woodblock-Stacks,line,0.9,2.0,5.0,True,0.9,True,1,5.528772354125977,70.0,10,7,3,
uchen_medium quality,uchen_medium quality - page 1,Woodblock-Stacks,line,0.9,2.0,5.0,False,0.1,True,2,8.277265071868896,88.89,9,8,1,
uchen_medium quality,uchen_medium quality - page 1,Woodblock-Stacks,line,0.9,2.0,5.0,False,0.25,True,2,9.049066543579102,88.89,9,8,1,
uchen_medium quality,uchen_medium quality - page 1,Woodblock-Stacks,line,0.9,2.0,5.0,False,0.5,True,2,8.902841091156006,88.89,9,8,1,
uchen_medium quality,uchen_medium quality - page 1,Woodblock-Stacks,line,0.9,2.0,5.0,False,0.9,True,2,9.56475281715393,88.89,9,8,1,
uchen_medium quality,uchen_medium quality - page 1,Woodblock-Stacks,line,0.9,2.5,2.5,True,0.1,True,1,9.605872869491577,60.0,15,9,6,
uchen_medium quality,uchen_medium quality - page 1,Woodblock-Stacks,line,0.9,2.5,2.5,True,0.25,True,1,9.36959433555603,60.0,15,9,6,
uchen_medium quality,uchen_medium quality - page 1,Woodblock-Stacks,line,0.9,2.5,2.5,True,0.5,True,1,9.482304096221924,60.0,15,9,6,
uchen_medium quality,uchen_medium quality - page 1,Woodblock-Stacks,line,0.9,2.5,2.5,True,0.9,True,1,9.412591457366943,60.0,15,9,6,
uchen_medium quality,uchen_medium quality - page 1,Woodblock-Stacks,line,0.9,2.5,2.5,False,0.1,True,2,10.53025484085083,62.5,16,10,6,
uchen_medium quality,uchen_medium quality - page 1,Woodblock-Stacks,line,0.9,2.5,2.5,False,0.25,True,2,9.886126041412354,62.5,16,10,6,
uchen_medium quality,uchen_medium quality - page 1,Woodblock-Stacks,line,0.9,2.5,2.5,False,0.5,True,2,10.385624408721924,62.5,16,10,6,
uchen_medium quality,uchen_medium quality - page 1,Woodblock-Stacks,line,0.9,2.5,2.5,False,0.9,True,2,9.7265465259552,62.5,16,10,6,
uchen_medium quality,uchen_medium quality - page 1,Woodblock-Stacks,line,0.9,2.5,3.5,True,0.1,True,1,9.165064334869385,53.33,15,8,7,
uchen_medium quality,uchen_medium quality - page 1,Woodblock-Stacks,line,0.9,2.5,3.5,True,0.25,True,1,8.956019878387451,53.33,15,8,7,
uchen_medium quality,uchen_medium quality - page 1,Woodblock-Stacks,line,0.9,2.5,3.5,True,0.5,True,1,9.252009153366089,53.33,15,8,7,
uchen_medium quality,uchen_medium quality - page 1,Woodblock-Stacks,line,0.9,2.5,3.5,True,0.9,True,1,9.541772365570068,53.33,15,8,7,
uchen_medium quality,uchen_medium quality - page 1,Woodblock-Stacks,line,0.9,2.5,3.5,False,0.1,True,2,9.931201457977295,40.0,15,6,9,
uchen_medium quality,uchen_medium quality - page 1,Woodblock-Stacks,line,0.9,2.5,3.5,False,0.25,True,2,10.114650011062622,40.0,15,6,9,
uchen_medium quality,uchen_medium quality - page 1,Woodblock-Stacks,line,0.9,2.5,3.5,False,0.5,True,2,9.906981945037842,40.0,15,6,9,
uchen_medium quality,uchen_medium quality - page 1,Woodblock-Stacks,line,0.9,2.5,3.5,False,0.9,True,2,9.538658857345581,40.0,15,6,9,
uchen_medium quality,uchen_medium quality - page 1,Woodblock-Stacks,line,0.9,2.5,4.0,True,0.1,True,1,9.162972211837769,61.54,13,8,5,
uchen_medium quality,uchen_medium quality - page 1,Woodblock-Stacks,line,0.9,2.5,4.0,True,0.25,True,1,8.99304986000061,61.54,13,8,5,
uchen_medium quality,uchen_medium quality - page 1,Woodblock-Stacks,line,0.9,2.5,4.0,True,0.5,True,1,9.203577518463135,61.54,13,8,5,
uchen_medium quality,uchen_medium quality - page 1,Woodblock-Stacks,line,0.9,2.5,4.0,True,0.9,True,1,9.496829509735107,61.54,13,8,5,
uchen_medium quality,uchen_medium quality - page 1,Woodblock-Stacks,line,0.9,2.5,4.0,False,0.1,True,2,9.566609621047974,57.14,14,8,6,
uchen_medium quality,uchen_medium quality - page 1,Woodblock-Stacks,line,0.9,2.5,4.0,False,0.25,True,2,9.62752079963684,57.14,14,8,6,
uchen_medium quality,uchen_medium quality - page 1,Woodblock-Stacks,line,0.9,2.5,4.0,False,0.5,True,2,10.03743028640747,57.14,14,8,6,
uchen_medium quality,uchen_medium quality - page 1,Woodblock-Stacks,line,0.9,2.5,4.0,False,0.9,True,2,9.952246904373169,57.14,14,8,6,
uchen_medium quality,uchen_medium quality - page 1,Woodblock-Stacks,line,0.9,2.5,5.0,True,0.1,True,1,9.345835447311401,80.0,10,8,2,
uchen_medium quality,uchen_medium quality - page 1,Woodblock-Stacks,line,0.9,2.5,5.0,True,0.25,True,1,10.048197746276855,80.0,10,8,2,
uchen_medium quality,uchen_medium quality - page 1,Woodblock-Stacks,line,0.9,2.5,5.0,True,0.5,True,1,9.347835063934326,80.0,10,8,2,
uchen_medium quality,uchen_medium quality - page 1,Woodblock-Stacks,line,0.9,2.5,5.0,True,0.9,True,1,9.026476860046387,80.0,10,8,2,
uchen_medium quality,uchen_medium quality - page 1,Woodblock-Stacks,line,0.9,2.5,5.0,False,0.1,True,2,6.163679361343384,77.78,9,7,2,
uchen_medium quality,uchen_medium quality - page 1,Woodblock-Stacks,line,0.9,2.5,5.0,False,0.25,True,2,6.110287189483643,77.78,9,7,2,
uchen_medium quality,uchen_medium quality - page 1,Woodblock-Stacks,line,0.9,2.5,5.0,False,0.5,True,2,6.101600885391235,77.78,9,7,2,
uchen_medium quality,uchen_medium quality - page 1,Woodblock-Stacks,line,0.9,2.5,5.0,False,0.9,True,2,6.083446025848389,77.78,9,7,2,
uchen_medium quality,uchen_medium quality - page 1,Woodblock-Stacks,line,0.9,3.0,2.5,True,0.1,True,1,6.2437050342559814,80.0,10,8,2,
uchen_medium quality,uchen_medium quality - page 1,Woodblock-Stacks,line,0.9,3.0,2.5,True,0.25,True,1,6.219398260116577,80.0,10,8,2,
uchen_medium quality,uchen_medium quality - page 1,Woodblock-Stacks,line,0.9,3.0,2.5,True,0.5,True,1,6.1585693359375,80.0,10,8,2,
uchen_medium quality,uchen_medium quality - page 1,Woodblock-Stacks,line,0.9,3.0,2.5,True,0.9,True,1,6.141579866409302,80.0,10,8,2,
uchen_medium quality,uchen_medium quality - page 1,Woodblock-Stacks,line,0.9,3.0,2.5,False,0.1,True,2,6.914255857467651,77.78,9,7,2,
uchen_medium quality,uchen_medium quality - page 1,Woodblock-Stacks,line,0.9,3.0,2.5,False,0.25,True,2,6.877361297607422,77.78,9,7,2,
uchen_medium quality,uchen_medium quality - page 1,Woodblock-Stacks,line,0.9,3.0,2.5,False,0.5,True,2,6.880175828933716,77.78,9,7,2,
uchen_medium quality,uchen_medium quality - page 1,Woodblock-Stacks,line,0.9,3.0,2.5,False,0.9,True,2,6.883563041687012,77.78,9,7,2,
uchen_medium quality,uchen_medium quality - page 1,Woodblock-Stacks,line,0.9,3.0,3.5,True,0.1,True,1,6.085810422897339,80.0,10,8,2,
uchen_medium quality,uchen_medium quality - page 1,Woodblock-Stacks,line,0.9,3.0,3.5,True,0.25,True,1,6.152459383010864,80.0,10,8,2,
uchen_medium quality,uchen_medium quality - page 1,Woodblock-Stacks,line,0.9,3.0,3.5,True,0.5,True,1,6.301667928695679,80.0,10,8,2,
uchen_medium quality,uchen_medium quality - page 1,Woodblock-Stacks,line,0.9,3.0,3.5,True,0.9,True,1,6.160414695739746,80.0,10,8,2,
uchen_medium quality,uchen_medium quality - page 1,Woodblock-Stacks,line,0.9,3.0,3.5,False,0.1,True,2,9.853790760040283,77.78,9,7,2,
uchen_medium quality,uchen_medium quality - page 1,Woodblock-Stacks,line,0.9,3.0,3.5,False,0.25,True,2,7.081016778945923,77.78,9,7,2,
uchen_medium quality,uchen_medium quality - page 1,Woodblock-Stacks,line,0.9,3.0,3.5,False,0.5,True,2,6.456319093704224,77.78,9,7,2,
uchen_medium quality,uchen_medium quality - page 1,Woodblock-Stacks,line,0.9,3.0,3.5,False,0.9,True,2,6.673523902893066,77.78,9,7,2,
uchen_medium quality,uchen_medium quality - page 1,Woodblock-Stacks,line,0.9,3.0,4.0,True,0.1,True,1,6.112686395645142,80.0,10,8,2,
uchen_medium quality,uchen_medium quality - page 1,Woodblock-Stacks,line,0.9,3.0,4.0,True,0.25,True,1,6.151252031326294,80.0,10,8,2,
uchen_medium quality,uchen_medium quality - page 1,Woodblock-Stacks,line,0.9,3.0,4.0,True,0.5,True,1,6.153975486755371,80.0,10,8,2,
uchen_medium quality,uchen_medium quality - page 1,Woodblock-Stacks,line,0.9,3.0,4.0,True,0.9,True,1,6.284231185913086,80.0,10,8,2,
uchen_medium quality,uchen_medium quality - page 1,Woodblock-Stacks,line,0.9,3.0,4.0,False,0.1,True,2,6.594913721084595,77.78,9,7,2,
uchen_medium quality,uchen_medium quality - page 1,Woodblock-Stacks,line,0.9,3.0,4.0,False,0.25,True,2,6.597043752670288,77.78,9,7,2,
uchen_medium quality,uchen_medium quality - page 1,Woodblock-Stacks,line,0.9,3.0,4.0,False,0.5,True,2,6.567126989364624,77.78,9,7,2,
uchen_medium quality,uchen_medium quality - page 1,Woodblock-Stacks,line,0.9,3.0,4.0,False,0.9,True,2,6.602480888366699,77.78,9,7,2,
uchen_medium quality,uchen_medium quality - page 1,Woodblock-Stacks,line,0.9,3.0,5.0,True,0.1,True,1,6.11369776725769,80.0,10,8,2,
uchen_medium quality,uchen_medium quality - page 1,Woodblock-Stacks,line,0.9,3.0,5.0,True,0.25,True,1,6.150979995727539,80.0,10,8,2,
uchen_medium quality,uchen_medium quality - page 1,Woodblock-Stacks,line,0.9,3.0,5.0,True,0.5,True,1,6.15443229675293,80.0,10,8,2,
uchen_medium quality,uchen_medium quality - page 1,Woodblock-Stacks,line,0.9,3.0,5.0,True,0.9,True,1,7.3532679080963135,80.0,10,8,2,
uchen_medium quality,uchen_medium quality - page 1,Woodblock-Stacks,line,0.9,3.0,5.0,False,0.1,True,2,9.623444080352783,77.78,9,7,2,
uchen_medium quality,uchen_medium quality - page 1,Woodblock-Stacks,line,0.9,3.0,5.0,False,0.25,True,2,9.6011643409729,77.78,9,7,2,
uchen_medium quality,uchen_medium quality - page 1,Woodblock-Stacks,line,0.9,3.0,5.0,False,0.5,True,2,9.4110848903656,77.78,9,7,2,
uchen_medium quality,uchen_medium quality - page 1,Woodblock-Stacks,line,0.9,3.0,5.0,False,0.9,True,2,6.204923152923584,77.78,9,7,2,
uchen_medium quality,uchen_medium quality - page 1,Woodblock-Stacks,layout,0.7,2.0,2.5,True,0.1,True,1,9.751166820526123,35.0,20,7,13,
uchen_medium quality,uchen_medium quality - page 1,Woodblock-Stacks,layout,0.7,2.0,2.5,True,0.25,True,1,9.492388248443604,35.0,20,7,13,
uchen_medium quality,uchen_medium quality - page 1,Woodblock-Stacks,layout,0.7,2.0,2.5,True,0.5,True,1,6.030189752578735,35.0,20,7,13,
uchen_medium quality,uchen_medium quality - page 1,Woodblock-Stacks,layout,0.7,2.0,2.5,True,0.9,True,1,6.1265528202056885,35.0,20,7,13,
uchen_medium quality,uchen_medium quality - page 1,Woodblock-Stacks,layout,0.7,2.0,2.5,False,0.1,True,2,6.327036619186401,36.84,19,7,12,
uchen_medium quality,uchen_medium quality - page 1,Woodblock-Stacks,layout,0.7,2.0,2.5,False,0.25,True,2,6.435915231704712,36.84,19,7,12,
uchen_medium quality,uchen_medium quality - page 1,Woodblock-Stacks,layout,0.7,2.0,2.5,False,0.5,True,2,6.536205291748047,36.84,19,7,12,
uchen_medium quality,uchen_medium quality - page 1,Woodblock-Stacks,layout,0.7,2.0,2.5,False,0.9,True,2,6.541174411773682,36.84,19,7,12,
uchen_medium quality,uchen_medium quality - page 1,Woodblock-Stacks,layout,0.7,2.0,3.5,True,0.1,True,1,5.74458646774292,61.54,13,8,5,
uchen_medium quality,uchen_medium quality - page 1,Woodblock-Stacks,layout,0.7,2.0,3.5,True,0.25,True,1,5.794253826141357,61.54,13,8,5,
uchen_medium quality,uchen_medium quality - page 1,Woodblock-Stacks,layout,0.7,2.0,3.5,True,0.5,True,1,5.783346176147461,61.54,13,8,5,
uchen_medium quality,uchen_medium quality - page 1,Woodblock-Stacks,layout,0.7,2.0,3.5,True,0.9,True,1,5.808539867401123,61.54,13,8,5,
uchen_medium quality,uchen_medium quality - page 1,Woodblock-Stacks,layout,0.7,2.0,3.5,False,0.1,True,2,6.212921857833862,64.29,14,9,5,
uchen_medium quality,uchen_medium quality - page 1,Woodblock-Stacks,layout,0.7,2.0,3.5,False,0.25,True,2,6.334719657897949,64.29,14,9,5,
uchen_medium quality,uchen_medium quality - page 1,Woodblock-Stacks,layout,0.7,2.0,3.5,False,0.5,True,2,6.18981409072876,64.29,14,9,5,
uchen_medium quality,uchen_medium quality - page 1,Woodblock-Stacks,layout,0.7,2.0,3.5,False,0.9,True,2,6.206997394561768,64.29,14,9,5,
uchen_medium quality,uchen_medium quality - page 1,Woodblock-Stacks,layout,0.7,2.0,4.0,True,0.1,True,1,5.736376047134399,66.67,9,6,3,
uchen_medium quality,uchen_medium quality - page 1,Woodblock-Stacks,layout,0.7,2.0,4.0,True,0.25,True,1,5.758838415145874,66.67,9,6,3,
uchen_medium quality,uchen_medium quality - page 1,Woodblock-Stacks,layout,0.7,2.0,4.0,True,0.5,True,1,5.783125162124634,66.67,9,6,3,
uchen_medium quality,uchen_medium quality - page 1,Woodblock-Stacks,layout,0.7,2.0,4.0,True,0.9,True,1,8.673540115356445,66.67,9,6,3,
uchen_medium quality,uchen_medium quality - page 1,Woodblock-Stacks,layout,0.7,2.0,4.0,False,0.1,True,2,5.831153631210327,66.67,12,8,4,
uchen_medium quality,uchen_medium quality - page 1,Woodblock-Stacks,layout,0.7,2.0,4.0,False,0.25,True,2,6.00438380241394,66.67,12,8,4,
uchen_medium quality,uchen_medium quality - page 1,Woodblock-Stacks,layout,0.7,2.0,4.0,False,0.5,True,2,6.3156418800354,66.67,12,8,4,
uchen_medium quality,uchen_medium quality - page 1,Woodblock-Stacks,layout,0.7,2.0,4.0,False,0.9,True,2,6.8501317501068115,66.67,12,8,4,
uchen_medium quality,uchen_medium quality - page 1,Woodblock-Stacks,layout,0.7,2.0,5.0,True,0.1,True,1,8.557207107543945,77.78,9,7,2,
uchen_medium quality,uchen_medium quality - page 1,Woodblock-Stacks,layout,0.7,2.0,5.0,True,0.25,True,1,5.711517095565796,77.78,9,7,2,
uchen_medium quality,uchen_medium quality - page 1,Woodblock-Stacks,layout,0.7,2.0,5.0,True,0.5,True,1,5.459442853927612,77.78,9,7,2,
uchen_medium quality,uchen_medium quality - page 1,Woodblock-Stacks,layout,0.7,2.0,5.0,True,0.9,True,1,5.597344160079956,77.78,9,7,2,
uchen_medium quality,uchen_medium quality - page 1,Woodblock-Stacks,layout,0.7,2.0,5.0,False,0.1,True,2,5.9687957763671875,75.0,8,6,2,
uchen_medium quality,uchen_medium quality - page 1,Woodblock-Stacks,layout,0.7,2.0,5.0,False,0.25,True,2,5.973427772521973,75.0,8,6,2,
uchen_medium quality,uchen_medium quality - page 1,Woodblock-Stacks,layout,0.7,2.0,5.0,False,0.5,True,2,5.94136905670166,75.0,8,6,2,
uchen_medium quality,uchen_medium quality - page 1,Woodblock-Stacks,layout,0.7,2.0,5.0,False,0.9,True,2,5.9772629737854,75.0,8,6,2,
uchen_medium quality,uchen_medium quality - page 1,Woodblock-Stacks,layout,0.7,2.5,2.5,True,0.1,True,1,6.394973278045654,73.33,15,11,4,
uchen_medium quality,uchen_medium quality - page 1,Woodblock-Stacks,layout,0.7,2.5,2.5,True,0.25,True,1,6.265312910079956,73.33,15,11,4,
uchen_medium quality,uchen_medium quality - page 1,Woodblock-Stacks,layout,0.7,2.5,2.5,True,0.5,True,1,6.20978045463562,73.33,15,11,4,
uchen_medium quality,uchen_medium quality - page 1,Woodblock-Stacks,layout,0.7,2.5,2.5,True,0.9,True,1,6.191634893417358,73.33,15,11,4,
uchen_medium quality,uchen_medium quality - page 1,Woodblock-Stacks,layout,0.7,2.5,2.5,False,0.1,True,2,6.849521636962891,47.37,19,9,10,
uchen_medium quality,uchen_medium quality - page 1,Woodblock-Stacks,layout,0.7,2.5,2.5,False,0.25,True,2,6.9403345584869385,47.37,19,9,10,
uchen_medium quality,uchen_medium quality - page 1,Woodblock-Stacks,layout,0.7,2.5,2.5,False,0.5,True,2,9.823972702026367,47.37,19,9,10,
uchen_medium quality,uchen_medium quality - page 1,Woodblock-Stacks,layout,0.7,2.5,2.5,False,0.9,True,2,6.609310150146484,47.37,19,9,10,
uchen_medium quality,uchen_medium quality - page 1,Woodblock-Stacks,layout,0.7,2.5,3.5,True,0.1,True,1,5.87515926361084,61.54,13,8,5,
uchen_medium quality,uchen_medium quality - page 1,Woodblock-Stacks,layout,0.7,2.5,3.5,True,0.25,True,1,6.275283575057983,61.54,13,8,5,
uchen_medium quality,uchen_medium quality - page 1,Woodblock-Stacks,layout,0.7,2.5,3.5,True,0.5,True,1,6.1199188232421875,61.54,13,8,5,
uchen_medium quality,uchen_medium quality - page 1,Woodblock-Stacks,layout,0.7,2.5,3.5,True,0.9,True,1,6.1248743534088135,61.54,13,8,5,
uchen_medium quality,uchen_medium quality - page 1,Woodblock-Stacks,layout,0.7,2.5,3.5,False,0.1,True,2,6.525474786758423,64.29,14,9,5,
uchen_medium quality,uchen_medium quality - page 1,Woodblock-Stacks,layout,0.7,2.5,3.5,False,0.25,True,2,6.519853353500366,64.29,14,9,5,
uchen_medium quality,uchen_medium quality - page 1,Woodblock-Stacks,layout,0.7,2.5,3.5,False,0.5,True,2,6.543473958969116,64.29,14,9,5,
uchen_medium quality,uchen_medium quality - page 1,Woodblock-Stacks,layout,0.7,2.5,3.5,False,0.9,True,2,6.513579845428467,64.29,14,9,5,
uchen_medium quality,uchen_medium quality - page 1,Woodblock-Stacks,layout,0.7,2.5,4.0,True,0.1,True,1,6.086673736572266,66.67,9,6,3,
uchen_medium quality,uchen_medium quality - page 1,Woodblock-Stacks,layout,0.7,2.5,4.0,True,0.25,True,1,6.215134143829346,66.67,9,6,3,
uchen_medium quality,uchen_medium quality - page 1,Woodblock-Stacks,layout,0.7,2.5,4.0,True,0.5,True,1,6.23376202583313,66.67,9,6,3,
uchen_medium quality,uchen_medium quality - page 1,Woodblock-Stacks,layout,0.7,2.5,4.0,True,0.9,True,1,6.123429298400879,66.67,9,6,3,
uchen_medium quality,uchen_medium quality - page 1,Woodblock-Stacks,layout,0.7,2.5,4.0,False,0.1,True,2,6.4198784828186035,66.67,12,8,4,
uchen_medium quality,uchen_medium quality - page 1,Woodblock-Stacks,layout,0.7,2.5,4.0,False,0.25,True,2,6.427841663360596,66.67,12,8,4,
uchen_medium quality,uchen_medium quality - page 1,Woodblock-Stacks,layout,0.7,2.5,4.0,False,0.5,True,2,6.415055513381958,66.67,12,8,4,
uchen_medium quality,uchen_medium quality - page 1,Woodblock-Stacks,layout,0.7,2.5,4.0,False,0.9,True,2,6.581697225570679,66.67,12,8,4,
uchen_medium quality,uchen_medium quality - page 1,Woodblock-Stacks,layout,0.7,2.5,5.0,True,0.1,True,1,5.879143953323364,77.78,9,7,2,
uchen_medium quality,uchen_medium quality - page 1,Woodblock-Stacks,layout,0.7,2.5,5.0,True,0.25,True,1,5.947285175323486,77.78,9,7,2,
uchen_medium quality,uchen_medium quality - page 1,Woodblock-Stacks,layout,0.7,2.5,5.0,True,0.5,True,1,5.9505934715271,77.78,9,7,2,
uchen_medium quality,uchen_medium quality - page 1,Woodblock-Stacks,layout,0.7,2.5,5.0,True,0.9,True,1,5.956839084625244,77.78,9,7,2,
uchen_medium quality,uchen_medium quality - page 1,Woodblock-Stacks,layout,0.7,2.5,5.0,False,0.1,True,2,6.401939630508423,77.78,9,7,2,
uchen_medium quality,uchen_medium quality - page 1,Woodblock-Stacks,layout,0.7,2.5,5.0,False,0.25,True,2,6.302146911621094,77.78,9,7,2,
uchen_medium quality,uchen_medium quality - page 1,Woodblock-Stacks,layout,0.7,2.5,5.0,False,0.5,True,2,6.277467489242554,77.78,9,7,2,
uchen_medium quality,uchen_medium quality - page 1,Woodblock-Stacks,layout,0.7,2.5,5.0,False,0.9,True,2,6.282768487930298,77.78,9,7,2,
uchen_medium quality,uchen_medium quality - page 1,Woodblock-Stacks,layout,0.7,3.0,2.5,True,0.1,True,1,6.364479064941406,77.78,9,7,2,
uchen_medium quality,uchen_medium quality - page 1,Woodblock-Stacks,layout,0.7,3.0,2.5,True,0.25,True,1,6.33058500289917,77.78,9,7,2,
uchen_medium quality,uchen_medium quality - page 1,Woodblock-Stacks,layout,0.7,3.0,2.5,True,0.5,True,1,6.354095220565796,77.78,9,7,2,
uchen_medium quality,uchen_medium quality - page 1,Woodblock-Stacks,layout,0.7,3.0,2.5,True,0.9,True,1,6.313732624053955,77.78,9,7,2,
uchen_medium quality,uchen_medium quality - page 1,Woodblock-Stacks,layout,0.7,3.0,2.5,False,0.1,True,2,7.187628984451294,47.06,17,8,9,
uchen_medium quality,uchen_medium quality - page 1,Woodblock-Stacks,layout,0.7,3.0,2.5,False,0.25,True,2,7.716636657714844,47.06,17,8,9,
uchen_medium quality,uchen_medium quality - page 1,Woodblock-Stacks,layout,0.7,3.0,2.5,False,0.5,True,2,7.03867769241333,47.06,17,8,9,
uchen_medium quality,uchen_medium quality - page 1,Woodblock-Stacks,layout,0.7,3.0,2.5,False,0.9,True,2,7.1249988079071045,47.06,17,8,9,
uchen_medium quality,uchen_medium quality - page 1,Woodblock-Stacks,layout,0.7,3.0,3.5,True,0.1,True,1,6.244091987609863,77.78,9,7,2,
uchen_medium quality,uchen_medium quality - page 1,Woodblock-Stacks,layout,0.7,3.0,3.5,True,0.25,True,1,6.326524496078491,77.78,9,7,2,
uchen_medium quality,uchen_medium quality - page 1,Woodblock-Stacks,layout,0.7,3.0,3.5,True,0.5,True,1,6.302700519561768,77.78,9,7,2,
uchen_medium quality,uchen_medium quality - page 1,Woodblock-Stacks,layout,0.7,3.0,3.5,True,0.9,True,1,6.317858457565308,77.78,9,7,2,
uchen_medium quality,uchen_medium quality - page 1,Woodblock-Stacks,layout,0.7,3.0,3.5,False,0.1,True,2,6.881366968154907,75.0,12,9,3,
uchen_medium quality,uchen_medium quality - page 1,Woodblock-Stacks,layout,0.7,3.0,3.5,False,0.25,True,2,6.861514329910278,75.0,12,9,3,
uchen_medium quality,uchen_medium quality - page 1,Woodblock-Stacks,layout,0.7,3.0,3.5,False,0.5,True,2,6.965904474258423,75.0,12,9,3,
uchen_medium quality,uchen_medium quality - page 1,Woodblock-Stacks,layout,0.7,3.0,3.5,False,0.9,True,2,6.8665595054626465,75.0,12,9,3,
uchen_medium quality,uchen_medium quality - page 1,Woodblock-Stacks,layout,0.7,3.0,4.0,True,0.1,True,1,6.297919750213623,77.78,9,7,2,
uchen_medium quality,uchen_medium quality - page 1,Woodblock-Stacks,layout,0.7,3.0,4.0,True,0.25,True,1,6.292530059814453,77.78,9,7,2,
uchen_medium quality,uchen_medium quality - page 1,Woodblock-Stacks,layout,0.7,3.0,4.0,True,0.5,True,1,6.3279948234558105,77.78,9,7,2,
uchen_medium quality,uchen_medium quality - page 1,Woodblock-Stacks,layout,0.7,3.0,4.0,True,0.9,True,1,6.342317581176758,77.78,9,7,2,
uchen_medium quality,uchen_medium quality - page 1,Woodblock-Stacks,layout,0.7,3.0,4.0,False,0.1,True,2,6.843061923980713,72.73,11,8,3,
uchen_medium quality,uchen_medium quality - page 1,Woodblock-Stacks,layout,0.7,3.0,4.0,False,0.25,True,2,6.77934193611145,72.73,11,8,3,
uchen_medium quality,uchen_medium quality - page 1,Woodblock-Stacks,layout,0.7,3.0,4.0,False,0.5,True,2,6.807138681411743,72.73,11,8,3,
uchen_medium quality,uchen_medium quality - page 1,Woodblock-Stacks,layout,0.7,3.0,4.0,False,0.9,True,2,7.4849693775177,72.73,11,8,3,
uchen_medium quality,uchen_medium quality - page 1,Woodblock-Stacks,layout,0.7,3.0,5.0,True,0.1,True,1,6.183037281036377,77.78,9,7,2,
uchen_medium quality,uchen_medium quality - page 1,Woodblock-Stacks,layout,0.7,3.0,5.0,True,0.25,True,1,6.353332042694092,77.78,9,7,2,
uchen_medium quality,uchen_medium quality - page 1,Woodblock-Stacks,layout,0.7,3.0,5.0,True,0.5,True,1,6.293090105056763,77.78,9,7,2,
uchen_medium quality,uchen_medium quality - page 1,Woodblock-Stacks,layout,0.7,3.0,5.0,True,0.9,True,1,6.307660341262817,77.78,9,7,2,
uchen_medium quality,uchen_medium quality - page 1,Woodblock-Stacks,layout,0.7,3.0,5.0,False,0.1,True,2,6.5914306640625,77.78,9,7,2,
uchen_medium quality,uchen_medium quality - page 1,Woodblock-Stacks,layout,0.7,3.0,5.0,False,0.25,True,2,6.604698419570923,77.78,9,7,2,
uchen_medium quality,uchen_medium quality - page 1,Woodblock-Stacks,layout,0.7,3.0,5.0,False,0.5,True,2,6.573777198791504,77.78,9,7,2,
uchen_medium quality,uchen_medium quality - page 1,Woodblock-Stacks,layout,0.7,3.0,5.0,False,0.9,True,2,6.562520980834961,77.78,9,7,2,
uchen_medium quality,uchen_medium quality - page 1,Woodblock-Stacks,layout,0.8,2.0,2.5,True,0.1,True,1,6.229361057281494,35.0,20,7,13,
uchen_medium quality,uchen_medium quality - page 1,Woodblock-Stacks,layout,0.8,2.0,2.5,True,0.25,True,1,6.159531831741333,35.0,20,7,13,
uchen_medium quality,uchen_medium quality - page 1,Woodblock-Stacks,layout,0.8,2.0,2.5,True,0.5,True,1,6.173603534698486,35.0,20,7,13,
uchen_medium quality,uchen_medium quality - page 1,Woodblock-Stacks,layout,0.8,2.0,2.5,True,0.9,True,1,6.163299560546875,35.0,20,7,13,
uchen_medium quality,uchen_medium quality - page 1,Woodblock-Stacks,layout,0.8,2.0,2.5,False,0.1,True,2,6.578228712081909,36.84,19,7,12,
uchen_medium quality,uchen_medium quality - page 1,Woodblock-Stacks,layout,0.8,2.0,2.5,False,0.25,True,2,6.507413387298584,36.84,19,7,12,
uchen_medium quality,uchen_medium quality - page 1,Woodblock-Stacks,layout,0.8,2.0,2.5,False,0.5,True,2,6.550128221511841,36.84,19,7,12,
uchen_medium quality,uchen_medium quality - page 1,Woodblock-Stacks,layout,0.8,2.0,2.5,False,0.9,True,2,6.5496039390563965,36.84,19,7,12,
uchen_medium quality,uchen_medium quality - page 1,Woodblock-Stacks,layout,0.8,2.0,3.5,True,0.1,True,1,5.717153072357178,61.54,13,8,5,
uchen_medium quality,uchen_medium quality - page 1,Woodblock-Stacks,layout,0.8,2.0,3.5,True,0.25,True,1,6.578968048095703,61.54,13,8,5,
uchen_medium quality,uchen_medium quality - page 1,Woodblock-Stacks,layout,0.8,2.0,3.5,True,0.5,True,1,5.928653955459595,61.54,13,8,5,
uchen_medium quality,uchen_medium quality - page 1,Woodblock-Stacks,layout,0.8,2.0,3.5,True,0.9,True,1,5.761568546295166,61.54,13,8,5,
uchen_medium quality,uchen_medium quality - page 1,Woodblock-Stacks,layout,0.8,2.0,3.5,False,0.1,True,2,6.226121187210083,64.29,14,9,5,
uchen_medium quality,uchen_medium quality - page 1,Woodblock-Stacks,layout,0.8,2.0,3.5,False,0.25,True,2,6.284097194671631,64.29,14,9,5,
uchen_medium quality,uchen_medium quality - page 1,Woodblock-Stacks,layout,0.8,2.0,3.5,False,0.5,True,2,6.201932430267334,64.29,14,9,5,
uchen_medium quality,uchen_medium quality - page 1,Woodblock-Stacks,layout,0.8,2.0,3.5,False,0.9,True,2,9.318228006362915,64.29,14,9,5,
uchen_medium quality,uchen_medium quality - page 1,Woodblock-Stacks,layout,0.8,2.0,4.0,True,0.1,True,1,5.6000800132751465,66.67,9,6,3,
uchen_medium quality,uchen_medium quality - page 1,Woodblock-Stacks,layout,0.8,2.0,4.0,True,0.25,True,1,5.5736329555511475,66.67,9,6,3,
uchen_medium quality,uchen_medium quality - page 1,Woodblock-Stacks,layout,0.8,2.0,4.0,True,0.5,True,1,5.778954267501831,66.67,9,6,3,
uchen_medium quality,uchen_medium quality - page 1,Woodblock-Stacks,layout,0.8,2.0,4.0,True,0.9,True,1,5.88948130607605,66.67,9,6,3,
uchen_medium quality,uchen_medium quality - page 1,Woodblock-Stacks,layout,0.8,2.0,4.0,False,0.1,True,2,6.147601842880249,66.67,12,8,4,
uchen_medium quality,uchen_medium quality - page 1,Woodblock-Stacks,layout,0.8,2.0,4.0,False,0.25,True,2,6.108956575393677,66.67,12,8,4,
uchen_medium quality,uchen_medium quality - page 1,Woodblock-Stacks,layout,0.8,2.0,4.0,False,0.5,True,2,6.132165193557739,66.67,12,8,4,
uchen_medium quality,uchen_medium quality - page 1,Woodblock-Stacks,layout,0.8,2.0,4.0,False,0.9,True,2,6.0925514698028564,66.67,12,8,4,
uchen_medium quality,uchen_medium quality - page 1,Woodblock-Stacks,layout,0.8,2.0,5.0,True,0.1,True,1,5.5547075271606445,77.78,9,7,2,
uchen_medium quality,uchen_medium quality - page 1,Woodblock-Stacks,layout,0.8,2.0,5.0,True,0.25,True,1,5.576214551925659,77.78,9,7,2,
uchen_medium quality,uchen_medium quality - page 1,Woodblock-Stacks,layout,0.8,2.0,5.0,True,0.5,True,1,5.5790698528289795,77.78,9,7,2,
uchen_medium quality,uchen_medium quality - page 1,Woodblock-Stacks,layout,0.8,2.0,5.0,True,0.9,True,1,8.52597427368164,77.78,9,7,2,
uchen_medium quality,uchen_medium quality - page 1,Woodblock-Stacks,layout,0.8,2.0,5.0,False,0.1,True,2,8.878115892410278,75.0,8,6,2,
uchen_medium quality,uchen_medium quality - page 1,Woodblock-Stacks,layout,0.8,2.0,5.0,False,0.25,True,2,7.577571630477905,75.0,8,6,2,
uchen_medium quality,uchen_medium quality - page 1,Woodblock-Stacks,layout,0.8,2.0,5.0,False,0.5,True,2,5.691165924072266,75.0,8,6,2,
uchen_medium quality,uchen_medium quality - page 1,Woodblock-Stacks,layout,0.8,2.0,5.0,False,0.9,True,2,5.663805723190308,75.0,8,6,2,
uchen_medium quality,uchen_medium quality - page 1,Woodblock-Stacks,layout,0.8,2.5,2.5,True,0.1,True,1,6.336799383163452,73.33,15,11,4,
uchen_medium quality,uchen_medium quality - page 1,Woodblock-Stacks,layout,0.8,2.5,2.5,True,0.25,True,1,6.22819972038269,73.33,15,11,4,
uchen_medium quality,uchen_medium quality - page 1,Woodblock-Stacks,layout,0.8,2.5,2.5,True,0.5,True,1,6.18480372428894,73.33,15,11,4,
uchen_medium quality,uchen_medium quality - page 1,Woodblock-Stacks,layout,0.8,2.5,2.5,True,0.9,True,1,6.200679779052734,73.33,15,11,4,
uchen_medium quality,uchen_medium quality - page 1,Woodblock-Stacks,layout,0.8,2.5,2.5,False,0.1,True,2,6.883669376373291,47.37,19,9,10,
uchen_medium quality,uchen_medium quality - page 1,Woodblock-Stacks,layout,0.8,2.5,2.5,False,0.25,True,2,6.824742317199707,47.37,19,9,10,
uchen_medium quality,uchen_medium quality - page 1,Woodblock-Stacks,layout,0.8,2.5,2.5,False,0.5,True,2,6.969441890716553,47.37,19,9,10,
uchen_medium quality,uchen_medium quality - page 1,Woodblock-Stacks,layout,0.8,2.5,2.5,False,0.9,True,2,6.82378625869751,47.37,19,9,10,
uchen_medium quality,uchen_medium quality - page 1,Woodblock-Stacks,layout,0.8,2.5,3.5,True,0.1,True,1,6.080612659454346,61.54,13,8,5,
uchen_medium quality,uchen_medium quality - page 1,Woodblock-Stacks,layout,0.8,2.5,3.5,True,0.25,True,1,6.11579966545105,61.54,13,8,5,
uchen_medium quality,uchen_medium quality - page 1,Woodblock-Stacks,layout,0.8,2.5,3.5,True,0.5,True,1,6.124285459518433,61.54,13,8,5,
uchen_medium quality,uchen_medium quality - page 1,Woodblock-Stacks,layout,0.8,2.5,3.5,True,0.9,True,1,6.127455949783325,61.54,13,8,5,
uchen_medium quality,uchen_medium quality - page 1,Woodblock-Stacks,layout,0.8,2.5,3.5,False,0.1,True,2,6.523514747619629,64.29,14,9,5,
uchen_medium quality,uchen_medium quality - page 1,Woodblock-Stacks,layout,0.8,2.5,3.5,False,0.25,True,2,6.522706747055054,64.29,14,9,5,
uchen_medium quality,uchen_medium quality - page 1,Woodblock-Stacks,layout,0.8,2.5,3.5,False,0.5,True,2,6.524228096008301,64.29,14,9,5,
uchen_medium quality,uchen_medium quality - page 1,Woodblock-Stacks,layout,0.8,2.5,3.5,False,0.9,True,2,6.6025214195251465,64.29,14,9,5,
uchen_medium quality,uchen_medium quality - page 1,Woodblock-Stacks,layout,0.8,2.5,4.0,True,0.1,True,1,6.101682662963867,66.67,9,6,3,
uchen_medium quality,uchen_medium quality - page 1,Woodblock-Stacks,layout,0.8,2.5,4.0,True,0.25,True,1,6.123703241348267,66.67,9,6,3,
uchen_medium quality,uchen_medium quality - page 1,Woodblock-Stacks,layout,0.8,2.5,4.0,True,0.5,True,1,6.113344430923462,66.67,9,6,3,
uchen_medium quality,uchen_medium quality - page 1,Woodblock-Stacks,layout,0.8,2.5,4.0,True,0.9,True,1,6.09686803817749,66.67,9,6,3,
uchen_medium quality,uchen_medium quality - page 1,Woodblock-Stacks,layout,0.8,2.5,4.0,False,0.1,True,2,6.424463510513306,66.67,12,8,4,
uchen_medium quality,uchen_medium quality - page 1,Woodblock-Stacks,layout,0.8,2.5,4.0,False,0.25,True,2,6.42651104927063,66.67,12,8,4,
uchen_medium quality,uchen_medium quality - page 1,Woodblock-Stacks,layout,0.8,2.5,4.0,False,0.5,True,2,6.40717077255249,66.67,12,8,4,
uchen_medium quality,uchen_medium quality - page 1,Woodblock-Stacks,layout,0.8,2.5,4.0,False,0.9,True,2,6.409468650817871,66.67,12,8,4,
uchen_medium quality,uchen_medium quality - page 1,Woodblock-Stacks,layout,0.8,2.5,5.0,True,0.1,True,1,6.00709342956543,77.78,9,7,2,
uchen_medium quality,uchen_medium quality - page 1,Woodblock-Stacks,layout,0.8,2.5,5.0,True,0.25,True,1,6.079352855682373,77.78,9,7,2,
uchen_medium quality,uchen_medium quality - page 1,Woodblock-Stacks,layout,0.8,2.5,5.0,True,0.5,True,1,5.940807342529297,77.78,9,7,2,
uchen_medium quality,uchen_medium quality - page 1,Woodblock-Stacks,layout,0.8,2.5,5.0,True,0.9,True,1,5.956358194351196,77.78,9,7,2,
uchen_medium quality,uchen_medium quality - page 1,Woodblock-Stacks,layout,0.8,2.5,5.0,False,0.1,True,2,6.268603563308716,77.78,9,7,2,
uchen_medium quality,uchen_medium quality - page 1,Woodblock-Stacks,layout,0.8,2.5,5.0,False,0.25,True,2,6.262710809707642,77.78,9,7,2,
uchen_medium quality,uchen_medium quality - page 1,Woodblock-Stacks,layout,0.8,2.5,5.0,False,0.5,True,2,6.261030197143555,77.78,9,7,2,
uchen_medium quality,uchen_medium quality - page 1,Woodblock-Stacks,layout,0.8,2.5,5.0,False,0.9,True,2,6.270650148391724,77.78,9,7,2,
uchen_medium quality,uchen_medium quality - page 1,Woodblock-Stacks,layout,0.8,3.0,2.5,True,0.1,True,1,6.352679014205933,77.78,9,7,2,
uchen_medium quality,uchen_medium quality - page 1,Woodblock-Stacks,layout,0.8,3.0,2.5,True,0.25,True,1,6.2942774295806885,77.78,9,7,2,
uchen_medium quality,uchen_medium quality - page 1,Woodblock-Stacks,layout,0.8,3.0,2.5,True,0.5,True,1,6.3464250564575195,77.78,9,7,2,
uchen_medium quality,uchen_medium quality - page 1,Woodblock-Stacks,layout,0.8,3.0,2.5,True,0.9,True,1,6.365714073181152,77.78,9,7,2,
uchen_medium quality,uchen_medium quality - page 1,Woodblock-Stacks,layout,0.8,3.0,2.5,False,0.1,True,2,7.1744301319122314,47.06,17,8,9,
uchen_medium quality,uchen_medium quality - page 1,Woodblock-Stacks,layout,0.8,3.0,2.5,False,0.25,True,2,7.102997064590454,47.06,17,8,9,
uchen_medium quality,uchen_medium quality - page 1,Woodblock-Stacks,layout,0.8,3.0,2.5,False,0.5,True,2,7.1192991733551025,47.06,17,8,9,
uchen_medium quality,uchen_medium quality - page 1,Woodblock-Stacks,layout,0.8,3.0,2.5,False,0.9,True,2,7.089112043380737,47.06,17,8,9,
uchen_medium quality,uchen_medium quality - page 1,Woodblock-Stacks,layout,0.8,3.0,3.5,True,0.1,True,1,6.229846239089966,77.78,9,7,2,
uchen_medium quality,uchen_medium quality - page 1,Woodblock-Stacks,layout,0.8,3.0,3.5,True,0.25,True,1,6.299224853515625,77.78,9,7,2,
uchen_medium quality,uchen_medium quality - page 1,Woodblock-Stacks,layout,0.8,3.0,3.5,True,0.5,True,1,6.299401521682739,77.78,9,7,2,
uchen_medium quality,uchen_medium quality - page 1,Woodblock-Stacks,layout,0.8,3.0,3.5,True,0.9,True,1,6.325623989105225,77.78,9,7,2,
uchen_medium quality,uchen_medium quality - page 1,Woodblock-Stacks,layout,0.8,3.0,3.5,False,0.1,True,2,7.027965784072876,75.0,12,9,3,
uchen_medium quality,uchen_medium quality - page 1,Woodblock-Stacks,layout,0.8,3.0,3.5,False,0.25,True,2,6.8564887046813965,75.0,12,9,3,
uchen_medium quality,uchen_medium quality - page 1,Woodblock-Stacks,layout,0.8,3.0,3.5,False,0.5,True,2,6.873170852661133,75.0,12,9,3,
uchen_medium quality,uchen_medium quality - page 1,Woodblock-Stacks,layout,0.8,3.0,3.5,False,0.9,True,2,6.836944341659546,75.0,12,9,3,
uchen_medium quality,uchen_medium quality - page 1,Woodblock-Stacks,layout,0.8,3.0,4.0,True,0.1,True,1,6.261979818344116,77.78,9,7,2,
uchen_medium quality,uchen_medium quality - page 1,Woodblock-Stacks,layout,0.8,3.0,4.0,True,0.25,True,1,6.304038047790527,77.78,9,7,2,
uchen_medium quality,uchen_medium quality - page 1,Woodblock-Stacks,layout,0.8,3.0,4.0,True,0.5,True,1,6.297391414642334,77.78,9,7,2,
uchen_medium quality,uchen_medium quality - page 1,Woodblock-Stacks,layout,0.8,3.0,4.0,True,0.9,True,1,6.3044116497039795,77.78,9,7,2,
uchen_medium quality,uchen_medium quality - page 1,Woodblock-Stacks,layout,0.8,3.0,4.0,False,0.1,True,2,6.886862516403198,72.73,11,8,3,
uchen_medium quality,uchen_medium quality - page 1,Woodblock-Stacks,layout,0.8,3.0,4.0,False,0.25,True,2,6.842795133590698,72.73,11,8,3,
uchen_medium quality,uchen_medium quality - page 1,Woodblock-Stacks,layout,0.8,3.0,4.0,False,0.5,True,2,9.728693723678589,72.73,11,8,3,
uchen_medium quality,uchen_medium quality - page 1,Woodblock-Stacks,layout,0.8,3.0,4.0,False,0.9,True,2,6.557852506637573,72.73,11,8,3,
uchen_medium quality,uchen_medium quality - page 1,Woodblock-Stacks,layout,0.8,3.0,5.0,True,0.1,True,1,6.112648963928223,77.78,9,7,2,
uchen_medium quality,uchen_medium quality - page 1,Woodblock-Stacks,layout,0.8,3.0,5.0,True,0.25,True,1,6.304625988006592,77.78,9,7,2,
uchen_medium quality,uchen_medium quality - page 1,Woodblock-Stacks,layout,0.8,3.0,5.0,True,0.5,True,1,6.300457000732422,77.78,9,7,2,
uchen_medium quality,uchen_medium quality - page 1,Woodblock-Stacks,layout,0.8,3.0,5.0,True,0.9,True,1,6.31646728515625,77.78,9,7,2,
uchen_medium quality,uchen_medium quality - page 1,Woodblock-Stacks,layout,0.8,3.0,5.0,False,0.1,True,2,6.612393140792847,77.78,9,7,2,
uchen_medium quality,uchen_medium quality - page 1,Woodblock-Stacks,layout,0.8,3.0,5.0,False,0.25,True,2,6.663541555404663,77.78,9,7,2,
uchen_medium quality,uchen_medium quality - page 1,Woodblock-Stacks,layout,0.8,3.0,5.0,False,0.5,True,2,6.67992377281189,77.78,9,7,2,
uchen_medium quality,uchen_medium quality - page 1,Woodblock-Stacks,layout,0.8,3.0,5.0,False,0.9,True,2,6.62665057182312,77.78,9,7,2,
uchen_medium quality,uchen_medium quality - page 1,Woodblock-Stacks,layout,0.9,2.0,2.5,True,0.1,True,1,6.160622596740723,35.0,20,7,13,
uchen_medium quality,uchen_medium quality - page 1,Woodblock-Stacks,layout,0.9,2.0,2.5,True,0.25,True,1,6.275255918502808,35.0,20,7,13,
uchen_medium quality,uchen_medium quality - page 1,Woodblock-Stacks,layout,0.9,2.0,2.5,True,0.5,True,1,6.191601037979126,35.0,20,7,13,
uchen_medium quality,uchen_medium quality - page 1,Woodblock-Stacks,layout,0.9,2.0,2.5,True,0.9,True,1,6.16747784614563,35.0,20,7,13,
uchen_medium quality,uchen_medium quality - page 1,Woodblock-Stacks,layout,0.9,2.0,2.5,False,0.1,True,2,6.563410758972168,36.84,19,7,12,
uchen_medium quality,uchen_medium quality - page 1,Woodblock-Stacks,layout,0.9,2.0,2.5,False,0.25,True,2,6.5691978931427,36.84,19,7,12,
uchen_medium quality,uchen_medium quality - page 1,Woodblock-Stacks,layout,0.9,2.0,2.5,False,0.5,True,2,6.580886602401733,36.84,19,7,12,
uchen_medium quality,uchen_medium quality - page 1,Woodblock-Stacks,layout,0.9,2.0,2.5,False,0.9,True,2,9.72394609451294,36.84,19,7,12,
uchen_medium quality,uchen_medium quality - page 1,Woodblock-Stacks,layout,0.9,2.0,3.5,True,0.1,True,1,8.804371118545532,61.54,13,8,5,
uchen_medium quality,uchen_medium quality - page 1,Woodblock-Stacks,layout,0.9,2.0,3.5,True,0.25,True,1,5.537634611129761,61.54,13,8,5,
uchen_medium quality,uchen_medium quality - page 1,Woodblock-Stacks,layout,0.9,2.0,3.5,True,0.5,True,1,5.498922109603882,61.54,13,8,5,
uchen_medium quality,uchen_medium quality - page 1,Woodblock-Stacks,layout,0.9,2.0,3.5,True,0.9,True,1,5.686007261276245,61.54,13,8,5,
uchen_medium quality,uchen_medium quality - page 1,Woodblock-Stacks,layout,0.9,2.0,3.5,False,0.1,True,2,6.256929397583008,64.29,14,9,5,
uchen_medium quality,uchen_medium quality - page 1,Woodblock-Stacks,layout,0.9,2.0,3.5,False,0.25,True,2,9.321653604507446,64.29,14,9,5,
uchen_medium quality,uchen_medium quality - page 1,Woodblock-Stacks,layout,0.9,2.0,3.5,False,0.5,True,2,9.341983795166016,64.29,14,9,5,
uchen_medium quality,uchen_medium quality - page 1,Woodblock-Stacks,layout,0.9,2.0,3.5,False,0.9,True,2,9.334991931915283,64.29,14,9,5,
uchen_medium quality,uchen_medium quality - page 1,Woodblock-Stacks,layout,0.9,2.0,4.0,True,0.1,True,1,8.764309644699097,66.67,9,6,3,
uchen_medium quality,uchen_medium quality - page 1,Woodblock-Stacks,layout,0.9,2.0,4.0,True,0.25,True,1,5.48044228553772,66.67,9,6,3,
uchen_medium quality,uchen_medium quality - page 1,Woodblock-Stacks,layout,0.9,2.0,4.0,True,0.5,True,1,5.495519399642944,66.67,9,6,3,
uchen_medium quality,uchen_medium quality - page 1,Woodblock-Stacks,layout,0.9,2.0,4.0,True,0.9,True,1,5.471540927886963,66.67,9,6,3,
uchen_medium quality,uchen_medium quality - page 1,Woodblock-Stacks,layout,0.9,2.0,4.0,False,0.1,True,2,6.0821778774261475,66.67,12,8,4,
uchen_medium quality,uchen_medium quality - page 1,Woodblock-Stacks,layout,0.9,2.0,4.0,False,0.25,True,2,8.49714207649231,66.67,12,8,4,
uchen_medium quality,uchen_medium quality - page 1,Woodblock-Stacks,layout,0.9,2.0,4.0,False,0.5,True,2,9.219691038131714,66.67,12,8,4,
uchen_medium quality,uchen_medium quality - page 1,Woodblock-Stacks,layout,0.9,2.0,4.0,False,0.9,True,2,9.213697671890259,66.67,12,8,4,
uchen_medium quality,uchen_medium quality - page 1,Woodblock-Stacks,layout,0.9,2.0,5.0,True,0.1,True,1,7.325548887252808,77.78,9,7,2,
uchen_medium quality,uchen_medium quality - page 1,Woodblock-Stacks,layout,0.9,2.0,5.0,True,0.25,True,1,5.255975723266602,77.78,9,7,2,
uchen_medium quality,uchen_medium quality - page 1,Woodblock-Stacks,layout,0.9,2.0,5.0,True,0.5,True,1,8.562395095825195,77.78,9,7,2,
uchen_medium quality,uchen_medium quality - page 1,Woodblock-Stacks,layout,0.9,2.0,5.0,True,0.9,True,1,5.260458707809448,77.78,9,7,2,
uchen_medium quality,uchen_medium quality - page 1,Woodblock-Stacks,layout,0.9,2.0,5.0,False,0.1,True,2,5.625362157821655,75.0,8,6,2,
uchen_medium quality,uchen_medium quality - page 1,Woodblock-Stacks,layout,0.9,2.0,5.0,False,0.25,True,2,5.928194761276245,75.0,8,6,2,
uchen_medium quality,uchen_medium quality - page 1,Woodblock-Stacks,layout,0.9,2.0,5.0,False,0.5,True,2,9.046730279922485,75.0,8,6,2,
uchen_medium quality,uchen_medium quality - page 1,Woodblock-Stacks,layout,0.9,2.0,5.0,False,0.9,True,2,9.046264171600342,75.0,8,6,2,
uchen_medium quality,uchen_medium quality - page 1,Woodblock-Stacks,layout,0.9,2.5,2.5,True,0.1,True,1,9.24657154083252,73.33,15,11,4,
uchen_medium quality,uchen_medium quality - page 1,Woodblock-Stacks,layout,0.9,2.5,2.5,True,0.25,True,1,9.255209684371948,73.33,15,11,4,
uchen_medium quality,uchen_medium quality - page 1,Woodblock-Stacks,layout,0.9,2.5,2.5,True,0.5,True,1,9.24042296409607,73.33,15,11,4,
uchen_medium quality,uchen_medium quality - page 1,Woodblock-Stacks,layout,0.9,2.5,2.5,True,0.9,True,1,9.247840642929077,73.33,15,11,4,
uchen_medium quality,uchen_medium quality - page 1,Woodblock-Stacks,layout,0.9,2.5,2.5,False,0.1,True,2,10.025745391845703,47.37,19,9,10,
uchen_medium quality,uchen_medium quality - page 1,Woodblock-Stacks,layout,0.9,2.5,2.5,False,0.25,True,2,10.02665638923645,47.37,19,9,10,
uchen_medium quality,uchen_medium quality - page 1,Woodblock-Stacks,layout,0.9,2.5,2.5,False,0.5,True,2,10.021422863006592,47.37,19,9,10,
uchen_medium quality,uchen_medium quality - page 1,Woodblock-Stacks,layout,0.9,2.5,2.5,False,0.9,True,2,10.003838062286377,47.37,19,9,10,
uchen_medium quality,uchen_medium quality - page 1,Woodblock-Stacks,layout,0.9,2.5,3.5,True,0.1,True,1,9.080609560012817,61.54,13,8,5,
uchen_medium quality,uchen_medium quality - page 1,Woodblock-Stacks,layout,0.9,2.5,3.5,True,0.25,True,1,5.952960968017578,61.54,13,8,5,
uchen_medium quality,uchen_medium quality - page 1,Woodblock-Stacks,layout,0.9,2.5,3.5,True,0.5,True,1,5.856109619140625,61.54,13,8,5,
uchen_medium quality,uchen_medium quality - page 1,Woodblock-Stacks,layout,0.9,2.5,3.5,True,0.9,True,1,5.877578496932983,61.54,13,8,5,
uchen_medium quality,uchen_medium quality - page 1,Woodblock-Stacks,layout,0.9,2.5,3.5,False,0.1,True,2,6.282931804656982,64.29,14,9,5,
uchen_medium quality,uchen_medium quality - page 1,Woodblock-Stacks,layout,0.9,2.5,3.5,False,0.25,True,2,6.4957053661346436,64.29,14,9,5,
uchen_medium quality,uchen_medium quality - page 1,Woodblock-Stacks,layout,0.9,2.5,3.5,False,0.5,True,2,6.597269535064697,64.29,14,9,5,
uchen_medium quality,uchen_medium quality - page 1,Woodblock-Stacks,layout,0.9,2.5,3.5,False,0.9,True,2,6.5071210861206055,64.29,14,9,5,
uchen_medium quality,uchen_medium quality - page 1,Woodblock-Stacks,layout,0.9,2.5,4.0,True,0.1,True,1,6.103412389755249,66.67,9,6,3,
uchen_medium quality,uchen_medium quality - page 1,Woodblock-Stacks,layout,0.9,2.5,4.0,True,0.25,True,1,6.100751161575317,66.67,9,6,3,
uchen_medium quality,uchen_medium quality - page 1,Woodblock-Stacks,layout,0.9,2.5,4.0,True,0.5,True,1,6.098976135253906,66.67,9,6,3,
uchen_medium quality,uchen_medium quality - page 1,Woodblock-Stacks,layout,0.9,2.5,4.0,True,0.9,True,1,6.096254825592041,66.67,9,6,3,
uchen_medium quality,uchen_medium quality - page 1,Woodblock-Stacks,layout,0.9,2.5,4.0,False,0.1,True,2,6.473381042480469,66.67,12,8,4,
uchen_medium quality,uchen_medium quality - page 1,Woodblock-Stacks,layout,0.9,2.5,4.0,False,0.25,True,2,6.428784608840942,66.67,12,8,4,
uchen_medium quality,uchen_medium quality - page 1,Woodblock-Stacks,layout,0.9,2.5,4.0,False,0.5,True,2,6.423408269882202,66.67,12,8,4,
uchen_medium quality,uchen_medium quality - page 1,Woodblock-Stacks,layout,0.9,2.5,4.0,False,0.9,True,2,6.566345691680908,66.67,12,8,4,
uchen_medium quality,uchen_medium quality - page 1,Woodblock-Stacks,layout,0.9,2.5,5.0,True,0.1,True,1,7.701460838317871,77.78,9,7,2,
uchen_medium quality,uchen_medium quality - page 1,Woodblock-Stacks,layout,0.9,2.5,5.0,True,0.25,True,1,8.9725501537323,77.78,9,7,2,
uchen_medium quality,uchen_medium quality - page 1,Woodblock-Stacks,layout,0.9,2.5,5.0,True,0.5,True,1,5.669375419616699,77.78,9,7,2,
uchen_medium quality,uchen_medium quality - page 1,Woodblock-Stacks,layout,0.9,2.5,5.0,True,0.9,True,1,5.677344560623169,77.78,9,7,2,
uchen_medium quality,uchen_medium quality - page 1,Woodblock-Stacks,layout,0.9,2.5,5.0,False,0.1,True,2,6.262799263000488,77.78,9,7,2,
uchen_medium quality,uchen_medium quality - page 1,Woodblock-Stacks,layout,0.9,2.5,5.0,False,0.25,True,2,6.268358945846558,77.78,9,7,2,
uchen_medium quality,uchen_medium quality - page 1,Woodblock-Stacks,layout,0.9,2.5,5.0,False,0.5,True,2,6.284482955932617,77.78,9,7,2,
uchen_medium quality,uchen_medium quality - page 1,Woodblock-Stacks,layout,0.9,2.5,5.0,False,0.9,True,2,6.262537002563477,77.78,9,7,2,
uchen_medium quality,uchen_medium quality - page 1,Woodblock-Stacks,layout,0.9,3.0,2.5,True,0.1,True,1,6.815642595291138,77.78,9,7,2,
uchen_medium quality,uchen_medium quality - page 1,Woodblock-Stacks,layout,0.9,3.0,2.5,True,0.25,True,1,6.307924032211304,77.78,9,7,2,
uchen_medium quality,uchen_medium quality - page 1,Woodblock-Stacks,layout,0.9,3.0,2.5,True,0.5,True,1,6.301397085189819,77.78,9,7,2,
uchen_medium quality,uchen_medium quality - page 1,Woodblock-Stacks,layout,0.9,3.0,2.5,True,0.9,True,1,6.309520721435547,77.78,9,7,2,
uchen_medium quality,uchen_medium quality - page 1,Woodblock-Stacks,layout,0.9,3.0,2.5,False,0.1,True,2,7.180230379104614,47.06,17,8,9,
uchen_medium quality,uchen_medium quality - page 1,Woodblock-Stacks,layout,0.9,3.0,2.5,False,0.25,True,2,7.1130290031433105,47.06,17,8,9,
uchen_medium quality,uchen_medium quality - page 1,Woodblock-Stacks,layout,0.9,3.0,2.5,False,0.5,True,2,7.102150201797485,47.06,17,8,9,
uchen_medium quality,uchen_medium quality - page 1,Woodblock-Stacks,layout,0.9,3.0,2.5,False,0.9,True,2,7.128319501876831,47.06,17,8,9,
uchen_medium quality,uchen_medium quality - page 1,Woodblock-Stacks,layout,0.9,3.0,3.5,True,0.1,True,1,6.277195692062378,77.78,9,7,2,
uchen_medium quality,uchen_medium quality - page 1,Woodblock-Stacks,layout,0.9,3.0,3.5,True,0.25,True,1,6.474818706512451,77.78,9,7,2,
uchen_medium quality,uchen_medium quality - page 1,Woodblock-Stacks,layout,0.9,3.0,3.5,True,0.5,True,1,6.316906690597534,77.78,9,7,2,
uchen_medium quality,uchen_medium quality - page 1,Woodblock-Stacks,layout,0.9,3.0,3.5,True,0.9,True,1,6.296839714050293,77.78,9,7,2,
uchen_medium quality,uchen_medium quality - page 1,Woodblock-Stacks,layout,0.9,3.0,3.5,False,0.1,True,2,6.883386850357056,75.0,12,9,3,
uchen_medium quality,uchen_medium quality - page 1,Woodblock-Stacks,layout,0.9,3.0,3.5,False,0.25,True,2,6.855214834213257,75.0,12,9,3,
uchen_medium quality,uchen_medium quality - page 1,Woodblock-Stacks,layout,0.9,3.0,3.5,False,0.5,True,2,6.87120795249939,75.0,12,9,3,
uchen_medium quality,uchen_medium quality - page 1,Woodblock-Stacks,layout,0.9,3.0,3.5,False,0.9,True,2,6.871344327926636,75.0,12,9,3,
uchen_medium quality,uchen_medium quality - page 1,Woodblock-Stacks,layout,0.9,3.0,4.0,True,0.1,True,1,6.286253929138184,77.78,9,7,2,
uchen_medium quality,uchen_medium quality - page 1,Woodblock-Stacks,layout,0.9,3.0,4.0,True,0.25,True,1,6.304554224014282,77.78,9,7,2,
uchen_medium quality,uchen_medium quality - page 1,Woodblock-Stacks,layout,0.9,3.0,4.0,True,0.5,True,1,6.432753562927246,77.78,9,7,2,
uchen_medium quality,uchen_medium quality - page 1,Woodblock-Stacks,layout,0.9,3.0,4.0,True,0.9,True,1,6.35274600982666,77.78,9,7,2,
uchen_medium quality,uchen_medium quality - page 1,Woodblock-Stacks,layout,0.9,3.0,4.0,False,0.1,True,2,6.772305250167847,72.73,11,8,3,
uchen_medium quality,uchen_medium quality - page 1,Woodblock-Stacks,layout,0.9,3.0,4.0,False,0.25,True,2,6.856346607208252,72.73,11,8,3,
uchen_medium quality,uchen_medium quality - page 1,Woodblock-Stacks,layout,0.9,3.0,4.0,False,0.5,True,2,6.8107521533966064,72.73,11,8,3,
uchen_medium quality,uchen_medium quality - page 1,Woodblock-Stacks,layout,0.9,3.0,4.0,False,0.9,True,2,6.748919486999512,72.73,11,8,3,
uchen_medium quality,uchen_medium quality - page 1,Woodblock-Stacks,layout,0.9,3.0,5.0,True,0.1,True,1,6.2840471267700195,77.78,9,7,2,
uchen_medium quality,uchen_medium quality - page 1,Woodblock-Stacks,layout,0.9,3.0,5.0,True,0.25,True,1,6.298479795455933,77.78,9,7,2,
uchen_medium quality,uchen_medium quality - page 1,Woodblock-Stacks,layout,0.9,3.0,5.0,True,0.5,True,1,6.287875413894653,77.78,9,7,2,
uchen_medium quality,uchen_medium quality - page 1,Woodblock-Stacks,layout,0.9,3.0,5.0,True,0.9,True,1,6.371752023696899,77.78,9,7,2,
uchen_medium quality,uchen_medium quality - page 1,Woodblock-Stacks,layout,0.9,3.0,5.0,False,0.1,True,2,6.615251779556274,77.78,9,7,2,
uchen_medium quality,uchen_medium quality - page 1,Woodblock-Stacks,layout,0.9,3.0,5.0,False,0.25,True,2,6.597985029220581,77.78,9,7,2,
uchen_medium quality,uchen_medium quality - page 1,Woodblock-Stacks,layout,0.9,3.0,5.0,False,0.5,True,2,6.591217041015625,77.78,9,7,2,
uchen_medium quality,uchen_medium quality - page 1,Woodblock-Stacks,layout,0.9,3.0,5.0,False,0.9,True,2,6.602396011352539,77.78,9,7,2,
uchen_medium quality,uchen_medium quality - page 1,Modern,line,0.7,2.0,2.5,True,0.1,True,1,9.308387517929077,30.77,13,4,9,
uchen_medium quality,uchen_medium quality - page 1,Modern,line,0.7,2.0,2.5,True,0.25,True,1,9.040111541748047,30.77,13,4,9,
uchen_medium quality,uchen_medium quality - page 1,Modern,line,0.7,2.0,2.5,True,0.5,True,1,8.772111654281616,30.77,13,4,9,
uchen_medium quality,uchen_medium quality - page 1,Modern,line,0.7,2.0,2.5,True,0.9,True,1,8.79493522644043,30.77,13,4,9,
uchen_medium quality,uchen_medium quality - page 1,Modern,line,0.7,2.0,2.5,False,0.1,True,2,9.119092464447021,80.0,15,12,3,
uchen_medium quality,uchen_medium quality - page 1,Modern,line,0.7,2.0,2.5,False,0.25,True,2,9.11497163772583,80.0,15,12,3,
uchen_medium quality,uchen_medium quality - page 1,Modern,line,0.7,2.0,2.5,False,0.5,True,2,9.124996185302734,80.0,15,12,3,
uchen_medium quality,uchen_medium quality - page 1,Modern,line,0.7,2.0,2.5,False,0.9,True,2,9.111880779266357,80.0,15,12,3,
uchen_medium quality,uchen_medium quality - page 1,Modern,line,0.7,2.0,3.5,True,0.1,True,1,8.503810405731201,45.45,11,5,6,
uchen_medium quality,uchen_medium quality - page 1,Modern,line,0.7,2.0,3.5,True,0.25,True,1,8.492995977401733,45.45,11,5,6,
uchen_medium quality,uchen_medium quality - page 1,Modern,line,0.7,2.0,3.5,True,0.5,True,1,5.360943794250488,45.45,11,5,6,
uchen_medium quality,uchen_medium quality - page 1,Modern,line,0.7,2.0,3.5,True,0.9,True,1,5.289963245391846,45.45,11,5,6,
uchen_medium quality,uchen_medium quality - page 1,Modern,line,0.7,2.0,3.5,False,0.1,True,2,8.05207896232605,50.0,12,6,6,
uchen_medium quality,uchen_medium quality - page 1,Modern,line,0.7,2.0,3.5,False,0.25,True,2,5.509634017944336,50.0,12,6,6,
uchen_medium quality,uchen_medium quality - page 1,Modern,line,0.7,2.0,3.5,False,0.5,True,2,5.618114233016968,50.0,12,6,6,
uchen_medium quality,uchen_medium quality - page 1,Modern,line,0.7,2.0,3.5,False,0.9,True,2,5.865245342254639,50.0,12,6,6,
uchen_medium quality,uchen_medium quality - page 1,Modern,line,0.7,2.0,4.0,True,0.1,True,1,5.539640426635742,70.0,10,7,3,
uchen_medium quality,uchen_medium quality - page 1,Modern,line,0.7,2.0,4.0,True,0.25,True,1,5.559746742248535,70.0,10,7,3,
uchen_medium quality,uchen_medium quality - page 1,Modern,line,0.7,2.0,4.0,True,0.5,True,1,5.529077529907227,70.0,10,7,3,
uchen_medium quality,uchen_medium quality - page 1,Modern,line,0.7,2.0,4.0,True,0.9,True,1,5.549287796020508,70.0,10,7,3,
uchen_medium quality,uchen_medium quality - page 1,Modern,line,0.7,2.0,4.0,False,0.1,True,2,8.772850751876831,54.55,11,6,5,
uchen_medium quality,uchen_medium quality - page 1,Modern,line,0.7,2.0,4.0,False,0.25,True,2,8.768721580505371,54.55,11,6,5,
uchen_medium quality,uchen_medium quality - page 1,Modern,line,0.7,2.0,4.0,False,0.5,True,2,8.724905014038086,54.55,11,6,5,
uchen_medium quality,uchen_medium quality - page 1,Modern,line,0.7,2.0,4.0,False,0.9,True,2,5.458484888076782,54.55,11,6,5,
uchen_medium quality,uchen_medium quality - page 1,Modern,line,0.7,2.0,5.0,True,0.1,True,1,4.998375654220581,44.44,9,4,5,
uchen_medium quality,uchen_medium quality - page 1,Modern,line,0.7,2.0,5.0,True,0.25,True,1,5.285614013671875,44.44,9,4,5,
uchen_medium quality,uchen_medium quality - page 1,Modern,line,0.7,2.0,5.0,True,0.5,True,1,5.402245283126831,44.44,9,4,5,
uchen_medium quality,uchen_medium quality - page 1,Modern,line,0.7,2.0,5.0,True,0.9,True,1,5.362913608551025,44.44,9,4,5,
uchen_medium quality,uchen_medium quality - page 1,Modern,line,0.7,2.0,5.0,False,0.1,True,2,5.580656051635742,63.64,11,7,4,
uchen_medium quality,uchen_medium quality - page 1,Modern,line,0.7,2.0,5.0,False,0.25,True,2,5.7265496253967285,63.64,11,7,4,
uchen_medium quality,uchen_medium quality - page 1,Modern,line,0.7,2.0,5.0,False,0.5,True,2,5.732649564743042,63.64,11,7,4,
uchen_medium quality,uchen_medium quality - page 1,Modern,line,0.7,2.0,5.0,False,0.9,True,2,5.617650508880615,63.64,11,7,4,
uchen_medium quality,uchen_medium quality - page 1,Modern,line,0.7,2.5,2.5,True,0.1,True,1,6.044018745422363,58.33,12,7,5,
uchen_medium quality,uchen_medium quality - page 1,Modern,line,0.7,2.5,2.5,True,0.25,True,1,5.949073314666748,58.33,12,7,5,
uchen_medium quality,uchen_medium quality - page 1,Modern,line,0.7,2.5,2.5,True,0.5,True,1,5.95971417427063,58.33,12,7,5,
uchen_medium quality,uchen_medium quality - page 1,Modern,line,0.7,2.5,2.5,True,0.9,True,1,5.963707208633423,58.33,12,7,5,
uchen_medium quality,uchen_medium quality - page 1,Modern,line,0.7,2.5,2.5,False,0.1,True,2,6.390291929244995,61.54,13,8,5,
uchen_medium quality,uchen_medium quality - page 1,Modern,line,0.7,2.5,2.5,False,0.25,True,2,6.361549139022827,61.54,13,8,5,
uchen_medium quality,uchen_medium quality - page 1,Modern,line,0.7,2.5,2.5,False,0.5,True,2,6.396830320358276,61.54,13,8,5,
uchen_medium quality,uchen_medium quality - page 1,Modern,line,0.7,2.5,2.5,False,0.9,True,2,6.491435766220093,61.54,13,8,5,
uchen_medium quality,uchen_medium quality - page 1,Modern,line,0.7,2.5,3.5,True,0.1,True,1,5.934334754943848,45.45,11,5,6,
uchen_medium quality,uchen_medium quality - page 1,Modern,line,0.7,2.5,3.5,True,0.25,True,1,5.9142045974731445,45.45,11,5,6,
uchen_medium quality,uchen_medium quality - page 1,Modern,line,0.7,2.5,3.5,True,0.5,True,1,5.920192003250122,45.45,11,5,6,
uchen_medium quality,uchen_medium quality - page 1,Modern,line,0.7,2.5,3.5,True,0.9,True,1,5.893808126449585,45.45,11,5,6,
uchen_medium quality,uchen_medium quality - page 1,Modern,line,0.7,2.5,3.5,False,0.1,True,2,6.234124660491943,50.0,12,6,6,
uchen_medium quality,uchen_medium quality - page 1,Modern,line,0.7,2.5,3.5,False,0.25,True,2,6.17292594909668,50.0,12,6,6,
uchen_medium quality,uchen_medium quality - page 1,Modern,line,0.7,2.5,3.5,False,0.5,True,2,6.196152687072754,50.0,12,6,6,
uchen_medium quality,uchen_medium quality - page 1,Modern,line,0.7,2.5,3.5,False,0.9,True,2,6.171320915222168,50.0,12,6,6,
uchen_medium quality,uchen_medium quality - page 1,Modern,line,0.7,2.5,4.0,True,0.1,True,1,5.842626094818115,70.0,10,7,3,
uchen_medium quality,uchen_medium quality - page 1,Modern,line,0.7,2.5,4.0,True,0.25,True,1,8.825866222381592,70.0,10,7,3,
uchen_medium quality,uchen_medium quality - page 1,Modern,line,0.7,2.5,4.0,True,0.5,True,1,7.141509771347046,70.0,10,7,3,
uchen_medium quality,uchen_medium quality - page 1,Modern,line,0.7,2.5,4.0,True,0.9,True,1,5.573355197906494,70.0,10,7,3,
uchen_medium quality,uchen_medium quality - page 1,Modern,line,0.7,2.5,4.0,False,0.1,True,2,6.074323654174805,54.55,11,6,5,
uchen_medium quality,uchen_medium quality - page 1,Modern,line,0.7,2.5,4.0,False,0.25,True,2,6.1216607093811035,54.55,11,6,5,
uchen_medium quality,uchen_medium quality - page 1,Modern,line,0.7,2.5,4.0,False,0.5,True,2,6.090212106704712,54.55,11,6,5,
uchen_medium quality,uchen_medium quality - page 1,Modern,line,0.7,2.5,4.0,False,0.9,True,2,6.096654176712036,54.55,11,6,5,
uchen_medium quality,uchen_medium quality - page 1,Modern,line,0.7,2.5,5.0,True,0.1,True,1,5.660493850708008,60.0,10,6,4,
uchen_medium quality,uchen_medium quality - page 1,Modern,line,0.7,2.5,5.0,True,0.25,True,1,5.7173333168029785,60.0,10,6,4,
uchen_medium quality,uchen_medium quality - page 1,Modern,line,0.7,2.5,5.0,True,0.5,True,1,5.698125600814819,60.0,10,6,4,
uchen_medium quality,uchen_medium quality - page 1,Modern,line,0.7,2.5,5.0,True,0.9,True,1,5.811626195907593,60.0,10,6,4,
uchen_medium quality,uchen_medium quality - page 1,Modern,line,0.7,2.5,5.0,False,0.1,True,2,5.963684558868408,75.0,8,6,2,
uchen_medium quality,uchen_medium quality - page 1,Modern,line,0.7,2.5,5.0,False,0.25,True,2,5.912401437759399,75.0,8,6,2,
uchen_medium quality,uchen_medium quality - page 1,Modern,line,0.7,2.5,5.0,False,0.5,True,2,5.946984052658081,75.0,8,6,2,
uchen_medium quality,uchen_medium quality - page 1,Modern,line,0.7,2.5,5.0,False,0.9,True,2,5.945644378662109,75.0,8,6,2,
uchen_medium quality,uchen_medium quality - page 1,Modern,line,0.7,3.0,2.5,True,0.1,True,1,6.086836576461792,60.0,10,6,4,
uchen_medium quality,uchen_medium quality - page 1,Modern,line,0.7,3.0,2.5,True,0.25,True,1,6.042891025543213,60.0,10,6,4,
uchen_medium quality,uchen_medium quality - page 1,Modern,line,0.7,3.0,2.5,True,0.5,True,1,6.0400660037994385,60.0,10,6,4,
uchen_medium quality,uchen_medium quality - page 1,Modern,line,0.7,3.0,2.5,True,0.9,True,1,6.128662586212158,60.0,10,6,4,
uchen_medium quality,uchen_medium quality - page 1,Modern,line,0.7,3.0,2.5,False,0.1,True,2,6.826406002044678,77.78,9,7,2,
uchen_medium quality,uchen_medium quality - page 1,Modern,line,0.7,3.0,2.5,False,0.25,True,2,6.858185768127441,77.78,9,7,2,
uchen_medium quality,uchen_medium quality - page 1,Modern,line,0.7,3.0,2.5,False,0.5,True,2,6.859532356262207,77.78,9,7,2,
uchen_medium quality,uchen_medium quality - page 1,Modern,line,0.7,3.0,2.5,False,0.9,True,2,6.706639766693115,77.78,9,7,2,
uchen_medium quality,uchen_medium quality - page 1,Modern,line,0.7,3.0,3.5,True,0.1,True,1,5.998916149139404,60.0,10,6,4,
uchen_medium quality,uchen_medium quality - page 1,Modern,line,0.7,3.0,3.5,True,0.25,True,1,6.031245946884155,60.0,10,6,4,
uchen_medium quality,uchen_medium quality - page 1,Modern,line,0.7,3.0,3.5,True,0.5,True,1,6.037346363067627,60.0,10,6,4,
uchen_medium quality,uchen_medium quality - page 1,Modern,line,0.7,3.0,3.5,True,0.9,True,1,6.026737689971924,60.0,10,6,4,
uchen_medium quality,uchen_medium quality - page 1,Modern,line,0.7,3.0,3.5,False,0.1,True,2,6.825255393981934,75.0,8,6,2,
uchen_medium quality,uchen_medium quality - page 1,Modern,line,0.7,3.0,3.5,False,0.25,True,2,6.4474146366119385,75.0,8,6,2,
uchen_medium quality,uchen_medium quality - page 1,Modern,line,0.7,3.0,3.5,False,0.5,True,2,6.661379098892212,75.0,8,6,2,
uchen_medium quality,uchen_medium quality - page 1,Modern,line,0.7,3.0,3.5,False,0.9,True,2,6.553159236907959,75.0,8,6,2,
uchen_medium quality,uchen_medium quality - page 1,Modern,line,0.7,3.0,4.0,True,0.1,True,1,6.011634349822998,60.0,10,6,4,
uchen_medium quality,uchen_medium quality - page 1,Modern,line,0.7,3.0,4.0,True,0.25,True,1,6.039877414703369,60.0,10,6,4,
uchen_medium quality,uchen_medium quality - page 1,Modern,line,0.7,3.0,4.0,True,0.5,True,1,6.012719392776489,60.0,10,6,4,
uchen_medium quality,uchen_medium quality - page 1,Modern,line,0.7,3.0,4.0,True,0.9,True,1,6.054184913635254,60.0,10,6,4,
uchen_medium quality,uchen_medium quality - page 1,Modern,line,0.7,3.0,4.0,False,0.1,True,2,6.444746494293213,75.0,8,6,2,
uchen_medium quality,uchen_medium quality - page 1,Modern,line,0.7,3.0,4.0,False,0.25,True,2,6.402082920074463,75.0,8,6,2,
uchen_medium quality,uchen_medium quality - page 1,Modern,line,0.7,3.0,4.0,False,0.5,True,2,6.434805393218994,75.0,8,6,2,
uchen_medium quality,uchen_medium quality - page 1,Modern,line,0.7,3.0,4.0,False,0.9,True,2,6.4044060707092285,75.0,8,6,2,
uchen_medium quality,uchen_medium quality - page 1,Modern,line,0.7,3.0,5.0,True,0.1,True,1,6.137328863143921,60.0,10,6,4,
uchen_medium quality,uchen_medium quality - page 1,Modern,line,0.7,3.0,5.0,True,0.25,True,1,6.056725263595581,60.0,10,6,4,
uchen_medium quality,uchen_medium quality - page 1,Modern,line,0.7,3.0,5.0,True,0.5,True,1,6.1241466999053955,60.0,10,6,4,
uchen_medium quality,uchen_medium quality - page 1,Modern,line,0.7,3.0,5.0,True,0.9,True,1,6.037964105606079,60.0,10,6,4,
uchen_medium quality,uchen_medium quality - page 1,Modern,line,0.7,3.0,5.0,False,0.1,True,2,6.289010524749756,75.0,8,6,2,
uchen_medium quality,uchen_medium quality - page 1,Modern,line,0.7,3.0,5.0,False,0.25,True,2,6.2894392013549805,75.0,8,6,2,
uchen_medium quality,uchen_medium quality - page 1,Modern,line,0.7,3.0,5.0,False,0.5,True,2,6.275752067565918,75.0,8,6,2,
uchen_medium quality,uchen_medium quality - page 1,Modern,line,0.7,3.0,5.0,False,0.9,True,2,6.297982692718506,75.0,8,6,2,
uchen_medium quality,uchen_medium quality - page 1,Modern,line,0.8,2.0,2.5,True,0.1,True,1,5.7986109256744385,30.77,13,4,9,
uchen_medium quality,uchen_medium quality - page 1,Modern,line,0.8,2.0,2.5,True,0.25,True,1,5.857668161392212,30.77,13,4,9,
uchen_medium quality,uchen_medium quality - page 1,Modern,line,0.8,2.0,2.5,True,0.5,True,1,5.859110593795776,30.77,13,4,9,
uchen_medium quality,uchen_medium quality - page 1,Modern,line,0.8,2.0,2.5,True,0.9,True,1,5.820358753204346,30.77,13,4,9,
uchen_medium quality,uchen_medium quality - page 1,Modern,line,0.8,2.0,2.5,False,0.1,True,2,6.067948579788208,80.0,15,12,3,
uchen_medium quality,uchen_medium quality - page 1,Modern,line,0.8,2.0,2.5,False,0.25,True,2,6.087757110595703,80.0,15,12,3,
uchen_medium quality,uchen_medium quality - page 1,Modern,line,0.8,2.0,2.5,False,0.5,True,2,6.111024379730225,80.0,15,12,3,
uchen_medium quality,uchen_medium quality - page 1,Modern,line,0.8,2.0,2.5,False,0.9,True,2,6.076614141464233,80.0,15,12,3,
uchen_medium quality,uchen_medium quality - page 1,Modern,line,0.8,2.0,3.5,True,0.1,True,1,5.499562501907349,45.45,11,5,6,
uchen_medium quality,uchen_medium quality - page 1,Modern,line,0.8,2.0,3.5,True,0.25,True,1,5.57352614402771,45.45,11,5,6,
uchen_medium quality,uchen_medium quality - page 1,Modern,line,0.8,2.0,3.5,True,0.5,True,1,5.5597851276397705,45.45,11,5,6,
uchen_medium quality,uchen_medium quality - page 1,Modern,line,0.8,2.0,3.5,True,0.9,True,1,5.604353189468384,45.45,11,5,6,
uchen_medium quality,uchen_medium quality - page 1,Modern,line,0.8,2.0,3.5,False,0.1,True,2,5.969458341598511,50.0,12,6,6,
uchen_medium quality,uchen_medium quality - page 1,Modern,line,0.8,2.0,3.5,False,0.25,True,2,5.876553058624268,50.0,12,6,6,
uchen_medium quality,uchen_medium quality - page 1,Modern,line,0.8,2.0,3.5,False,0.5,True,2,5.959130048751831,50.0,12,6,6,
uchen_medium quality,uchen_medium quality - page 1,Modern,line,0.8,2.0,3.5,False,0.9,True,2,5.833195209503174,50.0,12,6,6,
uchen_medium quality,uchen_medium quality - page 1,Modern,line,0.8,2.0,4.0,True,0.1,True,1,5.4991443157196045,70.0,10,7,3,
uchen_medium quality,uchen_medium quality - page 1,Modern,line,0.8,2.0,4.0,True,0.25,True,1,5.551783084869385,70.0,10,7,3,
uchen_medium quality,uchen_medium quality - page 1,Modern,line,0.8,2.0,4.0,True,0.5,True,1,5.52402925491333,70.0,10,7,3,
uchen_medium quality,uchen_medium quality - page 1,Modern,line,0.8,2.0,4.0,True,0.9,True,1,5.784963846206665,70.0,10,7,3,
uchen_medium quality,uchen_medium quality - page 1,Modern,line,0.8,2.0,4.0,False,0.1,True,2,8.75163197517395,54.55,11,6,5,
uchen_medium quality,uchen_medium quality - page 1,Modern,line,0.8,2.0,4.0,False,0.25,True,2,8.74227786064148,54.55,11,6,5,
uchen_medium quality,uchen_medium quality - page 1,Modern,line,0.8,2.0,4.0,False,0.5,True,2,8.751018047332764,54.55,11,6,5,
uchen_medium quality,uchen_medium quality - page 1,Modern,line,0.8,2.0,4.0,False,0.9,True,2,8.758878469467163,54.55,11,6,5,
uchen_medium quality,uchen_medium quality - page 1,Modern,line,0.8,2.0,5.0,True,0.1,True,1,8.247822761535645,44.44,9,4,5,
uchen_medium quality,uchen_medium quality - page 1,Modern,line,0.8,2.0,5.0,True,0.25,True,1,8.252463817596436,44.44,9,4,5,
uchen_medium quality,uchen_medium quality - page 1,Modern,line,0.8,2.0,5.0,True,0.5,True,1,8.250598669052124,44.44,9,4,5,
uchen_medium quality,uchen_medium quality - page 1,Modern,line,0.8,2.0,5.0,True,0.9,True,1,8.257355451583862,44.44,9,4,5,
uchen_medium quality,uchen_medium quality - page 1,Modern,line,0.8,2.0,5.0,False,0.1,True,2,8.544352293014526,63.64,11,7,4,
uchen_medium quality,uchen_medium quality - page 1,Modern,line,0.8,2.0,5.0,False,0.25,True,2,8.544096946716309,63.64,11,7,4,
uchen_medium quality,uchen_medium quality - page 1,Modern,line,0.8,2.0,5.0,False,0.5,True,2,8.543095350265503,63.64,11,7,4,
uchen_medium quality,uchen_medium quality - page 1,Modern,line,0.8,2.0,5.0,False,0.9,True,2,8.543592929840088,63.64,11,7,4,
uchen_medium quality,uchen_medium quality - page 1,Modern,line,0.8,2.5,2.5,True,0.1,True,1,5.734849452972412,58.33,12,7,5,
uchen_medium quality,uchen_medium quality - page 1,Modern,line,0.8,2.5,2.5,True,0.25,True,1,5.658057689666748,58.33,12,7,5,
uchen_medium quality,uchen_medium quality - page 1,Modern,line,0.8,2.5,2.5,True,0.5,True,1,5.6650166511535645,58.33,12,7,5,
uchen_medium quality,uchen_medium quality - page 1,Modern,line,0.8,2.5,2.5,True,0.9,True,1,5.838106632232666,58.33,12,7,5,
uchen_medium quality,uchen_medium quality - page 1,Modern,line,0.8,2.5,2.5,False,0.1,True,2,6.390187740325928,61.54,13,8,5,
uchen_medium quality,uchen_medium quality - page 1,Modern,line,0.8,2.5,2.5,False,0.25,True,2,6.454054355621338,61.54,13,8,5,
uchen_medium quality,uchen_medium quality - page 1,Modern,line,0.8,2.5,2.5,False,0.5,True,2,6.3664820194244385,61.54,13,8,5,
uchen_medium quality,uchen_medium quality - page 1,Modern,line,0.8,2.5,2.5,False,0.9,True,2,6.350966453552246,61.54,13,8,5,
uchen_medium quality,uchen_medium quality - page 1,Modern,line,0.8,2.5,3.5,True,0.1,True,1,5.842802286148071,45.45,11,5,6,
uchen_medium quality,uchen_medium quality - page 1,Modern,line,0.8,2.5,3.5,True,0.25,True,1,5.88416862487793,45.45,11,5,6,
uchen_medium quality,uchen_medium quality - page 1,Modern,line,0.8,2.5,3.5,True,0.5,True,1,5.9182984828948975,45.45,11,5,6,
uchen_medium quality,uchen_medium quality - page 1,Modern,line,0.8,2.5,3.5,True,0.9,True,1,5.891062498092651,45.45,11,5,6,
uchen_medium quality,uchen_medium quality - page 1,Modern,line,0.8,2.5,3.5,False,0.1,True,2,6.1764678955078125,50.0,12,6,6,
uchen_medium quality,uchen_medium quality - page 1,Modern,line,0.8,2.5,3.5,False,0.25,True,2,6.206085443496704,50.0,12,6,6,
uchen_medium quality,uchen_medium quality - page 1,Modern,line,0.8,2.5,3.5,False,0.5,True,2,6.411334753036499,50.0,12,6,6,
uchen_medium quality,uchen_medium quality - page 1,Modern,line,0.8,2.5,3.5,False,0.9,True,2,6.223840951919556,50.0,12,6,6,
uchen_medium quality,uchen_medium quality - page 1,Modern,line,0.8,2.5,4.0,True,0.1,True,1,5.906336545944214,70.0,10,7,3,
uchen_medium quality,uchen_medium quality - page 1,Modern,line,0.8,2.5,4.0,True,0.25,True,1,5.861705303192139,70.0,10,7,3,
uchen_medium quality,uchen_medium quality - page 1,Modern,line,0.8,2.5,4.0,True,0.5,True,1,5.895967483520508,70.0,10,7,3,
uchen_medium quality,uchen_medium quality - page 1,Modern,line,0.8,2.5,4.0,True,0.9,True,1,5.8797447681427,70.0,10,7,3,
uchen_medium quality,uchen_medium quality - page 1,Modern,line,0.8,2.5,4.0,False,0.1,True,2,6.128194570541382,54.55,11,6,5,
uchen_medium quality,uchen_medium quality - page 1,Modern,line,0.8,2.5,4.0,False,0.25,True,2,6.122772693634033,54.55,11,6,5,
uchen_medium quality,uchen_medium quality - page 1,Modern,line,0.8,2.5,4.0,False,0.5,True,2,6.1046271324157715,54.55,11,6,5,
uchen_medium quality,uchen_medium quality - page 1,Modern,line,0.8,2.5,4.0,False,0.9,True,2,6.117260932922363,54.55,11,6,5,
uchen_medium quality,uchen_medium quality - page 1,Modern,line,0.8,2.5,5.0,True,0.1,True,1,5.696092128753662,60.0,10,6,4,
uchen_medium quality,uchen_medium quality - page 1,Modern,line,0.8,2.5,5.0,True,0.25,True,1,5.910792589187622,60.0,10,6,4,
uchen_medium quality,uchen_medium quality - page 1,Modern,line,0.8,2.5,5.0,True,0.5,True,1,5.746516704559326,60.0,10,6,4,
uchen_medium quality,uchen_medium quality - page 1,Modern,line,0.8,2.5,5.0,True,0.9,True,1,5.7077577114105225,60.0,10,6,4,
uchen_medium quality,uchen_medium quality - page 1,Modern,line,0.8,2.5,5.0,False,0.1,True,2,5.944916248321533,75.0,8,6,2,
uchen_medium quality,uchen_medium quality - page 1,Modern,line,0.8,2.5,5.0,False,0.25,True,2,5.968210697174072,75.0,8,6,2,
uchen_medium quality,uchen_medium quality - page 1,Modern,line,0.8,2.5,5.0,False,0.5,True,2,5.952763795852661,75.0,8,6,2,
uchen_medium quality,uchen_medium quality - page 1,Modern,line,0.8,2.5,5.0,False,0.9,True,2,5.945467472076416,75.0,8,6,2,
uchen_medium quality,uchen_medium quality - page 1,Modern,line,0.8,3.0,2.5,True,0.1,True,1,6.0984413623809814,60.0,10,6,4,
uchen_medium quality,uchen_medium quality - page 1,Modern,line,0.8,3.0,2.5,True,0.25,True,1,6.069047212600708,60.0,10,6,4,
uchen_medium quality,uchen_medium quality - page 1,Modern,line,0.8,3.0,2.5,True,0.5,True,1,6.067379951477051,60.0,10,6,4,
uchen_medium quality,uchen_medium quality - page 1,Modern,line,0.8,3.0,2.5,True,0.9,True,1,7.1319358348846436,60.0,10,6,4,
uchen_medium quality,uchen_medium quality - page 1,Modern,line,0.8,3.0,2.5,False,0.1,True,2,6.707403898239136,77.78,9,7,2,
uchen_medium quality,uchen_medium quality - page 1,Modern,line,0.8,3.0,2.5,False,0.25,True,2,6.739092588424683,77.78,9,7,2,
uchen_medium quality,uchen_medium quality - page 1,Modern,line,0.8,3.0,2.5,False,0.5,True,2,6.738762855529785,77.78,9,7,2,
uchen_medium quality,uchen_medium quality - page 1,Modern,line,0.8,3.0,2.5,False,0.9,True,2,6.76334285736084,77.78,9,7,2,
uchen_medium quality,uchen_medium quality - page 1,Modern,line,0.8,3.0,3.5,True,0.1,True,1,6.010993957519531,60.0,10,6,4,
uchen_medium quality,uchen_medium quality - page 1,Modern,line,0.8,3.0,3.5,True,0.25,True,1,6.051003456115723,60.0,10,6,4,
uchen_medium quality,uchen_medium quality - page 1,Modern,line,0.8,3.0,3.5,True,0.5,True,1,8.97950005531311,60.0,10,6,4,
uchen_medium quality,uchen_medium quality - page 1,Modern,line,0.8,3.0,3.5,True,0.9,True,1,5.783356428146362,60.0,10,6,4,
uchen_medium quality,uchen_medium quality - page 1,Modern,line,0.8,3.0,3.5,False,0.1,True,2,6.587432384490967,75.0,8,6,2,
uchen_medium quality,uchen_medium quality - page 1,Modern,line,0.8,3.0,3.5,False,0.25,True,2,6.581418752670288,75.0,8,6,2,
uchen_medium quality,uchen_medium quality - page 1,Modern,line,0.8,3.0,3.5,False,0.5,True,2,9.637733221054077,75.0,8,6,2,
uchen_medium quality,uchen_medium quality - page 1,Modern,line,0.8,3.0,3.5,False,0.9,True,2,9.554134607315063,75.0,8,6,2,
uchen_medium quality,uchen_medium quality - page 1,Modern,line,0.8,3.0,4.0,True,0.1,True,1,5.803032159805298,60.0,10,6,4,
uchen_medium quality,uchen_medium quality - page 1,Modern,line,0.8,3.0,4.0,True,0.25,True,1,5.779768705368042,60.0,10,6,4,
uchen_medium quality,uchen_medium quality - page 1,Modern,line,0.8,3.0,4.0,True,0.5,True,1,5.957522630691528,60.0,10,6,4,
uchen_medium quality,uchen_medium quality - page 1,Modern,line,0.8,3.0,4.0,True,0.9,True,1,6.056463718414307,60.0,10,6,4,
uchen_medium quality,uchen_medium quality - page 1,Modern,line,0.8,3.0,4.0,False,0.1,True,2,6.552429914474487,75.0,8,6,2,
uchen_medium quality,uchen_medium quality - page 1,Modern,line,0.8,3.0,4.0,False,0.25,True,2,6.424558401107788,75.0,8,6,2,
uchen_medium quality,uchen_medium quality - page 1,Modern,line,0.8,3.0,4.0,False,0.5,True,2,6.46119499206543,75.0,8,6,2,
uchen_medium quality,uchen_medium quality - page 1,Modern,line,0.8,3.0,4.0,False,0.9,True,2,7.36374044418335,75.0,8,6,2,
uchen_medium quality,uchen_medium quality - page 1,Modern,line,0.8,3.0,5.0,True,0.1,True,1,9.0357084274292,60.0,10,6,4,
uchen_medium quality,uchen_medium quality - page 1,Modern,line,0.8,3.0,5.0,True,0.25,True,1,9.05147409439087,60.0,10,6,4,
uchen_medium quality,uchen_medium quality - page 1,Modern,line,0.8,3.0,5.0,True,0.5,True,1,9.039620876312256,60.0,10,6,4,
uchen_medium quality,uchen_medium quality - page 1,Modern,line,0.8,3.0,5.0,True,0.9,True,1,9.029590845108032,60.0,10,6,4,
uchen_medium quality,uchen_medium quality - page 1,Modern,line,0.8,3.0,5.0,False,0.1,True,2,9.335843324661255,75.0,8,6,2,
uchen_medium quality,uchen_medium quality - page 1,Modern,line,0.8,3.0,5.0,False,0.25,True,2,6.311981678009033,75.0,8,6,2,
uchen_medium quality,uchen_medium quality - page 1,Modern,line,0.8,3.0,5.0,False,0.5,True,2,6.009577989578247,75.0,8,6,2,
uchen_medium quality,uchen_medium quality - page 1,Modern,line,0.8,3.0,5.0,False,0.9,True,2,6.005326747894287,75.0,8,6,2,
uchen_medium quality,uchen_medium quality - page 1,Modern,line,0.9,2.0,2.5,True,0.1,True,1,5.663942098617554,30.77,13,4,9,
uchen_medium quality,uchen_medium quality - page 1,Modern,line,0.9,2.0,2.5,True,0.25,True,1,5.835447311401367,30.77,13,4,9,
uchen_medium quality,uchen_medium quality - page 1,Modern,line,0.9,2.0,2.5,True,0.5,True,1,5.809840440750122,30.77,13,4,9,
uchen_medium quality,uchen_medium quality - page 1,Modern,line,0.9,2.0,2.5,True,0.9,True,1,5.841831922531128,30.77,13,4,9,
uchen_medium quality,uchen_medium quality - page 1,Modern,line,0.9,2.0,2.5,False,0.1,True,2,6.103188514709473,80.0,15,12,3,
uchen_medium quality,uchen_medium quality - page 1,Modern,line,0.9,2.0,2.5,False,0.25,True,2,6.317137002944946,80.0,15,12,3,
uchen_medium quality,uchen_medium quality - page 1,Modern,line,0.9,2.0,2.5,False,0.5,True,2,6.118607759475708,80.0,15,12,3,
uchen_medium quality,uchen_medium quality - page 1,Modern,line,0.9,2.0,2.5,False,0.9,True,2,6.116925954818726,80.0,15,12,3,
uchen_medium quality,uchen_medium quality - page 1,Modern,line,0.9,2.0,3.5,True,0.1,True,1,5.5773773193359375,45.45,11,5,6,
uchen_medium quality,uchen_medium quality - page 1,Modern,line,0.9,2.0,3.5,True,0.25,True,1,5.555118560791016,45.45,11,5,6,
uchen_medium quality,uchen_medium quality - page 1,Modern,line,0.9,2.0,3.5,True,0.5,True,1,5.567674398422241,45.45,11,5,6,
uchen_medium quality,uchen_medium quality - page 1,Modern,line,0.9,2.0,3.5,True,0.9,True,1,5.585517644882202,45.45,11,5,6,
uchen_medium quality,uchen_medium quality - page 1,Modern,line,0.9,2.0,3.5,False,0.1,True,2,5.836287975311279,50.0,12,6,6,
uchen_medium quality,uchen_medium quality - page 1,Modern,line,0.9,2.0,3.5,False,0.25,True,2,5.8354620933532715,50.0,12,6,6,
uchen_medium quality,uchen_medium quality - page 1,Modern,line,0.9,2.0,3.5,False,0.5,True,2,5.841060638427734,50.0,12,6,6,
uchen_medium quality,uchen_medium quality - page 1,Modern,line,0.9,2.0,3.5,False,0.9,True,2,5.831076622009277,50.0,12,6,6,
uchen_medium quality,uchen_medium quality - page 1,Modern,line,0.9,2.0,4.0,True,0.1,True,1,5.648396730422974,70.0,10,7,3,
uchen_medium quality,uchen_medium quality - page 1,Modern,line,0.9,2.0,4.0,True,0.25,True,1,5.525898694992065,70.0,10,7,3,
uchen_medium quality,uchen_medium quality - page 1,Modern,line,0.9,2.0,4.0,True,0.5,True,1,5.531352758407593,70.0,10,7,3,
uchen_medium quality,uchen_medium quality - page 1,Modern,line,0.9,2.0,4.0,True,0.9,True,1,5.529788255691528,70.0,10,7,3,
uchen_medium quality,uchen_medium quality - page 1,Modern,line,0.9,2.0,4.0,False,0.1,True,2,5.772765159606934,54.55,11,6,5,
uchen_medium quality,uchen_medium quality - page 1,Modern,line,0.9,2.0,4.0,False,0.25,True,2,5.797708988189697,54.55,11,6,5,
uchen_medium quality,uchen_medium quality - page 1,Modern,line,0.9,2.0,4.0,False,0.5,True,2,5.752567291259766,54.55,11,6,5,
uchen_medium quality,uchen_medium quality - page 1,Modern,line,0.9,2.0,4.0,False,0.9,True,2,5.756114721298218,54.55,11,6,5,
uchen_medium quality,uchen_medium quality - page 1,Modern,line,0.9,2.0,5.0,True,0.1,True,1,5.331909894943237,44.44,9,4,5,
uchen_medium quality,uchen_medium quality - page 1,Modern,line,0.9,2.0,5.0,True,0.25,True,1,5.3506927490234375,44.44,9,4,5,
uchen_medium quality,uchen_medium quality - page 1,Modern,line,0.9,2.0,5.0,True,0.5,True,1,5.432444095611572,44.44,9,4,5,
uchen_medium quality,uchen_medium quality - page 1,Modern,line,0.9,2.0,5.0,True,0.9,True,1,7.800447225570679,44.44,9,4,5,
uchen_medium quality,uchen_medium quality - page 1,Modern,line,0.9,2.0,5.0,False,0.1,True,2,5.298490047454834,63.64,11,7,4,
uchen_medium quality,uchen_medium quality - page 1,Modern,line,0.9,2.0,5.0,False,0.25,True,2,5.592795133590698,63.64,11,7,4,
uchen_medium quality,uchen_medium quality - page 1,Modern,line,0.9,2.0,5.0,False,0.5,True,2,5.576435327529907,63.64,11,7,4,
uchen_medium quality,uchen_medium quality - page 1,Modern,line,0.9,2.0,5.0,False,0.9,True,2,5.563985347747803,63.64,11,7,4,
uchen_medium quality,uchen_medium quality - page 1,Modern,line,0.9,2.5,2.5,True,0.1,True,1,6.037471532821655,58.33,12,7,5,
uchen_medium quality,uchen_medium quality - page 1,Modern,line,0.9,2.5,2.5,True,0.25,True,1,5.918258428573608,58.33,12,7,5,
uchen_medium quality,uchen_medium quality - page 1,Modern,line,0.9,2.5,2.5,True,0.5,True,1,5.935438871383667,58.33,12,7,5,
uchen_medium quality,uchen_medium quality - page 1,Modern,line,0.9,2.5,2.5,True,0.9,True,1,5.9371867179870605,58.33,12,7,5,
uchen_medium quality,uchen_medium quality - page 1,Modern,line,0.9,2.5,2.5,False,0.1,True,2,6.362592697143555,61.54,13,8,5,
uchen_medium quality,uchen_medium quality - page 1,Modern,line,0.9,2.5,2.5,False,0.25,True,2,6.46342396736145,61.54,13,8,5,
uchen_medium quality,uchen_medium quality - page 1,Modern,line,0.9,2.5,2.5,False,0.5,True,2,6.362921237945557,61.54,13,8,5,
uchen_medium quality,uchen_medium quality - page 1,Modern,line,0.9,2.5,2.5,False,0.9,True,2,6.347113132476807,61.54,13,8,5,
uchen_medium quality,uchen_medium quality - page 1,Modern,line,0.9,2.5,3.5,True,0.1,True,1,5.849079132080078,45.45,11,5,6,
uchen_medium quality,uchen_medium quality - page 1,Modern,line,0.9,2.5,3.5,True,0.25,True,1,5.886494159698486,45.45,11,5,6,
uchen_medium quality,uchen_medium quality - page 1,Modern,line,0.9,2.5,3.5,True,0.5,True,1,5.906081914901733,45.45,11,5,6,
uchen_medium quality,uchen_medium quality - page 1,Modern,line,0.9,2.5,3.5,True,0.9,True,1,5.880086660385132,45.45,11,5,6,
uchen_medium quality,uchen_medium quality - page 1,Modern,line,0.9,2.5,3.5,False,0.1,True,2,6.157353639602661,50.0,12,6,6,
uchen_medium quality,uchen_medium quality - page 1,Modern,line,0.9,2.5,3.5,False,0.25,True,2,6.184449195861816,50.0,12,6,6,
uchen_medium quality,uchen_medium quality - page 1,Modern,line,0.9,2.5,3.5,False,0.5,True,2,6.16608190536499,50.0,12,6,6,
uchen_medium quality,uchen_medium quality - page 1,Modern,line,0.9,2.5,3.5,False,0.9,True,2,6.3094422817230225,50.0,12,6,6,
uchen_medium quality,uchen_medium quality - page 1,Modern,line,0.9,2.5,4.0,True,0.1,True,1,5.8599278926849365,70.0,10,7,3,
uchen_medium quality,uchen_medium quality - page 1,Modern,line,0.9,2.5,4.0,True,0.25,True,1,5.86037802696228,70.0,10,7,3,
uchen_medium quality,uchen_medium quality - page 1,Modern,line,0.9,2.5,4.0,True,0.5,True,1,5.846795082092285,70.0,10,7,3,
uchen_medium quality,uchen_medium quality - page 1,Modern,line,0.9,2.5,4.0,True,0.9,True,1,5.825782537460327,70.0,10,7,3,
uchen_medium quality,uchen_medium quality - page 1,Modern,line,0.9,2.5,4.0,False,0.1,True,2,6.130259275436401,54.55,11,6,5,
uchen_medium quality,uchen_medium quality - page 1,Modern,line,0.9,2.5,4.0,False,0.25,True,2,6.097963094711304,54.55,11,6,5,
uchen_medium quality,uchen_medium quality - page 1,Modern,line,0.9,2.5,4.0,False,0.5,True,2,6.093637943267822,54.55,11,6,5,
uchen_medium quality,uchen_medium quality - page 1,Modern,line,0.9,2.5,4.0,False,0.9,True,2,6.122905969619751,54.55,11,6,5,
uchen_medium quality,uchen_medium quality - page 1,Modern,line,0.9,2.5,5.0,True,0.1,True,1,5.651849031448364,60.0,10,6,4,
uchen_medium quality,uchen_medium quality - page 1,Modern,line,0.9,2.5,5.0,True,0.25,True,1,5.746769428253174,60.0,10,6,4,
uchen_medium quality,uchen_medium quality - page 1,Modern,line,0.9,2.5,5.0,True,0.5,True,1,5.716715574264526,60.0,10,6,4,
uchen_medium quality,uchen_medium quality - page 1,Modern,line,0.9,2.5,5.0,True,0.9,True,1,5.691035270690918,60.0,10,6,4,
uchen_medium quality,uchen_medium quality - page 1,Modern,line,0.9,2.5,5.0,False,0.1,True,2,5.919108629226685,75.0,8,6,2,
uchen_medium quality,uchen_medium quality - page 1,Modern,line,0.9,2.5,5.0,False,0.25,True,2,5.910414218902588,75.0,8,6,2,
uchen_medium quality,uchen_medium quality - page 1,Modern,line,0.9,2.5,5.0,False,0.5,True,2,5.956624269485474,75.0,8,6,2,
uchen_medium quality,uchen_medium quality - page 1,Modern,line,0.9,2.5,5.0,False,0.9,True,2,5.932654857635498,75.0,8,6,2,
uchen_medium quality,uchen_medium quality - page 1,Modern,line,0.9,3.0,2.5,True,0.1,True,1,6.105447053909302,60.0,10,6,4,
uchen_medium quality,uchen_medium quality - page 1,Modern,line,0.9,3.0,2.5,True,0.25,True,1,6.037809371948242,60.0,10,6,4,
uchen_medium quality,uchen_medium quality - page 1,Modern,line,0.9,3.0,2.5,True,0.5,True,1,6.055031061172485,60.0,10,6,4,
uchen_medium quality,uchen_medium quality - page 1,Modern,line,0.9,3.0,2.5,True,0.9,True,1,6.556709051132202,60.0,10,6,4,
uchen_medium quality,uchen_medium quality - page 1,Modern,line,0.9,3.0,2.5,False,0.1,True,2,6.716187477111816,77.78,9,7,2,
uchen_medium quality,uchen_medium quality - page 1,Modern,line,0.9,3.0,2.5,False,0.25,True,2,6.708595037460327,77.78,9,7,2,
uchen_medium quality,uchen_medium quality - page 1,Modern,line,0.9,3.0,2.5,False,0.5,True,2,6.714133977890015,77.78,9,7,2,
uchen_medium quality,uchen_medium quality - page 1,Modern,line,0.9,3.0,2.5,False,0.9,True,2,6.723514080047607,77.78,9,7,2,
uchen_medium quality,uchen_medium quality - page 1,Modern,line,0.9,3.0,3.5,True,0.1,True,1,5.9947309494018555,60.0,10,6,4,
uchen_medium quality,uchen_medium quality - page 1,Modern,line,0.9,3.0,3.5,True,0.25,True,1,8.96794319152832,60.0,10,6,4,
uchen_medium quality,uchen_medium quality - page 1,Modern,line,0.9,3.0,3.5,True,0.5,True,1,5.762421131134033,60.0,10,6,4,
uchen_medium quality,uchen_medium quality - page 1,Modern,line,0.9,3.0,3.5,True,0.9,True,1,5.94544529914856,60.0,10,6,4,
uchen_medium quality,uchen_medium quality - page 1,Modern,line,0.9,3.0,3.5,False,0.1,True,2,6.678204536437988,75.0,8,6,2,
uchen_medium quality,uchen_medium quality - page 1,Modern,line,0.9,3.0,3.5,False,0.25,True,2,6.5755438804626465,75.0,8,6,2,
uchen_medium quality,uchen_medium quality - page 1,Modern,line,0.9,3.0,3.5,False,0.5,True,2,6.517132759094238,75.0,8,6,2,
uchen_medium quality,uchen_medium quality - page 1,Modern,line,0.9,3.0,3.5,False,0.9,True,2,9.417217254638672,75.0,8,6,2,
uchen_medium quality,uchen_medium quality - page 1,Modern,line,0.9,3.0,4.0,True,0.1,True,1,5.825595855712891,60.0,10,6,4,
uchen_medium quality,uchen_medium quality - page 1,Modern,line,0.9,3.0,4.0,True,0.25,True,1,5.902050256729126,60.0,10,6,4,
uchen_medium quality,uchen_medium quality - page 1,Modern,line,0.9,3.0,4.0,True,0.5,True,1,9.034671545028687,60.0,10,6,4,
uchen_medium quality,uchen_medium quality - page 1,Modern,line,0.9,3.0,4.0,True,0.9,True,1,5.775527238845825,60.0,10,6,4,
uchen_medium quality,uchen_medium quality - page 1,Modern,line,0.9,3.0,4.0,False,0.1,True,2,6.356092691421509,75.0,8,6,2,
uchen_medium quality,uchen_medium quality - page 1,Modern,line,0.9,3.0,4.0,False,0.25,True,2,6.467578172683716,75.0,8,6,2,
uchen_medium quality,uchen_medium quality - page 1,Modern,line,0.9,3.0,4.0,False,0.5,True,2,6.447748184204102,75.0,8,6,2,
uchen_medium quality,uchen_medium quality - page 1,Modern,line,0.9,3.0,4.0,False,0.9,True,2,6.531911611557007,75.0,8,6,2,
uchen_medium quality,uchen_medium quality - page 1,Modern,line,0.9,3.0,5.0,True,0.1,True,1,6.039942264556885,60.0,10,6,4,
uchen_medium quality,uchen_medium quality - page 1,Modern,line,0.9,3.0,5.0,True,0.25,True,1,6.061685085296631,60.0,10,6,4,
uchen_medium quality,uchen_medium quality - page 1,Modern,line,0.9,3.0,5.0,True,0.5,True,1,6.052707672119141,60.0,10,6,4,
uchen_medium quality,uchen_medium quality - page 1,Modern,line,0.9,3.0,5.0,True,0.9,True,1,6.050668001174927,60.0,10,6,4,
uchen_medium quality,uchen_medium quality - page 1,Modern,line,0.9,3.0,5.0,False,0.1,True,2,6.326506853103638,75.0,8,6,2,
uchen_medium quality,uchen_medium quality - page 1,Modern,line,0.9,3.0,5.0,False,0.25,True,2,6.3166797161102295,75.0,8,6,2,
uchen_medium quality,uchen_medium quality - page 1,Modern,line,0.9,3.0,5.0,False,0.5,True,2,6.4389777183532715,75.0,8,6,2,
uchen_medium quality,uchen_medium quality - page 1,Modern,line,0.9,3.0,5.0,False,0.9,True,2,6.304037570953369,75.0,8,6,2,
uchen_medium quality,uchen_medium quality - page 1,Modern,layout,0.7,2.0,2.5,True,0.1,True,1,6.471518278121948,46.15,13,6,7,
uchen_medium quality,uchen_medium quality - page 1,Modern,layout,0.7,2.0,2.5,True,0.25,True,1,6.673939943313599,46.15,13,6,7,
uchen_medium quality,uchen_medium quality - page 1,Modern,layout,0.7,2.0,2.5,True,0.5,True,1,6.102057456970215,46.15,13,6,7,
uchen_medium quality,uchen_medium quality - page 1,Modern,layout,0.7,2.0,2.5,True,0.9,True,1,6.0115251541137695,46.15,13,6,7,
uchen_medium quality,uchen_medium quality - page 1,Modern,layout,0.7,2.0,2.5,False,0.1,True,2,6.229477882385254,53.33,15,8,7,
uchen_medium quality,uchen_medium quality - page 1,Modern,layout,0.7,2.0,2.5,False,0.25,True,2,6.214714288711548,53.33,15,8,7,
uchen_medium quality,uchen_medium quality - page 1,Modern,layout,0.7,2.0,2.5,False,0.5,True,2,6.252892971038818,53.33,15,8,7,
uchen_medium quality,uchen_medium quality - page 1,Modern,layout,0.7,2.0,2.5,False,0.9,True,2,6.242383241653442,53.33,15,8,7,
uchen_medium quality,uchen_medium quality - page 1,Modern,layout,0.7,2.0,3.5,True,0.1,True,1,5.736616611480713,54.55,11,6,5,
uchen_medium quality,uchen_medium quality - page 1,Modern,layout,0.7,2.0,3.5,True,0.25,True,1,5.7477452754974365,54.55,11,6,5,
uchen_medium quality,uchen_medium quality - page 1,Modern,layout,0.7,2.0,3.5,True,0.5,True,1,5.732929229736328,54.55,11,6,5,
uchen_medium quality,uchen_medium quality - page 1,Modern,layout,0.7,2.0,3.5,True,0.9,True,1,5.829127073287964,54.55,11,6,5,
uchen_medium quality,uchen_medium quality - page 1,Modern,layout,0.7,2.0,3.5,False,0.1,True,2,5.930590629577637,75.0,12,9,3,
uchen_medium quality,uchen_medium quality - page 1,Modern,layout,0.7,2.0,3.5,False,0.25,True,2,5.94755482673645,75.0,12,9,3,
uchen_medium quality,uchen_medium quality - page 1,Modern,layout,0.7,2.0,3.5,False,0.5,True,2,5.941139221191406,75.0,12,9,3,
uchen_medium quality,uchen_medium quality - page 1,Modern,layout,0.7,2.0,3.5,False,0.9,True,2,5.9501965045928955,75.0,12,9,3,
uchen_medium quality,uchen_medium quality - page 1,Modern,layout,0.7,2.0,4.0,True,0.1,True,1,5.600406169891357,60.0,10,6,4,
uchen_medium quality,uchen_medium quality - page 1,Modern,layout,0.7,2.0,4.0,True,0.25,True,1,5.632143974304199,60.0,10,6,4,
uchen_medium quality,uchen_medium quality - page 1,Modern,layout,0.7,2.0,4.0,True,0.5,True,1,8.59391188621521,60.0,10,6,4,
uchen_medium quality,uchen_medium quality - page 1,Modern,layout,0.7,2.0,4.0,True,0.9,True,1,8.568106651306152,60.0,10,6,4,
uchen_medium quality,uchen_medium quality - page 1,Modern,layout,0.7,2.0,4.0,False,0.1,True,2,8.830796480178833,44.44,9,4,5,
uchen_medium quality,uchen_medium quality - page 1,Modern,layout,0.7,2.0,4.0,False,0.25,True,2,8.835357189178467,44.44,9,4,5,
uchen_medium quality,uchen_medium quality - page 1,Modern,layout,0.7,2.0,4.0,False,0.5,True,2,8.75397276878357,44.44,9,4,5,
uchen_medium quality,uchen_medium quality - page 1,Modern,layout,0.7,2.0,4.0,False,0.9,True,2,5.532230615615845,44.44,9,4,5,
uchen_medium quality,uchen_medium quality - page 1,Modern,layout,0.7,2.0,5.0,True,0.1,True,1,5.159938335418701,60.0,10,6,4,
uchen_medium quality,uchen_medium quality - page 1,Modern,layout,0.7,2.0,5.0,True,0.25,True,1,5.20708441734314,60.0,10,6,4,
uchen_medium quality,uchen_medium quality - page 1,Modern,layout,0.7,2.0,5.0,True,0.5,True,1,5.625417709350586,60.0,10,6,4,
uchen_medium quality,uchen_medium quality - page 1,Modern,layout,0.7,2.0,5.0,True,0.9,True,1,5.480250835418701,60.0,10,6,4,
uchen_medium quality,uchen_medium quality - page 1,Modern,layout,0.7,2.0,5.0,False,0.1,True,2,5.741420269012451,57.14,7,4,3,
uchen_medium quality,uchen_medium quality - page 1,Modern,layout,0.7,2.0,5.0,False,0.25,True,2,5.698878288269043,57.14,7,4,3,
uchen_medium quality,uchen_medium quality - page 1,Modern,layout,0.7,2.0,5.0,False,0.5,True,2,5.717978239059448,57.14,7,4,3,
uchen_medium quality,uchen_medium quality - page 1,Modern,layout,0.7,2.0,5.0,False,0.9,True,2,5.726916790008545,57.14,7,4,3,
uchen_medium quality,uchen_medium quality - page 1,Modern,layout,0.7,2.5,2.5,True,0.1,True,1,6.207457542419434,50.0,10,5,5,
uchen_medium quality,uchen_medium quality - page 1,Modern,layout,0.7,2.5,2.5,True,0.25,True,1,6.0712730884552,50.0,10,5,5,
uchen_medium quality,uchen_medium quality - page 1,Modern,layout,0.7,2.5,2.5,True,0.5,True,1,6.0591230392456055,50.0,10,5,5,
uchen_medium quality,uchen_medium quality - page 1,Modern,layout,0.7,2.5,2.5,True,0.9,True,1,9.06723690032959,50.0,10,5,5,
uchen_medium quality,uchen_medium quality - page 1,Modern,layout,0.7,2.5,2.5,False,0.1,True,2,9.569013118743896,46.15,13,6,7,
uchen_medium quality,uchen_medium quality - page 1,Modern,layout,0.7,2.5,2.5,False,0.25,True,2,9.58355450630188,46.15,13,6,7,
uchen_medium quality,uchen_medium quality - page 1,Modern,layout,0.7,2.5,2.5,False,0.5,True,2,6.451943635940552,46.15,13,6,7,
uchen_medium quality,uchen_medium quality - page 1,Modern,layout,0.7,2.5,2.5,False,0.9,True,2,6.2459046840667725,46.15,13,6,7,
uchen_medium quality,uchen_medium quality - page 1,Modern,layout,0.7,2.5,3.5,True,0.1,True,1,5.793074369430542,54.55,11,6,5,
uchen_medium quality,uchen_medium quality - page 1,Modern,layout,0.7,2.5,3.5,True,0.25,True,1,5.9229748249053955,54.55,11,6,5,
uchen_medium quality,uchen_medium quality - page 1,Modern,layout,0.7,2.5,3.5,True,0.5,True,1,6.047298908233643,54.55,11,6,5,
uchen_medium quality,uchen_medium quality - page 1,Modern,layout,0.7,2.5,3.5,True,0.9,True,1,6.057581186294556,54.55,11,6,5,
uchen_medium quality,uchen_medium quality - page 1,Modern,layout,0.7,2.5,3.5,False,0.1,True,2,6.311370372772217,75.0,12,9,3,
uchen_medium quality,uchen_medium quality - page 1,Modern,layout,0.7,2.5,3.5,False,0.25,True,2,6.263140916824341,75.0,12,9,3,
uchen_medium quality,uchen_medium quality - page 1,Modern,layout,0.7,2.5,3.5,False,0.5,True,2,6.269760847091675,75.0,12,9,3,
uchen_medium quality,uchen_medium quality - page 1,Modern,layout,0.7,2.5,3.5,False,0.9,True,2,9.366524457931519,75.0,12,9,3,
uchen_medium quality,uchen_medium quality - page 1,Modern,layout,0.7,2.5,4.0,True,0.1,True,1,8.942718267440796,60.0,10,6,4,
uchen_medium quality,uchen_medium quality - page 1,Modern,layout,0.7,2.5,4.0,True,0.25,True,1,8.93955683708191,60.0,10,6,4,
uchen_medium quality,uchen_medium quality - page 1,Modern,layout,0.7,2.5,4.0,True,0.5,True,1,5.710400342941284,60.0,10,6,4,
uchen_medium quality,uchen_medium quality - page 1,Modern,layout,0.7,2.5,4.0,True,0.9,True,1,5.693829774856567,60.0,10,6,4,
uchen_medium quality,uchen_medium quality - page 1,Modern,layout,0.7,2.5,4.0,False,0.1,True,2,5.939140796661377,44.44,9,4,5,
uchen_medium quality,uchen_medium quality - page 1,Modern,layout,0.7,2.5,4.0,False,0.25,True,2,6.218006134033203,44.44,9,4,5,
uchen_medium quality,uchen_medium quality - page 1,Modern,layout,0.7,2.5,4.0,False,0.5,True,2,6.141053915023804,44.44,9,4,5,
uchen_medium quality,uchen_medium quality - page 1,Modern,layout,0.7,2.5,4.0,False,0.9,True,2,6.1657490730285645,44.44,9,4,5,
uchen_medium quality,uchen_medium quality - page 1,Modern,layout,0.7,2.5,5.0,True,0.1,True,1,5.856503486633301,44.44,9,4,5,
uchen_medium quality,uchen_medium quality - page 1,Modern,layout,0.7,2.5,5.0,True,0.25,True,1,5.85210657119751,44.44,9,4,5,
uchen_medium quality,uchen_medium quality - page 1,Modern,layout,0.7,2.5,5.0,True,0.5,True,1,5.893950939178467,44.44,9,4,5,
uchen_medium quality,uchen_medium quality - page 1,Modern,layout,0.7,2.5,5.0,True,0.9,True,1,5.901443243026733,44.44,9,4,5,
uchen_medium quality,uchen_medium quality - page 1,Modern,layout,0.7,2.5,5.0,False,0.1,True,2,6.291871070861816,66.67,9,6,3,
uchen_medium quality,uchen_medium quality - page 1,Modern,layout,0.7,2.5,5.0,False,0.25,True,2,5.91146445274353,66.67,9,6,3,
uchen_medium quality,uchen_medium quality - page 1,Modern,layout,0.7,2.5,5.0,False,0.5,True,2,5.984323263168335,66.67,9,6,3,
uchen_medium quality,uchen_medium quality - page 1,Modern,layout,0.7,2.5,5.0,False,0.9,True,2,6.133662700653076,66.67,9,6,3,
uchen_medium quality,uchen_medium quality - page 1,Modern,layout,0.7,3.0,2.5,True,0.1,True,1,6.271640300750732,44.44,9,4,5,
uchen_medium quality,uchen_medium quality - page 1,Modern,layout,0.7,3.0,2.5,True,0.25,True,1,6.213453531265259,44.44,9,4,5,
uchen_medium quality,uchen_medium quality - page 1,Modern,layout,0.7,3.0,2.5,True,0.5,True,1,6.220213890075684,44.44,9,4,5,
uchen_medium quality,uchen_medium quality - page 1,Modern,layout,0.7,3.0,2.5,True,0.9,True,1,9.208014011383057,44.44,9,4,5,
uchen_medium quality,uchen_medium quality - page 1,Modern,layout,0.7,3.0,2.5,False,0.1,True,2,6.58572244644165,50.0,14,7,7,
uchen_medium quality,uchen_medium quality - page 1,Modern,layout,0.7,3.0,2.5,False,0.25,True,2,6.594895839691162,50.0,14,7,7,
uchen_medium quality,uchen_medium quality - page 1,Modern,layout,0.7,3.0,2.5,False,0.5,True,2,6.762639999389648,50.0,14,7,7,
uchen_medium quality,uchen_medium quality - page 1,Modern,layout,0.7,3.0,2.5,False,0.9,True,2,6.786450147628784,50.0,14,7,7,
uchen_medium quality,uchen_medium quality - page 1,Modern,layout,0.7,3.0,3.5,True,0.1,True,1,6.2113025188446045,44.44,9,4,5,
uchen_medium quality,uchen_medium quality - page 1,Modern,layout,0.7,3.0,3.5,True,0.25,True,1,6.349061012268066,44.44,9,4,5,
uchen_medium quality,uchen_medium quality - page 1,Modern,layout,0.7,3.0,3.5,True,0.5,True,1,6.226503849029541,44.44,9,4,5,
uchen_medium quality,uchen_medium quality - page 1,Modern,layout,0.7,3.0,3.5,True,0.9,True,1,6.2196266651153564,44.44,9,4,5,
uchen_medium quality,uchen_medium quality - page 1,Modern,layout,0.7,3.0,3.5,False,0.1,True,2,6.578639984130859,76.92,13,10,3,
uchen_medium quality,uchen_medium quality - page 1,Modern,layout,0.7,3.0,3.5,False,0.25,True,2,6.58292031288147,76.92,13,10,3,
uchen_medium quality,uchen_medium quality - page 1,Modern,layout,0.7,3.0,3.5,False,0.5,True,2,6.591800928115845,76.92,13,10,3,
uchen_medium quality,uchen_medium quality - page 1,Modern,layout,0.7,3.0,3.5,False,0.9,True,2,6.562410593032837,76.92,13,10,3,
uchen_medium quality,uchen_medium quality - page 1,Modern,layout,0.7,3.0,4.0,True,0.1,True,1,6.20183539390564,44.44,9,4,5,
uchen_medium quality,uchen_medium quality - page 1,Modern,layout,0.7,3.0,4.0,True,0.25,True,1,6.295475244522095,44.44,9,4,5,
uchen_medium quality,uchen_medium quality - page 1,Modern,layout,0.7,3.0,4.0,True,0.5,True,1,6.215728759765625,44.44,9,4,5,
uchen_medium quality,uchen_medium quality - page 1,Modern,layout,0.7,3.0,4.0,True,0.9,True,1,6.234744548797607,44.44,9,4,5,
uchen_medium quality,uchen_medium quality - page 1,Modern,layout,0.7,3.0,4.0,False,0.1,True,2,6.485503435134888,50.0,10,5,5,
uchen_medium quality,uchen_medium quality - page 1,Modern,layout,0.7,3.0,4.0,False,0.25,True,2,6.477325677871704,50.0,10,5,5,
uchen_medium quality,uchen_medium quality - page 1,Modern,layout,0.7,3.0,4.0,False,0.5,True,2,6.473885774612427,50.0,10,5,5,
uchen_medium quality,uchen_medium quality - page 1,Modern,layout,0.7,3.0,4.0,False,0.9,True,2,6.487696409225464,50.0,10,5,5,
uchen_medium quality,uchen_medium quality - page 1,Modern,layout,0.7,3.0,5.0,True,0.1,True,1,6.1988043785095215,44.44,9,4,5,
uchen_medium quality,uchen_medium quality - page 1,Modern,layout,0.7,3.0,5.0,True,0.25,True,1,6.285809755325317,44.44,9,4,5,
uchen_medium quality,uchen_medium quality - page 1,Modern,layout,0.7,3.0,5.0,True,0.5,True,1,6.256774425506592,44.44,9,4,5,
uchen_medium quality,uchen_medium quality - page 1,Modern,layout,0.7,3.0,5.0,True,0.9,True,1,9.272095441818237,44.44,9,4,5,
uchen_medium quality,uchen_medium quality - page 1,Modern,layout,0.7,3.0,5.0,False,0.1,True,2,6.113482475280762,66.67,9,6,3,
uchen_medium quality,uchen_medium quality - page 1,Modern,layout,0.7,3.0,5.0,False,0.25,True,2,6.216191291809082,66.67,9,6,3,
uchen_medium quality,uchen_medium quality - page 1,Modern,layout,0.7,3.0,5.0,False,0.5,True,2,6.335371017456055,66.67,9,6,3,
uchen_medium quality,uchen_medium quality - page 1,Modern,layout,0.7,3.0,5.0,False,0.9,True,2,6.307041168212891,66.67,9,6,3,
uchen_medium quality,uchen_medium quality - page 1,Modern,layout,0.8,2.0,2.5,True,0.1,True,1,5.924012899398804,46.15,13,6,7,
uchen_medium quality,uchen_medium quality - page 1,Modern,layout,0.8,2.0,2.5,True,0.25,True,1,5.943921089172363,46.15,13,6,7,
uchen_medium quality,uchen_medium quality - page 1,Modern,layout,0.8,2.0,2.5,True,0.5,True,1,5.944779872894287,46.15,13,6,7,
uchen_medium quality,uchen_medium quality - page 1,Modern,layout,0.8,2.0,2.5,True,0.9,True,1,6.00127649307251,46.15,13,6,7,
uchen_medium quality,uchen_medium quality - page 1,Modern,layout,0.8,2.0,2.5,False,0.1,True,2,6.289736270904541,53.33,15,8,7,
uchen_medium quality,uchen_medium quality - page 1,Modern,layout,0.8,2.0,2.5,False,0.25,True,2,9.219017267227173,53.33,15,8,7,
uchen_medium quality,uchen_medium quality - page 1,Modern,layout,0.8,2.0,2.5,False,0.5,True,2,6.026976585388184,53.33,15,8,7,
uchen_medium quality,uchen_medium quality - page 1,Modern,layout,0.8,2.0,2.5,False,0.9,True,2,6.0058698654174805,53.33,15,8,7,
uchen_medium quality,uchen_medium quality - page 1,Modern,layout,0.8,2.0,3.5,True,0.1,True,1,5.870244741439819,54.55,11,6,5,
uchen_medium quality,uchen_medium quality - page 1,Modern,layout,0.8,2.0,3.5,True,0.25,True,1,6.781467914581299,54.55,11,6,5,
uchen_medium quality,uchen_medium quality - page 1,Modern,layout,0.8,2.0,3.5,True,0.5,True,1,8.189105033874512,54.55,11,6,5,
uchen_medium quality,uchen_medium quality - page 1,Modern,layout,0.8,2.0,3.5,True,0.9,True,1,5.674331903457642,54.55,11,6,5,
uchen_medium quality,uchen_medium quality - page 1,Modern,layout,0.8,2.0,3.5,False,0.1,True,2,5.923943758010864,75.0,12,9,3,
uchen_medium quality,uchen_medium quality - page 1,Modern,layout,0.8,2.0,3.5,False,0.25,True,2,8.979964017868042,75.0,12,9,3,
uchen_medium quality,uchen_medium quality - page 1,Modern,layout,0.8,2.0,3.5,False,0.5,True,2,5.664447069168091,75.0,12,9,3,
uchen_medium quality,uchen_medium quality - page 1,Modern,layout,0.8,2.0,3.5,False,0.9,True,2,5.83474588394165,75.0,12,9,3,
uchen_medium quality,uchen_medium quality - page 1,Modern,layout,0.8,2.0,4.0,True,0.1,True,1,5.599051475524902,60.0,10,6,4,
uchen_medium quality,uchen_medium quality - page 1,Modern,layout,0.8,2.0,4.0,True,0.25,True,1,8.514946460723877,60.0,10,6,4,
uchen_medium quality,uchen_medium quality - page 1,Modern,layout,0.8,2.0,4.0,True,0.5,True,1,5.409603118896484,60.0,10,6,4,
uchen_medium quality,uchen_medium quality - page 1,Modern,layout,0.8,2.0,4.0,True,0.9,True,1,5.5611488819122314,60.0,10,6,4,
uchen_medium quality,uchen_medium quality - page 1,Modern,layout,0.8,2.0,4.0,False,0.1,True,2,5.806368112564087,44.44,9,4,5,
uchen_medium quality,uchen_medium quality - page 1,Modern,layout,0.8,2.0,4.0,False,0.25,True,2,5.803411245346069,44.44,9,4,5,
uchen_medium quality,uchen_medium quality - page 1,Modern,layout,0.8,2.0,4.0,False,0.5,True,2,6.068202257156372,44.44,9,4,5,
uchen_medium quality,uchen_medium quality - page 1,Modern,layout,0.8,2.0,4.0,False,0.9,True,2,6.0726318359375,44.44,9,4,5,
uchen_medium quality,uchen_medium quality - page 1,Modern,layout,0.8,2.0,5.0,True,0.1,True,1,5.5056867599487305,60.0,10,6,4,
uchen_medium quality,uchen_medium quality - page 1,Modern,layout,0.8,2.0,5.0,True,0.25,True,1,5.481511354446411,60.0,10,6,4,
uchen_medium quality,uchen_medium quality - page 1,Modern,layout,0.8,2.0,5.0,True,0.5,True,1,5.491604804992676,60.0,10,6,4,
uchen_medium quality,uchen_medium quality - page 1,Modern,layout,0.8,2.0,5.0,True,0.9,True,1,5.490203857421875,60.0,10,6,4,
uchen_medium quality,uchen_medium quality - page 1,Modern,layout,0.8,2.0,5.0,False,0.1,True,2,5.707889795303345,57.14,7,4,3,
uchen_medium quality,uchen_medium quality - page 1,Modern,layout,0.8,2.0,5.0,False,0.25,True,2,5.702561140060425,57.14,7,4,3,
uchen_medium quality,uchen_medium quality - page 1,Modern,layout,0.8,2.0,5.0,False,0.5,True,2,5.712383270263672,57.14,7,4,3,
uchen_medium quality,uchen_medium quality - page 1,Modern,layout,0.8,2.0,5.0,False,0.9,True,2,5.739835739135742,57.14,7,4,3,
uchen_medium quality,uchen_medium quality - page 1,Modern,layout,0.8,2.5,2.5,True,0.1,True,1,8.768062353134155,50.0,10,5,5,
uchen_medium quality,uchen_medium quality - page 1,Modern,layout,0.8,2.5,2.5,True,0.25,True,1,5.880027770996094,50.0,10,5,5,
uchen_medium quality,uchen_medium quality - page 1,Modern,layout,0.8,2.5,2.5,True,0.5,True,1,6.039088010787964,50.0,10,5,5,
uchen_medium quality,uchen_medium quality - page 1,Modern,layout,0.8,2.5,2.5,True,0.9,True,1,6.033968687057495,50.0,10,5,5,
uchen_medium quality,uchen_medium quality - page 1,Modern,layout,0.8,2.5,2.5,False,0.1,True,2,6.495112180709839,46.15,13,6,7,
uchen_medium quality,uchen_medium quality - page 1,Modern,layout,0.8,2.5,2.5,False,0.25,True,2,6.459688901901245,46.15,13,6,7,
uchen_medium quality,uchen_medium quality - page 1,Modern,layout,0.8,2.5,2.5,False,0.5,True,2,6.48565936088562,46.15,13,6,7,
uchen_medium quality,uchen_medium quality - page 1,Modern,layout,0.8,2.5,2.5,False,0.9,True,2,6.571091175079346,46.15,13,6,7,
uchen_medium quality,uchen_medium quality - page 1,Modern,layout,0.8,2.5,3.5,True,0.1,True,1,5.980231523513794,54.55,11,6,5,
uchen_medium quality,uchen_medium quality - page 1,Modern,layout,0.8,2.5,3.5,True,0.25,True,1,6.069464683532715,54.55,11,6,5,
uchen_medium quality,uchen_medium quality - page 1,Modern,layout,0.8,2.5,3.5,True,0.5,True,1,6.242701530456543,54.55,11,6,5,
uchen_medium quality,uchen_medium quality - page 1,Modern,layout,0.8,2.5,3.5,True,0.9,True,1,6.037907600402832,54.55,11,6,5,
uchen_medium quality,uchen_medium quality - page 1,Modern,layout,0.8,2.5,3.5,False,0.1,True,2,6.269202947616577,75.0,12,9,3,
uchen_medium quality,uchen_medium quality - page 1,Modern,layout,0.8,2.5,3.5,False,0.25,True,2,6.245428085327148,75.0,12,9,3,
uchen_medium quality,uchen_medium quality - page 1,Modern,layout,0.8,2.5,3.5,False,0.5,True,2,6.236202001571655,75.0,12,9,3,
uchen_medium quality,uchen_medium quality - page 1,Modern,layout,0.8,2.5,3.5,False,0.9,True,2,6.284808874130249,75.0,12,9,3,
uchen_medium quality,uchen_medium quality - page 1,Modern,layout,0.8,2.5,4.0,True,0.1,True,1,5.946357488632202,60.0,10,6,4,
uchen_medium quality,uchen_medium quality - page 1,Modern,layout,0.8,2.5,4.0,True,0.25,True,1,5.958595275878906,60.0,10,6,4,
uchen_medium quality,uchen_medium quality - page 1,Modern,layout,0.8,2.5,4.0,True,0.5,True,1,8.273609399795532,60.0,10,6,4,
uchen_medium quality,uchen_medium quality - page 1,Modern,layout,0.8,2.5,4.0,True,0.9,True,1,5.766599178314209,60.0,10,6,4,
uchen_medium quality,uchen_medium quality - page 1,Modern,layout,0.8,2.5,4.0,False,0.1,True,2,6.128021717071533,44.44,9,4,5,
uchen_medium quality,uchen_medium quality - page 1,Modern,layout,0.8,2.5,4.0,False,0.25,True,2,6.150379657745361,44.44,9,4,5,
uchen_medium quality,uchen_medium quality - page 1,Modern,layout,0.8,2.5,4.0,False,0.5,True,2,6.140859603881836,44.44,9,4,5,
uchen_medium quality,uchen_medium quality - page 1,Modern,layout,0.8,2.5,4.0,False,0.9,True,2,6.087616682052612,44.44,9,4,5,
uchen_medium quality,uchen_medium quality - page 1,Modern,layout,0.8,2.5,5.0,True,0.1,True,1,5.850816011428833,44.44,9,4,5,
uchen_medium quality,uchen_medium quality - page 1,Modern,layout,0.8,2.5,5.0,True,0.25,True,1,5.86530876159668,44.44,9,4,5,
uchen_medium quality,uchen_medium quality - page 1,Modern,layout,0.8,2.5,5.0,True,0.5,True,1,5.932114839553833,44.44,9,4,5,
uchen_medium quality,uchen_medium quality - page 1,Modern,layout,0.8,2.5,5.0,True,0.9,True,1,5.882073163986206,44.44,9,4,5,
uchen_medium quality,uchen_medium quality - page 1,Modern,layout,0.8,2.5,5.0,False,0.1,True,2,5.960358381271362,66.67,9,6,3,
uchen_medium quality,uchen_medium quality - page 1,Modern,layout,0.8,2.5,5.0,False,0.25,True,2,6.076902151107788,66.67,9,6,3,
uchen_medium quality,uchen_medium quality - page 1,Modern,layout,0.8,2.5,5.0,False,0.5,True,2,5.982968330383301,66.67,9,6,3,
uchen_medium quality,uchen_medium quality - page 1,Modern,layout,0.8,2.5,5.0,False,0.9,True,2,5.971072673797607,66.67,9,6,3,
uchen_medium quality,uchen_medium quality - page 1,Modern,layout,0.8,3.0,2.5,True,0.1,True,1,6.262750148773193,44.44,9,4,5,
uchen_medium quality,uchen_medium quality - page 1,Modern,layout,0.8,3.0,2.5,True,0.25,True,1,6.194069147109985,44.44,9,4,5,
uchen_medium quality,uchen_medium quality - page 1,Modern,layout,0.8,3.0,2.5,True,0.5,True,1,6.22146201133728,44.44,9,4,5,
uchen_medium quality,uchen_medium quality - page 1,Modern,layout,0.8,3.0,2.5,True,0.9,True,1,6.208200693130493,44.44,9,4,5,
uchen_medium quality,uchen_medium quality - page 1,Modern,layout,0.8,3.0,2.5,False,0.1,True,2,6.801736831665039,50.0,14,7,7,
uchen_medium quality,uchen_medium quality - page 1,Modern,layout,0.8,3.0,2.5,False,0.25,True,2,6.7629101276397705,50.0,14,7,7,
uchen_medium quality,uchen_medium quality - page 1,Modern,layout,0.8,3.0,2.5,False,0.5,True,2,6.740384817123413,50.0,14,7,7,
uchen_medium quality,uchen_medium quality - page 1,Modern,layout,0.8,3.0,2.5,False,0.9,True,2,6.864718675613403,50.0,14,7,7,
uchen_medium quality,uchen_medium quality - page 1,Modern,layout,0.8,3.0,3.5,True,0.1,True,1,7.221816778182983,44.44,9,4,5,
uchen_medium quality,uchen_medium quality - page 1,Modern,layout,0.8,3.0,3.5,True,0.25,True,1,6.0418641567230225,44.44,9,4,5,
uchen_medium quality,uchen_medium quality - page 1,Modern,layout,0.8,3.0,3.5,True,0.5,True,1,6.228407859802246,44.44,9,4,5,
uchen_medium quality,uchen_medium quality - page 1,Modern,layout,0.8,3.0,3.5,True,0.9,True,1,6.195353746414185,44.44,9,4,5,
uchen_medium quality,uchen_medium quality - page 1,Modern,layout,0.8,3.0,3.5,False,0.1,True,2,6.602508306503296,76.92,13,10,3,
uchen_medium quality,uchen_medium quality - page 1,Modern,layout,0.8,3.0,3.5,False,0.25,True,2,6.58195424079895,76.92,13,10,3,
uchen_medium quality,uchen_medium quality - page 1,Modern,layout,0.8,3.0,3.5,False,0.5,True,2,6.592799186706543,76.92,13,10,3,
uchen_medium quality,uchen_medium quality - page 1,Modern,layout,0.8,3.0,3.5,False,0.9,True,2,6.638989686965942,76.92,13,10,3,
uchen_medium quality,uchen_medium quality - page 1,Modern,layout,0.8,3.0,4.0,True,0.1,True,1,6.31486701965332,44.44,9,4,5,
uchen_medium quality,uchen_medium quality - page 1,Modern,layout,0.8,3.0,4.0,True,0.25,True,1,6.166149139404297,44.44,9,4,5,
uchen_medium quality,uchen_medium quality - page 1,Modern,layout,0.8,3.0,4.0,True,0.5,True,1,6.2441911697387695,44.44,9,4,5,
uchen_medium quality,uchen_medium quality - page 1,Modern,layout,0.8,3.0,4.0,True,0.9,True,1,6.220425128936768,44.44,9,4,5,
uchen_medium quality,uchen_medium quality - page 1,Modern,layout,0.8,3.0,4.0,False,0.1,True,2,6.460884094238281,50.0,10,5,5,
uchen_medium quality,uchen_medium quality - page 1,Modern,layout,0.8,3.0,4.0,False,0.25,True,2,6.443144083023071,50.0,10,5,5,
uchen_medium quality,uchen_medium quality - page 1,Modern,layout,0.8,3.0,4.0,False,0.5,True,2,6.430407762527466,50.0,10,5,5,
uchen_medium quality,uchen_medium quality - page 1,Modern,layout,0.8,3.0,4.0,False,0.9,True,2,6.458962440490723,50.0,10,5,5,
uchen_medium quality,uchen_medium quality - page 1,Modern,layout,0.8,3.0,5.0,True,0.1,True,1,6.205711364746094,44.44,9,4,5,
uchen_medium quality,uchen_medium quality - page 1,Modern,layout,0.8,3.0,5.0,True,0.25,True,1,6.245957136154175,44.44,9,4,5,
uchen_medium quality,uchen_medium quality - page 1,Modern,layout,0.8,3.0,5.0,True,0.5,True,1,6.25110936164856,44.44,9,4,5,
uchen_medium quality,uchen_medium quality - page 1,Modern,layout,0.8,3.0,5.0,True,0.9,True,1,6.2062273025512695,44.44,9,4,5,
uchen_medium quality,uchen_medium quality - page 1,Modern,layout,0.8,3.0,5.0,False,0.1,True,2,6.231597185134888,66.67,9,6,3,
uchen_medium quality,uchen_medium quality - page 1,Modern,layout,0.8,3.0,5.0,False,0.25,True,2,6.2935731410980225,66.67,9,6,3,
uchen_medium quality,uchen_medium quality - page 1,Modern,layout,0.8,3.0,5.0,False,0.5,True,2,6.291123867034912,66.67,9,6,3,
uchen_medium quality,uchen_medium quality - page 1,Modern,layout,0.8,3.0,5.0,False,0.9,True,2,6.31274151802063,66.67,9,6,3,
uchen_medium quality,uchen_medium quality - page 1,Modern,layout,0.9,2.0,2.5,True,0.1,True,1,5.8443968296051025,46.15,13,6,7,
uchen_medium quality,uchen_medium quality - page 1,Modern,layout,0.9,2.0,2.5,True,0.25,True,1,5.9261229038238525,46.15,13,6,7,
uchen_medium quality,uchen_medium quality - page 1,Modern,layout,0.9,2.0,2.5,True,0.5,True,1,5.928893327713013,46.15,13,6,7,
uchen_medium quality,uchen_medium quality - page 1,Modern,layout,0.9,2.0,2.5,True,0.9,True,1,6.129952907562256,46.15,13,6,7,
uchen_medium quality,uchen_medium quality - page 1,Modern,layout,0.9,2.0,2.5,False,0.1,True,2,8.259381532669067,53.33,15,8,7,
uchen_medium quality,uchen_medium quality - page 1,Modern,layout,0.9,2.0,2.5,False,0.25,True,2,5.915765285491943,53.33,15,8,7,
uchen_medium quality,uchen_medium quality - page 1,Modern,layout,0.9,2.0,2.5,False,0.5,True,2,6.176096677780151,53.33,15,8,7,
uchen_medium quality,uchen_medium quality - page 1,Modern,layout,0.9,2.0,2.5,False,0.9,True,2,6.153929233551025,53.33,15,8,7,
uchen_medium quality,uchen_medium quality - page 1,Modern,layout,0.9,2.0,3.5,True,0.1,True,1,5.674219369888306,54.55,11,6,5,
uchen_medium quality,uchen_medium quality - page 1,Modern,layout,0.9,2.0,3.5,True,0.25,True,1,5.687435865402222,54.55,11,6,5,
uchen_medium quality,uchen_medium quality - page 1,Modern,layout,0.9,2.0,3.5,True,0.5,True,1,5.679964542388916,54.55,11,6,5,
uchen_medium quality,uchen_medium quality - page 1,Modern,layout,0.9,2.0,3.5,True,0.9,True,1,5.688121318817139,54.55,11,6,5,
uchen_medium quality,uchen_medium quality - page 1,Modern,layout,0.9,2.0,3.5,False,0.1,True,2,5.928115606307983,75.0,12,9,3,
uchen_medium quality,uchen_medium quality - page 1,Modern,layout,0.9,2.0,3.5,False,0.25,True,2,6.053947687149048,75.0,12,9,3,
uchen_medium quality,uchen_medium quality - page 1,Modern,layout,0.9,2.0,3.5,False,0.5,True,2,5.918415546417236,75.0,12,9,3,
uchen_medium quality,uchen_medium quality - page 1,Modern,layout,0.9,2.0,3.5,False,0.9,True,2,5.940524339675903,75.0,12,9,3,
uchen_medium quality,uchen_medium quality - page 1,Modern,layout,0.9,2.0,4.0,True,0.1,True,1,5.579429626464844,60.0,10,6,4,
uchen_medium quality,uchen_medium quality - page 1,Modern,layout,0.9,2.0,4.0,True,0.25,True,1,5.6179749965667725,60.0,10,6,4,
uchen_medium quality,uchen_medium quality - page 1,Modern,layout,0.9,2.0,4.0,True,0.5,True,1,5.601613283157349,60.0,10,6,4,
uchen_medium quality,uchen_medium quality - page 1,Modern,layout,0.9,2.0,4.0,True,0.9,True,1,5.619634389877319,60.0,10,6,4,
uchen_medium quality,uchen_medium quality - page 1,Modern,layout,0.9,2.0,4.0,False,0.1,True,2,5.8087193965911865,44.44,9,4,5,
uchen_medium quality,uchen_medium quality - page 1,Modern,layout,0.9,2.0,4.0,False,0.25,True,2,5.800372362136841,44.44,9,4,5,
uchen_medium quality,uchen_medium quality - page 1,Modern,layout,0.9,2.0,4.0,False,0.5,True,2,5.799138784408569,44.44,9,4,5,
uchen_medium quality,uchen_medium quality - page 1,Modern,layout,0.9,2.0,4.0,False,0.9,True,2,6.026388645172119,44.44,9,4,5,
uchen_medium quality,uchen_medium quality - page 1,Modern,layout,0.9,2.0,5.0,True,0.1,True,1,5.474035739898682,60.0,10,6,4,
uchen_medium quality,uchen_medium quality - page 1,Modern,layout,0.9,2.0,5.0,True,0.25,True,1,5.47957444190979,60.0,10,6,4,
uchen_medium quality,uchen_medium quality - page 1,Modern,layout,0.9,2.0,5.0,True,0.5,True,1,5.509385347366333,60.0,10,6,4,
uchen_medium quality,uchen_medium quality - page 1,Modern,layout,0.9,2.0,5.0,True,0.9,True,1,5.492458820343018,60.0,10,6,4,
uchen_medium quality,uchen_medium quality - page 1,Modern,layout,0.9,2.0,5.0,False,0.1,True,2,5.685661315917969,57.14,7,4,3,
uchen_medium quality,uchen_medium quality - page 1,Modern,layout,0.9,2.0,5.0,False,0.25,True,2,6.002430200576782,57.14,7,4,3,
uchen_medium quality,uchen_medium quality - page 1,Modern,layout,0.9,2.0,5.0,False,0.5,True,2,5.6047210693359375,57.14,7,4,3,
uchen_medium quality,uchen_medium quality - page 1,Modern,layout,0.9,2.0,5.0,False,0.9,True,2,5.6857593059539795,57.14,7,4,3,
uchen_medium quality,uchen_medium quality - page 1,Modern,layout,0.9,2.5,2.5,True,0.1,True,1,6.141922950744629,50.0,10,5,5,
uchen_medium quality,uchen_medium quality - page 1,Modern,layout,0.9,2.5,2.5,True,0.25,True,1,6.027146339416504,50.0,10,5,5,
uchen_medium quality,uchen_medium quality - page 1,Modern,layout,0.9,2.5,2.5,True,0.5,True,1,6.172979831695557,50.0,10,5,5,
uchen_medium quality,uchen_medium quality - page 1,Modern,layout,0.9,2.5,2.5,True,0.9,True,1,6.044755458831787,50.0,10,5,5,
uchen_medium quality,uchen_medium quality - page 1,Modern,layout,0.9,2.5,2.5,False,0.1,True,2,6.509504079818726,46.15,13,6,7,
uchen_medium quality,uchen_medium quality - page 1,Modern,layout,0.9,2.5,2.5,False,0.25,True,2,6.467759132385254,46.15,13,6,7,
uchen_medium quality,uchen_medium quality - page 1,Modern,layout,0.9,2.5,2.5,False,0.5,True,2,6.475296497344971,46.15,13,6,7,
uchen_medium quality,uchen_medium quality - page 1,Modern,layout,0.9,2.5,2.5,False,0.9,True,2,6.516462802886963,46.15,13,6,7,
uchen_medium quality,uchen_medium quality - page 1,Modern,layout,0.9,2.5,3.5,True,0.1,True,1,5.9873926639556885,54.55,11,6,5,
uchen_medium quality,uchen_medium quality - page 1,Modern,layout,0.9,2.5,3.5,True,0.25,True,1,6.0124475955963135,54.55,11,6,5,
uchen_medium quality,uchen_medium quality - page 1,Modern,layout,0.9,2.5,3.5,True,0.5,True,1,6.032559871673584,54.55,11,6,5,
uchen_medium quality,uchen_medium quality - page 1,Modern,layout,0.9,2.5,3.5,True,0.9,True,1,6.096268892288208,54.55,11,6,5,
uchen_medium quality,uchen_medium quality - page 1,Modern,layout,0.9,2.5,3.5,False,0.1,True,2,6.362409353256226,75.0,12,9,3,
uchen_medium quality,uchen_medium quality - page 1,Modern,layout,0.9,2.5,3.5,False,0.25,True,2,6.224533319473267,75.0,12,9,3,
uchen_medium quality,uchen_medium quality - page 1,Modern,layout,0.9,2.5,3.5,False,0.5,True,2,6.265794277191162,75.0,12,9,3,
uchen_medium quality,uchen_medium quality - page 1,Modern,layout,0.9,2.5,3.5,False,0.9,True,2,6.214678049087524,75.0,12,9,3,
uchen_medium quality,uchen_medium quality - page 1,Modern,layout,0.9,2.5,4.0,True,0.1,True,1,5.928866624832153,60.0,10,6,4,
uchen_medium quality,uchen_medium quality - page 1,Modern,layout,0.9,2.5,4.0,True,0.25,True,1,5.934858083724976,60.0,10,6,4,
uchen_medium quality,uchen_medium quality - page 1,Modern,layout,0.9,2.5,4.0,True,0.5,True,1,5.943459749221802,60.0,10,6,4,
uchen_medium quality,uchen_medium quality - page 1,Modern,layout,0.9,2.5,4.0,True,0.9,True,1,5.958956480026245,60.0,10,6,4,
uchen_medium quality,uchen_medium quality - page 1,Modern,layout,0.9,2.5,4.0,False,0.1,True,2,6.144657135009766,44.44,9,4,5,
uchen_medium quality,uchen_medium quality - page 1,Modern,layout,0.9,2.5,4.0,False,0.25,True,2,6.210175037384033,44.44,9,4,5,
uchen_medium quality,uchen_medium quality - page 1,Modern,layout,0.9,2.5,4.0,False,0.5,True,2,6.147341966629028,44.44,9,4,5,
uchen_medium quality,uchen_medium quality - page 1,Modern,layout,0.9,2.5,4.0,False,0.9,True,2,6.132502555847168,44.44,9,4,5,
uchen_medium quality,uchen_medium quality - page 1,Modern,layout,0.9,2.5,5.0,True,0.1,True,1,5.836246013641357,44.44,9,4,5,
uchen_medium quality,uchen_medium quality - page 1,Modern,layout,0.9,2.5,5.0,True,0.25,True,1,5.858205318450928,44.44,9,4,5,
uchen_medium quality,uchen_medium quality - page 1,Modern,layout,0.9,2.5,5.0,True,0.5,True,1,5.850104093551636,44.44,9,4,5,
uchen_medium quality,uchen_medium quality - page 1,Modern,layout,0.9,2.5,5.0,True,0.9,True,1,5.856900691986084,44.44,9,4,5,
uchen_medium quality,uchen_medium quality - page 1,Modern,layout,0.9,2.5,5.0,False,0.1,True,2,5.965588331222534,66.67,9,6,3,
uchen_medium quality,uchen_medium quality - page 1,Modern,layout,0.9,2.5,5.0,False,0.25,True,2,5.973487854003906,66.67,9,6,3,
uchen_medium quality,uchen_medium quality - page 1,Modern,layout,0.9,2.5,5.0,False,0.5,True,2,5.981060981750488,66.67,9,6,3,
uchen_medium quality,uchen_medium quality - page 1,Modern,layout,0.9,2.5,5.0,False,0.9,True,2,6.092538356781006,66.67,9,6,3,
uchen_medium quality,uchen_medium quality - page 1,Modern,layout,0.9,3.0,2.5,True,0.1,True,1,6.367865562438965,44.44,9,4,5,
uchen_medium quality,uchen_medium quality - page 1,Modern,layout,0.9,3.0,2.5,True,0.25,True,1,6.237259149551392,44.44,9,4,5,
uchen_medium quality,uchen_medium quality - page 1,Modern,layout,0.9,3.0,2.5,True,0.5,True,1,6.208494186401367,44.44,9,4,5,
uchen_medium quality,uchen_medium quality - page 1,Modern,layout,0.9,3.0,2.5,True,0.9,True,1,6.267550468444824,44.44,9,4,5,
uchen_medium quality,uchen_medium quality - page 1,Modern,layout,0.9,3.0,2.5,False,0.1,True,2,9.89141583442688,50.0,14,7,7,
uchen_medium quality,uchen_medium quality - page 1,Modern,layout,0.9,3.0,2.5,False,0.25,True,2,9.901978492736816,50.0,14,7,7,
uchen_medium quality,uchen_medium quality - page 1,Modern,layout,0.9,3.0,2.5,False,0.5,True,2,9.894452810287476,50.0,14,7,7,
uchen_medium quality,uchen_medium quality - page 1,Modern,layout,0.9,3.0,2.5,False,0.9,True,2,9.865022659301758,50.0,14,7,7,
uchen_medium quality,uchen_medium quality - page 1,Modern,layout,0.9,3.0,3.5,True,0.1,True,1,9.239482164382935,44.44,9,4,5,
uchen_medium quality,uchen_medium quality - page 1,Modern,layout,0.9,3.0,3.5,True,0.25,True,1,9.221513986587524,44.44,9,4,5,
uchen_medium quality,uchen_medium quality - page 1,Modern,layout,0.9,3.0,3.5,True,0.5,True,1,9.247919797897339,44.44,9,4,5,
uchen_medium quality,uchen_medium quality - page 1,Modern,layout,0.9,3.0,3.5,True,0.9,True,1,9.23248291015625,44.44,9,4,5,
uchen_medium quality,uchen_medium quality - page 1,Modern,layout,0.9,3.0,3.5,False,0.1,True,2,9.679094791412354,76.92,13,10,3,
uchen_medium quality,uchen_medium quality - page 1,Modern,layout,0.9,3.0,3.5,False,0.25,True,2,6.445545434951782,76.92,13,10,3,
uchen_medium quality,uchen_medium quality - page 1,Modern,layout,0.9,3.0,3.5,False,0.5,True,2,6.371179819107056,76.92,13,10,3,
uchen_medium quality,uchen_medium quality - page 1,Modern,layout,0.9,3.0,3.5,False,0.9,True,2,6.364792585372925,76.92,13,10,3,
uchen_medium quality,uchen_medium quality - page 1,Modern,layout,0.9,3.0,4.0,True,0.1,True,1,6.0061867237091064,44.44,9,4,5,
uchen_medium quality,uchen_medium quality - page 1,Modern,layout,0.9,3.0,4.0,True,0.25,True,1,6.1032874584198,44.44,9,4,5,
uchen_medium quality,uchen_medium quality - page 1,Modern,layout,0.9,3.0,4.0,True,0.5,True,1,6.251097679138184,44.44,9,4,5,
uchen_medium quality,uchen_medium quality - page 1,Modern,layout,0.9,3.0,4.0,True,0.9,True,1,6.228937149047852,44.44,9,4,5,
uchen_medium quality,uchen_medium quality - page 1,Modern,layout,0.9,3.0,4.0,False,0.1,True,2,6.540753126144409,50.0,10,5,5,
uchen_medium quality,uchen_medium quality - page 1,Modern,layout,0.9,3.0,4.0,False,0.25,True,2,6.598325729370117,50.0,10,5,5,
uchen_medium quality,uchen_medium quality - page 1,Modern,layout,0.9,3.0,4.0,False,0.5,True,2,6.4965057373046875,50.0,10,5,5,
uchen_medium quality,uchen_medium quality - page 1,Modern,layout,0.9,3.0,4.0,False,0.9,True,2,6.622066259384155,50.0,10,5,5,
uchen_medium quality,uchen_medium quality - page 1,Modern,layout,0.9,3.0,5.0,True,0.1,True,1,6.243934869766235,44.44,9,4,5,
uchen_medium quality,uchen_medium quality - page 1,Modern,layout,0.9,3.0,5.0,True,0.25,True,1,6.234582424163818,44.44,9,4,5,
uchen_medium quality,uchen_medium quality - page 1,Modern,layout,0.9,3.0,5.0,True,0.5,True,1,6.218320369720459,44.44,9,4,5,
uchen_medium quality,uchen_medium quality - page 1,Modern,layout,0.9,3.0,5.0,True,0.9,True,1,6.244670867919922,44.44,9,4,5,
uchen_medium quality,uchen_medium quality - page 1,Modern,layout,0.9,3.0,5.0,False,0.1,True,2,6.291363477706909,66.67,9,6,3,
uchen_medium quality,uchen_medium quality - page 1,Modern,layout,0.9,3.0,5.0,False,0.25,True,2,6.314786672592163,66.67,9,6,3,
uchen_medium quality,uchen_medium quality - page 1,Modern,layout,0.9,3.0,5.0,False,0.5,True,2,6.314454078674316,66.67,9,6,3,
uchen_medium quality,uchen_medium quality - page 1,Modern,layout,0.9,3.0,5.0,False,0.9,True,2,6.35995078086853,66.67,9,6,3,
uchen_medium quality,uchen_medium quality - page 2,Woodblock,line,0.7,2.0,2.5,True,0.1,True,1,11.049830675125122,0.0,0,0,0,
uchen_medium quality,uchen_medium quality - page 2,Woodblock,line,0.7,2.0,2.5,True,0.25,True,1,11.514714002609253,0.0,0,0,0,
uchen_medium quality,uchen_medium quality - page 2,Woodblock,line,0.7,2.0,2.5,True,0.5,True,1,11.127655267715454,0.0,0,0,0,
uchen_medium quality,uchen_medium quality - page 2,Woodblock,line,0.7,2.0,2.5,True,0.9,True,1,10.958970546722412,0.0,0,0,0,
uchen_medium quality,uchen_medium quality - page 2,Woodblock,line,0.7,2.0,2.5,False,0.1,True,6,14.067044973373413,39.13,23,9,14,
uchen_medium quality,uchen_medium quality - page 2,Woodblock,line,0.7,2.0,2.5,False,0.25,True,6,12.33067798614502,39.13,23,9,14,
uchen_medium quality,uchen_medium quality - page 2,Woodblock,line,0.7,2.0,2.5,False,0.5,True,6,12.44227385520935,39.13,23,9,14,
uchen_medium quality,uchen_medium quality - page 2,Woodblock,line,0.7,2.0,2.5,False,0.9,True,6,12.203017711639404,39.13,23,9,14,
uchen_medium quality,uchen_medium quality - page 2,Woodblock,line,0.7,2.0,3.5,True,0.1,True,1,9.69361686706543,0.0,0,0,0,
uchen_medium quality,uchen_medium quality - page 2,Woodblock,line,0.7,2.0,3.5,True,0.25,True,1,10.09317421913147,0.0,0,0,0,
uchen_medium quality,uchen_medium quality - page 2,Woodblock,line,0.7,2.0,3.5,True,0.5,True,1,9.66013216972351,0.0,0,0,0,
uchen_medium quality,uchen_medium quality - page 2,Woodblock,line,0.7,2.0,3.5,True,0.9,True,1,9.24393630027771,0.0,0,0,0,
uchen_medium quality,uchen_medium quality - page 2,Woodblock,line,0.7,2.0,3.5,False,0.1,True,6,12.158996105194092,60.0,20,12,8,
uchen_medium quality,uchen_medium quality - page 2,Woodblock,line,0.7,2.0,3.5,False,0.25,True,6,11.581910848617554,60.0,20,12,8,
uchen_medium quality,uchen_medium quality - page 2,Woodblock,line,0.7,2.0,3.5,False,0.5,True,6,11.587483406066895,60.0,20,12,8,
uchen_medium quality,uchen_medium quality - page 2,Woodblock,line,0.7,2.0,3.5,False,0.9,True,6,11.611377000808716,60.0,20,12,8,
uchen_medium quality,uchen_medium quality - page 2,Woodblock,line,0.7,2.0,4.0,True,0.1,True,1,9.239641666412354,0.0,0,0,0,
uchen_medium quality,uchen_medium quality - page 2,Woodblock,line,0.7,2.0,4.0,True,0.25,True,1,9.791485786437988,0.0,0,0,0,
uchen_medium quality,uchen_medium quality - page 2,Woodblock,line,0.7,2.0,4.0,True,0.5,True,1,9.009437084197998,0.0,0,0,0,
uchen_medium quality,uchen_medium quality - page 2,Woodblock,line,0.7,2.0,4.0,True,0.9,True,1,9.34585952758789,0.0,0,0,0,
uchen_medium quality,uchen_medium quality - page 2,Woodblock,line,0.7,2.0,4.0,False,0.1,True,6,11.037036657333374,50.0,18,9,9,
uchen_medium quality,uchen_medium quality - page 2,Woodblock,line,0.7,2.0,4.0,False,0.25,True,6,11.412048816680908,50.0,18,9,9,
uchen_medium quality,uchen_medium quality - page 2,Woodblock,line,0.7,2.0,4.0,False,0.5,True,6,11.170451879501343,50.0,18,9,9,
uchen_medium quality,uchen_medium quality - page 2,Woodblock,line,0.7,2.0,4.0,False,0.9,True,6,11.169304609298706,50.0,18,9,9,
uchen_medium quality,uchen_medium quality - page 2,Woodblock,line,0.7,2.0,5.0,True,0.1,True,1,8.878975868225098,0.0,0,0,0,
uchen_medium quality,uchen_medium quality - page 2,Woodblock,line,0.7,2.0,5.0,True,0.25,True,1,9.093194484710693,0.0,0,0,0,
uchen_medium quality,uchen_medium quality - page 2,Woodblock,line,0.7,2.0,5.0,True,0.5,True,1,8.847010135650635,0.0,0,0,0,
uchen_medium quality,uchen_medium quality - page 2,Woodblock,line,0.7,2.0,5.0,True,0.9,True,1,9.155962467193604,0.0,0,0,0,
uchen_medium quality,uchen_medium quality - page 2,Woodblock,line,0.7,2.0,5.0,False,0.1,True,6,11.061573505401611,70.0,20,14,6,
uchen_medium quality,uchen_medium quality - page 2,Woodblock,line,0.7,2.0,5.0,False,0.25,True,6,10.562647342681885,70.0,20,14,6,
uchen_medium quality,uchen_medium quality - page 2,Woodblock,line,0.7,2.0,5.0,False,0.5,True,6,10.63665509223938,70.0,20,14,6,
uchen_medium quality,uchen_medium quality - page 2,Woodblock,line,0.7,2.0,5.0,False,0.9,True,6,10.56768536567688,70.0,20,14,6,
uchen_medium quality,uchen_medium quality - page 2,Woodblock,line,0.7,2.5,2.5,True,0.1,True,1,10.612803936004639,0.0,0,0,0,
uchen_medium quality,uchen_medium quality - page 2,Woodblock,line,0.7,2.5,2.5,True,0.25,True,1,9.297530889511108,0.0,0,0,0,
uchen_medium quality,uchen_medium quality - page 2,Woodblock,line,0.7,2.5,2.5,True,0.5,True,1,9.458427429199219,0.0,0,0,0,
uchen_medium quality,uchen_medium quality - page 2,Woodblock,line,0.7,2.5,2.5,True,0.9,True,1,8.985239505767822,0.0,0,0,0,
uchen_medium quality,uchen_medium quality - page 2,Woodblock,line,0.7,2.5,2.5,False,0.1,True,6,7.518430233001709,46.15,26,12,14,
uchen_medium quality,uchen_medium quality - page 2,Woodblock,line,0.7,2.5,2.5,False,0.25,True,6,7.58463978767395,46.15,26,12,14,
uchen_medium quality,uchen_medium quality - page 2,Woodblock,line,0.7,2.5,2.5,False,0.5,True,6,7.743401765823364,46.15,26,12,14,
uchen_medium quality,uchen_medium quality - page 2,Woodblock,line,0.7,2.5,2.5,False,0.9,True,6,7.909102916717529,46.15,26,12,14,
uchen_medium quality,uchen_medium quality - page 2,Woodblock,line,0.7,2.5,3.5,True,0.1,True,1,6.544310092926025,0.0,0,0,0,
uchen_medium quality,uchen_medium quality - page 2,Woodblock,line,0.7,2.5,3.5,True,0.25,True,1,9.205877542495728,0.0,0,0,0,
uchen_medium quality,uchen_medium quality - page 2,Woodblock,line,0.7,2.5,3.5,True,0.5,True,1,9.195786714553833,0.0,0,0,0,
uchen_medium quality,uchen_medium quality - page 2,Woodblock,line,0.7,2.5,3.5,True,0.9,True,1,9.200699090957642,0.0,0,0,0,
uchen_medium quality,uchen_medium quality - page 2,Woodblock,line,0.7,2.5,3.5,False,0.1,True,6,7.096161603927612,60.0,20,12,8,
uchen_medium quality,uchen_medium quality - page 2,Woodblock,line,0.7,2.5,3.5,False,0.25,True,6,7.0511767864227295,60.0,20,12,8,
uchen_medium quality,uchen_medium quality - page 2,Woodblock,line,0.7,2.5,3.5,False,0.5,True,6,7.259462833404541,60.0,20,12,8,
uchen_medium quality,uchen_medium quality - page 2,Woodblock,line,0.7,2.5,3.5,False,0.9,True,6,7.431830644607544,60.0,20,12,8,
uchen_medium quality,uchen_medium quality - page 2,Woodblock,line,0.7,2.5,4.0,True,0.1,True,1,6.276398658752441,0.0,0,0,0,
uchen_medium quality,uchen_medium quality - page 2,Woodblock,line,0.7,2.5,4.0,True,0.25,True,1,6.282822847366333,0.0,0,0,0,
uchen_medium quality,uchen_medium quality - page 2,Woodblock,line,0.7,2.5,4.0,True,0.5,True,1,6.377365589141846,0.0,0,0,0,
uchen_medium quality,uchen_medium quality - page 2,Woodblock,line,0.7,2.5,4.0,True,0.9,True,1,6.265753507614136,0.0,0,0,0,
uchen_medium quality,uchen_medium quality - page 2,Woodblock,line,0.7,2.5,4.0,False,0.1,True,6,7.083368539810181,50.0,18,9,9,
uchen_medium quality,uchen_medium quality - page 2,Woodblock,line,0.7,2.5,4.0,False,0.25,True,6,7.120845079421997,50.0,18,9,9,
uchen_medium quality,uchen_medium quality - page 2,Woodblock,line,0.7,2.5,4.0,False,0.5,True,6,7.0957865715026855,50.0,18,9,9,
uchen_medium quality,uchen_medium quality - page 2,Woodblock,line,0.7,2.5,4.0,False,0.9,True,6,7.221740007400513,50.0,18,9,9,
uchen_medium quality,uchen_medium quality - page 2,Woodblock,line,0.7,2.5,5.0,True,0.1,True,1,6.078927040100098,0.0,0,0,0,
uchen_medium quality,uchen_medium quality - page 2,Woodblock,line,0.7,2.5,5.0,True,0.25,True,1,6.016658067703247,0.0,0,0,0,
uchen_medium quality,uchen_medium quality - page 2,Woodblock,line,0.7,2.5,5.0,True,0.5,True,1,5.974203109741211,0.0,0,0,0,
uchen_medium quality,uchen_medium quality - page 2,Woodblock,line,0.7,2.5,5.0,True,0.9,True,1,6.0201215744018555,0.0,0,0,0,
uchen_medium quality,uchen_medium quality - page 2,Woodblock,line,0.7,2.5,5.0,False,0.1,True,6,6.868340730667114,75.0,20,15,5,
uchen_medium quality,uchen_medium quality - page 2,Woodblock,line,0.7,2.5,5.0,False,0.25,True,6,6.95439338684082,75.0,20,15,5,
uchen_medium quality,uchen_medium quality - page 2,Woodblock,line,0.7,2.5,5.0,False,0.5,True,6,6.906634092330933,75.0,20,15,5,
uchen_medium quality,uchen_medium quality - page 2,Woodblock,line,0.7,2.5,5.0,False,0.9,True,6,6.865246057510376,75.0,20,15,5,
uchen_medium quality,uchen_medium quality - page 2,Woodblock,line,0.7,3.0,2.5,True,0.1,True,1,6.697566986083984,0.0,0,0,0,
uchen_medium quality,uchen_medium quality - page 2,Woodblock,line,0.7,3.0,2.5,True,0.25,True,1,6.6845855712890625,0.0,0,0,0,
uchen_medium quality,uchen_medium quality - page 2,Woodblock,line,0.7,3.0,2.5,True,0.5,True,1,6.721502780914307,0.0,0,0,0,
uchen_medium quality,uchen_medium quality - page 2,Woodblock,line,0.7,3.0,2.5,True,0.9,True,1,6.590431451797485,0.0,0,0,0,
uchen_medium quality,uchen_medium quality - page 2,Woodblock,line,0.7,3.0,2.5,False,0.1,True,6,8.072537183761597,48.15,27,13,14,
uchen_medium quality,uchen_medium quality - page 2,Woodblock,line,0.7,3.0,2.5,False,0.25,True,6,8.025892496109009,48.15,27,13,14,
uchen_medium quality,uchen_medium quality - page 2,Woodblock,line,0.7,3.0,2.5,False,0.5,True,6,8.073229789733887,48.15,27,13,14,
uchen_medium quality,uchen_medium quality - page 2,Woodblock,line,0.7,3.0,2.5,False,0.9,True,6,8.12160325050354,48.15,27,13,14,
uchen_medium quality,uchen_medium quality - page 2,Woodblock,line,0.7,3.0,3.5,True,0.1,True,1,6.56812310218811,0.0,0,0,0,
uchen_medium quality,uchen_medium quality - page 2,Woodblock,line,0.7,3.0,3.5,True,0.25,True,1,6.66898775100708,0.0,0,0,0,
uchen_medium quality,uchen_medium quality - page 2,Woodblock,line,0.7,3.0,3.5,True,0.5,True,1,9.403993368148804,0.0,0,0,0,
uchen_medium quality,uchen_medium quality - page 2,Woodblock,line,0.7,3.0,3.5,True,0.9,True,1,6.438652276992798,0.0,0,0,0,
uchen_medium quality,uchen_medium quality - page 2,Woodblock,line,0.7,3.0,3.5,False,0.1,True,6,7.673506021499634,60.0,20,12,8,
uchen_medium quality,uchen_medium quality - page 2,Woodblock,line,0.7,3.0,3.5,False,0.25,True,6,7.6409642696380615,60.0,20,12,8,
uchen_medium quality,uchen_medium quality - page 2,Woodblock,line,0.7,3.0,3.5,False,0.5,True,6,7.668093919754028,60.0,20,12,8,
uchen_medium quality,uchen_medium quality - page 2,Woodblock,line,0.7,3.0,3.5,False,0.9,True,6,7.61655855178833,60.0,20,12,8,
uchen_medium quality,uchen_medium quality - page 2,Woodblock,line,0.7,3.0,4.0,True,0.1,True,1,6.733307361602783,0.0,0,0,0,
uchen_medium quality,uchen_medium quality - page 2,Woodblock,line,0.7,3.0,4.0,True,0.25,True,1,6.640789985656738,0.0,0,0,0,
uchen_medium quality,uchen_medium quality - page 2,Woodblock,line,0.7,3.0,4.0,True,0.5,True,1,6.618754863739014,0.0,0,0,0,
uchen_medium quality,uchen_medium quality - page 2,Woodblock,line,0.7,3.0,4.0,True,0.9,True,1,6.595262050628662,0.0,0,0,0,
uchen_medium quality,uchen_medium quality - page 2,Woodblock,line,0.7,3.0,4.0,False,0.1,True,6,7.43683123588562,55.56,18,10,8,
uchen_medium quality,uchen_medium quality - page 2,Woodblock,line,0.7,3.0,4.0,False,0.25,True,6,7.453151226043701,55.56,18,10,8,
uchen_medium quality,uchen_medium quality - page 2,Woodblock,line,0.7,3.0,4.0,False,0.5,True,6,7.4390013217926025,55.56,18,10,8,
uchen_medium quality,uchen_medium quality - page 2,Woodblock,line,0.7,3.0,4.0,False,0.9,True,6,7.438951730728149,55.56,18,10,8,
uchen_medium quality,uchen_medium quality - page 2,Woodblock,line,0.7,3.0,5.0,True,0.1,True,1,6.774665117263794,0.0,0,0,0,
uchen_medium quality,uchen_medium quality - page 2,Woodblock,line,0.7,3.0,5.0,True,0.25,True,1,6.6276867389678955,0.0,0,0,0,
uchen_medium quality,uchen_medium quality - page 2,Woodblock,line,0.7,3.0,5.0,True,0.5,True,1,6.7492194175720215,0.0,0,0,0,
uchen_medium quality,uchen_medium quality - page 2,Woodblock,line,0.7,3.0,5.0,True,0.9,True,1,6.674971342086792,0.0,0,0,0,
uchen_medium quality,uchen_medium quality - page 2,Woodblock,line,0.7,3.0,5.0,False,0.1,True,6,7.1760947704315186,75.0,20,15,5,
uchen_medium quality,uchen_medium quality - page 2,Woodblock,line,0.7,3.0,5.0,False,0.25,True,6,7.240138053894043,75.0,20,15,5,
uchen_medium quality,uchen_medium quality - page 2,Woodblock,line,0.7,3.0,5.0,False,0.5,True,6,7.212528944015503,75.0,20,15,5,
uchen_medium quality,uchen_medium quality - page 2,Woodblock,line,0.7,3.0,5.0,False,0.9,True,6,7.246905326843262,75.0,20,15,5,
uchen_medium quality,uchen_medium quality - page 2,Woodblock,line,0.8,2.0,2.5,True,0.1,True,1,6.2068870067596436,0.0,0,0,0,
uchen_medium quality,uchen_medium quality - page 2,Woodblock,line,0.8,2.0,2.5,True,0.25,True,1,6.1254730224609375,0.0,0,0,0,
uchen_medium quality,uchen_medium quality - page 2,Woodblock,line,0.8,2.0,2.5,True,0.5,True,1,6.1378748416900635,0.0,0,0,0,
uchen_medium quality,uchen_medium quality - page 2,Woodblock,line,0.8,2.0,2.5,True,0.9,True,1,6.256325006484985,0.0,0,0,0,
uchen_medium quality,uchen_medium quality - page 2,Woodblock,line,0.8,2.0,2.5,False,0.1,True,6,7.622814655303955,39.13,23,9,14,
uchen_medium quality,uchen_medium quality - page 2,Woodblock,line,0.8,2.0,2.5,False,0.25,True,6,7.485530614852905,39.13,23,9,14,
uchen_medium quality,uchen_medium quality - page 2,Woodblock,line,0.8,2.0,2.5,False,0.5,True,6,7.410330772399902,39.13,23,9,14,
uchen_medium quality,uchen_medium quality - page 2,Woodblock,line,0.8,2.0,2.5,False,0.9,True,6,7.418066501617432,39.13,23,9,14,
uchen_medium quality,uchen_medium quality - page 2,Woodblock,line,0.8,2.0,3.5,True,0.1,True,1,5.951151609420776,0.0,0,0,0,
uchen_medium quality,uchen_medium quality - page 2,Woodblock,line,0.8,2.0,3.5,True,0.25,True,1,5.898679494857788,0.0,0,0,0,
uchen_medium quality,uchen_medium quality - page 2,Woodblock,line,0.8,2.0,3.5,True,0.5,True,1,5.8824849128723145,0.0,0,0,0,
uchen_medium quality,uchen_medium quality - page 2,Woodblock,line,0.8,2.0,3.5,True,0.9,True,1,5.855942964553833,0.0,0,0,0,
uchen_medium quality,uchen_medium quality - page 2,Woodblock,line,0.8,2.0,3.5,False,0.1,True,6,7.203146457672119,60.0,20,12,8,
uchen_medium quality,uchen_medium quality - page 2,Woodblock,line,0.8,2.0,3.5,False,0.25,True,6,6.996788024902344,60.0,20,12,8,
uchen_medium quality,uchen_medium quality - page 2,Woodblock,line,0.8,2.0,3.5,False,0.5,True,6,7.043976783752441,60.0,20,12,8,
uchen_medium quality,uchen_medium quality - page 2,Woodblock,line,0.8,2.0,3.5,False,0.9,True,6,7.011711359024048,60.0,20,12,8,
uchen_medium quality,uchen_medium quality - page 2,Woodblock,line,0.8,2.0,4.0,True,0.1,True,1,5.7818708419799805,0.0,0,0,0,
uchen_medium quality,uchen_medium quality - page 2,Woodblock,line,0.8,2.0,4.0,True,0.25,True,1,5.7409186363220215,0.0,0,0,0,
uchen_medium quality,uchen_medium quality - page 2,Woodblock,line,0.8,2.0,4.0,True,0.5,True,1,5.7162535190582275,0.0,0,0,0,
uchen_medium quality,uchen_medium quality - page 2,Woodblock,line,0.8,2.0,4.0,True,0.9,True,1,5.7151854038238525,0.0,0,0,0,
uchen_medium quality,uchen_medium quality - page 2,Woodblock,line,0.8,2.0,4.0,False,0.1,True,6,6.789728164672852,50.0,18,9,9,
uchen_medium quality,uchen_medium quality - page 2,Woodblock,line,0.8,2.0,4.0,False,0.25,True,6,6.9722607135772705,50.0,18,9,9,
uchen_medium quality,uchen_medium quality - page 2,Woodblock,line,0.8,2.0,4.0,False,0.5,True,6,6.773008346557617,50.0,18,9,9,
uchen_medium quality,uchen_medium quality - page 2,Woodblock,line,0.8,2.0,4.0,False,0.9,True,6,6.818382263183594,50.0,18,9,9,
uchen_medium quality,uchen_medium quality - page 2,Woodblock,line,0.8,2.0,5.0,True,0.1,True,1,5.400951147079468,0.0,0,0,0,
uchen_medium quality,uchen_medium quality - page 2,Woodblock,line,0.8,2.0,5.0,True,0.25,True,1,5.567826747894287,0.0,0,0,0,
uchen_medium quality,uchen_medium quality - page 2,Woodblock,line,0.8,2.0,5.0,True,0.5,True,1,5.449296951293945,0.0,0,0,0,
uchen_medium quality,uchen_medium quality - page 2,Woodblock,line,0.8,2.0,5.0,True,0.9,True,1,5.463785409927368,0.0,0,0,0,
uchen_medium quality,uchen_medium quality - page 2,Woodblock,line,0.8,2.0,5.0,False,0.1,True,6,6.5504162311553955,70.0,20,14,6,
uchen_medium quality,uchen_medium quality - page 2,Woodblock,line,0.8,2.0,5.0,False,0.25,True,6,6.5546135902404785,70.0,20,14,6,
uchen_medium quality,uchen_medium quality - page 2,Woodblock,line,0.8,2.0,5.0,False,0.5,True,6,6.654324054718018,70.0,20,14,6,
uchen_medium quality,uchen_medium quality - page 2,Woodblock,line,0.8,2.0,5.0,False,0.9,True,6,6.675194025039673,70.0,20,14,6,
uchen_medium quality,uchen_medium quality - page 2,Woodblock,line,0.8,2.5,2.5,True,0.1,True,1,6.540488958358765,0.0,0,0,0,
uchen_medium quality,uchen_medium quality - page 2,Woodblock,line,0.8,2.5,2.5,True,0.25,True,1,6.438110589981079,0.0,0,0,0,
uchen_medium quality,uchen_medium quality - page 2,Woodblock,line,0.8,2.5,2.5,True,0.5,True,1,7.1943981647491455,0.0,0,0,0,
uchen_medium quality,uchen_medium quality - page 2,Woodblock,line,0.8,2.5,2.5,True,0.9,True,1,6.547507286071777,0.0,0,0,0,
uchen_medium quality,uchen_medium quality - page 2,Woodblock,line,0.8,2.5,2.5,False,0.1,True,6,7.753842353820801,46.15,26,12,14,
uchen_medium quality,uchen_medium quality - page 2,Woodblock,line,0.8,2.5,2.5,False,0.25,True,6,7.729732275009155,46.15,26,12,14,
uchen_medium quality,uchen_medium quality - page 2,Woodblock,line,0.8,2.5,2.5,False,0.5,True,6,7.701458215713501,46.15,26,12,14,
uchen_medium quality,uchen_medium quality - page 2,Woodblock,line,0.8,2.5,2.5,False,0.9,True,6,8.686026096343994,46.15,26,12,14,
uchen_medium quality,uchen_medium quality - page 2,Woodblock,line,0.8,2.5,3.5,True,0.1,True,1,9.217723369598389,0.0,0,0,0,
uchen_medium quality,uchen_medium quality - page 2,Woodblock,line,0.8,2.5,3.5,True,0.25,True,1,9.204460144042969,0.0,0,0,0,
uchen_medium quality,uchen_medium quality - page 2,Woodblock,line,0.8,2.5,3.5,True,0.5,True,1,9.288915634155273,0.0,0,0,0,
uchen_medium quality,uchen_medium quality - page 2,Woodblock,line,0.8,2.5,3.5,True,0.9,True,1,9.202447652816772,0.0,0,0,0,
uchen_medium quality,uchen_medium quality - page 2,Woodblock,line,0.8,2.5,3.5,False,0.1,True,6,10.375495195388794,60.0,20,12,8,
uchen_medium quality,uchen_medium quality - page 2,Woodblock,line,0.8,2.5,3.5,False,0.25,True,6,10.401106595993042,60.0,20,12,8,
uchen_medium quality,uchen_medium quality - page 2,Woodblock,line,0.8,2.5,3.5,False,0.5,True,6,8.582892417907715,60.0,20,12,8,
uchen_medium quality,uchen_medium quality - page 2,Woodblock,line,0.8,2.5,3.5,False,0.9,True,6,10.124227523803711,60.0,20,12,8,
uchen_medium quality,uchen_medium quality - page 2,Woodblock,line,0.8,2.5,4.0,True,0.1,True,1,5.95745062828064,0.0,0,0,0,
uchen_medium quality,uchen_medium quality - page 2,Woodblock,line,0.8,2.5,4.0,True,0.25,True,1,5.939056634902954,0.0,0,0,0,
uchen_medium quality,uchen_medium quality - page 2,Woodblock,line,0.8,2.5,4.0,True,0.5,True,1,6.235853433609009,0.0,0,0,0,
uchen_medium quality,uchen_medium quality - page 2,Woodblock,line,0.8,2.5,4.0,True,0.9,True,1,6.255208492279053,0.0,0,0,0,
uchen_medium quality,uchen_medium quality - page 2,Woodblock,line,0.8,2.5,4.0,False,0.1,True,6,7.08471155166626,50.0,18,9,9,
uchen_medium quality,uchen_medium quality - page 2,Woodblock,line,0.8,2.5,4.0,False,0.25,True,6,7.105947017669678,50.0,18,9,9,
uchen_medium quality,uchen_medium quality - page 2,Woodblock,line,0.8,2.5,4.0,False,0.5,True,6,7.336911678314209,50.0,18,9,9,
uchen_medium quality,uchen_medium quality - page 2,Woodblock,line,0.8,2.5,4.0,False,0.9,True,6,7.137292861938477,50.0,18,9,9,
uchen_medium quality,uchen_medium quality - page 2,Woodblock,line,0.8,2.5,5.0,True,0.1,True,1,5.989489316940308,0.0,0,0,0,
uchen_medium quality,uchen_medium quality - page 2,Woodblock,line,0.8,2.5,5.0,True,0.25,True,1,5.969855070114136,0.0,0,0,0,
uchen_medium quality,uchen_medium quality - page 2,Woodblock,line,0.8,2.5,5.0,True,0.5,True,1,6.122621297836304,0.0,0,0,0,
uchen_medium quality,uchen_medium quality - page 2,Woodblock,line,0.8,2.5,5.0,True,0.9,True,1,6.01484489440918,0.0,0,0,0,
uchen_medium quality,uchen_medium quality - page 2,Woodblock,line,0.8,2.5,5.0,False,0.1,True,6,6.838034629821777,75.0,20,15,5,
uchen_medium quality,uchen_medium quality - page 2,Woodblock,line,0.8,2.5,5.0,False,0.25,True,6,6.92960786819458,75.0,20,15,5,
uchen_medium quality,uchen_medium quality - page 2,Woodblock,line,0.8,2.5,5.0,False,0.5,True,6,6.878957986831665,75.0,20,15,5,
uchen_medium quality,uchen_medium quality - page 2,Woodblock,line,0.8,2.5,5.0,False,0.9,True,6,7.087827444076538,75.0,20,15,5,
uchen_medium quality,uchen_medium quality - page 2,Woodblock,line,0.8,3.0,2.5,True,0.1,True,1,6.731821060180664,0.0,0,0,0,
uchen_medium quality,uchen_medium quality - page 2,Woodblock,line,0.8,3.0,2.5,True,0.25,True,1,6.630362510681152,0.0,0,0,0,
uchen_medium quality,uchen_medium quality - page 2,Woodblock,line,0.8,3.0,2.5,True,0.5,True,1,8.011266469955444,0.0,0,0,0,
uchen_medium quality,uchen_medium quality - page 2,Woodblock,line,0.8,3.0,2.5,True,0.9,True,1,6.552485704421997,0.0,0,0,0,
uchen_medium quality,uchen_medium quality - page 2,Woodblock,line,0.8,3.0,2.5,False,0.1,True,6,8.099229574203491,48.15,27,13,14,
uchen_medium quality,uchen_medium quality - page 2,Woodblock,line,0.8,3.0,2.5,False,0.25,True,6,8.054764747619629,48.15,27,13,14,
uchen_medium quality,uchen_medium quality - page 2,Woodblock,line,0.8,3.0,2.5,False,0.5,True,6,8.071950435638428,48.15,27,13,14,
uchen_medium quality,uchen_medium quality - page 2,Woodblock,line,0.8,3.0,2.5,False,0.9,True,6,8.271355628967285,48.15,27,13,14,
uchen_medium quality,uchen_medium quality - page 2,Woodblock,line,0.8,3.0,3.5,True,0.1,True,1,6.68044638633728,0.0,0,0,0,
uchen_medium quality,uchen_medium quality - page 2,Woodblock,line,0.8,3.0,3.5,True,0.25,True,1,6.6430017948150635,0.0,0,0,0,
uchen_medium quality,uchen_medium quality - page 2,Woodblock,line,0.8,3.0,3.5,True,0.5,True,1,6.900266408920288,0.0,0,0,0,
uchen_medium quality,uchen_medium quality - page 2,Woodblock,line,0.8,3.0,3.5,True,0.9,True,1,6.711836814880371,0.0,0,0,0,
uchen_medium quality,uchen_medium quality - page 2,Woodblock,line,0.8,3.0,3.5,False,0.1,True,6,7.628688097000122,60.0,20,12,8,
uchen_medium quality,uchen_medium quality - page 2,Woodblock,line,0.8,3.0,3.5,False,0.25,True,6,7.650304555892944,60.0,20,12,8,
uchen_medium quality,uchen_medium quality - page 2,Woodblock,line,0.8,3.0,3.5,False,0.5,True,6,7.674740552902222,60.0,20,12,8,
uchen_medium quality,uchen_medium quality - page 2,Woodblock,line,0.8,3.0,3.5,False,0.9,True,6,7.800451993942261,60.0,20,12,8,
uchen_medium quality,uchen_medium quality - page 2,Woodblock,line,0.8,3.0,4.0,True,0.1,True,1,6.610651254653931,0.0,0,0,0,
uchen_medium quality,uchen_medium quality - page 2,Woodblock,line,0.8,3.0,4.0,True,0.25,True,1,6.603644371032715,0.0,0,0,0,
uchen_medium quality,uchen_medium quality - page 2,Woodblock,line,0.8,3.0,4.0,True,0.5,True,1,6.641535997390747,0.0,0,0,0,
uchen_medium quality,uchen_medium quality - page 2,Woodblock,line,0.8,3.0,4.0,True,0.9,True,1,6.73191237449646,0.0,0,0,0,
uchen_medium quality,uchen_medium quality - page 2,Woodblock,line,0.8,3.0,4.0,False,0.1,True,6,10.47451663017273,55.56,18,10,8,
uchen_medium quality,uchen_medium quality - page 2,Woodblock,line,0.8,3.0,4.0,False,0.25,True,6,10.463849067687988,55.56,18,10,8,
uchen_medium quality,uchen_medium quality - page 2,Woodblock,line,0.8,3.0,4.0,False,0.5,True,6,10.574514627456665,55.56,18,10,8,
uchen_medium quality,uchen_medium quality - page 2,Woodblock,line,0.8,3.0,4.0,False,0.9,True,6,10.449683666229248,55.56,18,10,8,
uchen_medium quality,uchen_medium quality - page 2,Woodblock,line,0.8,3.0,5.0,True,0.1,True,1,9.418099403381348,0.0,0,0,0,
uchen_medium quality,uchen_medium quality - page 2,Woodblock,line,0.8,3.0,5.0,True,0.25,True,1,9.47732925415039,0.0,0,0,0,
uchen_medium quality,uchen_medium quality - page 2,Woodblock,line,0.8,3.0,5.0,True,0.5,True,1,9.40512990951538,0.0,0,0,0,
uchen_medium quality,uchen_medium quality - page 2,Woodblock,line,0.8,3.0,5.0,True,0.9,True,1,9.372788667678833,0.0,0,0,0,
uchen_medium quality,uchen_medium quality - page 2,Woodblock,line,0.8,3.0,5.0,False,0.1,True,6,10.31336498260498,75.0,20,15,5,
uchen_medium quality,uchen_medium quality - page 2,Woodblock,line,0.8,3.0,5.0,False,0.25,True,6,7.0915772914886475,75.0,20,15,5,
uchen_medium quality,uchen_medium quality - page 2,Woodblock,line,0.8,3.0,5.0,False,0.5,True,6,6.882364988327026,75.0,20,15,5,
uchen_medium quality,uchen_medium quality - page 2,Woodblock,line,0.8,3.0,5.0,False,0.9,True,6,6.913388252258301,75.0,20,15,5,
uchen_medium quality,uchen_medium quality - page 2,Woodblock,line,0.9,2.0,2.5,True,0.1,True,1,6.1510539054870605,0.0,0,0,0,
uchen_medium quality,uchen_medium quality - page 2,Woodblock,line,0.9,2.0,2.5,True,0.25,True,1,6.215470552444458,0.0,0,0,0,
uchen_medium quality,uchen_medium quality - page 2,Woodblock,line,0.9,2.0,2.5,True,0.5,True,1,6.145421504974365,0.0,0,0,0,
uchen_medium quality,uchen_medium quality - page 2,Woodblock,line,0.9,2.0,2.5,True,0.9,True,1,6.137284278869629,0.0,0,0,0,
uchen_medium quality,uchen_medium quality - page 2,Woodblock,line,0.9,2.0,2.5,False,0.1,True,6,7.496808052062988,39.13,23,9,14,
uchen_medium quality,uchen_medium quality - page 2,Woodblock,line,0.9,2.0,2.5,False,0.25,True,6,7.508548021316528,39.13,23,9,14,
uchen_medium quality,uchen_medium quality - page 2,Woodblock,line,0.9,2.0,2.5,False,0.5,True,6,7.549146890640259,39.13,23,9,14,
uchen_medium quality,uchen_medium quality - page 2,Woodblock,line,0.9,2.0,2.5,False,0.9,True,6,7.46464204788208,39.13,23,9,14,
uchen_medium quality,uchen_medium quality - page 2,Woodblock,line,0.9,2.0,3.5,True,0.1,True,1,5.852431774139404,0.0,0,0,0,
uchen_medium quality,uchen_medium quality - page 2,Woodblock,line,0.9,2.0,3.5,True,0.25,True,1,5.919772148132324,0.0,0,0,0,
uchen_medium quality,uchen_medium quality - page 2,Woodblock,line,0.9,2.0,3.5,True,0.5,True,1,5.900322914123535,0.0,0,0,0,
uchen_medium quality,uchen_medium quality - page 2,Woodblock,line,0.9,2.0,3.5,True,0.9,True,1,6.002802610397339,0.0,0,0,0,
uchen_medium quality,uchen_medium quality - page 2,Woodblock,line,0.9,2.0,3.5,False,0.1,True,6,7.040295600891113,60.0,20,12,8,
uchen_medium quality,uchen_medium quality - page 2,Woodblock,line,0.9,2.0,3.5,False,0.25,True,6,7.029351711273193,60.0,20,12,8,
uchen_medium quality,uchen_medium quality - page 2,Woodblock,line,0.9,2.0,3.5,False,0.5,True,6,8.85054898262024,60.0,20,12,8,
uchen_medium quality,uchen_medium quality - page 2,Woodblock,line,0.9,2.0,3.5,False,0.9,True,6,10.074542760848999,60.0,20,12,8,
uchen_medium quality,uchen_medium quality - page 2,Woodblock,line,0.9,2.0,4.0,True,0.1,True,1,8.413254261016846,0.0,0,0,0,
uchen_medium quality,uchen_medium quality - page 2,Woodblock,line,0.9,2.0,4.0,True,0.25,True,1,8.41806697845459,0.0,0,0,0,
uchen_medium quality,uchen_medium quality - page 2,Woodblock,line,0.9,2.0,4.0,True,0.5,True,1,8.365913152694702,0.0,0,0,0,
uchen_medium quality,uchen_medium quality - page 2,Woodblock,line,0.9,2.0,4.0,True,0.9,True,1,5.427074670791626,0.0,0,0,0,
uchen_medium quality,uchen_medium quality - page 2,Woodblock,line,0.9,2.0,4.0,False,0.1,True,6,6.438388109207153,50.0,18,9,9,
uchen_medium quality,uchen_medium quality - page 2,Woodblock,line,0.9,2.0,4.0,False,0.25,True,6,6.8107311725616455,50.0,18,9,9,
uchen_medium quality,uchen_medium quality - page 2,Woodblock,line,0.9,2.0,4.0,False,0.5,True,6,6.912183046340942,50.0,18,9,9,
uchen_medium quality,uchen_medium quality - page 2,Woodblock,line,0.9,2.0,4.0,False,0.9,True,6,6.827404022216797,50.0,18,9,9,
uchen_medium quality,uchen_medium quality - page 2,Woodblock,line,0.9,2.0,5.0,True,0.1,True,1,5.522624731063843,0.0,0,0,0,
uchen_medium quality,uchen_medium quality - page 2,Woodblock,line,0.9,2.0,5.0,True,0.25,True,1,5.463759660720825,0.0,0,0,0,
uchen_medium quality,uchen_medium quality - page 2,Woodblock,line,0.9,2.0,5.0,True,0.5,True,1,5.427042245864868,0.0,0,0,0,
uchen_medium quality,uchen_medium quality - page 2,Woodblock,line,0.9,2.0,5.0,True,0.9,True,1,5.442778825759888,0.0,0,0,0,
uchen_medium quality,uchen_medium quality - page 2,Woodblock,line,0.9,2.0,5.0,False,0.1,True,6,6.580193281173706,70.0,20,14,6,
uchen_medium quality,uchen_medium quality - page 2,Woodblock,line,0.9,2.0,5.0,False,0.25,True,6,6.670939683914185,70.0,20,14,6,
uchen_medium quality,uchen_medium quality - page 2,Woodblock,line,0.9,2.0,5.0,False,0.5,True,6,6.617724657058716,70.0,20,14,6,
uchen_medium quality,uchen_medium quality - page 2,Woodblock,line,0.9,2.0,5.0,False,0.9,True,6,6.567847728729248,70.0,20,14,6,
uchen_medium quality,uchen_medium quality - page 2,Woodblock,line,0.9,2.5,2.5,True,0.1,True,1,6.6352379322052,0.0,0,0,0,
uchen_medium quality,uchen_medium quality - page 2,Woodblock,line,0.9,2.5,2.5,True,0.25,True,1,6.449359178543091,0.0,0,0,0,
uchen_medium quality,uchen_medium quality - page 2,Woodblock,line,0.9,2.5,2.5,True,0.5,True,1,6.5847392082214355,0.0,0,0,0,
uchen_medium quality,uchen_medium quality - page 2,Woodblock,line,0.9,2.5,2.5,True,0.9,True,1,6.444188117980957,0.0,0,0,0,
uchen_medium quality,uchen_medium quality - page 2,Woodblock,line,0.9,2.5,2.5,False,0.1,True,6,7.772770404815674,46.15,26,12,14,
uchen_medium quality,uchen_medium quality - page 2,Woodblock,line,0.9,2.5,2.5,False,0.25,True,6,7.780022382736206,46.15,26,12,14,
uchen_medium quality,uchen_medium quality - page 2,Woodblock,line,0.9,2.5,2.5,False,0.5,True,6,7.78715443611145,46.15,26,12,14,
uchen_medium quality,uchen_medium quality - page 2,Woodblock,line,0.9,2.5,2.5,False,0.9,True,6,7.729094743728638,46.15,26,12,14,
uchen_medium quality,uchen_medium quality - page 2,Woodblock,line,0.9,2.5,3.5,True,0.1,True,1,6.463050365447998,0.0,0,0,0,
uchen_medium quality,uchen_medium quality - page 2,Woodblock,line,0.9,2.5,3.5,True,0.25,True,1,6.413514852523804,0.0,0,0,0,
uchen_medium quality,uchen_medium quality - page 2,Woodblock,line,0.9,2.5,3.5,True,0.5,True,1,6.491014719009399,0.0,0,0,0,
uchen_medium quality,uchen_medium quality - page 2,Woodblock,line,0.9,2.5,3.5,True,0.9,True,1,6.446117877960205,0.0,0,0,0,
uchen_medium quality,uchen_medium quality - page 2,Woodblock,line,0.9,2.5,3.5,False,0.1,True,6,7.262814998626709,60.0,20,12,8,
uchen_medium quality,uchen_medium quality - page 2,Woodblock,line,0.9,2.5,3.5,False,0.25,True,6,7.321266174316406,60.0,20,12,8,
uchen_medium quality,uchen_medium quality - page 2,Woodblock,line,0.9,2.5,3.5,False,0.5,True,6,7.335206031799316,60.0,20,12,8,
uchen_medium quality,uchen_medium quality - page 2,Woodblock,line,0.9,2.5,3.5,False,0.9,True,6,7.4233667850494385,60.0,20,12,8,
uchen_medium quality,uchen_medium quality - page 2,Woodblock,line,0.9,2.5,4.0,True,0.1,True,1,6.268134593963623,0.0,0,0,0,
uchen_medium quality,uchen_medium quality - page 2,Woodblock,line,0.9,2.5,4.0,True,0.25,True,1,7.1174585819244385,0.0,0,0,0,
uchen_medium quality,uchen_medium quality - page 2,Woodblock,line,0.9,2.5,4.0,True,0.5,True,1,6.204678535461426,0.0,0,0,0,
uchen_medium quality,uchen_medium quality - page 2,Woodblock,line,0.9,2.5,4.0,True,0.9,True,1,6.399409770965576,0.0,0,0,0,
uchen_medium quality,uchen_medium quality - page 2,Woodblock,line,0.9,2.5,4.0,False,0.1,True,6,7.135329246520996,50.0,18,9,9,
uchen_medium quality,uchen_medium quality - page 2,Woodblock,line,0.9,2.5,4.0,False,0.25,True,6,7.120835304260254,50.0,18,9,9,
uchen_medium quality,uchen_medium quality - page 2,Woodblock,line,0.9,2.5,4.0,False,0.5,True,6,7.118927240371704,50.0,18,9,9,
uchen_medium quality,uchen_medium quality - page 2,Woodblock,line,0.9,2.5,4.0,False,0.9,True,6,7.129082202911377,50.0,18,9,9,
uchen_medium quality,uchen_medium quality - page 2,Woodblock,line,0.9,2.5,5.0,True,0.1,True,1,6.059521913528442,0.0,0,0,0,
uchen_medium quality,uchen_medium quality - page 2,Woodblock,line,0.9,2.5,5.0,True,0.25,True,1,5.980618953704834,0.0,0,0,0,
uchen_medium quality,uchen_medium quality - page 2,Woodblock,line,0.9,2.5,5.0,True,0.5,True,1,6.0822837352752686,0.0,0,0,0,
uchen_medium quality,uchen_medium quality - page 2,Woodblock,line,0.9,2.5,5.0,True,0.9,True,1,6.14851450920105,0.0,0,0,0,
uchen_medium quality,uchen_medium quality - page 2,Woodblock,line,0.9,2.5,5.0,False,0.1,True,6,7.043172597885132,75.0,20,15,5,
uchen_medium quality,uchen_medium quality - page 2,Woodblock,line,0.9,2.5,5.0,False,0.25,True,6,6.912617444992065,75.0,20,15,5,
uchen_medium quality,uchen_medium quality - page 2,Woodblock,line,0.9,2.5,5.0,False,0.5,True,6,6.846365928649902,75.0,20,15,5,
uchen_medium quality,uchen_medium quality - page 2,Woodblock,line,0.9,2.5,5.0,False,0.9,True,6,9.950565814971924,75.0,20,15,5,
uchen_medium quality,uchen_medium quality - page 2,Woodblock,line,0.9,3.0,2.5,True,0.1,True,1,9.41940689086914,0.0,0,0,0,
uchen_medium quality,uchen_medium quality - page 2,Woodblock,line,0.9,3.0,2.5,True,0.25,True,1,9.39198088645935,0.0,0,0,0,
uchen_medium quality,uchen_medium quality - page 2,Woodblock,line,0.9,3.0,2.5,True,0.5,True,1,9.42080044746399,0.0,0,0,0,
uchen_medium quality,uchen_medium quality - page 2,Woodblock,line,0.9,3.0,2.5,True,0.9,True,1,6.416353464126587,0.0,0,0,0,
uchen_medium quality,uchen_medium quality - page 2,Woodblock,line,0.9,3.0,2.5,False,0.1,True,6,7.824056386947632,48.15,27,13,14,
uchen_medium quality,uchen_medium quality - page 2,Woodblock,line,0.9,3.0,2.5,False,0.25,True,6,7.9291346073150635,48.15,27,13,14,
uchen_medium quality,uchen_medium quality - page 2,Woodblock,line,0.9,3.0,2.5,False,0.5,True,6,11.203143119812012,48.15,27,13,14,
uchen_medium quality,uchen_medium quality - page 2,Woodblock,line,0.9,3.0,2.5,False,0.9,True,6,11.240607023239136,48.15,27,13,14,
uchen_medium quality,uchen_medium quality - page 2,Woodblock,line,0.9,3.0,3.5,True,0.1,True,1,9.388297080993652,0.0,0,0,0,
uchen_medium quality,uchen_medium quality - page 2,Woodblock,line,0.9,3.0,3.5,True,0.25,True,1,6.58170747756958,0.0,0,0,0,
uchen_medium quality,uchen_medium quality - page 2,Woodblock,line,0.9,3.0,3.5,True,0.5,True,1,6.470987319946289,0.0,0,0,0,
uchen_medium quality,uchen_medium quality - page 2,Woodblock,line,0.9,3.0,3.5,True,0.9,True,1,6.499608755111694,0.0,0,0,0,
uchen_medium quality,uchen_medium quality - page 2,Woodblock,line,0.9,3.0,3.5,False,0.1,True,6,7.618016481399536,60.0,20,12,8,
uchen_medium quality,uchen_medium quality - page 2,Woodblock,line,0.9,3.0,3.5,False,0.25,True,6,7.6334614753723145,60.0,20,12,8,
uchen_medium quality,uchen_medium quality - page 2,Woodblock,line,0.9,3.0,3.5,False,0.5,True,6,7.734924077987671,60.0,20,12,8,
uchen_medium quality,uchen_medium quality - page 2,Woodblock,line,0.9,3.0,3.5,False,0.9,True,6,7.616609811782837,60.0,20,12,8,
uchen_medium quality,uchen_medium quality - page 2,Woodblock,line,0.9,3.0,4.0,True,0.1,True,1,6.581245183944702,0.0,0,0,0,
uchen_medium quality,uchen_medium quality - page 2,Woodblock,line,0.9,3.0,4.0,True,0.25,True,1,6.718400239944458,0.0,0,0,0,
uchen_medium quality,uchen_medium quality - page 2,Woodblock,line,0.9,3.0,4.0,True,0.5,True,1,6.6595048904418945,0.0,0,0,0,
uchen_medium quality,uchen_medium quality - page 2,Woodblock,line,0.9,3.0,4.0,True,0.9,True,1,6.731399059295654,0.0,0,0,0,
uchen_medium quality,uchen_medium quality - page 2,Woodblock,line,0.9,3.0,4.0,False,0.1,True,6,7.390697240829468,55.56,18,10,8,
uchen_medium quality,uchen_medium quality - page 2,Woodblock,line,0.9,3.0,4.0,False,0.25,True,6,7.396223783493042,55.56,18,10,8,
uchen_medium quality,uchen_medium quality - page 2,Woodblock,line,0.9,3.0,4.0,False,0.5,True,6,7.485684871673584,55.56,18,10,8,
uchen_medium quality,uchen_medium quality - page 2,Woodblock,line,0.9,3.0,4.0,False,0.9,True,6,7.415177822113037,55.56,18,10,8,
uchen_medium quality,uchen_medium quality - page 2,Woodblock,line,0.9,3.0,5.0,True,0.1,True,1,6.734400510787964,0.0,0,0,0,
uchen_medium quality,uchen_medium quality - page 2,Woodblock,line,0.9,3.0,5.0,True,0.25,True,1,6.724891424179077,0.0,0,0,0,
uchen_medium quality,uchen_medium quality - page 2,Woodblock,line,0.9,3.0,5.0,True,0.5,True,1,6.637957572937012,0.0,0,0,0,
uchen_medium quality,uchen_medium quality - page 2,Woodblock,line,0.9,3.0,5.0,True,0.9,True,1,6.66638445854187,0.0,0,0,0,
uchen_medium quality,uchen_medium quality - page 2,Woodblock,line,0.9,3.0,5.0,False,0.1,True,6,7.205456972122192,75.0,20,15,5,
uchen_medium quality,uchen_medium quality - page 2,Woodblock,line,0.9,3.0,5.0,False,0.25,True,6,7.312097787857056,75.0,20,15,5,
uchen_medium quality,uchen_medium quality - page 2,Woodblock,line,0.9,3.0,5.0,False,0.5,True,6,7.228680610656738,75.0,20,15,5,
uchen_medium quality,uchen_medium quality - page 2,Woodblock,line,0.9,3.0,5.0,False,0.9,True,6,7.22694730758667,75.0,20,15,5,
uchen_medium quality,uchen_medium quality - page 2,Woodblock,layout,0.7,2.0,2.5,True,0.1,True,2,7.104561805725098,44.0,25,11,14,
uchen_medium quality,uchen_medium quality - page 2,Woodblock,layout,0.7,2.0,2.5,True,0.25,True,2,6.587709665298462,44.0,25,11,14,
uchen_medium quality,uchen_medium quality - page 2,Woodblock,layout,0.7,2.0,2.5,True,0.5,True,2,6.568643808364868,44.0,25,11,14,
uchen_medium quality,uchen_medium quality - page 2,Woodblock,layout,0.7,2.0,2.5,True,0.9,True,2,6.601048469543457,44.0,25,11,14,
uchen_medium quality,uchen_medium quality - page 2,Woodblock,layout,0.7,2.0,2.5,False,0.1,True,3,6.6023993492126465,54.84,31,17,14,
uchen_medium quality,uchen_medium quality - page 2,Woodblock,layout,0.7,2.0,2.5,False,0.25,True,3,6.5721049308776855,54.84,31,17,14,
uchen_medium quality,uchen_medium quality - page 2,Woodblock,layout,0.7,2.0,2.5,False,0.5,True,3,6.539896488189697,54.84,31,17,14,
uchen_medium quality,uchen_medium quality - page 2,Woodblock,layout,0.7,2.0,2.5,False,0.9,True,3,6.63468599319458,54.84,31,17,14,
uchen_medium quality,uchen_medium quality - page 2,Woodblock,layout,0.7,2.0,3.5,True,0.1,True,2,5.987577676773071,61.9,21,13,8,
uchen_medium quality,uchen_medium quality - page 2,Woodblock,layout,0.7,2.0,3.5,True,0.25,True,2,9.020228147506714,61.9,21,13,8,
uchen_medium quality,uchen_medium quality - page 2,Woodblock,layout,0.7,2.0,3.5,True,0.5,True,2,5.739126682281494,61.9,21,13,8,
uchen_medium quality,uchen_medium quality - page 2,Woodblock,layout,0.7,2.0,3.5,True,0.9,True,2,6.030726194381714,61.9,21,13,8,
uchen_medium quality,uchen_medium quality - page 2,Woodblock,layout,0.7,2.0,3.5,False,0.1,True,3,6.307290554046631,55.0,20,11,9,
uchen_medium quality,uchen_medium quality - page 2,Woodblock,layout,0.7,2.0,3.5,False,0.25,True,3,9.32345962524414,55.0,20,11,9,
uchen_medium quality,uchen_medium quality - page 2,Woodblock,layout,0.7,2.0,3.5,False,0.5,True,3,9.325360536575317,55.0,20,11,9,
uchen_medium quality,uchen_medium quality - page 2,Woodblock,layout,0.7,2.0,3.5,False,0.9,True,3,9.322329044342041,55.0,20,11,9,
uchen_medium quality,uchen_medium quality - page 2,Woodblock,layout,0.7,2.0,4.0,True,0.1,True,2,6.68214225769043,82.61,23,19,4,
uchen_medium quality,uchen_medium quality - page 2,Woodblock,layout,0.7,2.0,4.0,True,0.25,True,2,5.536514043807983,82.61,23,19,4,
uchen_medium quality,uchen_medium quality - page 2,Woodblock,layout,0.7,2.0,4.0,True,0.5,True,2,5.5571839809417725,82.61,23,19,4,
uchen_medium quality,uchen_medium quality - page 2,Woodblock,layout,0.7,2.0,4.0,True,0.9,True,2,5.942278861999512,82.61,23,19,4,
uchen_medium quality,uchen_medium quality - page 2,Woodblock,layout,0.7,2.0,4.0,False,0.1,True,3,6.084913492202759,82.61,23,19,4,
uchen_medium quality,uchen_medium quality - page 2,Woodblock,layout,0.7,2.0,4.0,False,0.25,True,3,6.175391912460327,82.61,23,19,4,
uchen_medium quality,uchen_medium quality - page 2,Woodblock,layout,0.7,2.0,4.0,False,0.5,True,3,8.95141077041626,82.61,23,19,4,
uchen_medium quality,uchen_medium quality - page 2,Woodblock,layout,0.7,2.0,4.0,False,0.9,True,3,5.75181770324707,82.61,23,19,4,
uchen_medium quality,uchen_medium quality - page 2,Woodblock,layout,0.7,2.0,5.0,True,0.1,True,2,5.69975733757019,61.9,21,13,8,
uchen_medium quality,uchen_medium quality - page 2,Woodblock,layout,0.7,2.0,5.0,True,0.25,True,2,5.763399362564087,61.9,21,13,8,
uchen_medium quality,uchen_medium quality - page 2,Woodblock,layout,0.7,2.0,5.0,True,0.5,True,2,5.858075857162476,61.9,21,13,8,
uchen_medium quality,uchen_medium quality - page 2,Woodblock,layout,0.7,2.0,5.0,True,0.9,True,2,5.7853147983551025,61.9,21,13,8,
uchen_medium quality,uchen_medium quality - page 2,Woodblock,layout,0.7,2.0,5.0,False,0.1,True,3,8.768868207931519,72.73,22,16,6,
uchen_medium quality,uchen_medium quality - page 2,Woodblock,layout,0.7,2.0,5.0,False,0.25,True,3,5.606183052062988,72.73,22,16,6,
uchen_medium quality,uchen_medium quality - page 2,Woodblock,layout,0.7,2.0,5.0,False,0.5,True,3,5.961256980895996,72.73,22,16,6,
uchen_medium quality,uchen_medium quality - page 2,Woodblock,layout,0.7,2.0,5.0,False,0.9,True,3,6.090412855148315,72.73,22,16,6,
uchen_medium quality,uchen_medium quality - page 2,Woodblock,layout,0.7,2.5,2.5,True,0.1,True,2,6.759755373001099,42.86,21,9,12,
uchen_medium quality,uchen_medium quality - page 2,Woodblock,layout,0.7,2.5,2.5,True,0.25,True,2,6.623504638671875,42.86,21,9,12,
uchen_medium quality,uchen_medium quality - page 2,Woodblock,layout,0.7,2.5,2.5,True,0.5,True,2,6.649635553359985,42.86,21,9,12,
uchen_medium quality,uchen_medium quality - page 2,Woodblock,layout,0.7,2.5,2.5,True,0.9,True,2,6.686330556869507,42.86,21,9,12,
uchen_medium quality,uchen_medium quality - page 2,Woodblock,layout,0.7,2.5,2.5,False,0.1,True,3,6.838587284088135,55.56,27,15,12,
uchen_medium quality,uchen_medium quality - page 2,Woodblock,layout,0.7,2.5,2.5,False,0.25,True,3,9.82216477394104,55.56,27,15,12,
uchen_medium quality,uchen_medium quality - page 2,Woodblock,layout,0.7,2.5,2.5,False,0.5,True,3,9.69749665260315,55.56,27,15,12,
uchen_medium quality,uchen_medium quality - page 2,Woodblock,layout,0.7,2.5,2.5,False,0.9,True,3,6.613381624221802,55.56,27,15,12,
uchen_medium quality,uchen_medium quality - page 2,Woodblock,layout,0.7,2.5,3.5,True,0.1,True,2,6.1431052684783936,61.9,21,13,8,
uchen_medium quality,uchen_medium quality - page 2,Woodblock,layout,0.7,2.5,3.5,True,0.25,True,2,6.302502870559692,61.9,21,13,8,
uchen_medium quality,uchen_medium quality - page 2,Woodblock,layout,0.7,2.5,3.5,True,0.5,True,2,6.401581048965454,61.9,21,13,8,
uchen_medium quality,uchen_medium quality - page 2,Woodblock,layout,0.7,2.5,3.5,True,0.9,True,2,6.5896220207214355,61.9,21,13,8,
uchen_medium quality,uchen_medium quality - page 2,Woodblock,layout,0.7,2.5,3.5,False,0.1,True,3,9.689271450042725,55.0,20,11,9,
uchen_medium quality,uchen_medium quality - page 2,Woodblock,layout,0.7,2.5,3.5,False,0.25,True,3,9.69184684753418,55.0,20,11,9,
uchen_medium quality,uchen_medium quality - page 2,Woodblock,layout,0.7,2.5,3.5,False,0.5,True,3,9.731631517410278,55.0,20,11,9,
uchen_medium quality,uchen_medium quality - page 2,Woodblock,layout,0.7,2.5,3.5,False,0.9,True,3,9.711940288543701,55.0,20,11,9,
uchen_medium quality,uchen_medium quality - page 2,Woodblock,layout,0.7,2.5,4.0,True,0.1,True,2,9.189789295196533,82.61,23,19,4,
uchen_medium quality,uchen_medium quality - page 2,Woodblock,layout,0.7,2.5,4.0,True,0.25,True,2,5.940069913864136,82.61,23,19,4,
uchen_medium quality,uchen_medium quality - page 2,Woodblock,layout,0.7,2.5,4.0,True,0.5,True,2,5.8934221267700195,82.61,23,19,4,
uchen_medium quality,uchen_medium quality - page 2,Woodblock,layout,0.7,2.5,4.0,True,0.9,True,2,6.565305709838867,82.61,23,19,4,
uchen_medium quality,uchen_medium quality - page 2,Woodblock,layout,0.7,2.5,4.0,False,0.1,True,3,6.201589584350586,82.61,23,19,4,
uchen_medium quality,uchen_medium quality - page 2,Woodblock,layout,0.7,2.5,4.0,False,0.25,True,3,6.437320947647095,82.61,23,19,4,
uchen_medium quality,uchen_medium quality - page 2,Woodblock,layout,0.7,2.5,4.0,False,0.5,True,3,6.380085229873657,82.61,23,19,4,
uchen_medium quality,uchen_medium quality - page 2,Woodblock,layout,0.7,2.5,4.0,False,0.9,True,3,6.390123128890991,82.61,23,19,4,
uchen_medium quality,uchen_medium quality - page 2,Woodblock,layout,0.7,2.5,5.0,True,0.1,True,2,6.245190620422363,70.83,24,17,7,
uchen_medium quality,uchen_medium quality - page 2,Woodblock,layout,0.7,2.5,5.0,True,0.25,True,2,6.166255950927734,70.83,24,17,7,
uchen_medium quality,uchen_medium quality - page 2,Woodblock,layout,0.7,2.5,5.0,True,0.5,True,2,6.165179252624512,70.83,24,17,7,
uchen_medium quality,uchen_medium quality - page 2,Woodblock,layout,0.7,2.5,5.0,True,0.9,True,2,6.193601131439209,70.83,24,17,7,
uchen_medium quality,uchen_medium quality - page 2,Woodblock,layout,0.7,2.5,5.0,False,0.1,True,3,9.504776239395142,68.18,22,15,7,
uchen_medium quality,uchen_medium quality - page 2,Woodblock,layout,0.7,2.5,5.0,False,0.25,True,3,6.0262744426727295,68.18,22,15,7,
uchen_medium quality,uchen_medium quality - page 2,Woodblock,layout,0.7,2.5,5.0,False,0.5,True,3,6.282786130905151,68.18,22,15,7,
uchen_medium quality,uchen_medium quality - page 2,Woodblock,layout,0.7,2.5,5.0,False,0.9,True,3,6.3496644496917725,68.18,22,15,7,
uchen_medium quality,uchen_medium quality - page 2,Woodblock,layout,0.7,3.0,2.5,True,0.1,True,2,7.210729122161865,52.38,21,11,10,
uchen_medium quality,uchen_medium quality - page 2,Woodblock,layout,0.7,3.0,2.5,True,0.25,True,2,7.139643430709839,52.38,21,11,10,
uchen_medium quality,uchen_medium quality - page 2,Woodblock,layout,0.7,3.0,2.5,True,0.5,True,2,7.018587112426758,52.38,21,11,10,
uchen_medium quality,uchen_medium quality - page 2,Woodblock,layout,0.7,3.0,2.5,True,0.9,True,2,7.032285451889038,52.38,21,11,10,
uchen_medium quality,uchen_medium quality - page 2,Woodblock,layout,0.7,3.0,2.5,False,0.1,True,3,7.186860799789429,62.96,27,17,10,
uchen_medium quality,uchen_medium quality - page 2,Woodblock,layout,0.7,3.0,2.5,False,0.25,True,3,7.274630069732666,62.96,27,17,10,
uchen_medium quality,uchen_medium quality - page 2,Woodblock,layout,0.7,3.0,2.5,False,0.5,True,3,7.181011915206909,62.96,27,17,10,
uchen_medium quality,uchen_medium quality - page 2,Woodblock,layout,0.7,3.0,2.5,False,0.9,True,3,7.247950792312622,62.96,27,17,10,
uchen_medium quality,uchen_medium quality - page 2,Woodblock,layout,0.7,3.0,3.5,True,0.1,True,2,9.89460277557373,71.43,21,15,6,
uchen_medium quality,uchen_medium quality - page 2,Woodblock,layout,0.7,3.0,3.5,True,0.25,True,2,6.5733256340026855,71.43,21,15,6,
uchen_medium quality,uchen_medium quality - page 2,Woodblock,layout,0.7,3.0,3.5,True,0.5,True,2,6.547422647476196,71.43,21,15,6,
uchen_medium quality,uchen_medium quality - page 2,Woodblock,layout,0.7,3.0,3.5,True,0.9,True,2,6.73427939414978,71.43,21,15,6,
uchen_medium quality,uchen_medium quality - page 2,Woodblock,layout,0.7,3.0,3.5,False,0.1,True,3,7.1803765296936035,65.0,20,13,7,
uchen_medium quality,uchen_medium quality - page 2,Woodblock,layout,0.7,3.0,3.5,False,0.25,True,3,6.91393256187439,65.0,20,13,7,
uchen_medium quality,uchen_medium quality - page 2,Woodblock,layout,0.7,3.0,3.5,False,0.5,True,3,6.985232830047607,65.0,20,13,7,
uchen_medium quality,uchen_medium quality - page 2,Woodblock,layout,0.7,3.0,3.5,False,0.9,True,3,7.064743280410767,65.0,20,13,7,
uchen_medium quality,uchen_medium quality - page 2,Woodblock,layout,0.7,3.0,4.0,True,0.1,True,2,6.60714864730835,73.91,23,17,6,
uchen_medium quality,uchen_medium quality - page 2,Woodblock,layout,0.7,3.0,4.0,True,0.25,True,2,6.6991143226623535,73.91,23,17,6,
uchen_medium quality,uchen_medium quality - page 2,Woodblock,layout,0.7,3.0,4.0,True,0.5,True,2,6.637413740158081,73.91,23,17,6,
uchen_medium quality,uchen_medium quality - page 2,Woodblock,layout,0.7,3.0,4.0,True,0.9,True,2,6.592150688171387,73.91,23,17,6,
uchen_medium quality,uchen_medium quality - page 2,Woodblock,layout,0.7,3.0,4.0,False,0.1,True,3,6.812200307846069,73.91,23,17,6,
uchen_medium quality,uchen_medium quality - page 2,Woodblock,layout,0.7,3.0,4.0,False,0.25,True,3,6.908679723739624,73.91,23,17,6,
uchen_medium quality,uchen_medium quality - page 2,Woodblock,layout,0.7,3.0,4.0,False,0.5,True,3,6.805701971054077,73.91,23,17,6,
uchen_medium quality,uchen_medium quality - page 2,Woodblock,layout,0.7,3.0,4.0,False,0.9,True,3,6.787261247634888,73.91,23,17,6,
uchen_medium quality,uchen_medium quality - page 2,Woodblock,layout,0.7,3.0,5.0,True,0.1,True,2,6.664426803588867,70.83,24,17,7,
uchen_medium quality,uchen_medium quality - page 2,Woodblock,layout,0.7,3.0,5.0,True,0.25,True,2,6.522745609283447,70.83,24,17,7,
uchen_medium quality,uchen_medium quality - page 2,Woodblock,layout,0.7,3.0,5.0,True,0.5,True,2,6.513206243515015,70.83,24,17,7,
uchen_medium quality,uchen_medium quality - page 2,Woodblock,layout,0.7,3.0,5.0,True,0.9,True,2,6.561890363693237,70.83,24,17,7,
uchen_medium quality,uchen_medium quality - page 2,Woodblock,layout,0.7,3.0,5.0,False,0.1,True,3,6.744042634963989,68.18,22,15,7,
uchen_medium quality,uchen_medium quality - page 2,Woodblock,layout,0.7,3.0,5.0,False,0.25,True,3,6.7003724575042725,68.18,22,15,7,
uchen_medium quality,uchen_medium quality - page 2,Woodblock,layout,0.7,3.0,5.0,False,0.5,True,3,6.686699628829956,68.18,22,15,7,
uchen_medium quality,uchen_medium quality - page 2,Woodblock,layout,0.7,3.0,5.0,False,0.9,True,3,6.666676759719849,68.18,22,15,7,
uchen_medium quality,uchen_medium quality - page 2,Woodblock,layout,0.8,2.0,2.5,True,0.1,True,2,6.458039283752441,44.0,25,11,14,
uchen_medium quality,uchen_medium quality - page 2,Woodblock,layout,0.8,2.0,2.5,True,0.25,True,2,6.467353105545044,44.0,25,11,14,
uchen_medium quality,uchen_medium quality - page 2,Woodblock,layout,0.8,2.0,2.5,True,0.5,True,2,6.359069585800171,44.0,25,11,14,
uchen_medium quality,uchen_medium quality - page 2,Woodblock,layout,0.8,2.0,2.5,True,0.9,True,2,6.373204946517944,44.0,25,11,14,
uchen_medium quality,uchen_medium quality - page 2,Woodblock,layout,0.8,2.0,2.5,False,0.1,True,3,6.662948369979858,54.84,31,17,14,
uchen_medium quality,uchen_medium quality - page 2,Woodblock,layout,0.8,2.0,2.5,False,0.25,True,3,6.541667938232422,54.84,31,17,14,
uchen_medium quality,uchen_medium quality - page 2,Woodblock,layout,0.8,2.0,2.5,False,0.5,True,3,6.609135389328003,54.84,31,17,14,
uchen_medium quality,uchen_medium quality - page 2,Woodblock,layout,0.8,2.0,2.5,False,0.9,True,3,6.685788631439209,54.84,31,17,14,
uchen_medium quality,uchen_medium quality - page 2,Woodblock,layout,0.8,2.0,3.5,True,0.1,True,2,5.98198676109314,61.9,21,13,8,
uchen_medium quality,uchen_medium quality - page 2,Woodblock,layout,0.8,2.0,3.5,True,0.25,True,2,6.06119704246521,61.9,21,13,8,
uchen_medium quality,uchen_medium quality - page 2,Woodblock,layout,0.8,2.0,3.5,True,0.5,True,2,6.111793279647827,61.9,21,13,8,
uchen_medium quality,uchen_medium quality - page 2,Woodblock,layout,0.8,2.0,3.5,True,0.9,True,2,6.056611776351929,61.9,21,13,8,
uchen_medium quality,uchen_medium quality - page 2,Woodblock,layout,0.8,2.0,3.5,False,0.1,True,3,6.34312105178833,55.0,20,11,9,
uchen_medium quality,uchen_medium quality - page 2,Woodblock,layout,0.8,2.0,3.5,False,0.25,True,3,6.277355909347534,55.0,20,11,9,
uchen_medium quality,uchen_medium quality - page 2,Woodblock,layout,0.8,2.0,3.5,False,0.5,True,3,6.27070164680481,55.0,20,11,9,
uchen_medium quality,uchen_medium quality - page 2,Woodblock,layout,0.8,2.0,3.5,False,0.9,True,3,6.254012584686279,55.0,20,11,9,
uchen_medium quality,uchen_medium quality - page 2,Woodblock,layout,0.8,2.0,4.0,True,0.1,True,2,5.87911319732666,82.61,23,19,4,
uchen_medium quality,uchen_medium quality - page 2,Woodblock,layout,0.8,2.0,4.0,True,0.25,True,2,5.8627989292144775,82.61,23,19,4,
uchen_medium quality,uchen_medium quality - page 2,Woodblock,layout,0.8,2.0,4.0,True,0.5,True,2,5.82001256942749,82.61,23,19,4,
uchen_medium quality,uchen_medium quality - page 2,Woodblock,layout,0.8,2.0,4.0,True,0.9,True,2,5.8355913162231445,82.61,23,19,4,
uchen_medium quality,uchen_medium quality - page 2,Woodblock,layout,0.8,2.0,4.0,False,0.1,True,3,6.159594774246216,82.61,23,19,4,
uchen_medium quality,uchen_medium quality - page 2,Woodblock,layout,0.8,2.0,4.0,False,0.25,True,3,6.16485333442688,82.61,23,19,4,
uchen_medium quality,uchen_medium quality - page 2,Woodblock,layout,0.8,2.0,4.0,False,0.5,True,3,6.055724143981934,82.61,23,19,4,
uchen_medium quality,uchen_medium quality - page 2,Woodblock,layout,0.8,2.0,4.0,False,0.9,True,3,6.083705902099609,82.61,23,19,4,
uchen_medium quality,uchen_medium quality - page 2,Woodblock,layout,0.8,2.0,5.0,True,0.1,True,2,5.726846694946289,61.9,21,13,8,
uchen_medium quality,uchen_medium quality - page 2,Woodblock,layout,0.8,2.0,5.0,True,0.25,True,2,5.741552114486694,61.9,21,13,8,
uchen_medium quality,uchen_medium quality - page 2,Woodblock,layout,0.8,2.0,5.0,True,0.5,True,2,5.911121845245361,61.9,21,13,8,
uchen_medium quality,uchen_medium quality - page 2,Woodblock,layout,0.8,2.0,5.0,True,0.9,True,2,5.762548446655273,61.9,21,13,8,
uchen_medium quality,uchen_medium quality - page 2,Woodblock,layout,0.8,2.0,5.0,False,0.1,True,3,5.909859895706177,72.73,22,16,6,
uchen_medium quality,uchen_medium quality - page 2,Woodblock,layout,0.8,2.0,5.0,False,0.25,True,3,5.908179521560669,72.73,22,16,6,
uchen_medium quality,uchen_medium quality - page 2,Woodblock,layout,0.8,2.0,5.0,False,0.5,True,3,6.039963483810425,72.73,22,16,6,
uchen_medium quality,uchen_medium quality - page 2,Woodblock,layout,0.8,2.0,5.0,False,0.9,True,3,6.043666362762451,72.73,22,16,6,
uchen_medium quality,uchen_medium quality - page 2,Woodblock,layout,0.8,2.5,2.5,True,0.1,True,2,6.783210277557373,42.86,21,9,12,
uchen_medium quality,uchen_medium quality - page 2,Woodblock,layout,0.8,2.5,2.5,True,0.25,True,2,6.628293514251709,42.86,21,9,12,
uchen_medium quality,uchen_medium quality - page 2,Woodblock,layout,0.8,2.5,2.5,True,0.5,True,2,6.751685619354248,42.86,21,9,12,
uchen_medium quality,uchen_medium quality - page 2,Woodblock,layout,0.8,2.5,2.5,True,0.9,True,2,6.624396562576294,42.86,21,9,12,
uchen_medium quality,uchen_medium quality - page 2,Woodblock,layout,0.8,2.5,2.5,False,0.1,True,3,6.828801393508911,55.56,27,15,12,
uchen_medium quality,uchen_medium quality - page 2,Woodblock,layout,0.8,2.5,2.5,False,0.25,True,3,6.82087779045105,55.56,27,15,12,
uchen_medium quality,uchen_medium quality - page 2,Woodblock,layout,0.8,2.5,2.5,False,0.5,True,3,6.911633491516113,55.56,27,15,12,
uchen_medium quality,uchen_medium quality - page 2,Woodblock,layout,0.8,2.5,2.5,False,0.9,True,3,8.462561130523682,55.56,27,15,12,
uchen_medium quality,uchen_medium quality - page 2,Woodblock,layout,0.8,2.5,3.5,True,0.1,True,2,6.166763782501221,61.9,21,13,8,
uchen_medium quality,uchen_medium quality - page 2,Woodblock,layout,0.8,2.5,3.5,True,0.25,True,2,6.385383129119873,61.9,21,13,8,
uchen_medium quality,uchen_medium quality - page 2,Woodblock,layout,0.8,2.5,3.5,True,0.5,True,2,6.5059826374053955,61.9,21,13,8,
uchen_medium quality,uchen_medium quality - page 2,Woodblock,layout,0.8,2.5,3.5,True,0.9,True,2,6.396029472351074,61.9,21,13,8,
uchen_medium quality,uchen_medium quality - page 2,Woodblock,layout,0.8,2.5,3.5,False,0.1,True,3,6.631951093673706,55.0,20,11,9,
uchen_medium quality,uchen_medium quality - page 2,Woodblock,layout,0.8,2.5,3.5,False,0.25,True,3,6.64284873008728,55.0,20,11,9,
uchen_medium quality,uchen_medium quality - page 2,Woodblock,layout,0.8,2.5,3.5,False,0.5,True,3,6.624216794967651,55.0,20,11,9,
uchen_medium quality,uchen_medium quality - page 2,Woodblock,layout,0.8,2.5,3.5,False,0.9,True,3,6.731955528259277,55.0,20,11,9,
uchen_medium quality,uchen_medium quality - page 2,Woodblock,layout,0.8,2.5,4.0,True,0.1,True,2,6.2517924308776855,82.61,23,19,4,
uchen_medium quality,uchen_medium quality - page 2,Woodblock,layout,0.8,2.5,4.0,True,0.25,True,2,6.202981948852539,82.61,23,19,4,
uchen_medium quality,uchen_medium quality - page 2,Woodblock,layout,0.8,2.5,4.0,True,0.5,True,2,6.182985067367554,82.61,23,19,4,
uchen_medium quality,uchen_medium quality - page 2,Woodblock,layout,0.8,2.5,4.0,True,0.9,True,2,6.331562042236328,82.61,23,19,4,
uchen_medium quality,uchen_medium quality - page 2,Woodblock,layout,0.8,2.5,4.0,False,0.1,True,3,6.417462348937988,82.61,23,19,4,
uchen_medium quality,uchen_medium quality - page 2,Woodblock,layout,0.8,2.5,4.0,False,0.25,True,3,6.406181812286377,82.61,23,19,4,
uchen_medium quality,uchen_medium quality - page 2,Woodblock,layout,0.8,2.5,4.0,False,0.5,True,3,6.448946237564087,82.61,23,19,4,
uchen_medium quality,uchen_medium quality - page 2,Woodblock,layout,0.8,2.5,4.0,False,0.9,True,3,6.503244876861572,82.61,23,19,4,
uchen_medium quality,uchen_medium quality - page 2,Woodblock,layout,0.8,2.5,5.0,True,0.1,True,2,6.1699230670928955,70.83,24,17,7,
uchen_medium quality,uchen_medium quality - page 2,Woodblock,layout,0.8,2.5,5.0,True,0.25,True,2,6.193970680236816,70.83,24,17,7,
uchen_medium quality,uchen_medium quality - page 2,Woodblock,layout,0.8,2.5,5.0,True,0.5,True,2,6.320112705230713,70.83,24,17,7,
uchen_medium quality,uchen_medium quality - page 2,Woodblock,layout,0.8,2.5,5.0,True,0.9,True,2,6.337520599365234,70.83,24,17,7,
uchen_medium quality,uchen_medium quality - page 2,Woodblock,layout,0.8,2.5,5.0,False,0.1,True,3,6.365902900695801,68.18,22,15,7,
uchen_medium quality,uchen_medium quality - page 2,Woodblock,layout,0.8,2.5,5.0,False,0.25,True,3,6.308381080627441,68.18,22,15,7,
uchen_medium quality,uchen_medium quality - page 2,Woodblock,layout,0.8,2.5,5.0,False,0.5,True,3,6.348574638366699,68.18,22,15,7,
uchen_medium quality,uchen_medium quality - page 2,Woodblock,layout,0.8,2.5,5.0,False,0.9,True,3,6.359664440155029,68.18,22,15,7,
uchen_medium quality,uchen_medium quality - page 2,Woodblock,layout,0.8,3.0,2.5,True,0.1,True,2,7.2470808029174805,52.38,21,11,10,
uchen_medium quality,uchen_medium quality - page 2,Woodblock,layout,0.8,3.0,2.5,True,0.25,True,2,7.029243230819702,52.38,21,11,10,
uchen_medium quality,uchen_medium quality - page 2,Woodblock,layout,0.8,3.0,2.5,True,0.5,True,2,7.024703502655029,52.38,21,11,10,
uchen_medium quality,uchen_medium quality - page 2,Woodblock,layout,0.8,3.0,2.5,True,0.9,True,2,7.12928581237793,52.38,21,11,10,
uchen_medium quality,uchen_medium quality - page 2,Woodblock,layout,0.8,3.0,2.5,False,0.1,True,3,7.2907819747924805,62.96,27,17,10,
uchen_medium quality,uchen_medium quality - page 2,Woodblock,layout,0.8,3.0,2.5,False,0.25,True,3,7.245325565338135,62.96,27,17,10,
uchen_medium quality,uchen_medium quality - page 2,Woodblock,layout,0.8,3.0,2.5,False,0.5,True,3,7.201484203338623,62.96,27,17,10,
uchen_medium quality,uchen_medium quality - page 2,Woodblock,layout,0.8,3.0,2.5,False,0.9,True,3,7.204980850219727,62.96,27,17,10,
uchen_medium quality,uchen_medium quality - page 2,Woodblock,layout,0.8,3.0,3.5,True,0.1,True,2,6.870636224746704,71.43,21,15,6,
uchen_medium quality,uchen_medium quality - page 2,Woodblock,layout,0.8,3.0,3.5,True,0.25,True,2,6.8112640380859375,71.43,21,15,6,
uchen_medium quality,uchen_medium quality - page 2,Woodblock,layout,0.8,3.0,3.5,True,0.5,True,2,6.790099859237671,71.43,21,15,6,
uchen_medium quality,uchen_medium quality - page 2,Woodblock,layout,0.8,3.0,3.5,True,0.9,True,2,6.881296873092651,71.43,21,15,6,
uchen_medium quality,uchen_medium quality - page 2,Woodblock,layout,0.8,3.0,3.5,False,0.1,True,3,7.0770463943481445,65.0,20,13,7,
uchen_medium quality,uchen_medium quality - page 2,Woodblock,layout,0.8,3.0,3.5,False,0.25,True,3,6.972742080688477,65.0,20,13,7,
uchen_medium quality,uchen_medium quality - page 2,Woodblock,layout,0.8,3.0,3.5,False,0.5,True,3,6.98905348777771,65.0,20,13,7,
uchen_medium quality,uchen_medium quality - page 2,Woodblock,layout,0.8,3.0,3.5,False,0.9,True,3,6.9580018520355225,65.0,20,13,7,
uchen_medium quality,uchen_medium quality - page 2,Woodblock,layout,0.8,3.0,4.0,True,0.1,True,2,6.6577723026275635,73.91,23,17,6,
uchen_medium quality,uchen_medium quality - page 2,Woodblock,layout,0.8,3.0,4.0,True,0.25,True,2,6.648396968841553,73.91,23,17,6,
uchen_medium quality,uchen_medium quality - page 2,Woodblock,layout,0.8,3.0,4.0,True,0.5,True,2,6.617639064788818,73.91,23,17,6,
uchen_medium quality,uchen_medium quality - page 2,Woodblock,layout,0.8,3.0,4.0,True,0.9,True,2,6.624136209487915,73.91,23,17,6,
uchen_medium quality,uchen_medium quality - page 2,Woodblock,layout,0.8,3.0,4.0,False,0.1,True,3,6.917933225631714,73.91,23,17,6,
uchen_medium quality,uchen_medium quality - page 2,Woodblock,layout,0.8,3.0,4.0,False,0.25,True,3,6.923231601715088,73.91,23,17,6,
uchen_medium quality,uchen_medium quality - page 2,Woodblock,layout,0.8,3.0,4.0,False,0.5,True,3,6.865448713302612,73.91,23,17,6,
uchen_medium quality,uchen_medium quality - page 2,Woodblock,layout,0.8,3.0,4.0,False,0.9,True,3,6.949221849441528,73.91,23,17,6,
uchen_medium quality,uchen_medium quality - page 2,Woodblock,layout,0.8,3.0,5.0,True,0.1,True,2,6.504584312438965,70.83,24,17,7,
uchen_medium quality,uchen_medium quality - page 2,Woodblock,layout,0.8,3.0,5.0,True,0.25,True,2,6.665412187576294,70.83,24,17,7,
uchen_medium quality,uchen_medium quality - page 2,Woodblock,layout,0.8,3.0,5.0,True,0.5,True,2,6.526468515396118,70.83,24,17,7,
uchen_medium quality,uchen_medium quality - page 2,Woodblock,layout,0.8,3.0,5.0,True,0.9,True,2,6.901360750198364,70.83,24,17,7,
uchen_medium quality,uchen_medium quality - page 2,Woodblock,layout,0.8,3.0,5.0,False,0.1,True,3,6.719725131988525,68.18,22,15,7,
uchen_medium quality,uchen_medium quality - page 2,Woodblock,layout,0.8,3.0,5.0,False,0.25,True,3,6.796432018280029,68.18,22,15,7,
uchen_medium quality,uchen_medium quality - page 2,Woodblock,layout,0.8,3.0,5.0,False,0.5,True,3,6.687350273132324,68.18,22,15,7,
uchen_medium quality,uchen_medium quality - page 2,Woodblock,layout,0.8,3.0,5.0,False,0.9,True,3,6.685466289520264,68.18,22,15,7,
uchen_medium quality,uchen_medium quality - page 2,Woodblock,layout,0.9,2.0,2.5,True,0.1,True,2,6.459453344345093,44.0,25,11,14,
uchen_medium quality,uchen_medium quality - page 2,Woodblock,layout,0.9,2.0,2.5,True,0.25,True,2,6.334935188293457,44.0,25,11,14,
uchen_medium quality,uchen_medium quality - page 2,Woodblock,layout,0.9,2.0,2.5,True,0.5,True,2,6.360252857208252,44.0,25,11,14,
uchen_medium quality,uchen_medium quality - page 2,Woodblock,layout,0.9,2.0,2.5,True,0.9,True,2,6.399888753890991,44.0,25,11,14,
uchen_medium quality,uchen_medium quality - page 2,Woodblock,layout,0.9,2.0,2.5,False,0.1,True,3,6.6540207862854,54.84,31,17,14,
uchen_medium quality,uchen_medium quality - page 2,Woodblock,layout,0.9,2.0,2.5,False,0.25,True,3,6.548283338546753,54.84,31,17,14,
uchen_medium quality,uchen_medium quality - page 2,Woodblock,layout,0.9,2.0,2.5,False,0.5,True,3,6.643866300582886,54.84,31,17,14,
uchen_medium quality,uchen_medium quality - page 2,Woodblock,layout,0.9,2.0,2.5,False,0.9,True,3,6.591221809387207,54.84,31,17,14,
uchen_medium quality,uchen_medium quality - page 2,Woodblock,layout,0.9,2.0,3.5,True,0.1,True,2,6.104976654052734,61.9,21,13,8,
uchen_medium quality,uchen_medium quality - page 2,Woodblock,layout,0.9,2.0,3.5,True,0.25,True,2,6.057071208953857,61.9,21,13,8,
uchen_medium quality,uchen_medium quality - page 2,Woodblock,layout,0.9,2.0,3.5,True,0.5,True,2,6.032109022140503,61.9,21,13,8,
uchen_medium quality,uchen_medium quality - page 2,Woodblock,layout,0.9,2.0,3.5,True,0.9,True,2,6.036978006362915,61.9,21,13,8,
uchen_medium quality,uchen_medium quality - page 2,Woodblock,layout,0.9,2.0,3.5,False,0.1,True,3,6.410214900970459,55.0,20,11,9,
uchen_medium quality,uchen_medium quality - page 2,Woodblock,layout,0.9,2.0,3.5,False,0.25,True,3,6.266734838485718,55.0,20,11,9,
uchen_medium quality,uchen_medium quality - page 2,Woodblock,layout,0.9,2.0,3.5,False,0.5,True,3,6.244137525558472,55.0,20,11,9,
uchen_medium quality,uchen_medium quality - page 2,Woodblock,layout,0.9,2.0,3.5,False,0.9,True,3,6.260055303573608,55.0,20,11,9,
uchen_medium quality,uchen_medium quality - page 2,Woodblock,layout,0.9,2.0,4.0,True,0.1,True,2,5.959780931472778,82.61,23,19,4,
uchen_medium quality,uchen_medium quality - page 2,Woodblock,layout,0.9,2.0,4.0,True,0.25,True,2,5.82312273979187,82.61,23,19,4,
uchen_medium quality,uchen_medium quality - page 2,Woodblock,layout,0.9,2.0,4.0,True,0.5,True,2,5.845876693725586,82.61,23,19,4,
uchen_medium quality,uchen_medium quality - page 2,Woodblock,layout,0.9,2.0,4.0,True,0.9,True,2,5.842602968215942,82.61,23,19,4,
uchen_medium quality,uchen_medium quality - page 2,Woodblock,layout,0.9,2.0,4.0,False,0.1,True,3,6.148648023605347,82.61,23,19,4,
uchen_medium quality,uchen_medium quality - page 2,Woodblock,layout,0.9,2.0,4.0,False,0.25,True,3,6.036447286605835,82.61,23,19,4,
uchen_medium quality,uchen_medium quality - page 2,Woodblock,layout,0.9,2.0,4.0,False,0.5,True,3,6.07950234413147,82.61,23,19,4,
uchen_medium quality,uchen_medium quality - page 2,Woodblock,layout,0.9,2.0,4.0,False,0.9,True,3,6.079870223999023,82.61,23,19,4,
uchen_medium quality,uchen_medium quality - page 2,Woodblock,layout,0.9,2.0,5.0,True,0.1,True,2,5.810898542404175,61.9,21,13,8,
uchen_medium quality,uchen_medium quality - page 2,Woodblock,layout,0.9,2.0,5.0,True,0.25,True,2,5.787644386291504,61.9,21,13,8,
uchen_medium quality,uchen_medium quality - page 2,Woodblock,layout,0.9,2.0,5.0,True,0.5,True,2,8.691895484924316,61.9,21,13,8,
uchen_medium quality,uchen_medium quality - page 2,Woodblock,layout,0.9,2.0,5.0,True,0.9,True,2,8.707097053527832,61.9,21,13,8,
uchen_medium quality,uchen_medium quality - page 2,Woodblock,layout,0.9,2.0,5.0,False,0.1,True,3,6.2273640632629395,72.73,22,16,6,
uchen_medium quality,uchen_medium quality - page 2,Woodblock,layout,0.9,2.0,5.0,False,0.25,True,3,5.569063663482666,72.73,22,16,6,
uchen_medium quality,uchen_medium quality - page 2,Woodblock,layout,0.9,2.0,5.0,False,0.5,True,3,5.876258134841919,72.73,22,16,6,
uchen_medium quality,uchen_medium quality - page 2,Woodblock,layout,0.9,2.0,5.0,False,0.9,True,3,5.924595832824707,72.73,22,16,6,
uchen_medium quality,uchen_medium quality - page 2,Woodblock,layout,0.9,2.5,2.5,True,0.1,True,2,6.783995866775513,42.86,21,9,12,
uchen_medium quality,uchen_medium quality - page 2,Woodblock,layout,0.9,2.5,2.5,True,0.25,True,2,6.63218355178833,42.86,21,9,12,
uchen_medium quality,uchen_medium quality - page 2,Woodblock,layout,0.9,2.5,2.5,True,0.5,True,2,6.634875059127808,42.86,21,9,12,
uchen_medium quality,uchen_medium quality - page 2,Woodblock,layout,0.9,2.5,2.5,True,0.9,True,2,6.664606332778931,42.86,21,9,12,
uchen_medium quality,uchen_medium quality - page 2,Woodblock,layout,0.9,2.5,2.5,False,0.1,True,3,6.803699731826782,55.56,27,15,12,
uchen_medium quality,uchen_medium quality - page 2,Woodblock,layout,0.9,2.5,2.5,False,0.25,True,3,6.923954725265503,55.56,27,15,12,
uchen_medium quality,uchen_medium quality - page 2,Woodblock,layout,0.9,2.5,2.5,False,0.5,True,3,6.842581510543823,55.56,27,15,12,
uchen_medium quality,uchen_medium quality - page 2,Woodblock,layout,0.9,2.5,2.5,False,0.9,True,3,9.782724380493164,55.56,27,15,12,
uchen_medium quality,uchen_medium quality - page 2,Woodblock,layout,0.9,2.5,3.5,True,0.1,True,2,6.116671085357666,61.9,21,13,8,
uchen_medium quality,uchen_medium quality - page 2,Woodblock,layout,0.9,2.5,3.5,True,0.25,True,2,6.262286424636841,61.9,21,13,8,
uchen_medium quality,uchen_medium quality - page 2,Woodblock,layout,0.9,2.5,3.5,True,0.5,True,2,6.342506170272827,61.9,21,13,8,
uchen_medium quality,uchen_medium quality - page 2,Woodblock,layout,0.9,2.5,3.5,True,0.9,True,2,6.44714879989624,61.9,21,13,8,
uchen_medium quality,uchen_medium quality - page 2,Woodblock,layout,0.9,2.5,3.5,False,0.1,True,3,6.571768760681152,55.0,20,11,9,
uchen_medium quality,uchen_medium quality - page 2,Woodblock,layout,0.9,2.5,3.5,False,0.25,True,3,6.7683563232421875,55.0,20,11,9,
uchen_medium quality,uchen_medium quality - page 2,Woodblock,layout,0.9,2.5,3.5,False,0.5,True,3,9.72191047668457,55.0,20,11,9,
uchen_medium quality,uchen_medium quality - page 2,Woodblock,layout,0.9,2.5,3.5,False,0.9,True,3,6.331620693206787,55.0,20,11,9,
uchen_medium quality,uchen_medium quality - page 2,Woodblock,layout,0.9,2.5,4.0,True,0.1,True,2,5.979436874389648,82.61,23,19,4,
uchen_medium quality,uchen_medium quality - page 2,Woodblock,layout,0.9,2.5,4.0,True,0.25,True,2,6.194159030914307,82.61,23,19,4,
uchen_medium quality,uchen_medium quality - page 2,Woodblock,layout,0.9,2.5,4.0,True,0.5,True,2,6.245416641235352,82.61,23,19,4,
uchen_medium quality,uchen_medium quality - page 2,Woodblock,layout,0.9,2.5,4.0,True,0.9,True,2,6.426662445068359,82.61,23,19,4,
uchen_medium quality,uchen_medium quality - page 2,Woodblock,layout,0.9,2.5,4.0,False,0.1,True,3,6.413570880889893,82.61,23,19,4,
uchen_medium quality,uchen_medium quality - page 2,Woodblock,layout,0.9,2.5,4.0,False,0.25,True,3,6.4640092849731445,82.61,23,19,4,
uchen_medium quality,uchen_medium quality - page 2,Woodblock,layout,0.9,2.5,4.0,False,0.5,True,3,6.529501914978027,82.61,23,19,4,
uchen_medium quality,uchen_medium quality - page 2,Woodblock,layout,0.9,2.5,4.0,False,0.9,True,3,6.515627384185791,82.61,23,19,4,
uchen_medium quality,uchen_medium quality - page 2,Woodblock,layout,0.9,2.5,5.0,True,0.1,True,2,6.130671501159668,70.83,24,17,7,
uchen_medium quality,uchen_medium quality - page 2,Woodblock,layout,0.9,2.5,5.0,True,0.25,True,2,9.059026718139648,70.83,24,17,7,
uchen_medium quality,uchen_medium quality - page 2,Woodblock,layout,0.9,2.5,5.0,True,0.5,True,2,5.883972406387329,70.83,24,17,7,
uchen_medium quality,uchen_medium quality - page 2,Woodblock,layout,0.9,2.5,5.0,True,0.9,True,2,6.101117372512817,70.83,24,17,7,
uchen_medium quality,uchen_medium quality - page 2,Woodblock,layout,0.9,2.5,5.0,False,0.1,True,3,6.3520801067352295,68.18,22,15,7,
uchen_medium quality,uchen_medium quality - page 2,Woodblock,layout,0.9,2.5,5.0,False,0.25,True,3,6.4013049602508545,68.18,22,15,7,
uchen_medium quality,uchen_medium quality - page 2,Woodblock,layout,0.9,2.5,5.0,False,0.5,True,3,6.316784858703613,68.18,22,15,7,
uchen_medium quality,uchen_medium quality - page 2,Woodblock,layout,0.9,2.5,5.0,False,0.9,True,3,6.3580381870269775,68.18,22,15,7,
uchen_medium quality,uchen_medium quality - page 2,Woodblock,layout,0.9,3.0,2.5,True,0.1,True,2,7.135771036148071,52.38,21,11,10,
uchen_medium quality,uchen_medium quality - page 2,Woodblock,layout,0.9,3.0,2.5,True,0.25,True,2,7.02897834777832,52.38,21,11,10,
uchen_medium quality,uchen_medium quality - page 2,Woodblock,layout,0.9,3.0,2.5,True,0.5,True,2,6.985577344894409,52.38,21,11,10,
uchen_medium quality,uchen_medium quality - page 2,Woodblock,layout,0.9,3.0,2.5,True,0.9,True,2,7.124364137649536,52.38,21,11,10,
uchen_medium quality,uchen_medium quality - page 2,Woodblock,layout,0.9,3.0,2.5,False,0.1,True,3,7.142199516296387,62.96,27,17,10,
uchen_medium quality,uchen_medium quality - page 2,Woodblock,layout,0.9,3.0,2.5,False,0.25,True,3,7.174629211425781,62.96,27,17,10,
uchen_medium quality,uchen_medium quality - page 2,Woodblock,layout,0.9,3.0,2.5,False,0.5,True,3,7.323263168334961,62.96,27,17,10,
uchen_medium quality,uchen_medium quality - page 2,Woodblock,layout,0.9,3.0,2.5,False,0.9,True,3,7.235122203826904,62.96,27,17,10,
uchen_medium quality,uchen_medium quality - page 2,Woodblock,layout,0.9,3.0,3.5,True,0.1,True,2,6.762385129928589,71.43,21,15,6,
uchen_medium quality,uchen_medium quality - page 2,Woodblock,layout,0.9,3.0,3.5,True,0.25,True,2,6.789170265197754,71.43,21,15,6,
uchen_medium quality,uchen_medium quality - page 2,Woodblock,layout,0.9,3.0,3.5,True,0.5,True,2,6.822149276733398,71.43,21,15,6,
uchen_medium quality,uchen_medium quality - page 2,Woodblock,layout,0.9,3.0,3.5,True,0.9,True,2,6.764005899429321,71.43,21,15,6,
uchen_medium quality,uchen_medium quality - page 2,Woodblock,layout,0.9,3.0,3.5,False,0.1,True,3,6.979150295257568,65.0,20,13,7,
uchen_medium quality,uchen_medium quality - page 2,Woodblock,layout,0.9,3.0,3.5,False,0.25,True,3,7.008610963821411,65.0,20,13,7,
uchen_medium quality,uchen_medium quality - page 2,Woodblock,layout,0.9,3.0,3.5,False,0.5,True,3,7.006738901138306,65.0,20,13,7,
uchen_medium quality,uchen_medium quality - page 2,Woodblock,layout,0.9,3.0,3.5,False,0.9,True,3,6.9978718757629395,65.0,20,13,7,
uchen_medium quality,uchen_medium quality - page 2,Woodblock,layout,0.9,3.0,4.0,True,0.1,True,2,6.611768960952759,73.91,23,17,6,
uchen_medium quality,uchen_medium quality - page 2,Woodblock,layout,0.9,3.0,4.0,True,0.25,True,2,6.738750457763672,73.91,23,17,6,
uchen_medium quality,uchen_medium quality - page 2,Woodblock,layout,0.9,3.0,4.0,True,0.5,True,2,9.033560752868652,73.91,23,17,6,
uchen_medium quality,uchen_medium quality - page 2,Woodblock,layout,0.9,3.0,4.0,True,0.9,True,2,11.962872743606567,73.91,23,17,6,
uchen_medium quality,uchen_medium quality - page 2,Woodblock,layout,0.9,3.0,4.0,False,0.1,True,3,10.183142900466919,73.91,23,17,6,
uchen_medium quality,uchen_medium quality - page 2,Woodblock,layout,0.9,3.0,4.0,False,0.25,True,3,10.518962144851685,73.91,23,17,6,
uchen_medium quality,uchen_medium quality - page 2,Woodblock,layout,0.9,3.0,4.0,False,0.5,True,3,10.97327470779419,73.91,23,17,6,
uchen_medium quality,uchen_medium quality - page 2,Woodblock,layout,0.9,3.0,4.0,False,0.9,True,3,10.545037746429443,73.91,23,17,6,
uchen_medium quality,uchen_medium quality - page 2,Woodblock,layout,0.9,3.0,5.0,True,0.1,True,2,10.289791822433472,70.83,24,17,7,
uchen_medium quality,uchen_medium quality - page 2,Woodblock,layout,0.9,3.0,5.0,True,0.25,True,2,9.855940103530884,70.83,24,17,7,
uchen_medium quality,uchen_medium quality - page 2,Woodblock,layout,0.9,3.0,5.0,True,0.5,True,2,10.150870323181152,70.83,24,17,7,
uchen_medium quality,uchen_medium quality - page 2,Woodblock,layout,0.9,3.0,5.0,True,0.9,True,2,10.564876317977905,70.83,24,17,7,
uchen_medium quality,uchen_medium quality - page 2,Woodblock,layout,0.9,3.0,5.0,False,0.1,True,3,10.09872317314148,68.18,22,15,7,
uchen_medium quality,uchen_medium quality - page 2,Woodblock,layout,0.9,3.0,5.0,False,0.25,True,3,10.308865070343018,68.18,22,15,7,
uchen_medium quality,uchen_medium quality - page 2,Woodblock,layout,0.9,3.0,5.0,False,0.5,True,3,11.171610832214355,68.18,22,15,7,
uchen_medium quality,uchen_medium quality - page 2,Woodblock,layout,0.9,3.0,5.0,False,0.9,True,3,10.317926168441772,68.18,22,15,7,
uchen_medium quality,uchen_medium quality - page 2,Woodblock-Stacks,line,0.7,2.0,2.5,True,0.1,True,1,10.127529621124268,0.0,0,0,0,
uchen_medium quality,uchen_medium quality - page 2,Woodblock-Stacks,line,0.7,2.0,2.5,True,0.25,True,1,9.73383617401123,0.0,0,0,0,
uchen_medium quality,uchen_medium quality - page 2,Woodblock-Stacks,line,0.7,2.0,2.5,True,0.5,True,1,9.447551727294922,0.0,0,0,0,
uchen_medium quality,uchen_medium quality - page 2,Woodblock-Stacks,line,0.7,2.0,2.5,True,0.9,True,1,9.21979308128357,0.0,0,0,0,
uchen_medium quality,uchen_medium quality - page 2,Woodblock-Stacks,line,0.7,2.0,2.5,False,0.1,True,6,12.051987171173096,61.9,21,13,8,
uchen_medium quality,uchen_medium quality - page 2,Woodblock-Stacks,line,0.7,2.0,2.5,False,0.25,True,6,12.736770391464233,61.9,21,13,8,
uchen_medium quality,uchen_medium quality - page 2,Woodblock-Stacks,line,0.7,2.0,2.5,False,0.5,True,6,12.549777746200562,61.9,21,13,8,
uchen_medium quality,uchen_medium quality - page 2,Woodblock-Stacks,line,0.7,2.0,2.5,False,0.9,True,6,12.30557107925415,61.9,21,13,8,
uchen_medium quality,uchen_medium quality - page 2,Woodblock-Stacks,line,0.7,2.0,3.5,True,0.1,True,1,9.187272787094116,0.0,1,0,1,
uchen_medium quality,uchen_medium quality - page 2,Woodblock-Stacks,line,0.7,2.0,3.5,True,0.25,True,1,8.885677337646484,0.0,1,0,1,
uchen_medium quality,uchen_medium quality - page 2,Woodblock-Stacks,line,0.7,2.0,3.5,True,0.5,True,1,8.861541032791138,0.0,1,0,1,
uchen_medium quality,uchen_medium quality - page 2,Woodblock-Stacks,line,0.7,2.0,3.5,True,0.9,True,1,9.099966526031494,0.0,1,0,1,
uchen_medium quality,uchen_medium quality - page 2,Woodblock-Stacks,line,0.7,2.0,3.5,False,0.1,True,6,12.0374755859375,57.89,19,11,8,
uchen_medium quality,uchen_medium quality - page 2,Woodblock-Stacks,line,0.7,2.0,3.5,False,0.25,True,6,11.865969896316528,57.89,19,11,8,
uchen_medium quality,uchen_medium quality - page 2,Woodblock-Stacks,line,0.7,2.0,3.5,False,0.5,True,6,11.684982538223267,57.89,19,11,8,
uchen_medium quality,uchen_medium quality - page 2,Woodblock-Stacks,line,0.7,2.0,3.5,False,0.9,True,6,11.94864010810852,57.89,19,11,8,
uchen_medium quality,uchen_medium quality - page 2,Woodblock-Stacks,line,0.7,2.0,4.0,True,0.1,True,1,9.097125768661499,100.0,1,1,0,
uchen_medium quality,uchen_medium quality - page 2,Woodblock-Stacks,line,0.7,2.0,4.0,True,0.25,True,1,9.034278631210327,100.0,1,1,0,
uchen_medium quality,uchen_medium quality - page 2,Woodblock-Stacks,line,0.7,2.0,4.0,True,0.5,True,1,6.800128698348999,100.0,1,1,0,
uchen_medium quality,uchen_medium quality - page 2,Woodblock-Stacks,line,0.7,2.0,4.0,True,0.9,True,1,5.844096660614014,100.0,1,1,0,
uchen_medium quality,uchen_medium quality - page 2,Woodblock-Stacks,line,0.7,2.0,4.0,False,0.1,True,6,7.471498966217041,47.06,17,8,9,
uchen_medium quality,uchen_medium quality - page 2,Woodblock-Stacks,line,0.7,2.0,4.0,False,0.25,True,6,7.438591718673706,47.06,17,8,9,
uchen_medium quality,uchen_medium quality - page 2,Woodblock-Stacks,line,0.7,2.0,4.0,False,0.5,True,6,9.624688148498535,47.06,17,8,9,
uchen_medium quality,uchen_medium quality - page 2,Woodblock-Stacks,line,0.7,2.0,4.0,False,0.9,True,6,7.290731430053711,47.06,17,8,9,
uchen_medium quality,uchen_medium quality - page 2,Woodblock-Stacks,line,0.7,2.0,5.0,True,0.1,True,1,5.347936391830444,0.0,0,0,0,
uchen_medium quality,uchen_medium quality - page 2,Woodblock-Stacks,line,0.7,2.0,5.0,True,0.25,True,1,5.423932075500488,0.0,0,0,0,
uchen_medium quality,uchen_medium quality - page 2,Woodblock-Stacks,line,0.7,2.0,5.0,True,0.5,True,1,5.403964519500732,0.0,0,0,0,
uchen_medium quality,uchen_medium quality - page 2,Woodblock-Stacks,line,0.7,2.0,5.0,True,0.9,True,1,5.520925283432007,0.0,0,0,0,
uchen_medium quality,uchen_medium quality - page 2,Woodblock-Stacks,line,0.7,2.0,5.0,False,0.1,True,6,7.338269233703613,68.42,19,13,6,
uchen_medium quality,uchen_medium quality - page 2,Woodblock-Stacks,line,0.7,2.0,5.0,False,0.25,True,6,8.27773666381836,68.42,19,13,6,
uchen_medium quality,uchen_medium quality - page 2,Woodblock-Stacks,line,0.7,2.0,5.0,False,0.5,True,6,7.3413286209106445,68.42,19,13,6,
uchen_medium quality,uchen_medium quality - page 2,Woodblock-Stacks,line,0.7,2.0,5.0,False,0.9,True,6,7.301803827285767,68.42,19,13,6,
uchen_medium quality,uchen_medium quality - page 2,Woodblock-Stacks,line,0.7,2.5,2.5,True,0.1,True,1,9.291584491729736,0.0,1,0,1,
uchen_medium quality,uchen_medium quality - page 2,Woodblock-Stacks,line,0.7,2.5,2.5,True,0.25,True,1,6.231433391571045,0.0,1,0,1,
uchen_medium quality,uchen_medium quality - page 2,Woodblock-Stacks,line,0.7,2.5,2.5,True,0.5,True,1,6.393836259841919,0.0,1,0,1,
uchen_medium quality,uchen_medium quality - page 2,Woodblock-Stacks,line,0.7,2.5,2.5,True,0.9,True,1,6.4862542152404785,0.0,1,0,1,
uchen_medium quality,uchen_medium quality - page 2,Woodblock-Stacks,line,0.7,2.5,2.5,False,0.1,True,6,8.253300428390503,72.73,22,16,6,
uchen_medium quality,uchen_medium quality - page 2,Woodblock-Stacks,line,0.7,2.5,2.5,False,0.25,True,6,8.240452766418457,72.73,22,16,6,
uchen_medium quality,uchen_medium quality - page 2,Woodblock-Stacks,line,0.7,2.5,2.5,False,0.5,True,6,8.919421195983887,72.73,22,16,6,
uchen_medium quality,uchen_medium quality - page 2,Woodblock-Stacks,line,0.7,2.5,2.5,False,0.9,True,6,8.250248670578003,72.73,22,16,6,
uchen_medium quality,uchen_medium quality - page 2,Woodblock-Stacks,line,0.7,2.5,3.5,True,0.1,True,1,6.391505479812622,0.0,1,0,1,
uchen_medium quality,uchen_medium quality - page 2,Woodblock-Stacks,line,0.7,2.5,3.5,True,0.25,True,1,6.425215244293213,0.0,1,0,1,
uchen_medium quality,uchen_medium quality - page 2,Woodblock-Stacks,line,0.7,2.5,3.5,True,0.5,True,1,6.511172294616699,0.0,1,0,1,
uchen_medium quality,uchen_medium quality - page 2,Woodblock-Stacks,line,0.7,2.5,3.5,True,0.9,True,1,6.470039367675781,0.0,1,0,1,
uchen_medium quality,uchen_medium quality - page 2,Woodblock-Stacks,line,0.7,2.5,3.5,False,0.1,True,6,8.112691879272461,57.89,19,11,8,
uchen_medium quality,uchen_medium quality - page 2,Woodblock-Stacks,line,0.7,2.5,3.5,False,0.25,True,6,7.856589078903198,57.89,19,11,8,
uchen_medium quality,uchen_medium quality - page 2,Woodblock-Stacks,line,0.7,2.5,3.5,False,0.5,True,6,8.118078708648682,57.89,19,11,8,
uchen_medium quality,uchen_medium quality - page 2,Woodblock-Stacks,line,0.7,2.5,3.5,False,0.9,True,6,8.609640121459961,57.89,19,11,8,
uchen_medium quality,uchen_medium quality - page 2,Woodblock-Stacks,line,0.7,2.5,4.0,True,0.1,True,1,6.265685796737671,100.0,1,1,0,
uchen_medium quality,uchen_medium quality - page 2,Woodblock-Stacks,line,0.7,2.5,4.0,True,0.25,True,1,6.256653785705566,100.0,1,1,0,
uchen_medium quality,uchen_medium quality - page 2,Woodblock-Stacks,line,0.7,2.5,4.0,True,0.5,True,1,6.240483522415161,100.0,1,1,0,
uchen_medium quality,uchen_medium quality - page 2,Woodblock-Stacks,line,0.7,2.5,4.0,True,0.9,True,1,6.381354331970215,100.0,1,1,0,
uchen_medium quality,uchen_medium quality - page 2,Woodblock-Stacks,line,0.7,2.5,4.0,False,0.1,True,6,7.819759368896484,47.06,17,8,9,
uchen_medium quality,uchen_medium quality - page 2,Woodblock-Stacks,line,0.7,2.5,4.0,False,0.25,True,6,7.696866989135742,47.06,17,8,9,
uchen_medium quality,uchen_medium quality - page 2,Woodblock-Stacks,line,0.7,2.5,4.0,False,0.5,True,6,7.776241302490234,47.06,17,8,9,
uchen_medium quality,uchen_medium quality - page 2,Woodblock-Stacks,line,0.7,2.5,4.0,False,0.9,True,6,7.828604698181152,47.06,17,8,9,
uchen_medium quality,uchen_medium quality - page 2,Woodblock-Stacks,line,0.7,2.5,5.0,True,0.1,True,1,5.892160177230835,0.0,0,0,0,
uchen_medium quality,uchen_medium quality - page 2,Woodblock-Stacks,line,0.7,2.5,5.0,True,0.25,True,1,5.9337146282196045,0.0,0,0,0,
uchen_medium quality,uchen_medium quality - page 2,Woodblock-Stacks,line,0.7,2.5,5.0,True,0.5,True,1,5.911231279373169,0.0,0,0,0,
uchen_medium quality,uchen_medium quality - page 2,Woodblock-Stacks,line,0.7,2.5,5.0,True,0.9,True,1,5.974686622619629,0.0,0,0,0,
uchen_medium quality,uchen_medium quality - page 2,Woodblock-Stacks,line,0.7,2.5,5.0,False,0.1,True,6,10.37272047996521,88.24,17,15,2,
uchen_medium quality,uchen_medium quality - page 2,Woodblock-Stacks,line,0.7,2.5,5.0,False,0.25,True,6,7.214489698410034,88.24,17,15,2,
uchen_medium quality,uchen_medium quality - page 2,Woodblock-Stacks,line,0.7,2.5,5.0,False,0.5,True,6,7.682567834854126,88.24,17,15,2,
uchen_medium quality,uchen_medium quality - page 2,Woodblock-Stacks,line,0.7,2.5,5.0,False,0.9,True,6,7.55761981010437,88.24,17,15,2,
uchen_medium quality,uchen_medium quality - page 2,Woodblock-Stacks,line,0.7,3.0,2.5,True,0.1,True,1,6.580752611160278,0.0,0,0,0,
uchen_medium quality,uchen_medium quality - page 2,Woodblock-Stacks,line,0.7,3.0,2.5,True,0.25,True,1,6.522259473800659,0.0,0,0,0,
uchen_medium quality,uchen_medium quality - page 2,Woodblock-Stacks,line,0.7,3.0,2.5,True,0.5,True,1,6.527287006378174,0.0,0,0,0,
uchen_medium quality,uchen_medium quality - page 2,Woodblock-Stacks,line,0.7,3.0,2.5,True,0.9,True,1,6.621075630187988,0.0,0,0,0,
uchen_medium quality,uchen_medium quality - page 2,Woodblock-Stacks,line,0.7,3.0,2.5,False,0.1,True,6,8.705791473388672,68.18,22,15,7,
uchen_medium quality,uchen_medium quality - page 2,Woodblock-Stacks,line,0.7,3.0,2.5,False,0.25,True,6,8.545336484909058,68.18,22,15,7,
uchen_medium quality,uchen_medium quality - page 2,Woodblock-Stacks,line,0.7,3.0,2.5,False,0.5,True,6,8.661701440811157,68.18,22,15,7,
uchen_medium quality,uchen_medium quality - page 2,Woodblock-Stacks,line,0.7,3.0,2.5,False,0.9,True,6,8.54749846458435,68.18,22,15,7,
uchen_medium quality,uchen_medium quality - page 2,Woodblock-Stacks,line,0.7,3.0,3.5,True,0.1,True,1,6.462687969207764,0.0,0,0,0,
uchen_medium quality,uchen_medium quality - page 2,Woodblock-Stacks,line,0.7,3.0,3.5,True,0.25,True,1,6.571847200393677,0.0,0,0,0,
uchen_medium quality,uchen_medium quality - page 2,Woodblock-Stacks,line,0.7,3.0,3.5,True,0.5,True,1,6.548404932022095,0.0,0,0,0,
uchen_medium quality,uchen_medium quality - page 2,Woodblock-Stacks,line,0.7,3.0,3.5,True,0.9,True,1,6.519121170043945,0.0,0,0,0,
uchen_medium quality,uchen_medium quality - page 2,Woodblock-Stacks,line,0.7,3.0,3.5,False,0.1,True,6,8.202157974243164,66.67,18,12,6,
uchen_medium quality,uchen_medium quality - page 2,Woodblock-Stacks,line,0.7,3.0,3.5,False,0.25,True,6,8.315951585769653,66.67,18,12,6,
uchen_medium quality,uchen_medium quality - page 2,Woodblock-Stacks,line,0.7,3.0,3.5,False,0.5,True,6,8.218093872070312,66.67,18,12,6,
uchen_medium quality,uchen_medium quality - page 2,Woodblock-Stacks,line,0.7,3.0,3.5,False,0.9,True,6,8.149201154708862,66.67,18,12,6,
uchen_medium quality,uchen_medium quality - page 2,Woodblock-Stacks,line,0.7,3.0,4.0,True,0.1,True,1,6.502123594284058,0.0,0,0,0,
uchen_medium quality,uchen_medium quality - page 2,Woodblock-Stacks,line,0.7,3.0,4.0,True,0.25,True,1,6.637466192245483,0.0,0,0,0,
uchen_medium quality,uchen_medium quality - page 2,Woodblock-Stacks,line,0.7,3.0,4.0,True,0.5,True,1,6.528072357177734,0.0,0,0,0,
uchen_medium quality,uchen_medium quality - page 2,Woodblock-Stacks,line,0.7,3.0,4.0,True,0.9,True,1,6.533561944961548,0.0,0,0,0,
uchen_medium quality,uchen_medium quality - page 2,Woodblock-Stacks,line,0.7,3.0,4.0,False,0.1,True,6,8.064350128173828,62.5,16,10,6,
uchen_medium quality,uchen_medium quality - page 2,Woodblock-Stacks,line,0.7,3.0,4.0,False,0.25,True,6,8.169462442398071,62.5,16,10,6,
uchen_medium quality,uchen_medium quality - page 2,Woodblock-Stacks,line,0.7,3.0,4.0,False,0.5,True,6,8.070516347885132,62.5,16,10,6,
uchen_medium quality,uchen_medium quality - page 2,Woodblock-Stacks,line,0.7,3.0,4.0,False,0.9,True,6,8.044703722000122,62.5,16,10,6,
uchen_medium quality,uchen_medium quality - page 2,Woodblock-Stacks,line,0.7,3.0,5.0,True,0.1,True,1,6.6184844970703125,0.0,0,0,0,
uchen_medium quality,uchen_medium quality - page 2,Woodblock-Stacks,line,0.7,3.0,5.0,True,0.25,True,1,6.548108816146851,0.0,0,0,0,
uchen_medium quality,uchen_medium quality - page 2,Woodblock-Stacks,line,0.7,3.0,5.0,True,0.5,True,1,6.532167196273804,0.0,0,0,0,
uchen_medium quality,uchen_medium quality - page 2,Woodblock-Stacks,line,0.7,3.0,5.0,True,0.9,True,1,6.504957914352417,0.0,0,0,0,
uchen_medium quality,uchen_medium quality - page 2,Woodblock-Stacks,line,0.7,3.0,5.0,False,0.1,True,6,7.941312313079834,88.24,17,15,2,
uchen_medium quality,uchen_medium quality - page 2,Woodblock-Stacks,line,0.7,3.0,5.0,False,0.25,True,6,7.9994518756866455,88.24,17,15,2,
uchen_medium quality,uchen_medium quality - page 2,Woodblock-Stacks,line,0.7,3.0,5.0,False,0.5,True,6,7.866147518157959,88.24,17,15,2,
uchen_medium quality,uchen_medium quality - page 2,Woodblock-Stacks,line,0.7,3.0,5.0,False,0.9,True,6,7.954115390777588,88.24,17,15,2,
uchen_medium quality,uchen_medium quality - page 2,Woodblock-Stacks,line,0.8,2.0,2.5,True,0.1,True,1,6.038891315460205,0.0,0,0,0,
uchen_medium quality,uchen_medium quality - page 2,Woodblock-Stacks,line,0.8,2.0,2.5,True,0.25,True,1,6.07924485206604,0.0,0,0,0,
uchen_medium quality,uchen_medium quality - page 2,Woodblock-Stacks,line,0.8,2.0,2.5,True,0.5,True,1,6.098041534423828,0.0,0,0,0,
uchen_medium quality,uchen_medium quality - page 2,Woodblock-Stacks,line,0.8,2.0,2.5,True,0.9,True,1,6.160535097122192,0.0,0,0,0,
uchen_medium quality,uchen_medium quality - page 2,Woodblock-Stacks,line,0.8,2.0,2.5,False,0.1,True,6,7.943887710571289,61.9,21,13,8,
uchen_medium quality,uchen_medium quality - page 2,Woodblock-Stacks,line,0.8,2.0,2.5,False,0.25,True,6,7.955980539321899,61.9,21,13,8,
uchen_medium quality,uchen_medium quality - page 2,Woodblock-Stacks,line,0.8,2.0,2.5,False,0.5,True,6,8.021757125854492,61.9,21,13,8,
uchen_medium quality,uchen_medium quality - page 2,Woodblock-Stacks,line,0.8,2.0,2.5,False,0.9,True,6,11.53182601928711,61.9,21,13,8,
uchen_medium quality,uchen_medium quality - page 2,Woodblock-Stacks,line,0.8,2.0,3.5,True,0.1,True,1,8.7991361618042,0.0,1,0,1,
uchen_medium quality,uchen_medium quality - page 2,Woodblock-Stacks,line,0.8,2.0,3.5,True,0.25,True,1,7.544672250747681,0.0,1,0,1,
uchen_medium quality,uchen_medium quality - page 2,Woodblock-Stacks,line,0.8,2.0,3.5,True,0.5,True,1,5.594390869140625,0.0,1,0,1,
uchen_medium quality,uchen_medium quality - page 2,Woodblock-Stacks,line,0.8,2.0,3.5,True,0.9,True,1,5.546254873275757,0.0,1,0,1,
uchen_medium quality,uchen_medium quality - page 2,Woodblock-Stacks,line,0.8,2.0,3.5,False,0.1,True,6,7.483282089233398,57.89,19,11,8,
uchen_medium quality,uchen_medium quality - page 2,Woodblock-Stacks,line,0.8,2.0,3.5,False,0.25,True,6,7.816279649734497,57.89,19,11,8,
uchen_medium quality,uchen_medium quality - page 2,Woodblock-Stacks,line,0.8,2.0,3.5,False,0.5,True,6,7.491658449172974,57.89,19,11,8,
uchen_medium quality,uchen_medium quality - page 2,Woodblock-Stacks,line,0.8,2.0,3.5,False,0.9,True,6,7.673123598098755,57.89,19,11,8,
uchen_medium quality,uchen_medium quality - page 2,Woodblock-Stacks,line,0.8,2.0,4.0,True,0.1,True,1,5.6871562004089355,100.0,1,1,0,
uchen_medium quality,uchen_medium quality - page 2,Woodblock-Stacks,line,0.8,2.0,4.0,True,0.25,True,1,5.717764377593994,100.0,1,1,0,
uchen_medium quality,uchen_medium quality - page 2,Woodblock-Stacks,line,0.8,2.0,4.0,True,0.5,True,1,5.812209129333496,100.0,1,1,0,
uchen_medium quality,uchen_medium quality - page 2,Woodblock-Stacks,line,0.8,2.0,4.0,True,0.9,True,1,5.7411909103393555,100.0,1,1,0,
uchen_medium quality,uchen_medium quality - page 2,Woodblock-Stacks,line,0.8,2.0,4.0,False,0.1,True,6,7.394128084182739,47.06,17,8,9,
uchen_medium quality,uchen_medium quality - page 2,Woodblock-Stacks,line,0.8,2.0,4.0,False,0.25,True,6,7.461026191711426,47.06,17,8,9,
uchen_medium quality,uchen_medium quality - page 2,Woodblock-Stacks,line,0.8,2.0,4.0,False,0.5,True,6,7.474564075469971,47.06,17,8,9,
uchen_medium quality,uchen_medium quality - page 2,Woodblock-Stacks,line,0.8,2.0,4.0,False,0.9,True,6,7.384080648422241,47.06,17,8,9,
uchen_medium quality,uchen_medium quality - page 2,Woodblock-Stacks,line,0.8,2.0,5.0,True,0.1,True,1,5.3393168449401855,0.0,0,0,0,
uchen_medium quality,uchen_medium quality - page 2,Woodblock-Stacks,line,0.8,2.0,5.0,True,0.25,True,1,5.400426387786865,0.0,0,0,0,
uchen_medium quality,uchen_medium quality - page 2,Woodblock-Stacks,line,0.8,2.0,5.0,True,0.5,True,1,5.495061159133911,0.0,0,0,0,
uchen_medium quality,uchen_medium quality - page 2,Woodblock-Stacks,line,0.8,2.0,5.0,True,0.9,True,1,5.39651346206665,0.0,0,0,0,
uchen_medium quality,uchen_medium quality - page 2,Woodblock-Stacks,line,0.8,2.0,5.0,False,0.1,True,6,7.353123426437378,68.42,19,13,6,
uchen_medium quality,uchen_medium quality - page 2,Woodblock-Stacks,line,0.8,2.0,5.0,False,0.25,True,6,7.247288942337036,68.42,19,13,6,
uchen_medium quality,uchen_medium quality - page 2,Woodblock-Stacks,line,0.8,2.0,5.0,False,0.5,True,6,7.387084722518921,68.42,19,13,6,
uchen_medium quality,uchen_medium quality - page 2,Woodblock-Stacks,line,0.8,2.0,5.0,False,0.9,True,6,7.3885414600372314,68.42,19,13,6,
uchen_medium quality,uchen_medium quality - page 2,Woodblock-Stacks,line,0.8,2.5,2.5,True,0.1,True,1,9.415414333343506,0.0,1,0,1,
uchen_medium quality,uchen_medium quality - page 2,Woodblock-Stacks,line,0.8,2.5,2.5,True,0.25,True,1,9.108012437820435,0.0,1,0,1,
uchen_medium quality,uchen_medium quality - page 2,Woodblock-Stacks,line,0.8,2.5,2.5,True,0.5,True,1,6.18879508972168,0.0,1,0,1,
uchen_medium quality,uchen_medium quality - page 2,Woodblock-Stacks,line,0.8,2.5,2.5,True,0.9,True,1,6.173373460769653,0.0,1,0,1,
uchen_medium quality,uchen_medium quality - page 2,Woodblock-Stacks,line,0.8,2.5,2.5,False,0.1,True,6,8.288640975952148,72.73,22,16,6,
uchen_medium quality,uchen_medium quality - page 2,Woodblock-Stacks,line,0.8,2.5,2.5,False,0.25,True,6,8.333080291748047,72.73,22,16,6,
uchen_medium quality,uchen_medium quality - page 2,Woodblock-Stacks,line,0.8,2.5,2.5,False,0.5,True,6,8.316192626953125,72.73,22,16,6,
uchen_medium quality,uchen_medium quality - page 2,Woodblock-Stacks,line,0.8,2.5,2.5,False,0.9,True,6,11.134276866912842,72.73,22,16,6,
uchen_medium quality,uchen_medium quality - page 2,Woodblock-Stacks,line,0.8,2.5,3.5,True,0.1,True,1,6.201326847076416,0.0,1,0,1,
uchen_medium quality,uchen_medium quality - page 2,Woodblock-Stacks,line,0.8,2.5,3.5,True,0.25,True,1,9.411482572555542,0.0,1,0,1,
uchen_medium quality,uchen_medium quality - page 2,Woodblock-Stacks,line,0.8,2.5,3.5,True,0.5,True,1,9.394140481948853,0.0,1,0,1,
uchen_medium quality,uchen_medium quality - page 2,Woodblock-Stacks,line,0.8,2.5,3.5,True,0.9,True,1,9.417516946792603,0.0,1,0,1,
uchen_medium quality,uchen_medium quality - page 2,Woodblock-Stacks,line,0.8,2.5,3.5,False,0.1,True,6,11.351366519927979,57.89,19,11,8,
uchen_medium quality,uchen_medium quality - page 2,Woodblock-Stacks,line,0.8,2.5,3.5,False,0.25,True,6,11.33407998085022,57.89,19,11,8,
uchen_medium quality,uchen_medium quality - page 2,Woodblock-Stacks,line,0.8,2.5,3.5,False,0.5,True,6,9.692574262619019,57.89,19,11,8,
uchen_medium quality,uchen_medium quality - page 2,Woodblock-Stacks,line,0.8,2.5,3.5,False,0.9,True,6,11.357929944992065,57.89,19,11,8,
uchen_medium quality,uchen_medium quality - page 2,Woodblock-Stacks,line,0.8,2.5,4.0,True,0.1,True,1,6.0494704246521,100.0,1,1,0,
uchen_medium quality,uchen_medium quality - page 2,Woodblock-Stacks,line,0.8,2.5,4.0,True,0.25,True,1,6.0345330238342285,100.0,1,1,0,
uchen_medium quality,uchen_medium quality - page 2,Woodblock-Stacks,line,0.8,2.5,4.0,True,0.5,True,1,5.963895797729492,100.0,1,1,0,
uchen_medium quality,uchen_medium quality - page 2,Woodblock-Stacks,line,0.8,2.5,4.0,True,0.9,True,1,6.210868835449219,100.0,1,1,0,
uchen_medium quality,uchen_medium quality - page 2,Woodblock-Stacks,line,0.8,2.5,4.0,False,0.1,True,6,7.763905763626099,47.06,17,8,9,
uchen_medium quality,uchen_medium quality - page 2,Woodblock-Stacks,line,0.8,2.5,4.0,False,0.25,True,6,7.764648914337158,47.06,17,8,9,
uchen_medium quality,uchen_medium quality - page 2,Woodblock-Stacks,line,0.8,2.5,4.0,False,0.5,True,6,7.847715377807617,47.06,17,8,9,
uchen_medium quality,uchen_medium quality - page 2,Woodblock-Stacks,line,0.8,2.5,4.0,False,0.9,True,6,7.750689268112183,47.06,17,8,9,
uchen_medium quality,uchen_medium quality - page 2,Woodblock-Stacks,line,0.8,2.5,5.0,True,0.1,True,1,5.887614011764526,0.0,0,0,0,
uchen_medium quality,uchen_medium quality - page 2,Woodblock-Stacks,line,0.8,2.5,5.0,True,0.25,True,1,5.9371278285980225,0.0,0,0,0,
uchen_medium quality,uchen_medium quality - page 2,Woodblock-Stacks,line,0.8,2.5,5.0,True,0.5,True,1,6.046940565109253,0.0,0,0,0,
uchen_medium quality,uchen_medium quality - page 2,Woodblock-Stacks,line,0.8,2.5,5.0,True,0.9,True,1,5.914095640182495,0.0,0,0,0,
uchen_medium quality,uchen_medium quality - page 2,Woodblock-Stacks,line,0.8,2.5,5.0,False,0.1,True,6,7.611900568008423,88.24,17,15,2,
uchen_medium quality,uchen_medium quality - page 2,Woodblock-Stacks,line,0.8,2.5,5.0,False,0.25,True,6,7.660832405090332,88.24,17,15,2,
uchen_medium quality,uchen_medium quality - page 2,Woodblock-Stacks,line,0.8,2.5,5.0,False,0.5,True,6,7.582166433334351,88.24,17,15,2,
uchen_medium quality,uchen_medium quality - page 2,Woodblock-Stacks,line,0.8,2.5,5.0,False,0.9,True,6,7.648940801620483,88.24,17,15,2,
uchen_medium quality,uchen_medium quality - page 2,Woodblock-Stacks,line,0.8,3.0,2.5,True,0.1,True,1,6.571426153182983,0.0,0,0,0,
uchen_medium quality,uchen_medium quality - page 2,Woodblock-Stacks,line,0.8,3.0,2.5,True,0.25,True,1,6.51086163520813,0.0,0,0,0,
uchen_medium quality,uchen_medium quality - page 2,Woodblock-Stacks,line,0.8,3.0,2.5,True,0.5,True,1,6.526854515075684,0.0,0,0,0,
uchen_medium quality,uchen_medium quality - page 2,Woodblock-Stacks,line,0.8,3.0,2.5,True,0.9,True,1,6.650175333023071,0.0,0,0,0,
uchen_medium quality,uchen_medium quality - page 2,Woodblock-Stacks,line,0.8,3.0,2.5,False,0.1,True,6,8.608745813369751,68.18,22,15,7,
uchen_medium quality,uchen_medium quality - page 2,Woodblock-Stacks,line,0.8,3.0,2.5,False,0.25,True,6,8.52454686164856,68.18,22,15,7,
uchen_medium quality,uchen_medium quality - page 2,Woodblock-Stacks,line,0.8,3.0,2.5,False,0.5,True,6,8.579861402511597,68.18,22,15,7,
uchen_medium quality,uchen_medium quality - page 2,Woodblock-Stacks,line,0.8,3.0,2.5,False,0.9,True,6,8.715412378311157,68.18,22,15,7,
uchen_medium quality,uchen_medium quality - page 2,Woodblock-Stacks,line,0.8,3.0,3.5,True,0.1,True,1,6.585200548171997,0.0,0,0,0,
uchen_medium quality,uchen_medium quality - page 2,Woodblock-Stacks,line,0.8,3.0,3.5,True,0.25,True,1,9.531581163406372,0.0,0,0,0,
uchen_medium quality,uchen_medium quality - page 2,Woodblock-Stacks,line,0.8,3.0,3.5,True,0.5,True,1,9.572275876998901,0.0,0,0,0,
uchen_medium quality,uchen_medium quality - page 2,Woodblock-Stacks,line,0.8,3.0,3.5,True,0.9,True,1,9.494961738586426,0.0,0,0,0,
uchen_medium quality,uchen_medium quality - page 2,Woodblock-Stacks,line,0.8,3.0,3.5,False,0.1,True,6,11.682761430740356,66.67,18,12,6,
uchen_medium quality,uchen_medium quality - page 2,Woodblock-Stacks,line,0.8,3.0,3.5,False,0.25,True,6,11.745632648468018,66.67,18,12,6,
uchen_medium quality,uchen_medium quality - page 2,Woodblock-Stacks,line,0.8,3.0,3.5,False,0.5,True,6,11.716567039489746,66.67,18,12,6,
uchen_medium quality,uchen_medium quality - page 2,Woodblock-Stacks,line,0.8,3.0,3.5,False,0.9,True,6,11.099472522735596,66.67,18,12,6,
uchen_medium quality,uchen_medium quality - page 2,Woodblock-Stacks,line,0.8,3.0,4.0,True,0.1,True,1,6.282589912414551,0.0,0,0,0,
uchen_medium quality,uchen_medium quality - page 2,Woodblock-Stacks,line,0.8,3.0,4.0,True,0.25,True,1,6.373729228973389,0.0,0,0,0,
uchen_medium quality,uchen_medium quality - page 2,Woodblock-Stacks,line,0.8,3.0,4.0,True,0.5,True,1,6.286896705627441,0.0,0,0,0,
uchen_medium quality,uchen_medium quality - page 2,Woodblock-Stacks,line,0.8,3.0,4.0,True,0.9,True,1,6.403071880340576,0.0,0,0,0,
uchen_medium quality,uchen_medium quality - page 2,Woodblock-Stacks,line,0.8,3.0,4.0,False,0.1,True,6,8.032721281051636,62.5,16,10,6,
uchen_medium quality,uchen_medium quality - page 2,Woodblock-Stacks,line,0.8,3.0,4.0,False,0.25,True,6,8.051870107650757,62.5,16,10,6,
uchen_medium quality,uchen_medium quality - page 2,Woodblock-Stacks,line,0.8,3.0,4.0,False,0.5,True,6,8.163966655731201,62.5,16,10,6,
uchen_medium quality,uchen_medium quality - page 2,Woodblock-Stacks,line,0.8,3.0,4.0,False,0.9,True,6,8.017302513122559,62.5,16,10,6,
uchen_medium quality,uchen_medium quality - page 2,Woodblock-Stacks,line,0.8,3.0,5.0,True,0.1,True,1,6.556994438171387,0.0,0,0,0,
uchen_medium quality,uchen_medium quality - page 2,Woodblock-Stacks,line,0.8,3.0,5.0,True,0.25,True,1,6.505594491958618,0.0,0,0,0,
uchen_medium quality,uchen_medium quality - page 2,Woodblock-Stacks,line,0.8,3.0,5.0,True,0.5,True,1,6.589923143386841,0.0,0,0,0,
uchen_medium quality,uchen_medium quality - page 2,Woodblock-Stacks,line,0.8,3.0,5.0,True,0.9,True,1,6.610692977905273,0.0,0,0,0,
uchen_medium quality,uchen_medium quality - page 2,Woodblock-Stacks,line,0.8,3.0,5.0,False,0.1,True,6,7.923887014389038,88.24,17,15,2,
uchen_medium quality,uchen_medium quality - page 2,Woodblock-Stacks,line,0.8,3.0,5.0,False,0.25,True,6,7.966883420944214,88.24,17,15,2,
uchen_medium quality,uchen_medium quality - page 2,Woodblock-Stacks,line,0.8,3.0,5.0,False,0.5,True,6,7.88195276260376,88.24,17,15,2,
uchen_medium quality,uchen_medium quality - page 2,Woodblock-Stacks,line,0.8,3.0,5.0,False,0.9,True,6,8.00868535041809,88.24,17,15,2,
uchen_medium quality,uchen_medium quality - page 2,Woodblock-Stacks,line,0.9,2.0,2.5,True,0.1,True,1,6.037950277328491,0.0,0,0,0,
uchen_medium quality,uchen_medium quality - page 2,Woodblock-Stacks,line,0.9,2.0,2.5,True,0.25,True,1,6.101534605026245,0.0,0,0,0,
uchen_medium quality,uchen_medium quality - page 2,Woodblock-Stacks,line,0.9,2.0,2.5,True,0.5,True,1,6.068570137023926,0.0,0,0,0,
uchen_medium quality,uchen_medium quality - page 2,Woodblock-Stacks,line,0.9,2.0,2.5,True,0.9,True,1,6.185807704925537,0.0,0,0,0,
uchen_medium quality,uchen_medium quality - page 2,Woodblock-Stacks,line,0.9,2.0,2.5,False,0.1,True,6,8.042296409606934,61.9,21,13,8,
uchen_medium quality,uchen_medium quality - page 2,Woodblock-Stacks,line,0.9,2.0,2.5,False,0.25,True,6,8.951517105102539,61.9,21,13,8,
uchen_medium quality,uchen_medium quality - page 2,Woodblock-Stacks,line,0.9,2.0,2.5,False,0.5,True,6,7.837810754776001,61.9,21,13,8,
uchen_medium quality,uchen_medium quality - page 2,Woodblock-Stacks,line,0.9,2.0,2.5,False,0.9,True,6,7.992203235626221,61.9,21,13,8,
uchen_medium quality,uchen_medium quality - page 2,Woodblock-Stacks,line,0.9,2.0,3.5,True,0.1,True,1,5.80849814414978,0.0,1,0,1,
uchen_medium quality,uchen_medium quality - page 2,Woodblock-Stacks,line,0.9,2.0,3.5,True,0.25,True,1,5.910266637802124,0.0,1,0,1,
uchen_medium quality,uchen_medium quality - page 2,Woodblock-Stacks,line,0.9,2.0,3.5,True,0.5,True,1,5.88135027885437,0.0,1,0,1,
uchen_medium quality,uchen_medium quality - page 2,Woodblock-Stacks,line,0.9,2.0,3.5,True,0.9,True,1,5.870504856109619,0.0,1,0,1,
uchen_medium quality,uchen_medium quality - page 2,Woodblock-Stacks,line,0.9,2.0,3.5,False,0.1,True,6,7.7389116287231445,57.89,19,11,8,
uchen_medium quality,uchen_medium quality - page 2,Woodblock-Stacks,line,0.9,2.0,3.5,False,0.25,True,6,7.523972749710083,57.89,19,11,8,
uchen_medium quality,uchen_medium quality - page 2,Woodblock-Stacks,line,0.9,2.0,3.5,False,0.5,True,6,7.866730451583862,57.89,19,11,8,
uchen_medium quality,uchen_medium quality - page 2,Woodblock-Stacks,line,0.9,2.0,3.5,False,0.9,True,6,7.434019565582275,57.89,19,11,8,
uchen_medium quality,uchen_medium quality - page 2,Woodblock-Stacks,line,0.9,2.0,4.0,True,0.1,True,1,5.782285451889038,100.0,1,1,0,
uchen_medium quality,uchen_medium quality - page 2,Woodblock-Stacks,line,0.9,2.0,4.0,True,0.25,True,1,5.696972370147705,100.0,1,1,0,
uchen_medium quality,uchen_medium quality - page 2,Woodblock-Stacks,line,0.9,2.0,4.0,True,0.5,True,1,5.7697227001190186,100.0,1,1,0,
uchen_medium quality,uchen_medium quality - page 2,Woodblock-Stacks,line,0.9,2.0,4.0,True,0.9,True,1,5.718763589859009,100.0,1,1,0,
uchen_medium quality,uchen_medium quality - page 2,Woodblock-Stacks,line,0.9,2.0,4.0,False,0.1,True,6,7.548444747924805,47.06,17,8,9,
uchen_medium quality,uchen_medium quality - page 2,Woodblock-Stacks,line,0.9,2.0,4.0,False,0.25,True,6,7.498464345932007,47.06,17,8,9,
uchen_medium quality,uchen_medium quality - page 2,Woodblock-Stacks,line,0.9,2.0,4.0,False,0.5,True,6,7.374862432479858,47.06,17,8,9,
uchen_medium quality,uchen_medium quality - page 2,Woodblock-Stacks,line,0.9,2.0,4.0,False,0.9,True,6,7.4527506828308105,47.06,17,8,9,
uchen_medium quality,uchen_medium quality - page 2,Woodblock-Stacks,line,0.9,2.0,5.0,True,0.1,True,1,5.358399391174316,0.0,0,0,0,
uchen_medium quality,uchen_medium quality - page 2,Woodblock-Stacks,line,0.9,2.0,5.0,True,0.25,True,1,5.386241436004639,0.0,0,0,0,
uchen_medium quality,uchen_medium quality - page 2,Woodblock-Stacks,line,0.9,2.0,5.0,True,0.5,True,1,5.38024115562439,0.0,0,0,0,
uchen_medium quality,uchen_medium quality - page 2,Woodblock-Stacks,line,0.9,2.0,5.0,True,0.9,True,1,5.400413513183594,0.0,0,0,0,
uchen_medium quality,uchen_medium quality - page 2,Woodblock-Stacks,line,0.9,2.0,5.0,False,0.1,True,6,7.64397406578064,68.42,19,13,6,
uchen_medium quality,uchen_medium quality - page 2,Woodblock-Stacks,line,0.9,2.0,5.0,False,0.25,True,6,7.242561101913452,68.42,19,13,6,
uchen_medium quality,uchen_medium quality - page 2,Woodblock-Stacks,line,0.9,2.0,5.0,False,0.5,True,6,7.390818357467651,68.42,19,13,6,
uchen_medium quality,uchen_medium quality - page 2,Woodblock-Stacks,line,0.9,2.0,5.0,False,0.9,True,6,7.388124704360962,68.42,19,13,6,
uchen_medium quality,uchen_medium quality - page 2,Woodblock-Stacks,line,0.9,2.5,2.5,True,0.1,True,1,6.5110859870910645,0.0,1,0,1,
uchen_medium quality,uchen_medium quality - page 2,Woodblock-Stacks,line,0.9,2.5,2.5,True,0.25,True,1,6.366626977920532,0.0,1,0,1,
uchen_medium quality,uchen_medium quality - page 2,Woodblock-Stacks,line,0.9,2.5,2.5,True,0.5,True,1,6.410795450210571,0.0,1,0,1,
uchen_medium quality,uchen_medium quality - page 2,Woodblock-Stacks,line,0.9,2.5,2.5,True,0.9,True,1,6.588165521621704,0.0,1,0,1,
uchen_medium quality,uchen_medium quality - page 2,Woodblock-Stacks,line,0.9,2.5,2.5,False,0.1,True,6,11.736278772354126,72.73,22,16,6,
uchen_medium quality,uchen_medium quality - page 2,Woodblock-Stacks,line,0.9,2.5,2.5,False,0.25,True,6,11.863256931304932,72.73,22,16,6,
uchen_medium quality,uchen_medium quality - page 2,Woodblock-Stacks,line,0.9,2.5,2.5,False,0.5,True,6,11.751139879226685,72.73,22,16,6,
uchen_medium quality,uchen_medium quality - page 2,Woodblock-Stacks,line,0.9,2.5,2.5,False,0.9,True,6,11.749998331069946,72.73,22,16,6,
uchen_medium quality,uchen_medium quality - page 2,Woodblock-Stacks,line,0.9,2.5,3.5,True,0.1,True,1,6.477503776550293,0.0,1,0,1,
uchen_medium quality,uchen_medium quality - page 2,Woodblock-Stacks,line,0.9,2.5,3.5,True,0.25,True,1,6.121788501739502,0.0,1,0,1,
uchen_medium quality,uchen_medium quality - page 2,Woodblock-Stacks,line,0.9,2.5,3.5,True,0.5,True,1,6.12893009185791,0.0,1,0,1,
uchen_medium quality,uchen_medium quality - page 2,Woodblock-Stacks,line,0.9,2.5,3.5,True,0.9,True,1,6.290548086166382,0.0,1,0,1,
uchen_medium quality,uchen_medium quality - page 2,Woodblock-Stacks,line,0.9,2.5,3.5,False,0.1,True,6,7.906776428222656,57.89,19,11,8,
uchen_medium quality,uchen_medium quality - page 2,Woodblock-Stacks,line,0.9,2.5,3.5,False,0.25,True,6,7.923869609832764,57.89,19,11,8,
uchen_medium quality,uchen_medium quality - page 2,Woodblock-Stacks,line,0.9,2.5,3.5,False,0.5,True,6,7.828430891036987,57.89,19,11,8,
uchen_medium quality,uchen_medium quality - page 2,Woodblock-Stacks,line,0.9,2.5,3.5,False,0.9,True,6,7.9663286209106445,57.89,19,11,8,
uchen_medium quality,uchen_medium quality - page 2,Woodblock-Stacks,line,0.9,2.5,4.0,True,0.1,True,1,6.2201268672943115,100.0,1,1,0,
uchen_medium quality,uchen_medium quality - page 2,Woodblock-Stacks,line,0.9,2.5,4.0,True,0.25,True,1,6.256745338439941,100.0,1,1,0,
uchen_medium quality,uchen_medium quality - page 2,Woodblock-Stacks,line,0.9,2.5,4.0,True,0.5,True,1,9.11670207977295,100.0,1,1,0,
uchen_medium quality,uchen_medium quality - page 2,Woodblock-Stacks,line,0.9,2.5,4.0,True,0.9,True,1,6.091475963592529,100.0,1,1,0,
uchen_medium quality,uchen_medium quality - page 2,Woodblock-Stacks,line,0.9,2.5,4.0,False,0.1,True,6,7.660583972930908,47.06,17,8,9,
uchen_medium quality,uchen_medium quality - page 2,Woodblock-Stacks,line,0.9,2.5,4.0,False,0.25,True,6,7.80884051322937,47.06,17,8,9,
uchen_medium quality,uchen_medium quality - page 2,Woodblock-Stacks,line,0.9,2.5,4.0,False,0.5,True,6,7.885687828063965,47.06,17,8,9,
uchen_medium quality,uchen_medium quality - page 2,Woodblock-Stacks,line,0.9,2.5,4.0,False,0.9,True,6,7.800500154495239,47.06,17,8,9,
uchen_medium quality,uchen_medium quality - page 2,Woodblock-Stacks,line,0.9,2.5,5.0,True,0.1,True,1,5.92553186416626,0.0,0,0,0,
uchen_medium quality,uchen_medium quality - page 2,Woodblock-Stacks,line,0.9,2.5,5.0,True,0.25,True,1,8.853858232498169,0.0,0,0,0,
uchen_medium quality,uchen_medium quality - page 2,Woodblock-Stacks,line,0.9,2.5,5.0,True,0.5,True,1,8.890007495880127,0.0,0,0,0,
uchen_medium quality,uchen_medium quality - page 2,Woodblock-Stacks,line,0.9,2.5,5.0,True,0.9,True,1,8.847154140472412,0.0,0,0,0,
uchen_medium quality,uchen_medium quality - page 2,Woodblock-Stacks,line,0.9,2.5,5.0,False,0.1,True,6,7.386184930801392,88.24,17,15,2,
uchen_medium quality,uchen_medium quality - page 2,Woodblock-Stacks,line,0.9,2.5,5.0,False,0.25,True,6,7.2509260177612305,88.24,17,15,2,
uchen_medium quality,uchen_medium quality - page 2,Woodblock-Stacks,line,0.9,2.5,5.0,False,0.5,True,6,7.643852472305298,88.24,17,15,2,
uchen_medium quality,uchen_medium quality - page 2,Woodblock-Stacks,line,0.9,2.5,5.0,False,0.9,True,6,7.560745477676392,88.24,17,15,2,
uchen_medium quality,uchen_medium quality - page 2,Woodblock-Stacks,line,0.9,3.0,2.5,True,0.1,True,1,6.590070962905884,0.0,0,0,0,
uchen_medium quality,uchen_medium quality - page 2,Woodblock-Stacks,line,0.9,3.0,2.5,True,0.25,True,1,6.534572124481201,0.0,0,0,0,
uchen_medium quality,uchen_medium quality - page 2,Woodblock-Stacks,line,0.9,3.0,2.5,True,0.5,True,1,6.539703130722046,0.0,0,0,0,
uchen_medium quality,uchen_medium quality - page 2,Woodblock-Stacks,line,0.9,3.0,2.5,True,0.9,True,1,6.791231870651245,0.0,0,0,0,
uchen_medium quality,uchen_medium quality - page 2,Woodblock-Stacks,line,0.9,3.0,2.5,False,0.1,True,6,8.603758811950684,68.18,22,15,7,
uchen_medium quality,uchen_medium quality - page 2,Woodblock-Stacks,line,0.9,3.0,2.5,False,0.25,True,6,8.629506587982178,68.18,22,15,7,
uchen_medium quality,uchen_medium quality - page 2,Woodblock-Stacks,line,0.9,3.0,2.5,False,0.5,True,6,8.591413497924805,68.18,22,15,7,
uchen_medium quality,uchen_medium quality - page 2,Woodblock-Stacks,line,0.9,3.0,2.5,False,0.9,True,6,8.696449518203735,68.18,22,15,7,
uchen_medium quality,uchen_medium quality - page 2,Woodblock-Stacks,line,0.9,3.0,3.5,True,0.1,True,1,6.705350637435913,0.0,0,0,0,
uchen_medium quality,uchen_medium quality - page 2,Woodblock-Stacks,line,0.9,3.0,3.5,True,0.25,True,1,6.5375871658325195,0.0,0,0,0,
uchen_medium quality,uchen_medium quality - page 2,Woodblock-Stacks,line,0.9,3.0,3.5,True,0.5,True,1,6.525454759597778,0.0,0,0,0,
uchen_medium quality,uchen_medium quality - page 2,Woodblock-Stacks,line,0.9,3.0,3.5,True,0.9,True,1,6.538699388504028,0.0,0,0,0,
uchen_medium quality,uchen_medium quality - page 2,Woodblock-Stacks,line,0.9,3.0,3.5,False,0.1,True,6,8.281163454055786,66.67,18,12,6,
uchen_medium quality,uchen_medium quality - page 2,Woodblock-Stacks,line,0.9,3.0,3.5,False,0.25,True,6,8.296114921569824,66.67,18,12,6,
uchen_medium quality,uchen_medium quality - page 2,Woodblock-Stacks,line,0.9,3.0,3.5,False,0.5,True,6,8.156106948852539,66.67,18,12,6,
uchen_medium quality,uchen_medium quality - page 2,Woodblock-Stacks,line,0.9,3.0,3.5,False,0.9,True,6,8.28119158744812,66.67,18,12,6,
uchen_medium quality,uchen_medium quality - page 2,Woodblock-Stacks,line,0.9,3.0,4.0,True,0.1,True,1,6.5758562088012695,0.0,0,0,0,
uchen_medium quality,uchen_medium quality - page 2,Woodblock-Stacks,line,0.9,3.0,4.0,True,0.25,True,1,6.494355916976929,0.0,0,0,0,
uchen_medium quality,uchen_medium quality - page 2,Woodblock-Stacks,line,0.9,3.0,4.0,True,0.5,True,1,6.524438142776489,0.0,0,0,0,
uchen_medium quality,uchen_medium quality - page 2,Woodblock-Stacks,line,0.9,3.0,4.0,True,0.9,True,1,6.564736604690552,0.0,0,0,0,
uchen_medium quality,uchen_medium quality - page 2,Woodblock-Stacks,line,0.9,3.0,4.0,False,0.1,True,6,8.018784999847412,62.5,16,10,6,
uchen_medium quality,uchen_medium quality - page 2,Woodblock-Stacks,line,0.9,3.0,4.0,False,0.25,True,6,9.7046058177948,62.5,16,10,6,
uchen_medium quality,uchen_medium quality - page 2,Woodblock-Stacks,line,0.9,3.0,4.0,False,0.5,True,6,7.852611780166626,62.5,16,10,6,
uchen_medium quality,uchen_medium quality - page 2,Woodblock-Stacks,line,0.9,3.0,4.0,False,0.9,True,6,8.042983531951904,62.5,16,10,6,
uchen_medium quality,uchen_medium quality - page 2,Woodblock-Stacks,line,0.9,3.0,5.0,True,0.1,True,1,6.498902082443237,0.0,0,0,0,
uchen_medium quality,uchen_medium quality - page 2,Woodblock-Stacks,line,0.9,3.0,5.0,True,0.25,True,1,6.62029242515564,0.0,0,0,0,
uchen_medium quality,uchen_medium quality - page 2,Woodblock-Stacks,line,0.9,3.0,5.0,True,0.5,True,1,6.509044647216797,0.0,0,0,0,
uchen_medium quality,uchen_medium quality - page 2,Woodblock-Stacks,line,0.9,3.0,5.0,True,0.9,True,1,6.53507661819458,0.0,0,0,0,
uchen_medium quality,uchen_medium quality - page 2,Woodblock-Stacks,line,0.9,3.0,5.0,False,0.1,True,6,7.865484237670898,88.24,17,15,2,
uchen_medium quality,uchen_medium quality - page 2,Woodblock-Stacks,line,0.9,3.0,5.0,False,0.25,True,6,7.989779949188232,88.24,17,15,2,
uchen_medium quality,uchen_medium quality - page 2,Woodblock-Stacks,line,0.9,3.0,5.0,False,0.5,True,6,7.986064195632935,88.24,17,15,2,
uchen_medium quality,uchen_medium quality - page 2,Woodblock-Stacks,line,0.9,3.0,5.0,False,0.9,True,6,7.8877270221710205,88.24,17,15,2,
uchen_medium quality,uchen_medium quality - page 2,Woodblock-Stacks,layout,0.7,2.0,2.5,True,0.1,True,2,7.023397445678711,50.0,22,11,11,
uchen_medium quality,uchen_medium quality - page 2,Woodblock-Stacks,layout,0.7,2.0,2.5,True,0.25,True,2,6.853701829910278,50.0,22,11,11,
uchen_medium quality,uchen_medium quality - page 2,Woodblock-Stacks,layout,0.7,2.0,2.5,True,0.5,True,2,6.653428554534912,50.0,22,11,11,
uchen_medium quality,uchen_medium quality - page 2,Woodblock-Stacks,layout,0.7,2.0,2.5,True,0.9,True,2,6.559813976287842,50.0,22,11,11,
uchen_medium quality,uchen_medium quality - page 2,Woodblock-Stacks,layout,0.7,2.0,2.5,False,0.1,True,3,6.98983907699585,45.83,24,11,13,
uchen_medium quality,uchen_medium quality - page 2,Woodblock-Stacks,layout,0.7,2.0,2.5,False,0.25,True,3,7.03126072883606,45.83,24,11,13,
uchen_medium quality,uchen_medium quality - page 2,Woodblock-Stacks,layout,0.7,2.0,2.5,False,0.5,True,3,6.955442905426025,45.83,24,11,13,
uchen_medium quality,uchen_medium quality - page 2,Woodblock-Stacks,layout,0.7,2.0,2.5,False,0.9,True,3,6.9360809326171875,45.83,24,11,13,
uchen_medium quality,uchen_medium quality - page 2,Woodblock-Stacks,layout,0.7,2.0,3.5,True,0.1,True,2,6.295700550079346,69.57,23,16,7,
uchen_medium quality,uchen_medium quality - page 2,Woodblock-Stacks,layout,0.7,2.0,3.5,True,0.25,True,2,6.328991174697876,69.57,23,16,7,
uchen_medium quality,uchen_medium quality - page 2,Woodblock-Stacks,layout,0.7,2.0,3.5,True,0.5,True,2,6.345303297042847,69.57,23,16,7,
uchen_medium quality,uchen_medium quality - page 2,Woodblock-Stacks,layout,0.7,2.0,3.5,True,0.9,True,2,6.419122219085693,69.57,23,16,7,
uchen_medium quality,uchen_medium quality - page 2,Woodblock-Stacks,layout,0.7,2.0,3.5,False,0.1,True,3,6.754986524581909,65.22,23,15,8,
uchen_medium quality,uchen_medium quality - page 2,Woodblock-Stacks,layout,0.7,2.0,3.5,False,0.25,True,3,6.728790283203125,65.22,23,15,8,
uchen_medium quality,uchen_medium quality - page 2,Woodblock-Stacks,layout,0.7,2.0,3.5,False,0.5,True,3,10.03226637840271,65.22,23,15,8,
uchen_medium quality,uchen_medium quality - page 2,Woodblock-Stacks,layout,0.7,2.0,3.5,False,0.9,True,3,7.129778146743774,65.22,23,15,8,
uchen_medium quality,uchen_medium quality - page 2,Woodblock-Stacks,layout,0.7,2.0,4.0,True,0.1,True,2,6.022372484207153,84.0,25,21,4,
uchen_medium quality,uchen_medium quality - page 2,Woodblock-Stacks,layout,0.7,2.0,4.0,True,0.25,True,2,6.112262010574341,84.0,25,21,4,
uchen_medium quality,uchen_medium quality - page 2,Woodblock-Stacks,layout,0.7,2.0,4.0,True,0.5,True,2,6.180508136749268,84.0,25,21,4,
uchen_medium quality,uchen_medium quality - page 2,Woodblock-Stacks,layout,0.7,2.0,4.0,True,0.9,True,2,7.248515844345093,84.0,25,21,4,
uchen_medium quality,uchen_medium quality - page 2,Woodblock-Stacks,layout,0.7,2.0,4.0,False,0.1,True,3,6.448546409606934,84.0,25,21,4,
uchen_medium quality,uchen_medium quality - page 2,Woodblock-Stacks,layout,0.7,2.0,4.0,False,0.25,True,3,6.593618154525757,84.0,25,21,4,
uchen_medium quality,uchen_medium quality - page 2,Woodblock-Stacks,layout,0.7,2.0,4.0,False,0.5,True,3,6.544463872909546,84.0,25,21,4,
uchen_medium quality,uchen_medium quality - page 2,Woodblock-Stacks,layout,0.7,2.0,4.0,False,0.9,True,3,6.771586656570435,84.0,25,21,4,
uchen_medium quality,uchen_medium quality - page 2,Woodblock-Stacks,layout,0.7,2.0,5.0,True,0.1,True,2,6.0015342235565186,75.0,20,15,5,
uchen_medium quality,uchen_medium quality - page 2,Woodblock-Stacks,layout,0.7,2.0,5.0,True,0.25,True,2,9.023711442947388,75.0,20,15,5,
uchen_medium quality,uchen_medium quality - page 2,Woodblock-Stacks,layout,0.7,2.0,5.0,True,0.5,True,2,5.857828378677368,75.0,20,15,5,
uchen_medium quality,uchen_medium quality - page 2,Woodblock-Stacks,layout,0.7,2.0,5.0,True,0.9,True,2,5.932824373245239,75.0,20,15,5,
uchen_medium quality,uchen_medium quality - page 2,Woodblock-Stacks,layout,0.7,2.0,5.0,False,0.1,True,3,6.417769193649292,80.0,20,16,4,
uchen_medium quality,uchen_medium quality - page 2,Woodblock-Stacks,layout,0.7,2.0,5.0,False,0.25,True,3,6.40286922454834,80.0,20,16,4,
uchen_medium quality,uchen_medium quality - page 2,Woodblock-Stacks,layout,0.7,2.0,5.0,False,0.5,True,3,6.405038356781006,80.0,20,16,4,
uchen_medium quality,uchen_medium quality - page 2,Woodblock-Stacks,layout,0.7,2.0,5.0,False,0.9,True,3,6.5077292919158936,80.0,20,16,4,
uchen_medium quality,uchen_medium quality - page 2,Woodblock-Stacks,layout,0.7,2.5,2.5,True,0.1,True,2,7.073001384735107,61.9,21,13,8,
uchen_medium quality,uchen_medium quality - page 2,Woodblock-Stacks,layout,0.7,2.5,2.5,True,0.25,True,2,6.8899877071380615,61.9,21,13,8,
uchen_medium quality,uchen_medium quality - page 2,Woodblock-Stacks,layout,0.7,2.5,2.5,True,0.5,True,2,6.883541822433472,61.9,21,13,8,
uchen_medium quality,uchen_medium quality - page 2,Woodblock-Stacks,layout,0.7,2.5,2.5,True,0.9,True,2,6.955354690551758,61.9,21,13,8,
uchen_medium quality,uchen_medium quality - page 2,Woodblock-Stacks,layout,0.7,2.5,2.5,False,0.1,True,3,7.2381956577301025,54.55,22,12,10,
uchen_medium quality,uchen_medium quality - page 2,Woodblock-Stacks,layout,0.7,2.5,2.5,False,0.25,True,3,7.224560976028442,54.55,22,12,10,
uchen_medium quality,uchen_medium quality - page 2,Woodblock-Stacks,layout,0.7,2.5,2.5,False,0.5,True,3,7.255520820617676,54.55,22,12,10,
uchen_medium quality,uchen_medium quality - page 2,Woodblock-Stacks,layout,0.7,2.5,2.5,False,0.9,True,3,7.32712459564209,54.55,22,12,10,
uchen_medium quality,uchen_medium quality - page 2,Woodblock-Stacks,layout,0.7,2.5,3.5,True,0.1,True,2,6.640474557876587,69.57,23,16,7,
uchen_medium quality,uchen_medium quality - page 2,Woodblock-Stacks,layout,0.7,2.5,3.5,True,0.25,True,2,6.685088157653809,69.57,23,16,7,
uchen_medium quality,uchen_medium quality - page 2,Woodblock-Stacks,layout,0.7,2.5,3.5,True,0.5,True,2,9.829631328582764,69.57,23,16,7,
uchen_medium quality,uchen_medium quality - page 2,Woodblock-Stacks,layout,0.7,2.5,3.5,True,0.9,True,2,9.804193019866943,69.57,23,16,7,
uchen_medium quality,uchen_medium quality - page 2,Woodblock-Stacks,layout,0.7,2.5,3.5,False,0.1,True,3,6.83791446685791,65.22,23,15,8,
uchen_medium quality,uchen_medium quality - page 2,Woodblock-Stacks,layout,0.7,2.5,3.5,False,0.25,True,3,6.813906192779541,65.22,23,15,8,
uchen_medium quality,uchen_medium quality - page 2,Woodblock-Stacks,layout,0.7,2.5,3.5,False,0.5,True,3,6.930534601211548,65.22,23,15,8,
uchen_medium quality,uchen_medium quality - page 2,Woodblock-Stacks,layout,0.7,2.5,3.5,False,0.9,True,3,7.01834774017334,65.22,23,15,8,
uchen_medium quality,uchen_medium quality - page 2,Woodblock-Stacks,layout,0.7,2.5,4.0,True,0.1,True,2,6.5651586055755615,84.0,25,21,4,
uchen_medium quality,uchen_medium quality - page 2,Woodblock-Stacks,layout,0.7,2.5,4.0,True,0.25,True,2,6.512221813201904,84.0,25,21,4,
uchen_medium quality,uchen_medium quality - page 2,Woodblock-Stacks,layout,0.7,2.5,4.0,True,0.5,True,2,6.600656509399414,84.0,25,21,4,
uchen_medium quality,uchen_medium quality - page 2,Woodblock-Stacks,layout,0.7,2.5,4.0,True,0.9,True,2,6.5798423290252686,84.0,25,21,4,
uchen_medium quality,uchen_medium quality - page 2,Woodblock-Stacks,layout,0.7,2.5,4.0,False,0.1,True,3,6.9140403270721436,84.0,25,21,4,
uchen_medium quality,uchen_medium quality - page 2,Woodblock-Stacks,layout,0.7,2.5,4.0,False,0.25,True,3,6.870572090148926,84.0,25,21,4,
uchen_medium quality,uchen_medium quality - page 2,Woodblock-Stacks,layout,0.7,2.5,4.0,False,0.5,True,3,6.98406982421875,84.0,25,21,4,
uchen_medium quality,uchen_medium quality - page 2,Woodblock-Stacks,layout,0.7,2.5,4.0,False,0.9,True,3,6.929666519165039,84.0,25,21,4,
uchen_medium quality,uchen_medium quality - page 2,Woodblock-Stacks,layout,0.7,2.5,5.0,True,0.1,True,2,6.438521385192871,77.78,18,14,4,
uchen_medium quality,uchen_medium quality - page 2,Woodblock-Stacks,layout,0.7,2.5,5.0,True,0.25,True,2,6.551488876342773,77.78,18,14,4,
uchen_medium quality,uchen_medium quality - page 2,Woodblock-Stacks,layout,0.7,2.5,5.0,True,0.5,True,2,6.553940534591675,77.78,18,14,4,
uchen_medium quality,uchen_medium quality - page 2,Woodblock-Stacks,layout,0.7,2.5,5.0,True,0.9,True,2,6.472036123275757,77.78,18,14,4,
uchen_medium quality,uchen_medium quality - page 2,Woodblock-Stacks,layout,0.7,2.5,5.0,False,0.1,True,3,9.675985336303711,83.33,18,15,3,
uchen_medium quality,uchen_medium quality - page 2,Woodblock-Stacks,layout,0.7,2.5,5.0,False,0.25,True,3,6.577676057815552,83.33,18,15,3,
uchen_medium quality,uchen_medium quality - page 2,Woodblock-Stacks,layout,0.7,2.5,5.0,False,0.5,True,3,6.572046995162964,83.33,18,15,3,
uchen_medium quality,uchen_medium quality - page 2,Woodblock-Stacks,layout,0.7,2.5,5.0,False,0.9,True,3,9.953099012374878,83.33,18,15,3,
uchen_medium quality,uchen_medium quality - page 2,Woodblock-Stacks,layout,0.7,3.0,2.5,True,0.1,True,2,7.099867105484009,81.25,16,13,3,
uchen_medium quality,uchen_medium quality - page 2,Woodblock-Stacks,layout,0.7,3.0,2.5,True,0.25,True,2,7.574305534362793,81.25,16,13,3,
uchen_medium quality,uchen_medium quality - page 2,Woodblock-Stacks,layout,0.7,3.0,2.5,True,0.5,True,2,7.191806077957153,81.25,16,13,3,
uchen_medium quality,uchen_medium quality - page 2,Woodblock-Stacks,layout,0.7,3.0,2.5,True,0.9,True,2,7.2447123527526855,81.25,16,13,3,
uchen_medium quality,uchen_medium quality - page 2,Woodblock-Stacks,layout,0.7,3.0,2.5,False,0.1,True,3,7.770908355712891,70.59,17,12,5,
uchen_medium quality,uchen_medium quality - page 2,Woodblock-Stacks,layout,0.7,3.0,2.5,False,0.25,True,3,7.642697095870972,70.59,17,12,5,
uchen_medium quality,uchen_medium quality - page 2,Woodblock-Stacks,layout,0.7,3.0,2.5,False,0.5,True,3,7.599168539047241,70.59,17,12,5,
uchen_medium quality,uchen_medium quality - page 2,Woodblock-Stacks,layout,0.7,3.0,2.5,False,0.9,True,3,7.574332237243652,70.59,17,12,5,
uchen_medium quality,uchen_medium quality - page 2,Woodblock-Stacks,layout,0.7,3.0,3.5,True,0.1,True,2,7.100773334503174,88.89,18,16,2,
uchen_medium quality,uchen_medium quality - page 2,Woodblock-Stacks,layout,0.7,3.0,3.5,True,0.25,True,2,7.039331436157227,88.89,18,16,2,
uchen_medium quality,uchen_medium quality - page 2,Woodblock-Stacks,layout,0.7,3.0,3.5,True,0.5,True,2,7.047387599945068,88.89,18,16,2,
uchen_medium quality,uchen_medium quality - page 2,Woodblock-Stacks,layout,0.7,3.0,3.5,True,0.9,True,2,7.0777833461761475,88.89,18,16,2,
uchen_medium quality,uchen_medium quality - page 2,Woodblock-Stacks,layout,0.7,3.0,3.5,False,0.1,True,3,7.405523300170898,83.33,18,15,3,
uchen_medium quality,uchen_medium quality - page 2,Woodblock-Stacks,layout,0.7,3.0,3.5,False,0.25,True,3,8.694251775741577,83.33,18,15,3,
uchen_medium quality,uchen_medium quality - page 2,Woodblock-Stacks,layout,0.7,3.0,3.5,False,0.5,True,3,7.257360935211182,83.33,18,15,3,
uchen_medium quality,uchen_medium quality - page 2,Woodblock-Stacks,layout,0.7,3.0,3.5,False,0.9,True,3,7.499533653259277,83.33,18,15,3,
uchen_medium quality,uchen_medium quality - page 2,Woodblock-Stacks,layout,0.7,3.0,4.0,True,0.1,True,2,6.885449409484863,88.89,18,16,2,
uchen_medium quality,uchen_medium quality - page 2,Woodblock-Stacks,layout,0.7,3.0,4.0,True,0.25,True,2,6.92317533493042,88.89,18,16,2,
uchen_medium quality,uchen_medium quality - page 2,Woodblock-Stacks,layout,0.7,3.0,4.0,True,0.5,True,2,6.955316543579102,88.89,18,16,2,
uchen_medium quality,uchen_medium quality - page 2,Woodblock-Stacks,layout,0.7,3.0,4.0,True,0.9,True,2,6.9711081981658936,88.89,18,16,2,
uchen_medium quality,uchen_medium quality - page 2,Woodblock-Stacks,layout,0.7,3.0,4.0,False,0.1,True,3,7.316407918930054,88.89,18,16,2,
uchen_medium quality,uchen_medium quality - page 2,Woodblock-Stacks,layout,0.7,3.0,4.0,False,0.25,True,3,7.297857284545898,88.89,18,16,2,
uchen_medium quality,uchen_medium quality - page 2,Woodblock-Stacks,layout,0.7,3.0,4.0,False,0.5,True,3,7.244883060455322,88.89,18,16,2,
uchen_medium quality,uchen_medium quality - page 2,Woodblock-Stacks,layout,0.7,3.0,4.0,False,0.9,True,3,7.485368490219116,88.89,18,16,2,
uchen_medium quality,uchen_medium quality - page 2,Woodblock-Stacks,layout,0.7,3.0,5.0,True,0.1,True,2,6.841436862945557,77.78,18,14,4,
uchen_medium quality,uchen_medium quality - page 2,Woodblock-Stacks,layout,0.7,3.0,5.0,True,0.25,True,2,6.8248584270477295,77.78,18,14,4,
uchen_medium quality,uchen_medium quality - page 2,Woodblock-Stacks,layout,0.7,3.0,5.0,True,0.5,True,2,6.921783208847046,77.78,18,14,4,
uchen_medium quality,uchen_medium quality - page 2,Woodblock-Stacks,layout,0.7,3.0,5.0,True,0.9,True,2,6.85679292678833,77.78,18,14,4,
uchen_medium quality,uchen_medium quality - page 2,Woodblock-Stacks,layout,0.7,3.0,5.0,False,0.1,True,3,7.10441517829895,83.33,18,15,3,
uchen_medium quality,uchen_medium quality - page 2,Woodblock-Stacks,layout,0.7,3.0,5.0,False,0.25,True,3,7.096851110458374,83.33,18,15,3,
uchen_medium quality,uchen_medium quality - page 2,Woodblock-Stacks,layout,0.7,3.0,5.0,False,0.5,True,3,7.064545392990112,83.33,18,15,3,
uchen_medium quality,uchen_medium quality - page 2,Woodblock-Stacks,layout,0.7,3.0,5.0,False,0.9,True,3,7.18233585357666,83.33,18,15,3,
uchen_medium quality,uchen_medium quality - page 2,Woodblock-Stacks,layout,0.8,2.0,2.5,True,0.1,True,2,6.512506723403931,50.0,22,11,11,
uchen_medium quality,uchen_medium quality - page 2,Woodblock-Stacks,layout,0.8,2.0,2.5,True,0.25,True,2,6.636435031890869,50.0,22,11,11,
uchen_medium quality,uchen_medium quality - page 2,Woodblock-Stacks,layout,0.8,2.0,2.5,True,0.5,True,2,6.592694282531738,50.0,22,11,11,
uchen_medium quality,uchen_medium quality - page 2,Woodblock-Stacks,layout,0.8,2.0,2.5,True,0.9,True,2,9.677026271820068,50.0,22,11,11,
uchen_medium quality,uchen_medium quality - page 2,Woodblock-Stacks,layout,0.8,2.0,2.5,False,0.1,True,3,9.941650629043579,45.83,24,11,13,
uchen_medium quality,uchen_medium quality - page 2,Woodblock-Stacks,layout,0.8,2.0,2.5,False,0.25,True,3,6.685525178909302,45.83,24,11,13,
uchen_medium quality,uchen_medium quality - page 2,Woodblock-Stacks,layout,0.8,2.0,2.5,False,0.5,True,3,6.693771839141846,45.83,24,11,13,
uchen_medium quality,uchen_medium quality - page 2,Woodblock-Stacks,layout,0.8,2.0,2.5,False,0.9,True,3,6.868289947509766,45.83,24,11,13,
uchen_medium quality,uchen_medium quality - page 2,Woodblock-Stacks,layout,0.8,2.0,3.5,True,0.1,True,2,6.3050854206085205,69.57,23,16,7,
uchen_medium quality,uchen_medium quality - page 2,Woodblock-Stacks,layout,0.8,2.0,3.5,True,0.25,True,2,6.3247411251068115,69.57,23,16,7,
uchen_medium quality,uchen_medium quality - page 2,Woodblock-Stacks,layout,0.8,2.0,3.5,True,0.5,True,2,6.367160320281982,69.57,23,16,7,
uchen_medium quality,uchen_medium quality - page 2,Woodblock-Stacks,layout,0.8,2.0,3.5,True,0.9,True,2,9.322800874710083,69.57,23,16,7,
uchen_medium quality,uchen_medium quality - page 2,Woodblock-Stacks,layout,0.8,2.0,3.5,False,0.1,True,3,9.948521852493286,65.22,23,15,8,
uchen_medium quality,uchen_medium quality - page 2,Woodblock-Stacks,layout,0.8,2.0,3.5,False,0.25,True,3,9.946631908416748,65.22,23,15,8,
uchen_medium quality,uchen_medium quality - page 2,Woodblock-Stacks,layout,0.8,2.0,3.5,False,0.5,True,3,6.450541734695435,65.22,23,15,8,
uchen_medium quality,uchen_medium quality - page 2,Woodblock-Stacks,layout,0.8,2.0,3.5,False,0.9,True,3,6.615874767303467,65.22,23,15,8,
uchen_medium quality,uchen_medium quality - page 2,Woodblock-Stacks,layout,0.8,2.0,4.0,True,0.1,True,2,5.9187376499176025,84.0,25,21,4,
uchen_medium quality,uchen_medium quality - page 2,Woodblock-Stacks,layout,0.8,2.0,4.0,True,0.25,True,2,6.1965110301971436,84.0,25,21,4,
uchen_medium quality,uchen_medium quality - page 2,Woodblock-Stacks,layout,0.8,2.0,4.0,True,0.5,True,2,6.214759826660156,84.0,25,21,4,
uchen_medium quality,uchen_medium quality - page 2,Woodblock-Stacks,layout,0.8,2.0,4.0,True,0.9,True,2,6.389191389083862,84.0,25,21,4,
uchen_medium quality,uchen_medium quality - page 2,Woodblock-Stacks,layout,0.8,2.0,4.0,False,0.1,True,3,6.589012861251831,84.0,25,21,4,
uchen_medium quality,uchen_medium quality - page 2,Woodblock-Stacks,layout,0.8,2.0,4.0,False,0.25,True,3,6.574953556060791,84.0,25,21,4,
uchen_medium quality,uchen_medium quality - page 2,Woodblock-Stacks,layout,0.8,2.0,4.0,False,0.5,True,3,6.565611124038696,84.0,25,21,4,
uchen_medium quality,uchen_medium quality - page 2,Woodblock-Stacks,layout,0.8,2.0,4.0,False,0.9,True,3,6.699618816375732,84.0,25,21,4,
uchen_medium quality,uchen_medium quality - page 2,Woodblock-Stacks,layout,0.8,2.0,5.0,True,0.1,True,2,6.054344892501831,75.0,20,15,5,
uchen_medium quality,uchen_medium quality - page 2,Woodblock-Stacks,layout,0.8,2.0,5.0,True,0.25,True,2,6.043882131576538,75.0,20,15,5,
uchen_medium quality,uchen_medium quality - page 2,Woodblock-Stacks,layout,0.8,2.0,5.0,True,0.5,True,2,6.083524942398071,75.0,20,15,5,
uchen_medium quality,uchen_medium quality - page 2,Woodblock-Stacks,layout,0.8,2.0,5.0,True,0.9,True,2,6.1568028926849365,75.0,20,15,5,
uchen_medium quality,uchen_medium quality - page 2,Woodblock-Stacks,layout,0.8,2.0,5.0,False,0.1,True,3,9.599418640136719,80.0,20,16,4,
uchen_medium quality,uchen_medium quality - page 2,Woodblock-Stacks,layout,0.8,2.0,5.0,False,0.25,True,3,8.278898239135742,80.0,20,16,4,
uchen_medium quality,uchen_medium quality - page 2,Woodblock-Stacks,layout,0.8,2.0,5.0,False,0.5,True,3,6.214682102203369,80.0,20,16,4,
uchen_medium quality,uchen_medium quality - page 2,Woodblock-Stacks,layout,0.8,2.0,5.0,False,0.9,True,3,6.252031564712524,80.0,20,16,4,
uchen_medium quality,uchen_medium quality - page 2,Woodblock-Stacks,layout,0.8,2.5,2.5,True,0.1,True,2,6.99342155456543,61.9,21,13,8,
uchen_medium quality,uchen_medium quality - page 2,Woodblock-Stacks,layout,0.8,2.5,2.5,True,0.25,True,2,6.838581562042236,61.9,21,13,8,
uchen_medium quality,uchen_medium quality - page 2,Woodblock-Stacks,layout,0.8,2.5,2.5,True,0.5,True,2,6.972778797149658,61.9,21,13,8,
uchen_medium quality,uchen_medium quality - page 2,Woodblock-Stacks,layout,0.8,2.5,2.5,True,0.9,True,2,6.861241102218628,61.9,21,13,8,
uchen_medium quality,uchen_medium quality - page 2,Woodblock-Stacks,layout,0.8,2.5,2.5,False,0.1,True,3,7.298287391662598,54.55,22,12,10,
uchen_medium quality,uchen_medium quality - page 2,Woodblock-Stacks,layout,0.8,2.5,2.5,False,0.25,True,3,7.231800317764282,54.55,22,12,10,
uchen_medium quality,uchen_medium quality - page 2,Woodblock-Stacks,layout,0.8,2.5,2.5,False,0.5,True,3,7.31673002243042,54.55,22,12,10,
uchen_medium quality,uchen_medium quality - page 2,Woodblock-Stacks,layout,0.8,2.5,2.5,False,0.9,True,3,7.531487464904785,54.55,22,12,10,
uchen_medium quality,uchen_medium quality - page 2,Woodblock-Stacks,layout,0.8,2.5,3.5,True,0.1,True,2,6.5604541301727295,69.57,23,16,7,
uchen_medium quality,uchen_medium quality - page 2,Woodblock-Stacks,layout,0.8,2.5,3.5,True,0.25,True,2,6.641086101531982,69.57,23,16,7,
uchen_medium quality,uchen_medium quality - page 2,Woodblock-Stacks,layout,0.8,2.5,3.5,True,0.5,True,2,6.746016025543213,69.57,23,16,7,
uchen_medium quality,uchen_medium quality - page 2,Woodblock-Stacks,layout,0.8,2.5,3.5,True,0.9,True,2,6.726107120513916,69.57,23,16,7,
uchen_medium quality,uchen_medium quality - page 2,Woodblock-Stacks,layout,0.8,2.5,3.5,False,0.1,True,3,7.058088302612305,65.22,23,15,8,
uchen_medium quality,uchen_medium quality - page 2,Woodblock-Stacks,layout,0.8,2.5,3.5,False,0.25,True,3,7.122027397155762,65.22,23,15,8,
uchen_medium quality,uchen_medium quality - page 2,Woodblock-Stacks,layout,0.8,2.5,3.5,False,0.5,True,3,7.121222972869873,65.22,23,15,8,
uchen_medium quality,uchen_medium quality - page 2,Woodblock-Stacks,layout,0.8,2.5,3.5,False,0.9,True,3,7.395230054855347,65.22,23,15,8,
uchen_medium quality,uchen_medium quality - page 2,Woodblock-Stacks,layout,0.8,2.5,4.0,True,0.1,True,2,9.66429615020752,84.0,25,21,4,
uchen_medium quality,uchen_medium quality - page 2,Woodblock-Stacks,layout,0.8,2.5,4.0,True,0.25,True,2,9.699272871017456,84.0,25,21,4,
uchen_medium quality,uchen_medium quality - page 2,Woodblock-Stacks,layout,0.8,2.5,4.0,True,0.5,True,2,9.660304069519043,84.0,25,21,4,
uchen_medium quality,uchen_medium quality - page 2,Woodblock-Stacks,layout,0.8,2.5,4.0,True,0.9,True,2,9.472773790359497,84.0,25,21,4,
uchen_medium quality,uchen_medium quality - page 2,Woodblock-Stacks,layout,0.8,2.5,4.0,False,0.1,True,3,6.753219366073608,84.0,25,21,4,
uchen_medium quality,uchen_medium quality - page 2,Woodblock-Stacks,layout,0.8,2.5,4.0,False,0.25,True,3,6.899594068527222,84.0,25,21,4,
uchen_medium quality,uchen_medium quality - page 2,Woodblock-Stacks,layout,0.8,2.5,4.0,False,0.5,True,3,6.668279647827148,84.0,25,21,4,
uchen_medium quality,uchen_medium quality - page 2,Woodblock-Stacks,layout,0.8,2.5,4.0,False,0.9,True,3,6.862672567367554,84.0,25,21,4,
uchen_medium quality,uchen_medium quality - page 2,Woodblock-Stacks,layout,0.8,2.5,5.0,True,0.1,True,2,6.446455955505371,77.78,18,14,4,
uchen_medium quality,uchen_medium quality - page 2,Woodblock-Stacks,layout,0.8,2.5,5.0,True,0.25,True,2,6.563502550125122,77.78,18,14,4,
uchen_medium quality,uchen_medium quality - page 2,Woodblock-Stacks,layout,0.8,2.5,5.0,True,0.5,True,2,6.443711757659912,77.78,18,14,4,
uchen_medium quality,uchen_medium quality - page 2,Woodblock-Stacks,layout,0.8,2.5,5.0,True,0.9,True,2,6.486988544464111,77.78,18,14,4,
uchen_medium quality,uchen_medium quality - page 2,Woodblock-Stacks,layout,0.8,2.5,5.0,False,0.1,True,3,6.710043668746948,83.33,18,15,3,
uchen_medium quality,uchen_medium quality - page 2,Woodblock-Stacks,layout,0.8,2.5,5.0,False,0.25,True,3,6.904052495956421,83.33,18,15,3,
uchen_medium quality,uchen_medium quality - page 2,Woodblock-Stacks,layout,0.8,2.5,5.0,False,0.5,True,3,6.688841819763184,83.33,18,15,3,
uchen_medium quality,uchen_medium quality - page 2,Woodblock-Stacks,layout,0.8,2.5,5.0,False,0.9,True,3,6.731346368789673,83.33,18,15,3,
uchen_medium quality,uchen_medium quality - page 2,Woodblock-Stacks,layout,0.8,3.0,2.5,True,0.1,True,2,7.334208011627197,81.25,16,13,3,
uchen_medium quality,uchen_medium quality - page 2,Woodblock-Stacks,layout,0.8,3.0,2.5,True,0.25,True,2,7.207210302352905,81.25,16,13,3,
uchen_medium quality,uchen_medium quality - page 2,Woodblock-Stacks,layout,0.8,3.0,2.5,True,0.5,True,2,7.315130949020386,81.25,16,13,3,
uchen_medium quality,uchen_medium quality - page 2,Woodblock-Stacks,layout,0.8,3.0,2.5,True,0.9,True,2,7.242493629455566,81.25,16,13,3,
uchen_medium quality,uchen_medium quality - page 2,Woodblock-Stacks,layout,0.8,3.0,2.5,False,0.1,True,3,7.604309558868408,70.59,17,12,5,
uchen_medium quality,uchen_medium quality - page 2,Woodblock-Stacks,layout,0.8,3.0,2.5,False,0.25,True,3,7.732623815536499,70.59,17,12,5,
uchen_medium quality,uchen_medium quality - page 2,Woodblock-Stacks,layout,0.8,3.0,2.5,False,0.5,True,3,7.608747959136963,70.59,17,12,5,
uchen_medium quality,uchen_medium quality - page 2,Woodblock-Stacks,layout,0.8,3.0,2.5,False,0.9,True,3,7.615575790405273,70.59,17,12,5,
uchen_medium quality,uchen_medium quality - page 2,Woodblock-Stacks,layout,0.8,3.0,3.5,True,0.1,True,2,7.0184409618377686,88.89,18,16,2,
uchen_medium quality,uchen_medium quality - page 2,Woodblock-Stacks,layout,0.8,3.0,3.5,True,0.25,True,2,7.109416723251343,88.89,18,16,2,
uchen_medium quality,uchen_medium quality - page 2,Woodblock-Stacks,layout,0.8,3.0,3.5,True,0.5,True,2,7.040074348449707,88.89,18,16,2,
uchen_medium quality,uchen_medium quality - page 2,Woodblock-Stacks,layout,0.8,3.0,3.5,True,0.9,True,2,7.0056750774383545,88.89,18,16,2,
uchen_medium quality,uchen_medium quality - page 2,Woodblock-Stacks,layout,0.8,3.0,3.5,False,0.1,True,3,7.401988983154297,83.33,18,15,3,
uchen_medium quality,uchen_medium quality - page 2,Woodblock-Stacks,layout,0.8,3.0,3.5,False,0.25,True,3,7.4856226444244385,83.33,18,15,3,
uchen_medium quality,uchen_medium quality - page 2,Woodblock-Stacks,layout,0.8,3.0,3.5,False,0.5,True,3,7.4035749435424805,83.33,18,15,3,
uchen_medium quality,uchen_medium quality - page 2,Woodblock-Stacks,layout,0.8,3.0,3.5,False,0.9,True,3,7.395198583602905,83.33,18,15,3,
uchen_medium quality,uchen_medium quality - page 2,Woodblock-Stacks,layout,0.8,3.0,4.0,True,0.1,True,2,7.004786729812622,88.89,18,16,2,
uchen_medium quality,uchen_medium quality - page 2,Woodblock-Stacks,layout,0.8,3.0,4.0,True,0.25,True,2,10.092610359191895,88.89,18,16,2,
uchen_medium quality,uchen_medium quality - page 2,Woodblock-Stacks,layout,0.8,3.0,4.0,True,0.5,True,2,10.108518600463867,88.89,18,16,2,
uchen_medium quality,uchen_medium quality - page 2,Woodblock-Stacks,layout,0.8,3.0,4.0,True,0.9,True,2,10.159515857696533,88.89,18,16,2,
uchen_medium quality,uchen_medium quality - page 2,Woodblock-Stacks,layout,0.8,3.0,4.0,False,0.1,True,3,8.20649766921997,88.89,18,16,2,
uchen_medium quality,uchen_medium quality - page 2,Woodblock-Stacks,layout,0.8,3.0,4.0,False,0.25,True,3,7.090765953063965,88.89,18,16,2,
uchen_medium quality,uchen_medium quality - page 2,Woodblock-Stacks,layout,0.8,3.0,4.0,False,0.5,True,3,7.089795351028442,88.89,18,16,2,
uchen_medium quality,uchen_medium quality - page 2,Woodblock-Stacks,layout,0.8,3.0,4.0,False,0.9,True,3,7.162527561187744,88.89,18,16,2,
uchen_medium quality,uchen_medium quality - page 2,Woodblock-Stacks,layout,0.8,3.0,5.0,True,0.1,True,2,6.775224208831787,77.78,18,14,4,
uchen_medium quality,uchen_medium quality - page 2,Woodblock-Stacks,layout,0.8,3.0,5.0,True,0.25,True,2,6.8403849601745605,77.78,18,14,4,
uchen_medium quality,uchen_medium quality - page 2,Woodblock-Stacks,layout,0.8,3.0,5.0,True,0.5,True,2,6.82122015953064,77.78,18,14,4,
uchen_medium quality,uchen_medium quality - page 2,Woodblock-Stacks,layout,0.8,3.0,5.0,True,0.9,True,2,6.931396484375,77.78,18,14,4,
uchen_medium quality,uchen_medium quality - page 2,Woodblock-Stacks,layout,0.8,3.0,5.0,False,0.1,True,3,7.105553150177002,83.33,18,15,3,
uchen_medium quality,uchen_medium quality - page 2,Woodblock-Stacks,layout,0.8,3.0,5.0,False,0.25,True,3,7.5001702308654785,83.33,18,15,3,
uchen_medium quality,uchen_medium quality - page 2,Woodblock-Stacks,layout,0.8,3.0,5.0,False,0.5,True,3,7.106868267059326,83.33,18,15,3,
uchen_medium quality,uchen_medium quality - page 2,Woodblock-Stacks,layout,0.8,3.0,5.0,False,0.9,True,3,7.116155624389648,83.33,18,15,3,
uchen_medium quality,uchen_medium quality - page 2,Woodblock-Stacks,layout,0.9,2.0,2.5,True,0.1,True,2,6.510386228561401,50.0,22,11,11,
uchen_medium quality,uchen_medium quality - page 2,Woodblock-Stacks,layout,0.9,2.0,2.5,True,0.25,True,2,6.497014284133911,50.0,22,11,11,
uchen_medium quality,uchen_medium quality - page 2,Woodblock-Stacks,layout,0.9,2.0,2.5,True,0.5,True,2,6.616962909698486,50.0,22,11,11,
uchen_medium quality,uchen_medium quality - page 2,Woodblock-Stacks,layout,0.9,2.0,2.5,True,0.9,True,2,6.5105812549591064,50.0,22,11,11,
uchen_medium quality,uchen_medium quality - page 2,Woodblock-Stacks,layout,0.9,2.0,2.5,False,0.1,True,3,6.96200704574585,45.83,24,11,13,
uchen_medium quality,uchen_medium quality - page 2,Woodblock-Stacks,layout,0.9,2.0,2.5,False,0.25,True,3,6.96623969078064,45.83,24,11,13,
uchen_medium quality,uchen_medium quality - page 2,Woodblock-Stacks,layout,0.9,2.0,2.5,False,0.5,True,3,7.025535345077515,45.83,24,11,13,
uchen_medium quality,uchen_medium quality - page 2,Woodblock-Stacks,layout,0.9,2.0,2.5,False,0.9,True,3,6.900128602981567,45.83,24,11,13,
uchen_medium quality,uchen_medium quality - page 2,Woodblock-Stacks,layout,0.9,2.0,3.5,True,0.1,True,2,6.3121349811553955,69.57,23,16,7,
uchen_medium quality,uchen_medium quality - page 2,Woodblock-Stacks,layout,0.9,2.0,3.5,True,0.25,True,2,6.417131423950195,69.57,23,16,7,
uchen_medium quality,uchen_medium quality - page 2,Woodblock-Stacks,layout,0.9,2.0,3.5,True,0.5,True,2,6.321729421615601,69.57,23,16,7,
uchen_medium quality,uchen_medium quality - page 2,Woodblock-Stacks,layout,0.9,2.0,3.5,True,0.9,True,2,6.323253393173218,69.57,23,16,7,
uchen_medium quality,uchen_medium quality - page 2,Woodblock-Stacks,layout,0.9,2.0,3.5,False,0.1,True,3,6.705810546875,65.22,23,15,8,
uchen_medium quality,uchen_medium quality - page 2,Woodblock-Stacks,layout,0.9,2.0,3.5,False,0.25,True,3,6.823289394378662,65.22,23,15,8,
uchen_medium quality,uchen_medium quality - page 2,Woodblock-Stacks,layout,0.9,2.0,3.5,False,0.5,True,3,6.691431522369385,65.22,23,15,8,
uchen_medium quality,uchen_medium quality - page 2,Woodblock-Stacks,layout,0.9,2.0,3.5,False,0.9,True,3,6.809552431106567,65.22,23,15,8,
uchen_medium quality,uchen_medium quality - page 2,Woodblock-Stacks,layout,0.9,2.0,4.0,True,0.1,True,2,6.429365634918213,84.0,25,21,4,
uchen_medium quality,uchen_medium quality - page 2,Woodblock-Stacks,layout,0.9,2.0,4.0,True,0.25,True,2,7.303686141967773,84.0,25,21,4,
uchen_medium quality,uchen_medium quality - page 2,Woodblock-Stacks,layout,0.9,2.0,4.0,True,0.5,True,2,6.157594680786133,84.0,25,21,4,
uchen_medium quality,uchen_medium quality - page 2,Woodblock-Stacks,layout,0.9,2.0,4.0,True,0.9,True,2,6.2452638149261475,84.0,25,21,4,
uchen_medium quality,uchen_medium quality - page 2,Woodblock-Stacks,layout,0.9,2.0,4.0,False,0.1,True,3,6.573761940002441,84.0,25,21,4,
uchen_medium quality,uchen_medium quality - page 2,Woodblock-Stacks,layout,0.9,2.0,4.0,False,0.25,True,3,6.668116092681885,84.0,25,21,4,
uchen_medium quality,uchen_medium quality - page 2,Woodblock-Stacks,layout,0.9,2.0,4.0,False,0.5,True,3,6.588021755218506,84.0,25,21,4,
uchen_medium quality,uchen_medium quality - page 2,Woodblock-Stacks,layout,0.9,2.0,4.0,False,0.9,True,3,6.733512878417969,84.0,25,21,4,
uchen_medium quality,uchen_medium quality - page 2,Woodblock-Stacks,layout,0.9,2.0,5.0,True,0.1,True,2,6.122303247451782,75.0,20,15,5,
uchen_medium quality,uchen_medium quality - page 2,Woodblock-Stacks,layout,0.9,2.0,5.0,True,0.25,True,2,9.130744218826294,75.0,20,15,5,
uchen_medium quality,uchen_medium quality - page 2,Woodblock-Stacks,layout,0.9,2.0,5.0,True,0.5,True,2,9.116992950439453,75.0,20,15,5,
uchen_medium quality,uchen_medium quality - page 2,Woodblock-Stacks,layout,0.9,2.0,5.0,True,0.9,True,2,9.117299318313599,75.0,20,15,5,
uchen_medium quality,uchen_medium quality - page 2,Woodblock-Stacks,layout,0.9,2.0,5.0,False,0.1,True,3,6.190372943878174,80.0,20,16,4,
uchen_medium quality,uchen_medium quality - page 2,Woodblock-Stacks,layout,0.9,2.0,5.0,False,0.25,True,3,6.148200035095215,80.0,20,16,4,
uchen_medium quality,uchen_medium quality - page 2,Woodblock-Stacks,layout,0.9,2.0,5.0,False,0.5,True,3,6.225048065185547,80.0,20,16,4,
uchen_medium quality,uchen_medium quality - page 2,Woodblock-Stacks,layout,0.9,2.0,5.0,False,0.9,True,3,6.454236745834351,80.0,20,16,4,
uchen_medium quality,uchen_medium quality - page 2,Woodblock-Stacks,layout,0.9,2.5,2.5,True,0.1,True,2,7.158115386962891,61.9,21,13,8,
uchen_medium quality,uchen_medium quality - page 2,Woodblock-Stacks,layout,0.9,2.5,2.5,True,0.25,True,2,6.874382734298706,61.9,21,13,8,
uchen_medium quality,uchen_medium quality - page 2,Woodblock-Stacks,layout,0.9,2.5,2.5,True,0.5,True,2,6.8916709423065186,61.9,21,13,8,
uchen_medium quality,uchen_medium quality - page 2,Woodblock-Stacks,layout,0.9,2.5,2.5,True,0.9,True,2,6.925212383270264,61.9,21,13,8,
uchen_medium quality,uchen_medium quality - page 2,Woodblock-Stacks,layout,0.9,2.5,2.5,False,0.1,True,3,7.269470930099487,54.55,22,12,10,
uchen_medium quality,uchen_medium quality - page 2,Woodblock-Stacks,layout,0.9,2.5,2.5,False,0.25,True,3,7.384977579116821,54.55,22,12,10,
uchen_medium quality,uchen_medium quality - page 2,Woodblock-Stacks,layout,0.9,2.5,2.5,False,0.5,True,3,7.234477519989014,54.55,22,12,10,
uchen_medium quality,uchen_medium quality - page 2,Woodblock-Stacks,layout,0.9,2.5,2.5,False,0.9,True,3,7.27825140953064,54.55,22,12,10,
uchen_medium quality,uchen_medium quality - page 2,Woodblock-Stacks,layout,0.9,2.5,3.5,True,0.1,True,2,6.789917230606079,69.57,23,16,7,
uchen_medium quality,uchen_medium quality - page 2,Woodblock-Stacks,layout,0.9,2.5,3.5,True,0.25,True,2,6.724345445632935,69.57,23,16,7,
uchen_medium quality,uchen_medium quality - page 2,Woodblock-Stacks,layout,0.9,2.5,3.5,True,0.5,True,2,8.366511821746826,69.57,23,16,7,
uchen_medium quality,uchen_medium quality - page 2,Woodblock-Stacks,layout,0.9,2.5,3.5,True,0.9,True,2,6.493680953979492,69.57,23,16,7,
uchen_medium quality,uchen_medium quality - page 2,Woodblock-Stacks,layout,0.9,2.5,3.5,False,0.1,True,3,7.165648698806763,65.22,23,15,8,
uchen_medium quality,uchen_medium quality - page 2,Woodblock-Stacks,layout,0.9,2.5,3.5,False,0.25,True,3,7.068262577056885,65.22,23,15,8,
uchen_medium quality,uchen_medium quality - page 2,Woodblock-Stacks,layout,0.9,2.5,3.5,False,0.5,True,3,7.124060392379761,65.22,23,15,8,
uchen_medium quality,uchen_medium quality - page 2,Woodblock-Stacks,layout,0.9,2.5,3.5,False,0.9,True,3,7.060130596160889,65.22,23,15,8,
uchen_medium quality,uchen_medium quality - page 2,Woodblock-Stacks,layout,0.9,2.5,4.0,True,0.1,True,2,6.591695785522461,84.0,25,21,4,
uchen_medium quality,uchen_medium quality - page 2,Woodblock-Stacks,layout,0.9,2.5,4.0,True,0.25,True,2,6.619626998901367,84.0,25,21,4,
uchen_medium quality,uchen_medium quality - page 2,Woodblock-Stacks,layout,0.9,2.5,4.0,True,0.5,True,2,6.51462459564209,84.0,25,21,4,
uchen_medium quality,uchen_medium quality - page 2,Woodblock-Stacks,layout,0.9,2.5,4.0,True,0.9,True,2,6.54211688041687,84.0,25,21,4,
uchen_medium quality,uchen_medium quality - page 2,Woodblock-Stacks,layout,0.9,2.5,4.0,False,0.1,True,3,6.98706579208374,84.0,25,21,4,
uchen_medium quality,uchen_medium quality - page 2,Woodblock-Stacks,layout,0.9,2.5,4.0,False,0.25,True,3,6.892894983291626,84.0,25,21,4,
uchen_medium quality,uchen_medium quality - page 2,Woodblock-Stacks,layout,0.9,2.5,4.0,False,0.5,True,3,8.251131296157837,84.0,25,21,4,
uchen_medium quality,uchen_medium quality - page 2,Woodblock-Stacks,layout,0.9,2.5,4.0,False,0.9,True,3,9.87002968788147,84.0,25,21,4,
uchen_medium quality,uchen_medium quality - page 2,Woodblock-Stacks,layout,0.9,2.5,5.0,True,0.1,True,2,6.311573028564453,77.78,18,14,4,
uchen_medium quality,uchen_medium quality - page 2,Woodblock-Stacks,layout,0.9,2.5,5.0,True,0.25,True,2,6.2638633251190186,77.78,18,14,4,
uchen_medium quality,uchen_medium quality - page 2,Woodblock-Stacks,layout,0.9,2.5,5.0,True,0.5,True,2,6.462700605392456,77.78,18,14,4,
uchen_medium quality,uchen_medium quality - page 2,Woodblock-Stacks,layout,0.9,2.5,5.0,True,0.9,True,2,6.460319995880127,77.78,18,14,4,
uchen_medium quality,uchen_medium quality - page 2,Woodblock-Stacks,layout,0.9,2.5,5.0,False,0.1,True,3,6.829562187194824,83.33,18,15,3,
uchen_medium quality,uchen_medium quality - page 2,Woodblock-Stacks,layout,0.9,2.5,5.0,False,0.25,True,3,6.72839093208313,83.33,18,15,3,
uchen_medium quality,uchen_medium quality - page 2,Woodblock-Stacks,layout,0.9,2.5,5.0,False,0.5,True,3,6.7250213623046875,83.33,18,15,3,
uchen_medium quality,uchen_medium quality - page 2,Woodblock-Stacks,layout,0.9,2.5,5.0,False,0.9,True,3,6.727164030075073,83.33,18,15,3,
uchen_medium quality,uchen_medium quality - page 2,Woodblock-Stacks,layout,0.9,3.0,2.5,True,0.1,True,2,7.38920259475708,81.25,16,13,3,
uchen_medium quality,uchen_medium quality - page 2,Woodblock-Stacks,layout,0.9,3.0,2.5,True,0.25,True,2,7.293623685836792,81.25,16,13,3,
uchen_medium quality,uchen_medium quality - page 2,Woodblock-Stacks,layout,0.9,3.0,2.5,True,0.5,True,2,7.405337333679199,81.25,16,13,3,
uchen_medium quality,uchen_medium quality - page 2,Woodblock-Stacks,layout,0.9,3.0,2.5,True,0.9,True,2,7.241960048675537,81.25,16,13,3,
uchen_medium quality,uchen_medium quality - page 2,Woodblock-Stacks,layout,0.9,3.0,2.5,False,0.1,True,3,7.742658853530884,70.59,17,12,5,
uchen_medium quality,uchen_medium quality - page 2,Woodblock-Stacks,layout,0.9,3.0,2.5,False,0.25,True,3,7.633668661117554,70.59,17,12,5,
uchen_medium quality,uchen_medium quality - page 2,Woodblock-Stacks,layout,0.9,3.0,2.5,False,0.5,True,3,7.593127012252808,70.59,17,12,5,
uchen_medium quality,uchen_medium quality - page 2,Woodblock-Stacks,layout,0.9,3.0,2.5,False,0.9,True,3,7.676474571228027,70.59,17,12,5,
uchen_medium quality,uchen_medium quality - page 2,Woodblock-Stacks,layout,0.9,3.0,3.5,True,0.1,True,2,7.120335340499878,88.89,18,16,2,
uchen_medium quality,uchen_medium quality - page 2,Woodblock-Stacks,layout,0.9,3.0,3.5,True,0.25,True,2,7.097183465957642,88.89,18,16,2,
uchen_medium quality,uchen_medium quality - page 2,Woodblock-Stacks,layout,0.9,3.0,3.5,True,0.5,True,2,7.182728290557861,88.89,18,16,2,
uchen_medium quality,uchen_medium quality - page 2,Woodblock-Stacks,layout,0.9,3.0,3.5,True,0.9,True,2,10.136908531188965,88.89,18,16,2,
uchen_medium quality,uchen_medium quality - page 2,Woodblock-Stacks,layout,0.9,3.0,3.5,False,0.1,True,3,7.248526096343994,83.33,18,15,3,
uchen_medium quality,uchen_medium quality - page 2,Woodblock-Stacks,layout,0.9,3.0,3.5,False,0.25,True,3,7.207413196563721,83.33,18,15,3,
uchen_medium quality,uchen_medium quality - page 2,Woodblock-Stacks,layout,0.9,3.0,3.5,False,0.5,True,3,7.337998151779175,83.33,18,15,3,
uchen_medium quality,uchen_medium quality - page 2,Woodblock-Stacks,layout,0.9,3.0,3.5,False,0.9,True,3,7.4757301807403564,83.33,18,15,3,
uchen_medium quality,uchen_medium quality - page 2,Woodblock-Stacks,layout,0.9,3.0,4.0,True,0.1,True,2,6.913806438446045,88.89,18,16,2,
uchen_medium quality,uchen_medium quality - page 2,Woodblock-Stacks,layout,0.9,3.0,4.0,True,0.25,True,2,8.550216913223267,88.89,18,16,2,
uchen_medium quality,uchen_medium quality - page 2,Woodblock-Stacks,layout,0.9,3.0,4.0,True,0.5,True,2,6.817793846130371,88.89,18,16,2,
uchen_medium quality,uchen_medium quality - page 2,Woodblock-Stacks,layout,0.9,3.0,4.0,True,0.9,True,2,6.9889702796936035,88.89,18,16,2,
uchen_medium quality,uchen_medium quality - page 2,Woodblock-Stacks,layout,0.9,3.0,4.0,False,0.1,True,3,7.271907806396484,88.89,18,16,2,
uchen_medium quality,uchen_medium quality - page 2,Woodblock-Stacks,layout,0.9,3.0,4.0,False,0.25,True,3,7.268657922744751,88.89,18,16,2,
uchen_medium quality,uchen_medium quality - page 2,Woodblock-Stacks,layout,0.9,3.0,4.0,False,0.5,True,3,7.2470762729644775,88.89,18,16,2,
uchen_medium quality,uchen_medium quality - page 2,Woodblock-Stacks,layout,0.9,3.0,4.0,False,0.9,True,3,7.29565691947937,88.89,18,16,2,
uchen_medium quality,uchen_medium quality - page 2,Woodblock-Stacks,layout,0.9,3.0,5.0,True,0.1,True,2,6.844447135925293,77.78,18,14,4,
uchen_medium quality,uchen_medium quality - page 2,Woodblock-Stacks,layout,0.9,3.0,5.0,True,0.25,True,2,6.830399513244629,77.78,18,14,4,
uchen_medium quality,uchen_medium quality - page 2,Woodblock-Stacks,layout,0.9,3.0,5.0,True,0.5,True,2,6.863238096237183,77.78,18,14,4,
uchen_medium quality,uchen_medium quality - page 2,Woodblock-Stacks,layout,0.9,3.0,5.0,True,0.9,True,2,6.98924994468689,77.78,18,14,4,
uchen_medium quality,uchen_medium quality - page 2,Woodblock-Stacks,layout,0.9,3.0,5.0,False,0.1,True,3,7.077300071716309,83.33,18,15,3,
uchen_medium quality,uchen_medium quality - page 2,Woodblock-Stacks,layout,0.9,3.0,5.0,False,0.25,True,3,7.080368518829346,83.33,18,15,3,
uchen_medium quality,uchen_medium quality - page 2,Woodblock-Stacks,layout,0.9,3.0,5.0,False,0.5,True,3,7.076475381851196,83.33,18,15,3,
uchen_medium quality,uchen_medium quality - page 2,Woodblock-Stacks,layout,0.9,3.0,5.0,False,0.9,True,3,7.137235641479492,83.33,18,15,3,
uchen_medium quality,uchen_medium quality - page 2,Modern,line,0.7,2.0,2.5,True,0.1,True,1,6.511735916137695,50.0,2,1,1,
uchen_medium quality,uchen_medium quality - page 2,Modern,line,0.7,2.0,2.5,True,0.25,True,1,6.39918851852417,50.0,2,1,1,
uchen_medium quality,uchen_medium quality - page 2,Modern,line,0.7,2.0,2.5,True,0.5,True,1,6.074558973312378,50.0,2,1,1,
uchen_medium quality,uchen_medium quality - page 2,Modern,line,0.7,2.0,2.5,True,0.9,True,1,6.461104869842529,50.0,2,1,1,
uchen_medium quality,uchen_medium quality - page 2,Modern,line,0.7,2.0,2.5,False,0.1,True,6,7.101733446121216,64.71,17,11,6,
uchen_medium quality,uchen_medium quality - page 2,Modern,line,0.7,2.0,2.5,False,0.25,True,6,6.957487106323242,64.71,17,11,6,
uchen_medium quality,uchen_medium quality - page 2,Modern,line,0.7,2.0,2.5,False,0.5,True,6,10.241657018661499,64.71,17,11,6,
uchen_medium quality,uchen_medium quality - page 2,Modern,line,0.7,2.0,2.5,False,0.9,True,6,10.255229234695435,64.71,17,11,6,
uchen_medium quality,uchen_medium quality - page 2,Modern,line,0.7,2.0,3.5,True,0.1,True,1,8.749361276626587,100.0,3,3,0,
uchen_medium quality,uchen_medium quality - page 2,Modern,line,0.7,2.0,3.5,True,0.25,True,1,5.571008682250977,100.0,3,3,0,
uchen_medium quality,uchen_medium quality - page 2,Modern,line,0.7,2.0,3.5,True,0.5,True,1,5.592461585998535,100.0,3,3,0,
uchen_medium quality,uchen_medium quality - page 2,Modern,line,0.7,2.0,3.5,True,0.9,True,1,5.6786887645721436,100.0,3,3,0,
uchen_medium quality,uchen_medium quality - page 2,Modern,line,0.7,2.0,3.5,False,0.1,True,6,6.619870901107788,58.82,17,10,7,
uchen_medium quality,uchen_medium quality - page 2,Modern,line,0.7,2.0,3.5,False,0.25,True,6,9.530094146728516,58.82,17,10,7,
uchen_medium quality,uchen_medium quality - page 2,Modern,line,0.7,2.0,3.5,False,0.5,True,6,6.42426609992981,58.82,17,10,7,
uchen_medium quality,uchen_medium quality - page 2,Modern,line,0.7,2.0,3.5,False,0.9,True,6,6.565924167633057,58.82,17,10,7,
uchen_medium quality,uchen_medium quality - page 2,Modern,line,0.7,2.0,4.0,True,0.1,True,1,5.681976079940796,50.0,2,1,1,
uchen_medium quality,uchen_medium quality - page 2,Modern,line,0.7,2.0,4.0,True,0.25,True,1,5.664662599563599,50.0,2,1,1,
uchen_medium quality,uchen_medium quality - page 2,Modern,line,0.7,2.0,4.0,True,0.5,True,1,5.6942973136901855,50.0,2,1,1,
uchen_medium quality,uchen_medium quality - page 2,Modern,line,0.7,2.0,4.0,True,0.9,True,1,6.072031021118164,50.0,2,1,1,
uchen_medium quality,uchen_medium quality - page 2,Modern,line,0.7,2.0,4.0,False,0.1,True,6,6.523563623428345,58.82,17,10,7,
uchen_medium quality,uchen_medium quality - page 2,Modern,line,0.7,2.0,4.0,False,0.25,True,6,6.538264274597168,58.82,17,10,7,
uchen_medium quality,uchen_medium quality - page 2,Modern,line,0.7,2.0,4.0,False,0.5,True,6,6.5379650592803955,58.82,17,10,7,
uchen_medium quality,uchen_medium quality - page 2,Modern,line,0.7,2.0,4.0,False,0.9,True,6,6.645019769668579,58.82,17,10,7,
uchen_medium quality,uchen_medium quality - page 2,Modern,line,0.7,2.0,5.0,True,0.1,True,1,5.316349267959595,0.0,0,0,0,
uchen_medium quality,uchen_medium quality - page 2,Modern,line,0.7,2.0,5.0,True,0.25,True,1,5.375105142593384,0.0,0,0,0,
uchen_medium quality,uchen_medium quality - page 2,Modern,line,0.7,2.0,5.0,True,0.5,True,1,5.336976766586304,0.0,0,0,0,
uchen_medium quality,uchen_medium quality - page 2,Modern,line,0.7,2.0,5.0,True,0.9,True,1,5.357036590576172,0.0,0,0,0,
uchen_medium quality,uchen_medium quality - page 2,Modern,line,0.7,2.0,5.0,False,0.1,True,6,6.566909551620483,66.67,15,10,5,
uchen_medium quality,uchen_medium quality - page 2,Modern,line,0.7,2.0,5.0,False,0.25,True,6,6.475573301315308,66.67,15,10,5,
uchen_medium quality,uchen_medium quality - page 2,Modern,line,0.7,2.0,5.0,False,0.5,True,6,6.534184455871582,66.67,15,10,5,
uchen_medium quality,uchen_medium quality - page 2,Modern,line,0.7,2.0,5.0,False,0.9,True,6,6.46823525428772,66.67,15,10,5,
uchen_medium quality,uchen_medium quality - page 2,Modern,line,0.7,2.5,2.5,True,0.1,True,1,6.5245139598846436,100.0,3,3,0,
uchen_medium quality,uchen_medium quality - page 2,Modern,line,0.7,2.5,2.5,True,0.25,True,1,6.56139349937439,100.0,3,3,0,
uchen_medium quality,uchen_medium quality - page 2,Modern,line,0.7,2.5,2.5,True,0.5,True,1,6.39295768737793,100.0,3,3,0,
uchen_medium quality,uchen_medium quality - page 2,Modern,line,0.7,2.5,2.5,True,0.9,True,1,6.377156972885132,100.0,3,3,0,
uchen_medium quality,uchen_medium quality - page 2,Modern,line,0.7,2.5,2.5,False,0.1,True,6,7.212557554244995,58.82,17,10,7,
uchen_medium quality,uchen_medium quality - page 2,Modern,line,0.7,2.5,2.5,False,0.25,True,6,7.201104164123535,58.82,17,10,7,
uchen_medium quality,uchen_medium quality - page 2,Modern,line,0.7,2.5,2.5,False,0.5,True,6,7.328216791152954,58.82,17,10,7,
uchen_medium quality,uchen_medium quality - page 2,Modern,line,0.7,2.5,2.5,False,0.9,True,6,7.362391710281372,58.82,17,10,7,
uchen_medium quality,uchen_medium quality - page 2,Modern,line,0.7,2.5,3.5,True,0.1,True,1,6.453845500946045,100.0,3,3,0,
uchen_medium quality,uchen_medium quality - page 2,Modern,line,0.7,2.5,3.5,True,0.25,True,1,6.369895696640015,100.0,3,3,0,
uchen_medium quality,uchen_medium quality - page 2,Modern,line,0.7,2.5,3.5,True,0.5,True,1,6.487436056137085,100.0,3,3,0,
uchen_medium quality,uchen_medium quality - page 2,Modern,line,0.7,2.5,3.5,True,0.9,True,1,6.358918190002441,100.0,3,3,0,
uchen_medium quality,uchen_medium quality - page 2,Modern,line,0.7,2.5,3.5,False,0.1,True,6,6.864704847335815,58.82,17,10,7,
uchen_medium quality,uchen_medium quality - page 2,Modern,line,0.7,2.5,3.5,False,0.25,True,6,6.951266050338745,58.82,17,10,7,
uchen_medium quality,uchen_medium quality - page 2,Modern,line,0.7,2.5,3.5,False,0.5,True,6,7.307501554489136,58.82,17,10,7,
uchen_medium quality,uchen_medium quality - page 2,Modern,line,0.7,2.5,3.5,False,0.9,True,6,6.932412147521973,58.82,17,10,7,
uchen_medium quality,uchen_medium quality - page 2,Modern,line,0.7,2.5,4.0,True,0.1,True,1,6.368119239807129,50.0,2,1,1,
uchen_medium quality,uchen_medium quality - page 2,Modern,line,0.7,2.5,4.0,True,0.25,True,1,6.224105596542358,50.0,2,1,1,
uchen_medium quality,uchen_medium quality - page 2,Modern,line,0.7,2.5,4.0,True,0.5,True,1,6.249053955078125,50.0,2,1,1,
uchen_medium quality,uchen_medium quality - page 2,Modern,line,0.7,2.5,4.0,True,0.9,True,1,6.314485549926758,50.0,2,1,1,
uchen_medium quality,uchen_medium quality - page 2,Modern,line,0.7,2.5,4.0,False,0.1,True,6,6.813082218170166,58.82,17,10,7,
uchen_medium quality,uchen_medium quality - page 2,Modern,line,0.7,2.5,4.0,False,0.25,True,6,6.833483695983887,58.82,17,10,7,
uchen_medium quality,uchen_medium quality - page 2,Modern,line,0.7,2.5,4.0,False,0.5,True,6,6.841151237487793,58.82,17,10,7,
uchen_medium quality,uchen_medium quality - page 2,Modern,line,0.7,2.5,4.0,False,0.9,True,6,6.934470891952515,58.82,17,10,7,
uchen_medium quality,uchen_medium quality - page 2,Modern,line,0.7,2.5,5.0,True,0.1,True,1,5.915855646133423,0.0,0,0,0,
uchen_medium quality,uchen_medium quality - page 2,Modern,line,0.7,2.5,5.0,True,0.25,True,1,5.967562198638916,0.0,0,0,0,
uchen_medium quality,uchen_medium quality - page 2,Modern,line,0.7,2.5,5.0,True,0.5,True,1,5.844327688217163,0.0,0,0,0,
uchen_medium quality,uchen_medium quality - page 2,Modern,line,0.7,2.5,5.0,True,0.9,True,1,8.736521244049072,0.0,0,0,0,
uchen_medium quality,uchen_medium quality - page 2,Modern,line,0.7,2.5,5.0,False,0.1,True,6,6.569447755813599,71.43,14,10,4,
uchen_medium quality,uchen_medium quality - page 2,Modern,line,0.7,2.5,5.0,False,0.25,True,6,6.741987466812134,71.43,14,10,4,
uchen_medium quality,uchen_medium quality - page 2,Modern,line,0.7,2.5,5.0,False,0.5,True,6,6.793723106384277,71.43,14,10,4,
uchen_medium quality,uchen_medium quality - page 2,Modern,line,0.7,2.5,5.0,False,0.9,True,6,6.806332349777222,71.43,14,10,4,
uchen_medium quality,uchen_medium quality - page 2,Modern,line,0.7,3.0,2.5,True,0.1,True,1,6.582523822784424,0.0,0,0,0,
uchen_medium quality,uchen_medium quality - page 2,Modern,line,0.7,3.0,2.5,True,0.25,True,1,7.987239599227905,0.0,0,0,0,
uchen_medium quality,uchen_medium quality - page 2,Modern,line,0.7,3.0,2.5,True,0.5,True,1,9.479604005813599,0.0,0,0,0,
uchen_medium quality,uchen_medium quality - page 2,Modern,line,0.7,3.0,2.5,True,0.9,True,1,6.295604467391968,0.0,0,0,0,
uchen_medium quality,uchen_medium quality - page 2,Modern,line,0.7,3.0,2.5,False,0.1,True,6,7.369168043136597,75.0,16,12,4,
uchen_medium quality,uchen_medium quality - page 2,Modern,line,0.7,3.0,2.5,False,0.25,True,6,7.604904890060425,75.0,16,12,4,
uchen_medium quality,uchen_medium quality - page 2,Modern,line,0.7,3.0,2.5,False,0.5,True,6,7.540106534957886,75.0,16,12,4,
uchen_medium quality,uchen_medium quality - page 2,Modern,line,0.7,3.0,2.5,False,0.9,True,6,7.527419328689575,75.0,16,12,4,
uchen_medium quality,uchen_medium quality - page 2,Modern,line,0.7,3.0,3.5,True,0.1,True,1,6.446175813674927,0.0,0,0,0,
uchen_medium quality,uchen_medium quality - page 2,Modern,line,0.7,3.0,3.5,True,0.25,True,1,6.584904432296753,0.0,0,0,0,
uchen_medium quality,uchen_medium quality - page 2,Modern,line,0.7,3.0,3.5,True,0.5,True,1,6.567791700363159,0.0,0,0,0,
uchen_medium quality,uchen_medium quality - page 2,Modern,line,0.7,3.0,3.5,True,0.9,True,1,6.492749929428101,0.0,0,0,0,
uchen_medium quality,uchen_medium quality - page 2,Modern,line,0.7,3.0,3.5,False,0.1,True,6,7.227891206741333,62.5,16,10,6,
uchen_medium quality,uchen_medium quality - page 2,Modern,line,0.7,3.0,3.5,False,0.25,True,6,7.385177373886108,62.5,16,10,6,
uchen_medium quality,uchen_medium quality - page 2,Modern,line,0.7,3.0,3.5,False,0.5,True,6,7.239349365234375,62.5,16,10,6,
uchen_medium quality,uchen_medium quality - page 2,Modern,line,0.7,3.0,3.5,False,0.9,True,6,7.263396739959717,62.5,16,10,6,
uchen_medium quality,uchen_medium quality - page 2,Modern,line,0.7,3.0,4.0,True,0.1,True,1,6.4951865673065186,0.0,0,0,0,
uchen_medium quality,uchen_medium quality - page 2,Modern,line,0.7,3.0,4.0,True,0.25,True,1,6.547251224517822,0.0,0,0,0,
uchen_medium quality,uchen_medium quality - page 2,Modern,line,0.7,3.0,4.0,True,0.5,True,1,6.461418867111206,0.0,0,0,0,
uchen_medium quality,uchen_medium quality - page 2,Modern,line,0.7,3.0,4.0,True,0.9,True,1,6.610568284988403,0.0,0,0,0,
uchen_medium quality,uchen_medium quality - page 2,Modern,line,0.7,3.0,4.0,False,0.1,True,6,7.127498626708984,68.75,16,11,5,
uchen_medium quality,uchen_medium quality - page 2,Modern,line,0.7,3.0,4.0,False,0.25,True,6,7.3195717334747314,68.75,16,11,5,
uchen_medium quality,uchen_medium quality - page 2,Modern,line,0.7,3.0,4.0,False,0.5,True,6,7.147115468978882,68.75,16,11,5,
uchen_medium quality,uchen_medium quality - page 2,Modern,line,0.7,3.0,4.0,False,0.9,True,6,7.166239023208618,68.75,16,11,5,
uchen_medium quality,uchen_medium quality - page 2,Modern,line,0.7,3.0,5.0,True,0.1,True,1,6.54190731048584,0.0,0,0,0,
uchen_medium quality,uchen_medium quality - page 2,Modern,line,0.7,3.0,5.0,True,0.25,True,1,6.471371650695801,0.0,0,0,0,
uchen_medium quality,uchen_medium quality - page 2,Modern,line,0.7,3.0,5.0,True,0.5,True,1,6.46620512008667,0.0,0,0,0,
uchen_medium quality,uchen_medium quality - page 2,Modern,line,0.7,3.0,5.0,True,0.9,True,1,6.519961595535278,0.0,0,0,0,
uchen_medium quality,uchen_medium quality - page 2,Modern,line,0.7,3.0,5.0,False,0.1,True,6,7.219062328338623,71.43,14,10,4,
uchen_medium quality,uchen_medium quality - page 2,Modern,line,0.7,3.0,5.0,False,0.25,True,6,7.121539354324341,71.43,14,10,4,
uchen_medium quality,uchen_medium quality - page 2,Modern,line,0.7,3.0,5.0,False,0.5,True,6,7.127386808395386,71.43,14,10,4,
uchen_medium quality,uchen_medium quality - page 2,Modern,line,0.7,3.0,5.0,False,0.9,True,6,7.115585565567017,71.43,14,10,4,
uchen_medium quality,uchen_medium quality - page 2,Modern,line,0.8,2.0,2.5,True,0.1,True,1,6.433094024658203,50.0,2,1,1,
uchen_medium quality,uchen_medium quality - page 2,Modern,line,0.8,2.0,2.5,True,0.25,True,1,6.004880666732788,50.0,2,1,1,
uchen_medium quality,uchen_medium quality - page 2,Modern,line,0.8,2.0,2.5,True,0.5,True,1,6.0796732902526855,50.0,2,1,1,
uchen_medium quality,uchen_medium quality - page 2,Modern,line,0.8,2.0,2.5,True,0.9,True,1,6.057451963424683,50.0,2,1,1,
uchen_medium quality,uchen_medium quality - page 2,Modern,line,0.8,2.0,2.5,False,0.1,True,6,7.773193836212158,64.71,17,11,6,
uchen_medium quality,uchen_medium quality - page 2,Modern,line,0.8,2.0,2.5,False,0.25,True,6,10.243999481201172,64.71,17,11,6,
uchen_medium quality,uchen_medium quality - page 2,Modern,line,0.8,2.0,2.5,False,0.5,True,6,10.053896188735962,64.71,17,11,6,
uchen_medium quality,uchen_medium quality - page 2,Modern,line,0.8,2.0,2.5,False,0.9,True,6,6.6818625926971436,64.71,17,11,6,
uchen_medium quality,uchen_medium quality - page 2,Modern,line,0.8,2.0,3.5,True,0.1,True,1,5.544137954711914,100.0,3,3,0,
uchen_medium quality,uchen_medium quality - page 2,Modern,line,0.8,2.0,3.5,True,0.25,True,1,5.739198207855225,100.0,3,3,0,
uchen_medium quality,uchen_medium quality - page 2,Modern,line,0.8,2.0,3.5,True,0.5,True,1,5.94244909286499,100.0,3,3,0,
uchen_medium quality,uchen_medium quality - page 2,Modern,line,0.8,2.0,3.5,True,0.9,True,1,5.832247257232666,100.0,3,3,0,
uchen_medium quality,uchen_medium quality - page 2,Modern,line,0.8,2.0,3.5,False,0.1,True,6,6.623204469680786,58.82,17,10,7,
uchen_medium quality,uchen_medium quality - page 2,Modern,line,0.8,2.0,3.5,False,0.25,True,6,6.723938226699829,58.82,17,10,7,
uchen_medium quality,uchen_medium quality - page 2,Modern,line,0.8,2.0,3.5,False,0.5,True,6,9.063143491744995,58.82,17,10,7,
uchen_medium quality,uchen_medium quality - page 2,Modern,line,0.8,2.0,3.5,False,0.9,True,6,6.411603927612305,58.82,17,10,7,
uchen_medium quality,uchen_medium quality - page 2,Modern,line,0.8,2.0,4.0,True,0.1,True,1,5.651269435882568,50.0,2,1,1,
uchen_medium quality,uchen_medium quality - page 2,Modern,line,0.8,2.0,4.0,True,0.25,True,1,5.6626293659210205,50.0,2,1,1,
uchen_medium quality,uchen_medium quality - page 2,Modern,line,0.8,2.0,4.0,True,0.5,True,1,7.90020751953125,50.0,2,1,1,
uchen_medium quality,uchen_medium quality - page 2,Modern,line,0.8,2.0,4.0,True,0.9,True,1,8.599831819534302,50.0,2,1,1,
uchen_medium quality,uchen_medium quality - page 2,Modern,line,0.8,2.0,4.0,False,0.1,True,6,9.734901189804077,58.82,17,10,7,
uchen_medium quality,uchen_medium quality - page 2,Modern,line,0.8,2.0,4.0,False,0.25,True,6,9.387594223022461,58.82,17,10,7,
uchen_medium quality,uchen_medium quality - page 2,Modern,line,0.8,2.0,4.0,False,0.5,True,6,6.208913326263428,58.82,17,10,7,
uchen_medium quality,uchen_medium quality - page 2,Modern,line,0.8,2.0,4.0,False,0.9,True,6,6.2052435874938965,58.82,17,10,7,
uchen_medium quality,uchen_medium quality - page 2,Modern,line,0.8,2.0,5.0,True,0.1,True,1,5.218877077102661,0.0,0,0,0,
uchen_medium quality,uchen_medium quality - page 2,Modern,line,0.8,2.0,5.0,True,0.25,True,1,5.348741769790649,0.0,0,0,0,
uchen_medium quality,uchen_medium quality - page 2,Modern,line,0.8,2.0,5.0,True,0.5,True,1,5.437306642532349,0.0,0,0,0,
uchen_medium quality,uchen_medium quality - page 2,Modern,line,0.8,2.0,5.0,True,0.9,True,1,5.35795521736145,0.0,0,0,0,
uchen_medium quality,uchen_medium quality - page 2,Modern,line,0.8,2.0,5.0,False,0.1,True,6,6.471218109130859,66.67,15,10,5,
uchen_medium quality,uchen_medium quality - page 2,Modern,line,0.8,2.0,5.0,False,0.25,True,6,9.752643585205078,66.67,15,10,5,
uchen_medium quality,uchen_medium quality - page 2,Modern,line,0.8,2.0,5.0,False,0.5,True,6,9.723596334457397,66.67,15,10,5,
uchen_medium quality,uchen_medium quality - page 2,Modern,line,0.8,2.0,5.0,False,0.9,True,6,9.655367851257324,66.67,15,10,5,
uchen_medium quality,uchen_medium quality - page 2,Modern,line,0.8,2.5,2.5,True,0.1,True,1,9.381776094436646,100.0,3,3,0,
uchen_medium quality,uchen_medium quality - page 2,Modern,line,0.8,2.5,2.5,True,0.25,True,1,9.391637563705444,100.0,3,3,0,
uchen_medium quality,uchen_medium quality - page 2,Modern,line,0.8,2.5,2.5,True,0.5,True,1,9.377347946166992,100.0,3,3,0,
uchen_medium quality,uchen_medium quality - page 2,Modern,line,0.8,2.5,2.5,True,0.9,True,1,9.340444326400757,100.0,3,3,0,
uchen_medium quality,uchen_medium quality - page 2,Modern,line,0.8,2.5,2.5,False,0.1,True,6,7.023117780685425,58.82,17,10,7,
uchen_medium quality,uchen_medium quality - page 2,Modern,line,0.8,2.5,2.5,False,0.25,True,6,6.989927530288696,58.82,17,10,7,
uchen_medium quality,uchen_medium quality - page 2,Modern,line,0.8,2.5,2.5,False,0.5,True,6,6.979599475860596,58.82,17,10,7,
uchen_medium quality,uchen_medium quality - page 2,Modern,line,0.8,2.5,2.5,False,0.9,True,6,7.045923709869385,58.82,17,10,7,
uchen_medium quality,uchen_medium quality - page 2,Modern,line,0.8,2.5,3.5,True,0.1,True,1,6.384602308273315,100.0,3,3,0,
uchen_medium quality,uchen_medium quality - page 2,Modern,line,0.8,2.5,3.5,True,0.25,True,1,6.727411508560181,100.0,3,3,0,
uchen_medium quality,uchen_medium quality - page 2,Modern,line,0.8,2.5,3.5,True,0.5,True,1,6.358360528945923,100.0,3,3,0,
uchen_medium quality,uchen_medium quality - page 2,Modern,line,0.8,2.5,3.5,True,0.9,True,1,8.400452136993408,100.0,3,3,0,
uchen_medium quality,uchen_medium quality - page 2,Modern,line,0.8,2.5,3.5,False,0.1,True,6,10.587630271911621,58.82,17,10,7,
uchen_medium quality,uchen_medium quality - page 2,Modern,line,0.8,2.5,3.5,False,0.25,True,6,10.1031973361969,58.82,17,10,7,
uchen_medium quality,uchen_medium quality - page 2,Modern,line,0.8,2.5,3.5,False,0.5,True,6,10.83227801322937,58.82,17,10,7,
uchen_medium quality,uchen_medium quality - page 2,Modern,line,0.8,2.5,3.5,False,0.9,True,6,10.3919677734375,58.82,17,10,7,
uchen_medium quality,uchen_medium quality - page 2,Modern,line,0.8,2.5,4.0,True,0.1,True,1,9.653571844100952,50.0,2,1,1,
uchen_medium quality,uchen_medium quality - page 2,Modern,line,0.8,2.5,4.0,True,0.25,True,1,10.004483222961426,50.0,2,1,1,
uchen_medium quality,uchen_medium quality - page 2,Modern,line,0.8,2.5,4.0,True,0.5,True,1,10.169168949127197,50.0,2,1,1,
uchen_medium quality,uchen_medium quality - page 2,Modern,line,0.8,2.5,4.0,True,0.9,True,1,9.138095140457153,50.0,2,1,1,
uchen_medium quality,uchen_medium quality - page 2,Modern,line,0.8,2.5,4.0,False,0.1,True,6,10.16073727607727,58.82,17,10,7,
uchen_medium quality,uchen_medium quality - page 2,Modern,line,0.8,2.5,4.0,False,0.25,True,6,11.156648635864258,58.82,17,10,7,
uchen_medium quality,uchen_medium quality - page 2,Modern,line,0.8,2.5,4.0,False,0.5,True,6,10.344950199127197,58.82,17,10,7,
uchen_medium quality,uchen_medium quality - page 2,Modern,line,0.8,2.5,4.0,False,0.9,True,6,10.852172374725342,58.82,17,10,7,
uchen_medium quality,uchen_medium quality - page 2,Modern,line,0.8,2.5,5.0,True,0.1,True,1,9.003093719482422,0.0,0,0,0,
uchen_medium quality,uchen_medium quality - page 2,Modern,line,0.8,2.5,5.0,True,0.25,True,1,9.474372625350952,0.0,0,0,0,
uchen_medium quality,uchen_medium quality - page 2,Modern,line,0.8,2.5,5.0,True,0.5,True,1,8.732666492462158,0.0,0,0,0,
uchen_medium quality,uchen_medium quality - page 2,Modern,line,0.8,2.5,5.0,True,0.9,True,1,9.469764471054077,0.0,0,0,0,
uchen_medium quality,uchen_medium quality - page 2,Modern,line,0.8,2.5,5.0,False,0.1,True,6,10.289592027664185,71.43,14,10,4,
uchen_medium quality,uchen_medium quality - page 2,Modern,line,0.8,2.5,5.0,False,0.25,True,6,10.221909046173096,71.43,14,10,4,
uchen_medium quality,uchen_medium quality - page 2,Modern,line,0.8,2.5,5.0,False,0.5,True,6,10.434055089950562,71.43,14,10,4,
uchen_medium quality,uchen_medium quality - page 2,Modern,line,0.8,2.5,5.0,False,0.9,True,6,10.392762422561646,71.43,14,10,4,
uchen_medium quality,uchen_medium quality - page 2,Modern,line,0.8,3.0,2.5,True,0.1,True,1,9.821421146392822,0.0,0,0,0,
uchen_medium quality,uchen_medium quality - page 2,Modern,line,0.8,3.0,2.5,True,0.25,True,1,9.92177152633667,0.0,0,0,0,
uchen_medium quality,uchen_medium quality - page 2,Modern,line,0.8,3.0,2.5,True,0.5,True,1,10.467436790466309,0.0,0,0,0,
uchen_medium quality,uchen_medium quality - page 2,Modern,line,0.8,3.0,2.5,True,0.9,True,1,10.233844757080078,0.0,0,0,0,
uchen_medium quality,uchen_medium quality - page 2,Modern,line,0.8,3.0,2.5,False,0.1,True,6,11.728834867477417,75.0,16,12,4,
uchen_medium quality,uchen_medium quality - page 2,Modern,line,0.8,3.0,2.5,False,0.25,True,6,11.967254400253296,75.0,16,12,4,
uchen_medium quality,uchen_medium quality - page 2,Modern,line,0.8,3.0,2.5,False,0.5,True,6,12.111152410507202,75.0,16,12,4,
uchen_medium quality,uchen_medium quality - page 2,Modern,line,0.8,3.0,2.5,False,0.9,True,6,11.700226783752441,75.0,16,12,4,
uchen_medium quality,uchen_medium quality - page 2,Modern,line,0.8,3.0,3.5,True,0.1,True,1,9.739570379257202,0.0,0,0,0,
uchen_medium quality,uchen_medium quality - page 2,Modern,line,0.8,3.0,3.5,True,0.25,True,1,6.9820005893707275,0.0,0,0,0,
uchen_medium quality,uchen_medium quality - page 2,Modern,line,0.8,3.0,3.5,True,0.5,True,1,6.560740232467651,0.0,0,0,0,
uchen_medium quality,uchen_medium quality - page 2,Modern,line,0.8,3.0,3.5,True,0.9,True,1,6.46063232421875,0.0,0,0,0,
uchen_medium quality,uchen_medium quality - page 2,Modern,line,0.8,3.0,3.5,False,0.1,True,6,7.296710252761841,62.5,16,10,6,
uchen_medium quality,uchen_medium quality - page 2,Modern,line,0.8,3.0,3.5,False,0.25,True,6,7.298830270767212,62.5,16,10,6,
uchen_medium quality,uchen_medium quality - page 2,Modern,line,0.8,3.0,3.5,False,0.5,True,6,7.411580801010132,62.5,16,10,6,
uchen_medium quality,uchen_medium quality - page 2,Modern,line,0.8,3.0,3.5,False,0.9,True,6,7.279298543930054,62.5,16,10,6,
uchen_medium quality,uchen_medium quality - page 2,Modern,line,0.8,3.0,4.0,True,0.1,True,1,6.463880300521851,0.0,0,0,0,
uchen_medium quality,uchen_medium quality - page 2,Modern,line,0.8,3.0,4.0,True,0.25,True,1,6.52695631980896,0.0,0,0,0,
uchen_medium quality,uchen_medium quality - page 2,Modern,line,0.8,3.0,4.0,True,0.5,True,1,9.44718623161316,0.0,0,0,0,
uchen_medium quality,uchen_medium quality - page 2,Modern,line,0.8,3.0,4.0,True,0.9,True,1,6.274885892868042,0.0,0,0,0,
uchen_medium quality,uchen_medium quality - page 2,Modern,line,0.8,3.0,4.0,False,0.1,True,6,6.986801624298096,68.75,16,11,5,
uchen_medium quality,uchen_medium quality - page 2,Modern,line,0.8,3.0,4.0,False,0.25,True,6,7.296075105667114,68.75,16,11,5,
uchen_medium quality,uchen_medium quality - page 2,Modern,line,0.8,3.0,4.0,False,0.5,True,6,7.1681883335113525,68.75,16,11,5,
uchen_medium quality,uchen_medium quality - page 2,Modern,line,0.8,3.0,4.0,False,0.9,True,6,7.13381814956665,68.75,16,11,5,
uchen_medium quality,uchen_medium quality - page 2,Modern,line,0.8,3.0,5.0,True,0.1,True,1,6.5018699169158936,0.0,0,0,0,
uchen_medium quality,uchen_medium quality - page 2,Modern,line,0.8,3.0,5.0,True,0.25,True,1,6.46800422668457,0.0,0,0,0,
uchen_medium quality,uchen_medium quality - page 2,Modern,line,0.8,3.0,5.0,True,0.5,True,1,6.478000164031982,0.0,0,0,0,
uchen_medium quality,uchen_medium quality - page 2,Modern,line,0.8,3.0,5.0,True,0.9,True,1,6.566580057144165,0.0,0,0,0,
uchen_medium quality,uchen_medium quality - page 2,Modern,line,0.8,3.0,5.0,False,0.1,True,6,7.237339973449707,71.43,14,10,4,
uchen_medium quality,uchen_medium quality - page 2,Modern,line,0.8,3.0,5.0,False,0.25,True,6,7.146377325057983,71.43,14,10,4,
uchen_medium quality,uchen_medium quality - page 2,Modern,line,0.8,3.0,5.0,False,0.5,True,6,7.167091608047485,71.43,14,10,4,
uchen_medium quality,uchen_medium quality - page 2,Modern,line,0.8,3.0,5.0,False,0.9,True,6,7.120671033859253,71.43,14,10,4,
uchen_medium quality,uchen_medium quality - page 2,Modern,line,0.9,2.0,2.5,True,0.1,True,1,6.093932628631592,50.0,2,1,1,
uchen_medium quality,uchen_medium quality - page 2,Modern,line,0.9,2.0,2.5,True,0.25,True,1,6.060061931610107,50.0,2,1,1,
uchen_medium quality,uchen_medium quality - page 2,Modern,line,0.9,2.0,2.5,True,0.5,True,1,6.074495077133179,50.0,2,1,1,
uchen_medium quality,uchen_medium quality - page 2,Modern,line,0.9,2.0,2.5,True,0.9,True,1,6.157090425491333,50.0,2,1,1,
uchen_medium quality,uchen_medium quality - page 2,Modern,line,0.9,2.0,2.5,False,0.1,True,6,7.0870842933654785,64.71,17,11,6,
uchen_medium quality,uchen_medium quality - page 2,Modern,line,0.9,2.0,2.5,False,0.25,True,6,6.960176944732666,64.71,17,11,6,
uchen_medium quality,uchen_medium quality - page 2,Modern,line,0.9,2.0,2.5,False,0.5,True,6,6.976703882217407,64.71,17,11,6,
uchen_medium quality,uchen_medium quality - page 2,Modern,line,0.9,2.0,2.5,False,0.9,True,6,6.97473406791687,64.71,17,11,6,
uchen_medium quality,uchen_medium quality - page 2,Modern,line,0.9,2.0,3.5,True,0.1,True,1,5.841418266296387,100.0,3,3,0,
uchen_medium quality,uchen_medium quality - page 2,Modern,line,0.9,2.0,3.5,True,0.25,True,1,5.837881326675415,100.0,3,3,0,
uchen_medium quality,uchen_medium quality - page 2,Modern,line,0.9,2.0,3.5,True,0.5,True,1,5.939220666885376,100.0,3,3,0,
uchen_medium quality,uchen_medium quality - page 2,Modern,line,0.9,2.0,3.5,True,0.9,True,1,5.886371850967407,100.0,3,3,0,
uchen_medium quality,uchen_medium quality - page 2,Modern,line,0.9,2.0,3.5,False,0.1,True,6,6.643460750579834,58.82,17,10,7,
uchen_medium quality,uchen_medium quality - page 2,Modern,line,0.9,2.0,3.5,False,0.25,True,6,6.690809726715088,58.82,17,10,7,
uchen_medium quality,uchen_medium quality - page 2,Modern,line,0.9,2.0,3.5,False,0.5,True,6,6.651093006134033,58.82,17,10,7,
uchen_medium quality,uchen_medium quality - page 2,Modern,line,0.9,2.0,3.5,False,0.9,True,6,6.6623921394348145,58.82,17,10,7,
uchen_medium quality,uchen_medium quality - page 2,Modern,line,0.9,2.0,4.0,True,0.1,True,1,5.939952373504639,50.0,2,1,1,
uchen_medium quality,uchen_medium quality - page 2,Modern,line,0.9,2.0,4.0,True,0.25,True,1,5.711595058441162,50.0,2,1,1,
uchen_medium quality,uchen_medium quality - page 2,Modern,line,0.9,2.0,4.0,True,0.5,True,1,5.678442478179932,50.0,2,1,1,
uchen_medium quality,uchen_medium quality - page 2,Modern,line,0.9,2.0,4.0,True,0.9,True,1,5.663275957107544,50.0,2,1,1,
uchen_medium quality,uchen_medium quality - page 2,Modern,line,0.9,2.0,4.0,False,0.1,True,6,6.5872321128845215,58.82,17,10,7,
uchen_medium quality,uchen_medium quality - page 2,Modern,line,0.9,2.0,4.0,False,0.25,True,6,6.552446365356445,58.82,17,10,7,
uchen_medium quality,uchen_medium quality - page 2,Modern,line,0.9,2.0,4.0,False,0.5,True,6,6.557857990264893,58.82,17,10,7,
uchen_medium quality,uchen_medium quality - page 2,Modern,line,0.9,2.0,4.0,False,0.9,True,6,6.628282308578491,58.82,17,10,7,
uchen_medium quality,uchen_medium quality - page 2,Modern,line,0.9,2.0,5.0,True,0.1,True,1,5.44066858291626,0.0,0,0,0,
uchen_medium quality,uchen_medium quality - page 2,Modern,line,0.9,2.0,5.0,True,0.25,True,1,5.382887363433838,0.0,0,0,0,
uchen_medium quality,uchen_medium quality - page 2,Modern,line,0.9,2.0,5.0,True,0.5,True,1,5.388444423675537,0.0,0,0,0,
uchen_medium quality,uchen_medium quality - page 2,Modern,line,0.9,2.0,5.0,True,0.9,True,1,5.381844997406006,0.0,0,0,0,
uchen_medium quality,uchen_medium quality - page 2,Modern,line,0.9,2.0,5.0,False,0.1,True,6,6.496383190155029,66.67,15,10,5,
uchen_medium quality,uchen_medium quality - page 2,Modern,line,0.9,2.0,5.0,False,0.25,True,6,6.461857557296753,66.67,15,10,5,
uchen_medium quality,uchen_medium quality - page 2,Modern,line,0.9,2.0,5.0,False,0.5,True,6,6.57873272895813,66.67,15,10,5,
uchen_medium quality,uchen_medium quality - page 2,Modern,line,0.9,2.0,5.0,False,0.9,True,6,6.484638214111328,66.67,15,10,5,
uchen_medium quality,uchen_medium quality - page 2,Modern,line,0.9,2.5,2.5,True,0.1,True,1,6.499230146408081,100.0,3,3,0,
uchen_medium quality,uchen_medium quality - page 2,Modern,line,0.9,2.5,2.5,True,0.25,True,1,6.559602737426758,100.0,3,3,0,
uchen_medium quality,uchen_medium quality - page 2,Modern,line,0.9,2.5,2.5,True,0.5,True,1,6.372938394546509,100.0,3,3,0,
uchen_medium quality,uchen_medium quality - page 2,Modern,line,0.9,2.5,2.5,True,0.9,True,1,9.397717714309692,100.0,3,3,0,
uchen_medium quality,uchen_medium quality - page 2,Modern,line,0.9,2.5,2.5,False,0.1,True,6,7.393535852432251,58.82,17,10,7,
uchen_medium quality,uchen_medium quality - page 2,Modern,line,0.9,2.5,2.5,False,0.25,True,6,7.008076190948486,58.82,17,10,7,
uchen_medium quality,uchen_medium quality - page 2,Modern,line,0.9,2.5,2.5,False,0.5,True,6,7.211035966873169,58.82,17,10,7,
uchen_medium quality,uchen_medium quality - page 2,Modern,line,0.9,2.5,2.5,False,0.9,True,6,7.22468113899231,58.82,17,10,7,
uchen_medium quality,uchen_medium quality - page 2,Modern,line,0.9,2.5,3.5,True,0.1,True,1,6.492616176605225,100.0,3,3,0,
uchen_medium quality,uchen_medium quality - page 2,Modern,line,0.9,2.5,3.5,True,0.25,True,1,6.514910697937012,100.0,3,3,0,
uchen_medium quality,uchen_medium quality - page 2,Modern,line,0.9,2.5,3.5,True,0.5,True,1,6.420580863952637,100.0,3,3,0,
uchen_medium quality,uchen_medium quality - page 2,Modern,line,0.9,2.5,3.5,True,0.9,True,1,6.413789510726929,100.0,3,3,0,
uchen_medium quality,uchen_medium quality - page 2,Modern,line,0.9,2.5,3.5,False,0.1,True,6,6.9930243492126465,58.82,17,10,7,
uchen_medium quality,uchen_medium quality - page 2,Modern,line,0.9,2.5,3.5,False,0.25,True,6,8.261354684829712,58.82,17,10,7,
uchen_medium quality,uchen_medium quality - page 2,Modern,line,0.9,2.5,3.5,False,0.5,True,6,6.784348011016846,58.82,17,10,7,
uchen_medium quality,uchen_medium quality - page 2,Modern,line,0.9,2.5,3.5,False,0.9,True,6,6.934825420379639,58.82,17,10,7,
uchen_medium quality,uchen_medium quality - page 2,Modern,line,0.9,2.5,4.0,True,0.1,True,1,7.1897993087768555,50.0,2,1,1,
uchen_medium quality,uchen_medium quality - page 2,Modern,line,0.9,2.5,4.0,True,0.25,True,1,6.468748092651367,50.0,2,1,1,
uchen_medium quality,uchen_medium quality - page 2,Modern,line,0.9,2.5,4.0,True,0.5,True,1,6.304823160171509,50.0,2,1,1,
uchen_medium quality,uchen_medium quality - page 2,Modern,line,0.9,2.5,4.0,True,0.9,True,1,6.219621658325195,50.0,2,1,1,
uchen_medium quality,uchen_medium quality - page 2,Modern,line,0.9,2.5,4.0,False,0.1,True,6,6.791311025619507,58.82,17,10,7,
uchen_medium quality,uchen_medium quality - page 2,Modern,line,0.9,2.5,4.0,False,0.25,True,6,6.9480931758880615,58.82,17,10,7,
uchen_medium quality,uchen_medium quality - page 2,Modern,line,0.9,2.5,4.0,False,0.5,True,6,6.830348253250122,58.82,17,10,7,
uchen_medium quality,uchen_medium quality - page 2,Modern,line,0.9,2.5,4.0,False,0.9,True,6,6.849873065948486,58.82,17,10,7,
uchen_medium quality,uchen_medium quality - page 2,Modern,line,0.9,2.5,5.0,True,0.1,True,1,5.844574451446533,0.0,0,0,0,
uchen_medium quality,uchen_medium quality - page 2,Modern,line,0.9,2.5,5.0,True,0.25,True,1,5.9583821296691895,0.0,0,0,0,
uchen_medium quality,uchen_medium quality - page 2,Modern,line,0.9,2.5,5.0,True,0.5,True,1,5.862953186035156,0.0,0,0,0,
uchen_medium quality,uchen_medium quality - page 2,Modern,line,0.9,2.5,5.0,True,0.9,True,1,6.321791648864746,0.0,0,0,0,
uchen_medium quality,uchen_medium quality - page 2,Modern,line,0.9,2.5,5.0,False,0.1,True,6,10.03008484840393,71.43,14,10,4,
uchen_medium quality,uchen_medium quality - page 2,Modern,line,0.9,2.5,5.0,False,0.25,True,6,8.382651329040527,71.43,14,10,4,
uchen_medium quality,uchen_medium quality - page 2,Modern,line,0.9,2.5,5.0,False,0.5,True,6,6.4877283573150635,71.43,14,10,4,
uchen_medium quality,uchen_medium quality - page 2,Modern,line,0.9,2.5,5.0,False,0.9,True,6,9.731099128723145,71.43,14,10,4,
uchen_medium quality,uchen_medium quality - page 2,Modern,line,0.9,3.0,2.5,True,0.1,True,1,9.556238889694214,0.0,0,0,0,
uchen_medium quality,uchen_medium quality - page 2,Modern,line,0.9,3.0,2.5,True,0.25,True,1,6.229444742202759,0.0,0,0,0,
uchen_medium quality,uchen_medium quality - page 2,Modern,line,0.9,3.0,2.5,True,0.5,True,1,6.209739446640015,0.0,0,0,0,
uchen_medium quality,uchen_medium quality - page 2,Modern,line,0.9,3.0,2.5,True,0.9,True,1,6.4272682666778564,0.0,0,0,0,
uchen_medium quality,uchen_medium quality - page 2,Modern,line,0.9,3.0,2.5,False,0.1,True,6,7.552959203720093,75.0,16,12,4,
uchen_medium quality,uchen_medium quality - page 2,Modern,line,0.9,3.0,2.5,False,0.25,True,6,7.667821168899536,75.0,16,12,4,
uchen_medium quality,uchen_medium quality - page 2,Modern,line,0.9,3.0,2.5,False,0.5,True,6,7.505847930908203,75.0,16,12,4,
uchen_medium quality,uchen_medium quality - page 2,Modern,line,0.9,3.0,2.5,False,0.9,True,6,7.580661058425903,75.0,16,12,4,
uchen_medium quality,uchen_medium quality - page 2,Modern,line,0.9,3.0,3.5,True,0.1,True,1,6.448000431060791,0.0,0,0,0,
uchen_medium quality,uchen_medium quality - page 2,Modern,line,0.9,3.0,3.5,True,0.25,True,1,6.541061639785767,0.0,0,0,0,
uchen_medium quality,uchen_medium quality - page 2,Modern,line,0.9,3.0,3.5,True,0.5,True,1,6.458235025405884,0.0,0,0,0,
uchen_medium quality,uchen_medium quality - page 2,Modern,line,0.9,3.0,3.5,True,0.9,True,1,6.555063962936401,0.0,0,0,0,
uchen_medium quality,uchen_medium quality - page 2,Modern,line,0.9,3.0,3.5,False,0.1,True,6,7.25593376159668,62.5,16,10,6,
uchen_medium quality,uchen_medium quality - page 2,Modern,line,0.9,3.0,3.5,False,0.25,True,6,7.351333141326904,62.5,16,10,6,
uchen_medium quality,uchen_medium quality - page 2,Modern,line,0.9,3.0,3.5,False,0.5,True,6,7.2771899700164795,62.5,16,10,6,
uchen_medium quality,uchen_medium quality - page 2,Modern,line,0.9,3.0,3.5,False,0.9,True,6,7.274212121963501,62.5,16,10,6,
uchen_medium quality,uchen_medium quality - page 2,Modern,line,0.9,3.0,4.0,True,0.1,True,1,6.485250949859619,0.0,0,0,0,
uchen_medium quality,uchen_medium quality - page 2,Modern,line,0.9,3.0,4.0,True,0.25,True,1,6.460365533828735,0.0,0,0,0,
uchen_medium quality,uchen_medium quality - page 2,Modern,line,0.9,3.0,4.0,True,0.5,True,1,6.568914413452148,0.0,0,0,0,
uchen_medium quality,uchen_medium quality - page 2,Modern,line,0.9,3.0,4.0,True,0.9,True,1,6.46419358253479,0.0,0,0,0,
uchen_medium quality,uchen_medium quality - page 2,Modern,line,0.9,3.0,4.0,False,0.1,True,6,7.216397762298584,68.75,16,11,5,
uchen_medium quality,uchen_medium quality - page 2,Modern,line,0.9,3.0,4.0,False,0.25,True,6,7.197583913803101,68.75,16,11,5,
uchen_medium quality,uchen_medium quality - page 2,Modern,line,0.9,3.0,4.0,False,0.5,True,6,7.2046332359313965,68.75,16,11,5,
uchen_medium quality,uchen_medium quality - page 2,Modern,line,0.9,3.0,4.0,False,0.9,True,6,7.336889743804932,68.75,16,11,5,
uchen_medium quality,uchen_medium quality - page 2,Modern,line,0.9,3.0,5.0,True,0.1,True,1,6.538673639297485,0.0,0,0,0,
uchen_medium quality,uchen_medium quality - page 2,Modern,line,0.9,3.0,5.0,True,0.25,True,1,6.451035499572754,0.0,0,0,0,
uchen_medium quality,uchen_medium quality - page 2,Modern,line,0.9,3.0,5.0,True,0.5,True,1,6.465306043624878,0.0,0,0,0,
uchen_medium quality,uchen_medium quality - page 2,Modern,line,0.9,3.0,5.0,True,0.9,True,1,6.479625701904297,0.0,0,0,0,
uchen_medium quality,uchen_medium quality - page 2,Modern,line,0.9,3.0,5.0,False,0.1,True,6,7.10062050819397,71.43,14,10,4,
uchen_medium quality,uchen_medium quality - page 2,Modern,line,0.9,3.0,5.0,False,0.25,True,6,7.299954414367676,71.43,14,10,4,
uchen_medium quality,uchen_medium quality - page 2,Modern,line,0.9,3.0,5.0,False,0.5,True,6,7.114109039306641,71.43,14,10,4,
uchen_medium quality,uchen_medium quality - page 2,Modern,line,0.9,3.0,5.0,False,0.9,True,6,7.132001638412476,71.43,14,10,4,
uchen_medium quality,uchen_medium quality - page 2,Modern,layout,0.7,2.0,2.5,True,0.1,True,2,6.882629871368408,65.22,23,15,8,
uchen_medium quality,uchen_medium quality - page 2,Modern,layout,0.7,2.0,2.5,True,0.25,True,2,6.895298719406128,65.22,23,15,8,
uchen_medium quality,uchen_medium quality - page 2,Modern,layout,0.7,2.0,2.5,True,0.5,True,2,6.1441028118133545,65.22,23,15,8,
uchen_medium quality,uchen_medium quality - page 2,Modern,layout,0.7,2.0,2.5,True,0.9,True,2,6.081872940063477,65.22,23,15,8,
uchen_medium quality,uchen_medium quality - page 2,Modern,layout,0.7,2.0,2.5,False,0.1,True,3,6.335802793502808,61.9,21,13,8,
uchen_medium quality,uchen_medium quality - page 2,Modern,layout,0.7,2.0,2.5,False,0.25,True,3,6.3013458251953125,61.9,21,13,8,
uchen_medium quality,uchen_medium quality - page 2,Modern,layout,0.7,2.0,2.5,False,0.5,True,3,6.494259357452393,61.9,21,13,8,
uchen_medium quality,uchen_medium quality - page 2,Modern,layout,0.7,2.0,2.5,False,0.9,True,3,6.3533196449279785,61.9,21,13,8,
uchen_medium quality,uchen_medium quality - page 2,Modern,layout,0.7,2.0,3.5,True,0.1,True,2,5.998849153518677,71.43,21,15,6,
uchen_medium quality,uchen_medium quality - page 2,Modern,layout,0.7,2.0,3.5,True,0.25,True,2,6.003544092178345,71.43,21,15,6,
uchen_medium quality,uchen_medium quality - page 2,Modern,layout,0.7,2.0,3.5,True,0.5,True,2,6.0063371658325195,71.43,21,15,6,
uchen_medium quality,uchen_medium quality - page 2,Modern,layout,0.7,2.0,3.5,True,0.9,True,2,5.976715326309204,71.43,21,15,6,
uchen_medium quality,uchen_medium quality - page 2,Modern,layout,0.7,2.0,3.5,False,0.1,True,3,6.281154632568359,85.71,21,18,3,
uchen_medium quality,uchen_medium quality - page 2,Modern,layout,0.7,2.0,3.5,False,0.25,True,3,6.1920740604400635,85.71,21,18,3,
uchen_medium quality,uchen_medium quality - page 2,Modern,layout,0.7,2.0,3.5,False,0.5,True,3,6.165318727493286,85.71,21,18,3,
uchen_medium quality,uchen_medium quality - page 2,Modern,layout,0.7,2.0,3.5,False,0.9,True,3,6.216789960861206,85.71,21,18,3,
uchen_medium quality,uchen_medium quality - page 2,Modern,layout,0.7,2.0,4.0,True,0.1,True,2,5.866009712219238,62.5,16,10,6,
uchen_medium quality,uchen_medium quality - page 2,Modern,layout,0.7,2.0,4.0,True,0.25,True,2,8.833205938339233,62.5,16,10,6,
uchen_medium quality,uchen_medium quality - page 2,Modern,layout,0.7,2.0,4.0,True,0.5,True,2,8.826499938964844,62.5,16,10,6,
uchen_medium quality,uchen_medium quality - page 2,Modern,layout,0.7,2.0,4.0,True,0.9,True,2,8.830662965774536,62.5,16,10,6,
uchen_medium quality,uchen_medium quality - page 2,Modern,layout,0.7,2.0,4.0,False,0.1,True,3,9.162734508514404,62.5,16,10,6,
uchen_medium quality,uchen_medium quality - page 2,Modern,layout,0.7,2.0,4.0,False,0.25,True,3,5.829673528671265,62.5,16,10,6,
uchen_medium quality,uchen_medium quality - page 2,Modern,layout,0.7,2.0,4.0,False,0.5,True,3,9.056246280670166,62.5,16,10,6,
uchen_medium quality,uchen_medium quality - page 2,Modern,layout,0.7,2.0,4.0,False,0.9,True,3,5.933919668197632,62.5,16,10,6,
uchen_medium quality,uchen_medium quality - page 2,Modern,layout,0.7,2.0,5.0,True,0.1,True,2,5.519973039627075,40.0,10,4,6,
uchen_medium quality,uchen_medium quality - page 2,Modern,layout,0.7,2.0,5.0,True,0.25,True,2,5.768713712692261,40.0,10,4,6,
uchen_medium quality,uchen_medium quality - page 2,Modern,layout,0.7,2.0,5.0,True,0.5,True,2,5.946103096008301,40.0,10,4,6,
uchen_medium quality,uchen_medium quality - page 2,Modern,layout,0.7,2.0,5.0,True,0.9,True,2,5.858645677566528,40.0,10,4,6,
uchen_medium quality,uchen_medium quality - page 2,Modern,layout,0.7,2.0,5.0,False,0.1,True,3,6.100534200668335,41.67,12,5,7,
uchen_medium quality,uchen_medium quality - page 2,Modern,layout,0.7,2.0,5.0,False,0.25,True,3,6.087241172790527,41.67,12,5,7,
uchen_medium quality,uchen_medium quality - page 2,Modern,layout,0.7,2.0,5.0,False,0.5,True,3,6.077084302902222,41.67,12,5,7,
uchen_medium quality,uchen_medium quality - page 2,Modern,layout,0.7,2.0,5.0,False,0.9,True,3,6.06678032875061,41.67,12,5,7,
uchen_medium quality,uchen_medium quality - page 2,Modern,layout,0.7,2.5,2.5,True,0.1,True,2,6.604048490524292,75.0,24,18,6,
uchen_medium quality,uchen_medium quality - page 2,Modern,layout,0.7,2.5,2.5,True,0.25,True,2,6.555292129516602,75.0,24,18,6,
uchen_medium quality,uchen_medium quality - page 2,Modern,layout,0.7,2.5,2.5,True,0.5,True,2,6.421229600906372,75.0,24,18,6,
uchen_medium quality,uchen_medium quality - page 2,Modern,layout,0.7,2.5,2.5,True,0.9,True,2,6.455918073654175,75.0,24,18,6,
uchen_medium quality,uchen_medium quality - page 2,Modern,layout,0.7,2.5,2.5,False,0.1,True,3,8.11701512336731,72.73,22,16,6,
uchen_medium quality,uchen_medium quality - page 2,Modern,layout,0.7,2.5,2.5,False,0.25,True,3,6.823741912841797,72.73,22,16,6,
uchen_medium quality,uchen_medium quality - page 2,Modern,layout,0.7,2.5,2.5,False,0.5,True,3,6.619169473648071,72.73,22,16,6,
uchen_medium quality,uchen_medium quality - page 2,Modern,layout,0.7,2.5,2.5,False,0.9,True,3,6.6510841846466064,72.73,22,16,6,
uchen_medium quality,uchen_medium quality - page 2,Modern,layout,0.7,2.5,3.5,True,0.1,True,2,6.3027403354644775,71.43,21,15,6,
uchen_medium quality,uchen_medium quality - page 2,Modern,layout,0.7,2.5,3.5,True,0.25,True,2,9.311508417129517,71.43,21,15,6,
uchen_medium quality,uchen_medium quality - page 2,Modern,layout,0.7,2.5,3.5,True,0.5,True,2,6.060993194580078,71.43,21,15,6,
uchen_medium quality,uchen_medium quality - page 2,Modern,layout,0.7,2.5,3.5,True,0.9,True,2,6.169297933578491,71.43,21,15,6,
uchen_medium quality,uchen_medium quality - page 2,Modern,layout,0.7,2.5,3.5,False,0.1,True,3,6.724292993545532,85.71,21,18,3,
uchen_medium quality,uchen_medium quality - page 2,Modern,layout,0.7,2.5,3.5,False,0.25,True,3,6.523914813995361,85.71,21,18,3,
uchen_medium quality,uchen_medium quality - page 2,Modern,layout,0.7,2.5,3.5,False,0.5,True,3,6.495142936706543,85.71,21,18,3,
uchen_medium quality,uchen_medium quality - page 2,Modern,layout,0.7,2.5,3.5,False,0.9,True,3,6.491940498352051,85.71,21,18,3,
uchen_medium quality,uchen_medium quality - page 2,Modern,layout,0.7,2.5,4.0,True,0.1,True,2,6.187279462814331,62.5,16,10,6,
uchen_medium quality,uchen_medium quality - page 2,Modern,layout,0.7,2.5,4.0,True,0.25,True,2,6.168740510940552,62.5,16,10,6,
uchen_medium quality,uchen_medium quality - page 2,Modern,layout,0.7,2.5,4.0,True,0.5,True,2,6.2993152141571045,62.5,16,10,6,
uchen_medium quality,uchen_medium quality - page 2,Modern,layout,0.7,2.5,4.0,True,0.9,True,2,6.298058271408081,62.5,16,10,6,
uchen_medium quality,uchen_medium quality - page 2,Modern,layout,0.7,2.5,4.0,False,0.1,True,3,6.505234956741333,62.5,16,10,6,
uchen_medium quality,uchen_medium quality - page 2,Modern,layout,0.7,2.5,4.0,False,0.25,True,3,6.465994596481323,62.5,16,10,6,
uchen_medium quality,uchen_medium quality - page 2,Modern,layout,0.7,2.5,4.0,False,0.5,True,3,6.477482557296753,62.5,16,10,6,
uchen_medium quality,uchen_medium quality - page 2,Modern,layout,0.7,2.5,4.0,False,0.9,True,3,6.507681131362915,62.5,16,10,6,
uchen_medium quality,uchen_medium quality - page 2,Modern,layout,0.7,2.5,5.0,True,0.1,True,2,6.236853122711182,40.0,10,4,6,
uchen_medium quality,uchen_medium quality - page 2,Modern,layout,0.7,2.5,5.0,True,0.25,True,2,6.194528102874756,40.0,10,4,6,
uchen_medium quality,uchen_medium quality - page 2,Modern,layout,0.7,2.5,5.0,True,0.5,True,2,6.23310112953186,40.0,10,4,6,
uchen_medium quality,uchen_medium quality - page 2,Modern,layout,0.7,2.5,5.0,True,0.9,True,2,6.24194598197937,40.0,10,4,6,
uchen_medium quality,uchen_medium quality - page 2,Modern,layout,0.7,2.5,5.0,False,0.1,True,3,6.4702630043029785,27.27,11,3,8,
uchen_medium quality,uchen_medium quality - page 2,Modern,layout,0.7,2.5,5.0,False,0.25,True,3,6.634073734283447,27.27,11,3,8,
uchen_medium quality,uchen_medium quality - page 2,Modern,layout,0.7,2.5,5.0,False,0.5,True,3,6.289904594421387,27.27,11,3,8,
uchen_medium quality,uchen_medium quality - page 2,Modern,layout,0.7,2.5,5.0,False,0.9,True,3,6.347719430923462,27.27,11,3,8,
uchen_medium quality,uchen_medium quality - page 2,Modern,layout,0.7,3.0,2.5,True,0.1,True,2,7.057927131652832,50.0,16,8,8,
uchen_medium quality,uchen_medium quality - page 2,Modern,layout,0.7,3.0,2.5,True,0.25,True,2,6.843169212341309,50.0,16,8,8,
uchen_medium quality,uchen_medium quality - page 2,Modern,layout,0.7,3.0,2.5,True,0.5,True,2,6.874170780181885,50.0,16,8,8,
uchen_medium quality,uchen_medium quality - page 2,Modern,layout,0.7,3.0,2.5,True,0.9,True,2,6.856427431106567,50.0,16,8,8,
uchen_medium quality,uchen_medium quality - page 2,Modern,layout,0.7,3.0,2.5,False,0.1,True,3,7.077121019363403,42.86,14,6,8,
uchen_medium quality,uchen_medium quality - page 2,Modern,layout,0.7,3.0,2.5,False,0.25,True,3,7.132063388824463,42.86,14,6,8,
uchen_medium quality,uchen_medium quality - page 2,Modern,layout,0.7,3.0,2.5,False,0.5,True,3,7.0306172370910645,42.86,14,6,8,
uchen_medium quality,uchen_medium quality - page 2,Modern,layout,0.7,3.0,2.5,False,0.9,True,3,7.0954625606536865,42.86,14,6,8,
uchen_medium quality,uchen_medium quality - page 2,Modern,layout,0.7,3.0,3.5,True,0.1,True,2,6.7790467739105225,38.46,13,5,8,
uchen_medium quality,uchen_medium quality - page 2,Modern,layout,0.7,3.0,3.5,True,0.25,True,2,9.877701759338379,38.46,13,5,8,
uchen_medium quality,uchen_medium quality - page 2,Modern,layout,0.7,3.0,3.5,True,0.5,True,2,7.224324941635132,38.46,13,5,8,
uchen_medium quality,uchen_medium quality - page 2,Modern,layout,0.7,3.0,3.5,True,0.9,True,2,6.586595058441162,38.46,13,5,8,
uchen_medium quality,uchen_medium quality - page 2,Modern,layout,0.7,3.0,3.5,False,0.1,True,3,6.800008296966553,61.54,13,8,5,
uchen_medium quality,uchen_medium quality - page 2,Modern,layout,0.7,3.0,3.5,False,0.25,True,3,7.103234529495239,61.54,13,8,5,
uchen_medium quality,uchen_medium quality - page 2,Modern,layout,0.7,3.0,3.5,False,0.5,True,3,6.920786619186401,61.54,13,8,5,
uchen_medium quality,uchen_medium quality - page 2,Modern,layout,0.7,3.0,3.5,False,0.9,True,3,6.972479581832886,61.54,13,8,5,
uchen_medium quality,uchen_medium quality - page 2,Modern,layout,0.7,3.0,4.0,True,0.1,True,2,6.6077306270599365,41.67,12,5,7,
uchen_medium quality,uchen_medium quality - page 2,Modern,layout,0.7,3.0,4.0,True,0.25,True,2,7.005434036254883,41.67,12,5,7,
uchen_medium quality,uchen_medium quality - page 2,Modern,layout,0.7,3.0,4.0,True,0.5,True,2,6.596934795379639,41.67,12,5,7,
uchen_medium quality,uchen_medium quality - page 2,Modern,layout,0.7,3.0,4.0,True,0.9,True,2,6.650161266326904,41.67,12,5,7,
uchen_medium quality,uchen_medium quality - page 2,Modern,layout,0.7,3.0,4.0,False,0.1,True,3,6.8509674072265625,41.67,12,5,7,
uchen_medium quality,uchen_medium quality - page 2,Modern,layout,0.7,3.0,4.0,False,0.25,True,3,6.84596061706543,41.67,12,5,7,
uchen_medium quality,uchen_medium quality - page 2,Modern,layout,0.7,3.0,4.0,False,0.5,True,3,7.050230979919434,41.67,12,5,7,
uchen_medium quality,uchen_medium quality - page 2,Modern,layout,0.7,3.0,4.0,False,0.9,True,3,6.820564031600952,41.67,12,5,7,
uchen_medium quality,uchen_medium quality - page 2,Modern,layout,0.7,3.0,5.0,True,0.1,True,2,6.644222259521484,40.0,10,4,6,
uchen_medium quality,uchen_medium quality - page 2,Modern,layout,0.7,3.0,5.0,True,0.25,True,2,6.576260089874268,40.0,10,4,6,
uchen_medium quality,uchen_medium quality - page 2,Modern,layout,0.7,3.0,5.0,True,0.5,True,2,6.754335641860962,40.0,10,4,6,
uchen_medium quality,uchen_medium quality - page 2,Modern,layout,0.7,3.0,5.0,True,0.9,True,2,9.632612943649292,40.0,10,4,6,
uchen_medium quality,uchen_medium quality - page 2,Modern,layout,0.7,3.0,5.0,False,0.1,True,3,9.83957839012146,27.27,11,3,8,
uchen_medium quality,uchen_medium quality - page 2,Modern,layout,0.7,3.0,5.0,False,0.25,True,3,9.637460947036743,27.27,11,3,8,
uchen_medium quality,uchen_medium quality - page 2,Modern,layout,0.7,3.0,5.0,False,0.5,True,3,6.69443941116333,27.27,11,3,8,
uchen_medium quality,uchen_medium quality - page 2,Modern,layout,0.7,3.0,5.0,False,0.9,True,3,6.491525650024414,27.27,11,3,8,
uchen_medium quality,uchen_medium quality - page 2,Modern,layout,0.8,2.0,2.5,True,0.1,True,2,5.84257173538208,65.22,23,15,8,
uchen_medium quality,uchen_medium quality - page 2,Modern,layout,0.8,2.0,2.5,True,0.25,True,2,6.038018226623535,65.22,23,15,8,
uchen_medium quality,uchen_medium quality - page 2,Modern,layout,0.8,2.0,2.5,True,0.5,True,2,6.125267505645752,65.22,23,15,8,
uchen_medium quality,uchen_medium quality - page 2,Modern,layout,0.8,2.0,2.5,True,0.9,True,2,6.196815013885498,65.22,23,15,8,
uchen_medium quality,uchen_medium quality - page 2,Modern,layout,0.8,2.0,2.5,False,0.1,True,3,6.287358045578003,61.9,21,13,8,
uchen_medium quality,uchen_medium quality - page 2,Modern,layout,0.8,2.0,2.5,False,0.25,True,3,6.285552978515625,61.9,21,13,8,
uchen_medium quality,uchen_medium quality - page 2,Modern,layout,0.8,2.0,2.5,False,0.5,True,3,6.321904420852661,61.9,21,13,8,
uchen_medium quality,uchen_medium quality - page 2,Modern,layout,0.8,2.0,2.5,False,0.9,True,3,6.362115859985352,61.9,21,13,8,
uchen_medium quality,uchen_medium quality - page 2,Modern,layout,0.8,2.0,3.5,True,0.1,True,2,6.014498949050903,71.43,21,15,6,
uchen_medium quality,uchen_medium quality - page 2,Modern,layout,0.8,2.0,3.5,True,0.25,True,2,5.978268384933472,71.43,21,15,6,
uchen_medium quality,uchen_medium quality - page 2,Modern,layout,0.8,2.0,3.5,True,0.5,True,2,5.971069574356079,71.43,21,15,6,
uchen_medium quality,uchen_medium quality - page 2,Modern,layout,0.8,2.0,3.5,True,0.9,True,2,5.958136320114136,71.43,21,15,6,
uchen_medium quality,uchen_medium quality - page 2,Modern,layout,0.8,2.0,3.5,False,0.1,True,3,6.17519474029541,85.71,21,18,3,
uchen_medium quality,uchen_medium quality - page 2,Modern,layout,0.8,2.0,3.5,False,0.25,True,3,6.211270809173584,85.71,21,18,3,
uchen_medium quality,uchen_medium quality - page 2,Modern,layout,0.8,2.0,3.5,False,0.5,True,3,6.1369547843933105,85.71,21,18,3,
uchen_medium quality,uchen_medium quality - page 2,Modern,layout,0.8,2.0,3.5,False,0.9,True,3,6.15528130531311,85.71,21,18,3,
uchen_medium quality,uchen_medium quality - page 2,Modern,layout,0.8,2.0,4.0,True,0.1,True,2,5.8229875564575195,62.5,16,10,6,
uchen_medium quality,uchen_medium quality - page 2,Modern,layout,0.8,2.0,4.0,True,0.25,True,2,5.942774057388306,62.5,16,10,6,
uchen_medium quality,uchen_medium quality - page 2,Modern,layout,0.8,2.0,4.0,True,0.5,True,2,5.957481861114502,62.5,16,10,6,
uchen_medium quality,uchen_medium quality - page 2,Modern,layout,0.8,2.0,4.0,True,0.9,True,2,5.868897199630737,62.5,16,10,6,
uchen_medium quality,uchen_medium quality - page 2,Modern,layout,0.8,2.0,4.0,False,0.1,True,3,6.106626510620117,62.5,16,10,6,
uchen_medium quality,uchen_medium quality - page 2,Modern,layout,0.8,2.0,4.0,False,0.25,True,3,6.178772211074829,62.5,16,10,6,
uchen_medium quality,uchen_medium quality - page 2,Modern,layout,0.8,2.0,4.0,False,0.5,True,3,6.604334354400635,62.5,16,10,6,
uchen_medium quality,uchen_medium quality - page 2,Modern,layout,0.8,2.0,4.0,False,0.9,True,3,9.202077865600586,62.5,16,10,6,
uchen_medium quality,uchen_medium quality - page 2,Modern,layout,0.8,2.0,5.0,True,0.1,True,2,8.811929941177368,40.0,10,4,6,
uchen_medium quality,uchen_medium quality - page 2,Modern,layout,0.8,2.0,5.0,True,0.25,True,2,8.821465969085693,40.0,10,4,6,
uchen_medium quality,uchen_medium quality - page 2,Modern,layout,0.8,2.0,5.0,True,0.5,True,2,8.810715913772583,40.0,10,4,6,
uchen_medium quality,uchen_medium quality - page 2,Modern,layout,0.8,2.0,5.0,True,0.9,True,2,8.836380958557129,40.0,10,4,6,
uchen_medium quality,uchen_medium quality - page 2,Modern,layout,0.8,2.0,5.0,False,0.1,True,3,9.10392713546753,41.67,12,5,7,
uchen_medium quality,uchen_medium quality - page 2,Modern,layout,0.8,2.0,5.0,False,0.25,True,3,9.023327112197876,41.67,12,5,7,
uchen_medium quality,uchen_medium quality - page 2,Modern,layout,0.8,2.0,5.0,False,0.5,True,3,6.126324415206909,41.67,12,5,7,
uchen_medium quality,uchen_medium quality - page 2,Modern,layout,0.8,2.0,5.0,False,0.9,True,3,5.752828598022461,41.67,12,5,7,
uchen_medium quality,uchen_medium quality - page 2,Modern,layout,0.8,2.5,2.5,True,0.1,True,2,6.181524276733398,75.0,24,18,6,
uchen_medium quality,uchen_medium quality - page 2,Modern,layout,0.8,2.5,2.5,True,0.25,True,2,6.27907133102417,75.0,24,18,6,
uchen_medium quality,uchen_medium quality - page 2,Modern,layout,0.8,2.5,2.5,True,0.5,True,2,6.6009299755096436,75.0,24,18,6,
uchen_medium quality,uchen_medium quality - page 2,Modern,layout,0.8,2.5,2.5,True,0.9,True,2,6.4658379554748535,75.0,24,18,6,
uchen_medium quality,uchen_medium quality - page 2,Modern,layout,0.8,2.5,2.5,False,0.1,True,3,6.63200831413269,72.73,22,16,6,
uchen_medium quality,uchen_medium quality - page 2,Modern,layout,0.8,2.5,2.5,False,0.25,True,3,6.615418195724487,72.73,22,16,6,
uchen_medium quality,uchen_medium quality - page 2,Modern,layout,0.8,2.5,2.5,False,0.5,True,3,6.686761379241943,72.73,22,16,6,
uchen_medium quality,uchen_medium quality - page 2,Modern,layout,0.8,2.5,2.5,False,0.9,True,3,6.629349708557129,72.73,22,16,6,
uchen_medium quality,uchen_medium quality - page 2,Modern,layout,0.8,2.5,3.5,True,0.1,True,2,6.296339988708496,71.43,21,15,6,
uchen_medium quality,uchen_medium quality - page 2,Modern,layout,0.8,2.5,3.5,True,0.25,True,2,6.31611967086792,71.43,21,15,6,
uchen_medium quality,uchen_medium quality - page 2,Modern,layout,0.8,2.5,3.5,True,0.5,True,2,6.407167434692383,71.43,21,15,6,
uchen_medium quality,uchen_medium quality - page 2,Modern,layout,0.8,2.5,3.5,True,0.9,True,2,6.45764684677124,71.43,21,15,6,
uchen_medium quality,uchen_medium quality - page 2,Modern,layout,0.8,2.5,3.5,False,0.1,True,3,6.522569417953491,85.71,21,18,3,
uchen_medium quality,uchen_medium quality - page 2,Modern,layout,0.8,2.5,3.5,False,0.25,True,3,6.504790782928467,85.71,21,18,3,
uchen_medium quality,uchen_medium quality - page 2,Modern,layout,0.8,2.5,3.5,False,0.5,True,3,6.662665367126465,85.71,21,18,3,
uchen_medium quality,uchen_medium quality - page 2,Modern,layout,0.8,2.5,3.5,False,0.9,True,3,6.513335466384888,85.71,21,18,3,
uchen_medium quality,uchen_medium quality - page 2,Modern,layout,0.8,2.5,4.0,True,0.1,True,2,6.20540714263916,62.5,16,10,6,
uchen_medium quality,uchen_medium quality - page 2,Modern,layout,0.8,2.5,4.0,True,0.25,True,2,6.201858997344971,62.5,16,10,6,
uchen_medium quality,uchen_medium quality - page 2,Modern,layout,0.8,2.5,4.0,True,0.5,True,2,6.284567356109619,62.5,16,10,6,
uchen_medium quality,uchen_medium quality - page 2,Modern,layout,0.8,2.5,4.0,True,0.9,True,2,6.213875770568848,62.5,16,10,6,
uchen_medium quality,uchen_medium quality - page 2,Modern,layout,0.8,2.5,4.0,False,0.1,True,3,6.550844192504883,62.5,16,10,6,
uchen_medium quality,uchen_medium quality - page 2,Modern,layout,0.8,2.5,4.0,False,0.25,True,3,6.452771186828613,62.5,16,10,6,
uchen_medium quality,uchen_medium quality - page 2,Modern,layout,0.8,2.5,4.0,False,0.5,True,3,6.590940952301025,62.5,16,10,6,
uchen_medium quality,uchen_medium quality - page 2,Modern,layout,0.8,2.5,4.0,False,0.9,True,3,6.501680135726929,62.5,16,10,6,
uchen_medium quality,uchen_medium quality - page 2,Modern,layout,0.8,2.5,5.0,True,0.1,True,2,6.271935224533081,40.0,10,4,6,
uchen_medium quality,uchen_medium quality - page 2,Modern,layout,0.8,2.5,5.0,True,0.25,True,2,6.2236106395721436,40.0,10,4,6,
uchen_medium quality,uchen_medium quality - page 2,Modern,layout,0.8,2.5,5.0,True,0.5,True,2,6.330984592437744,40.0,10,4,6,
uchen_medium quality,uchen_medium quality - page 2,Modern,layout,0.8,2.5,5.0,True,0.9,True,2,6.1967456340789795,40.0,10,4,6,
uchen_medium quality,uchen_medium quality - page 2,Modern,layout,0.8,2.5,5.0,False,0.1,True,3,6.335873365402222,27.27,11,3,8,
uchen_medium quality,uchen_medium quality - page 2,Modern,layout,0.8,2.5,5.0,False,0.25,True,3,6.339919090270996,27.27,11,3,8,
uchen_medium quality,uchen_medium quality - page 2,Modern,layout,0.8,2.5,5.0,False,0.5,True,3,6.553621530532837,27.27,11,3,8,
uchen_medium quality,uchen_medium quality - page 2,Modern,layout,0.8,2.5,5.0,False,0.9,True,3,6.416213035583496,27.27,11,3,8,
uchen_medium quality,uchen_medium quality - page 2,Modern,layout,0.8,3.0,2.5,True,0.1,True,2,6.977759599685669,50.0,16,8,8,
uchen_medium quality,uchen_medium quality - page 2,Modern,layout,0.8,3.0,2.5,True,0.25,True,2,6.8713459968566895,50.0,16,8,8,
uchen_medium quality,uchen_medium quality - page 2,Modern,layout,0.8,3.0,2.5,True,0.5,True,2,6.944288492202759,50.0,16,8,8,
uchen_medium quality,uchen_medium quality - page 2,Modern,layout,0.8,3.0,2.5,True,0.9,True,2,6.8520824909210205,50.0,16,8,8,
uchen_medium quality,uchen_medium quality - page 2,Modern,layout,0.8,3.0,2.5,False,0.1,True,3,7.021195411682129,42.86,14,6,8,
uchen_medium quality,uchen_medium quality - page 2,Modern,layout,0.8,3.0,2.5,False,0.25,True,3,7.054412841796875,42.86,14,6,8,
uchen_medium quality,uchen_medium quality - page 2,Modern,layout,0.8,3.0,2.5,False,0.5,True,3,7.208844900131226,42.86,14,6,8,
uchen_medium quality,uchen_medium quality - page 2,Modern,layout,0.8,3.0,2.5,False,0.9,True,3,7.019728660583496,42.86,14,6,8,
uchen_medium quality,uchen_medium quality - page 2,Modern,layout,0.8,3.0,3.5,True,0.1,True,2,6.782352685928345,38.46,13,5,8,
uchen_medium quality,uchen_medium quality - page 2,Modern,layout,0.8,3.0,3.5,True,0.25,True,2,6.732442855834961,38.46,13,5,8,
uchen_medium quality,uchen_medium quality - page 2,Modern,layout,0.8,3.0,3.5,True,0.5,True,2,6.866267919540405,38.46,13,5,8,
uchen_medium quality,uchen_medium quality - page 2,Modern,layout,0.8,3.0,3.5,True,0.9,True,2,6.758484363555908,38.46,13,5,8,
uchen_medium quality,uchen_medium quality - page 2,Modern,layout,0.8,3.0,3.5,False,0.1,True,3,6.924464225769043,61.54,13,8,5,
uchen_medium quality,uchen_medium quality - page 2,Modern,layout,0.8,3.0,3.5,False,0.25,True,3,6.95780873298645,61.54,13,8,5,
uchen_medium quality,uchen_medium quality - page 2,Modern,layout,0.8,3.0,3.5,False,0.5,True,3,7.016584873199463,61.54,13,8,5,
uchen_medium quality,uchen_medium quality - page 2,Modern,layout,0.8,3.0,3.5,False,0.9,True,3,7.019811391830444,61.54,13,8,5,
uchen_medium quality,uchen_medium quality - page 2,Modern,layout,0.8,3.0,4.0,True,0.1,True,2,6.60376763343811,41.67,12,5,7,
uchen_medium quality,uchen_medium quality - page 2,Modern,layout,0.8,3.0,4.0,True,0.25,True,2,6.607731342315674,41.67,12,5,7,
uchen_medium quality,uchen_medium quality - page 2,Modern,layout,0.8,3.0,4.0,True,0.5,True,2,6.842084646224976,41.67,12,5,7,
uchen_medium quality,uchen_medium quality - page 2,Modern,layout,0.8,3.0,4.0,True,0.9,True,2,6.601151943206787,41.67,12,5,7,
uchen_medium quality,uchen_medium quality - page 2,Modern,layout,0.8,3.0,4.0,False,0.1,True,3,6.859685659408569,41.67,12,5,7,
uchen_medium quality,uchen_medium quality - page 2,Modern,layout,0.8,3.0,4.0,False,0.25,True,3,6.825530767440796,41.67,12,5,7,
uchen_medium quality,uchen_medium quality - page 2,Modern,layout,0.8,3.0,4.0,False,0.5,True,3,6.842568635940552,41.67,12,5,7,
uchen_medium quality,uchen_medium quality - page 2,Modern,layout,0.8,3.0,4.0,False,0.9,True,3,6.910654306411743,41.67,12,5,7,
uchen_medium quality,uchen_medium quality - page 2,Modern,layout,0.8,3.0,5.0,True,0.1,True,2,6.714226007461548,40.0,10,4,6,
uchen_medium quality,uchen_medium quality - page 2,Modern,layout,0.8,3.0,5.0,True,0.25,True,2,6.562789678573608,40.0,10,4,6,
uchen_medium quality,uchen_medium quality - page 2,Modern,layout,0.8,3.0,5.0,True,0.5,True,2,6.852125644683838,40.0,10,4,6,
uchen_medium quality,uchen_medium quality - page 2,Modern,layout,0.8,3.0,5.0,True,0.9,True,2,6.593506813049316,40.0,10,4,6,
uchen_medium quality,uchen_medium quality - page 2,Modern,layout,0.8,3.0,5.0,False,0.1,True,3,6.693328619003296,27.27,11,3,8,
uchen_medium quality,uchen_medium quality - page 2,Modern,layout,0.8,3.0,5.0,False,0.25,True,3,6.707774877548218,27.27,11,3,8,
uchen_medium quality,uchen_medium quality - page 2,Modern,layout,0.8,3.0,5.0,False,0.5,True,3,6.741300344467163,27.27,11,3,8,
uchen_medium quality,uchen_medium quality - page 2,Modern,layout,0.8,3.0,5.0,False,0.9,True,3,6.923691511154175,27.27,11,3,8,
uchen_medium quality,uchen_medium quality - page 2,Modern,layout,0.9,2.0,2.5,True,0.1,True,2,6.266185760498047,65.22,23,15,8,
uchen_medium quality,uchen_medium quality - page 2,Modern,layout,0.9,2.0,2.5,True,0.25,True,2,6.2924559116363525,65.22,23,15,8,
uchen_medium quality,uchen_medium quality - page 2,Modern,layout,0.9,2.0,2.5,True,0.5,True,2,6.169489145278931,65.22,23,15,8,
uchen_medium quality,uchen_medium quality - page 2,Modern,layout,0.9,2.0,2.5,True,0.9,True,2,6.18197226524353,65.22,23,15,8,
uchen_medium quality,uchen_medium quality - page 2,Modern,layout,0.9,2.0,2.5,False,0.1,True,3,6.465157747268677,61.9,21,13,8,
uchen_medium quality,uchen_medium quality - page 2,Modern,layout,0.9,2.0,2.5,False,0.25,True,3,6.278906345367432,61.9,21,13,8,
uchen_medium quality,uchen_medium quality - page 2,Modern,layout,0.9,2.0,2.5,False,0.5,True,3,6.28633189201355,61.9,21,13,8,
uchen_medium quality,uchen_medium quality - page 2,Modern,layout,0.9,2.0,2.5,False,0.9,True,3,6.267399549484253,61.9,21,13,8,
uchen_medium quality,uchen_medium quality - page 2,Modern,layout,0.9,2.0,3.5,True,0.1,True,2,5.943891763687134,71.43,21,15,6,
uchen_medium quality,uchen_medium quality - page 2,Modern,layout,0.9,2.0,3.5,True,0.25,True,2,6.122108221054077,71.43,21,15,6,
uchen_medium quality,uchen_medium quality - page 2,Modern,layout,0.9,2.0,3.5,True,0.5,True,2,6.004421234130859,71.43,21,15,6,
uchen_medium quality,uchen_medium quality - page 2,Modern,layout,0.9,2.0,3.5,True,0.9,True,2,6.0813915729522705,71.43,21,15,6,
uchen_medium quality,uchen_medium quality - page 2,Modern,layout,0.9,2.0,3.5,False,0.1,True,3,6.175385475158691,85.71,21,18,3,
uchen_medium quality,uchen_medium quality - page 2,Modern,layout,0.9,2.0,3.5,False,0.25,True,3,6.183634519577026,85.71,21,18,3,
uchen_medium quality,uchen_medium quality - page 2,Modern,layout,0.9,2.0,3.5,False,0.5,True,3,6.278894424438477,85.71,21,18,3,
uchen_medium quality,uchen_medium quality - page 2,Modern,layout,0.9,2.0,3.5,False,0.9,True,3,6.170331954956055,85.71,21,18,3,
uchen_medium quality,uchen_medium quality - page 2,Modern,layout,0.9,2.0,4.0,True,0.1,True,2,5.842688798904419,62.5,16,10,6,
uchen_medium quality,uchen_medium quality - page 2,Modern,layout,0.9,2.0,4.0,True,0.25,True,2,5.853656053543091,62.5,16,10,6,
uchen_medium quality,uchen_medium quality - page 2,Modern,layout,0.9,2.0,4.0,True,0.5,True,2,5.883824110031128,62.5,16,10,6,
uchen_medium quality,uchen_medium quality - page 2,Modern,layout,0.9,2.0,4.0,True,0.9,True,2,8.72035527229309,62.5,16,10,6,
uchen_medium quality,uchen_medium quality - page 2,Modern,layout,0.9,2.0,4.0,False,0.1,True,3,6.103275775909424,62.5,16,10,6,
uchen_medium quality,uchen_medium quality - page 2,Modern,layout,0.9,2.0,4.0,False,0.25,True,3,9.165498495101929,62.5,16,10,6,
uchen_medium quality,uchen_medium quality - page 2,Modern,layout,0.9,2.0,4.0,False,0.5,True,3,9.19291090965271,62.5,16,10,6,
uchen_medium quality,uchen_medium quality - page 2,Modern,layout,0.9,2.0,4.0,False,0.9,True,3,9.13737154006958,62.5,16,10,6,
uchen_medium quality,uchen_medium quality - page 2,Modern,layout,0.9,2.0,5.0,True,0.1,True,2,8.797532081604004,40.0,10,4,6,
uchen_medium quality,uchen_medium quality - page 2,Modern,layout,0.9,2.0,5.0,True,0.25,True,2,8.856675624847412,40.0,10,4,6,
uchen_medium quality,uchen_medium quality - page 2,Modern,layout,0.9,2.0,5.0,True,0.5,True,2,8.802199125289917,40.0,10,4,6,
uchen_medium quality,uchen_medium quality - page 2,Modern,layout,0.9,2.0,5.0,True,0.9,True,2,8.796082019805908,40.0,10,4,6,
uchen_medium quality,uchen_medium quality - page 2,Modern,layout,0.9,2.0,5.0,False,0.1,True,3,9.1126127243042,41.67,12,5,7,
uchen_medium quality,uchen_medium quality - page 2,Modern,layout,0.9,2.0,5.0,False,0.25,True,3,9.138262271881104,41.67,12,5,7,
uchen_medium quality,uchen_medium quality - page 2,Modern,layout,0.9,2.0,5.0,False,0.5,True,3,5.7706139087677,41.67,12,5,7,
uchen_medium quality,uchen_medium quality - page 2,Modern,layout,0.9,2.0,5.0,False,0.9,True,3,5.771862506866455,41.67,12,5,7,
uchen_medium quality,uchen_medium quality - page 2,Modern,layout,0.9,2.5,2.5,True,0.1,True,2,6.263569593429565,75.0,24,18,6,
uchen_medium quality,uchen_medium quality - page 2,Modern,layout,0.9,2.5,2.5,True,0.25,True,2,6.237943172454834,75.0,24,18,6,
uchen_medium quality,uchen_medium quality - page 2,Modern,layout,0.9,2.5,2.5,True,0.5,True,2,6.52217960357666,75.0,24,18,6,
uchen_medium quality,uchen_medium quality - page 2,Modern,layout,0.9,2.5,2.5,True,0.9,True,2,6.417452812194824,75.0,24,18,6,
uchen_medium quality,uchen_medium quality - page 2,Modern,layout,0.9,2.5,2.5,False,0.1,True,3,6.717416524887085,72.73,22,16,6,
uchen_medium quality,uchen_medium quality - page 2,Modern,layout,0.9,2.5,2.5,False,0.25,True,3,6.615646123886108,72.73,22,16,6,
uchen_medium quality,uchen_medium quality - page 2,Modern,layout,0.9,2.5,2.5,False,0.5,True,3,6.629163980484009,72.73,22,16,6,
uchen_medium quality,uchen_medium quality - page 2,Modern,layout,0.9,2.5,2.5,False,0.9,True,3,6.702819347381592,72.73,22,16,6,
uchen_medium quality,uchen_medium quality - page 2,Modern,layout,0.9,2.5,3.5,True,0.1,True,2,6.317063808441162,71.43,21,15,6,
uchen_medium quality,uchen_medium quality - page 2,Modern,layout,0.9,2.5,3.5,True,0.25,True,2,6.3222081661224365,71.43,21,15,6,
uchen_medium quality,uchen_medium quality - page 2,Modern,layout,0.9,2.5,3.5,True,0.5,True,2,9.327343940734863,71.43,21,15,6,
uchen_medium quality,uchen_medium quality - page 2,Modern,layout,0.9,2.5,3.5,True,0.9,True,2,9.334464311599731,71.43,21,15,6,
uchen_medium quality,uchen_medium quality - page 2,Modern,layout,0.9,2.5,3.5,False,0.1,True,3,9.604580163955688,85.71,21,18,3,
uchen_medium quality,uchen_medium quality - page 2,Modern,layout,0.9,2.5,3.5,False,0.25,True,3,7.131168842315674,85.71,21,18,3,
uchen_medium quality,uchen_medium quality - page 2,Modern,layout,0.9,2.5,3.5,False,0.5,True,3,6.2480309009552,85.71,21,18,3,
uchen_medium quality,uchen_medium quality - page 2,Modern,layout,0.9,2.5,3.5,False,0.9,True,3,9.59909176826477,85.71,21,18,3,
uchen_medium quality,uchen_medium quality - page 2,Modern,layout,0.9,2.5,4.0,True,0.1,True,2,6.0352842807769775,62.5,16,10,6,
uchen_medium quality,uchen_medium quality - page 2,Modern,layout,0.9,2.5,4.0,True,0.25,True,2,8.364315509796143,62.5,16,10,6,
uchen_medium quality,uchen_medium quality - page 2,Modern,layout,0.9,2.5,4.0,True,0.5,True,2,5.962001323699951,62.5,16,10,6,
uchen_medium quality,uchen_medium quality - page 2,Modern,layout,0.9,2.5,4.0,True,0.9,True,2,5.991498947143555,62.5,16,10,6,
uchen_medium quality,uchen_medium quality - page 2,Modern,layout,0.9,2.5,4.0,False,0.1,True,3,6.580917119979858,62.5,16,10,6,
uchen_medium quality,uchen_medium quality - page 2,Modern,layout,0.9,2.5,4.0,False,0.25,True,3,6.429123163223267,62.5,16,10,6,
uchen_medium quality,uchen_medium quality - page 2,Modern,layout,0.9,2.5,4.0,False,0.5,True,3,6.5254740715026855,62.5,16,10,6,
uchen_medium quality,uchen_medium quality - page 2,Modern,layout,0.9,2.5,4.0,False,0.9,True,3,6.56335973739624,62.5,16,10,6,
uchen_medium quality,uchen_medium quality - page 2,Modern,layout,0.9,2.5,5.0,True,0.1,True,2,6.215453863143921,40.0,10,4,6,
uchen_medium quality,uchen_medium quality - page 2,Modern,layout,0.9,2.5,5.0,True,0.25,True,2,6.234191656112671,40.0,10,4,6,
uchen_medium quality,uchen_medium quality - page 2,Modern,layout,0.9,2.5,5.0,True,0.5,True,2,6.232596397399902,40.0,10,4,6,
uchen_medium quality,uchen_medium quality - page 2,Modern,layout,0.9,2.5,5.0,True,0.9,True,2,6.2169389724731445,40.0,10,4,6,
uchen_medium quality,uchen_medium quality - page 2,Modern,layout,0.9,2.5,5.0,False,0.1,True,3,6.6229681968688965,27.27,11,3,8,
uchen_medium quality,uchen_medium quality - page 2,Modern,layout,0.9,2.5,5.0,False,0.25,True,3,6.43048620223999,27.27,11,3,8,
uchen_medium quality,uchen_medium quality - page 2,Modern,layout,0.9,2.5,5.0,False,0.5,True,3,6.405182838439941,27.27,11,3,8,
uchen_medium quality,uchen_medium quality - page 2,Modern,layout,0.9,2.5,5.0,False,0.9,True,3,6.459913015365601,27.27,11,3,8,
uchen_medium quality,uchen_medium quality - page 2,Modern,layout,0.9,3.0,2.5,True,0.1,True,2,6.983809471130371,50.0,16,8,8,
uchen_medium quality,uchen_medium quality - page 2,Modern,layout,0.9,3.0,2.5,True,0.25,True,2,7.001141786575317,50.0,16,8,8,
uchen_medium quality,uchen_medium quality - page 2,Modern,layout,0.9,3.0,2.5,True,0.5,True,2,7.034564971923828,50.0,16,8,8,
uchen_medium quality,uchen_medium quality - page 2,Modern,layout,0.9,3.0,2.5,True,0.9,True,2,7.001683712005615,50.0,16,8,8,
uchen_medium quality,uchen_medium quality - page 2,Modern,layout,0.9,3.0,2.5,False,0.1,True,3,7.0499491691589355,42.86,14,6,8,
uchen_medium quality,uchen_medium quality - page 2,Modern,layout,0.9,3.0,2.5,False,0.25,True,3,7.041396379470825,42.86,14,6,8,
uchen_medium quality,uchen_medium quality - page 2,Modern,layout,0.9,3.0,2.5,False,0.5,True,3,7.14896035194397,42.86,14,6,8,
uchen_medium quality,uchen_medium quality - page 2,Modern,layout,0.9,3.0,2.5,False,0.9,True,3,7.08981728553772,42.86,14,6,8,
uchen_medium quality,uchen_medium quality - page 2,Modern,layout,0.9,3.0,3.5,True,0.1,True,2,6.846136569976807,38.46,13,5,8,
uchen_medium quality,uchen_medium quality - page 2,Modern,layout,0.9,3.0,3.5,True,0.25,True,2,6.833275318145752,38.46,13,5,8,
uchen_medium quality,uchen_medium quality - page 2,Modern,layout,0.9,3.0,3.5,True,0.5,True,2,6.774084806442261,38.46,13,5,8,
uchen_medium quality,uchen_medium quality - page 2,Modern,layout,0.9,3.0,3.5,True,0.9,True,2,6.785009145736694,38.46,13,5,8,
uchen_medium quality,uchen_medium quality - page 2,Modern,layout,0.9,3.0,3.5,False,0.1,True,3,6.96209979057312,61.54,13,8,5,
uchen_medium quality,uchen_medium quality - page 2,Modern,layout,0.9,3.0,3.5,False,0.25,True,3,6.9333436489105225,61.54,13,8,5,
uchen_medium quality,uchen_medium quality - page 2,Modern,layout,0.9,3.0,3.5,False,0.5,True,3,7.066701173782349,61.54,13,8,5,
uchen_medium quality,uchen_medium quality - page 2,Modern,layout,0.9,3.0,3.5,False,0.9,True,3,7.1240644454956055,61.54,13,8,5,
uchen_medium quality,uchen_medium quality - page 2,Modern,layout,0.9,3.0,4.0,True,0.1,True,2,6.649996519088745,41.67,12,5,7,
uchen_medium quality,uchen_medium quality - page 2,Modern,layout,0.9,3.0,4.0,True,0.25,True,2,6.634103775024414,41.67,12,5,7,
uchen_medium quality,uchen_medium quality - page 2,Modern,layout,0.9,3.0,4.0,True,0.5,True,2,6.640916109085083,41.67,12,5,7,
uchen_medium quality,uchen_medium quality - page 2,Modern,layout,0.9,3.0,4.0,True,0.9,True,2,8.066986799240112,41.67,12,5,7,
uchen_medium quality,uchen_medium quality - page 2,Modern,layout,0.9,3.0,4.0,False,0.1,True,3,6.747992753982544,41.67,12,5,7,
uchen_medium quality,uchen_medium quality - page 2,Modern,layout,0.9,3.0,4.0,False,0.25,True,3,6.860894680023193,41.67,12,5,7,
uchen_medium quality,uchen_medium quality - page 2,Modern,layout,0.9,3.0,4.0,False,0.5,True,3,6.848155498504639,41.67,12,5,7,
uchen_medium quality,uchen_medium quality - page 2,Modern,layout,0.9,3.0,4.0,False,0.9,True,3,6.876346826553345,41.67,12,5,7,
uchen_medium quality,uchen_medium quality - page 2,Modern,layout,0.9,3.0,5.0,True,0.1,True,2,9.548113346099854,40.0,10,4,6,
uchen_medium quality,uchen_medium quality - page 2,Modern,layout,0.9,3.0,5.0,True,0.25,True,2,9.609287738800049,40.0,10,4,6,
uchen_medium quality,uchen_medium quality - page 2,Modern,layout,0.9,3.0,5.0,True,0.5,True,2,8.363420248031616,40.0,10,4,6,
uchen_medium quality,uchen_medium quality - page 2,Modern,layout,0.9,3.0,5.0,True,0.9,True,2,6.4510908126831055,40.0,10,4,6,
uchen_medium quality,uchen_medium quality - page 2,Modern,layout,0.9,3.0,5.0,False,0.1,True,3,6.519665718078613,27.27,11,3,8,
uchen_medium quality,uchen_medium quality - page 2,Modern,layout,0.9,3.0,5.0,False,0.25,True,3,6.575380563735962,27.27,11,3,8,
uchen_medium quality,uchen_medium quality - page 2,Modern,layout,0.9,3.0,5.0,False,0.5,True,3,6.719785928726196,27.27,11,3,8,
uchen_medium quality,uchen_medium quality - page 2,Modern,layout,0.9,3.0,5.0,False,0.9,True,3,6.802729368209839,27.27,11,3,8,
uchen_medium quality,uchen_medium quality - page 3,Woodblock,line,0.7,2.0,2.5,True,0.1,True,2,6.176939964294434,0.0,0,0,0,
uchen_medium quality,uchen_medium quality - page 3,Woodblock,line,0.7,2.0,2.5,True,0.25,True,2,6.073911666870117,0.0,0,0,0,
uchen_medium quality,uchen_medium quality - page 3,Woodblock,line,0.7,2.0,2.5,True,0.5,True,2,6.084280967712402,0.0,0,0,0,
uchen_medium quality,uchen_medium quality - page 3,Woodblock,line,0.7,2.0,2.5,True,0.9,True,2,6.062990665435791,0.0,0,0,0,
uchen_medium quality,uchen_medium quality - page 3,Woodblock,line,0.7,2.0,2.5,False,0.1,False,0,6.02534556388855,0.0,0,0,0,OCR processing failed: string index out of range
uchen_medium quality,uchen_medium quality - page 3,Woodblock,line,0.7,2.0,2.5,False,0.25,False,0,5.981355428695679,0.0,0,0,0,OCR processing failed: string index out of range
uchen_medium quality,uchen_medium quality - page 3,Woodblock,line,0.7,2.0,2.5,False,0.5,False,0,5.947629690170288,0.0,0,0,0,OCR processing failed: string index out of range
uchen_medium quality,uchen_medium quality - page 3,Woodblock,line,0.7,2.0,2.5,False,0.9,False,0,5.955406427383423,0.0,0,0,0,OCR processing failed: string index out of range
uchen_medium quality,uchen_medium quality - page 3,Woodblock,line,0.7,2.0,3.5,True,0.1,True,2,5.7730629444122314,0.0,0,0,0,
uchen_medium quality,uchen_medium quality - page 3,Woodblock,line,0.7,2.0,3.5,True,0.25,True,2,6.006335973739624,0.0,0,0,0,
uchen_medium quality,uchen_medium quality - page 3,Woodblock,line,0.7,2.0,3.5,True,0.5,True,2,5.851710796356201,0.0,0,0,0,
uchen_medium quality,uchen_medium quality - page 3,Woodblock,line,0.7,2.0,3.5,True,0.9,True,2,5.879985809326172,0.0,0,0,0,
uchen_medium quality,uchen_medium quality - page 3,Woodblock,line,0.7,2.0,3.5,False,0.1,True,5,6.375979423522949,66.67,15,10,5,
uchen_medium quality,uchen_medium quality - page 3,Woodblock,line,0.7,2.0,3.5,False,0.25,True,5,6.378659963607788,66.67,15,10,5,
uchen_medium quality,uchen_medium quality - page 3,Woodblock,line,0.7,2.0,3.5,False,0.5,True,5,6.477174997329712,66.67,15,10,5,
uchen_medium quality,uchen_medium quality - page 3,Woodblock,line,0.7,2.0,3.5,False,0.9,True,5,6.384966850280762,66.67,15,10,5,
uchen_medium quality,uchen_medium quality - page 3,Woodblock,line,0.7,2.0,4.0,True,0.1,True,2,5.727522134780884,0.0,1,0,1,
uchen_medium quality,uchen_medium quality - page 3,Woodblock,line,0.7,2.0,4.0,True,0.25,True,2,5.755577325820923,0.0,1,0,1,
uchen_medium quality,uchen_medium quality - page 3,Woodblock,line,0.7,2.0,4.0,True,0.5,True,2,5.747439622879028,0.0,1,0,1,
uchen_medium quality,uchen_medium quality - page 3,Woodblock,line,0.7,2.0,4.0,True,0.9,True,2,5.933797836303711,0.0,1,0,1,
uchen_medium quality,uchen_medium quality - page 3,Woodblock,line,0.7,2.0,4.0,False,0.1,True,5,6.257857084274292,86.67,15,13,2,
uchen_medium quality,uchen_medium quality - page 3,Woodblock,line,0.7,2.0,4.0,False,0.25,True,5,6.247573375701904,86.67,15,13,2,
uchen_medium quality,uchen_medium quality - page 3,Woodblock,line,0.7,2.0,4.0,False,0.5,True,5,6.234423875808716,86.67,15,13,2,
uchen_medium quality,uchen_medium quality - page 3,Woodblock,line,0.7,2.0,4.0,False,0.9,True,5,6.3127281665802,86.67,15,13,2,
uchen_medium quality,uchen_medium quality - page 3,Woodblock,line,0.7,2.0,5.0,True,0.1,True,2,5.39565634727478,0.0,0,0,0,
uchen_medium quality,uchen_medium quality - page 3,Woodblock,line,0.7,2.0,5.0,True,0.25,True,2,5.42706561088562,0.0,0,0,0,
uchen_medium quality,uchen_medium quality - page 3,Woodblock,line,0.7,2.0,5.0,True,0.5,True,2,5.420124053955078,0.0,0,0,0,
uchen_medium quality,uchen_medium quality - page 3,Woodblock,line,0.7,2.0,5.0,True,0.9,True,2,5.417917966842651,0.0,0,0,0,
uchen_medium quality,uchen_medium quality - page 3,Woodblock,line,0.7,2.0,5.0,False,0.1,True,5,6.076552391052246,91.67,12,11,1,
uchen_medium quality,uchen_medium quality - page 3,Woodblock,line,0.7,2.0,5.0,False,0.25,True,5,6.211506128311157,91.67,12,11,1,
uchen_medium quality,uchen_medium quality - page 3,Woodblock,line,0.7,2.0,5.0,False,0.5,True,5,6.071963310241699,91.67,12,11,1,
uchen_medium quality,uchen_medium quality - page 3,Woodblock,line,0.7,2.0,5.0,False,0.9,True,5,6.020773887634277,91.67,12,11,1,
uchen_medium quality,uchen_medium quality - page 3,Woodblock,line,0.7,2.5,2.5,True,0.1,True,2,6.661581516265869,0.0,0,0,0,
uchen_medium quality,uchen_medium quality - page 3,Woodblock,line,0.7,2.5,2.5,True,0.25,True,2,6.596099138259888,0.0,0,0,0,
uchen_medium quality,uchen_medium quality - page 3,Woodblock,line,0.7,2.5,2.5,True,0.5,True,2,6.523022651672363,0.0,0,0,0,
uchen_medium quality,uchen_medium quality - page 3,Woodblock,line,0.7,2.5,2.5,True,0.9,True,2,6.529364347457886,0.0,0,0,0,
uchen_medium quality,uchen_medium quality - page 3,Woodblock,line,0.7,2.5,2.5,False,0.1,True,5,7.04091739654541,21.43,14,3,11,
uchen_medium quality,uchen_medium quality - page 3,Woodblock,line,0.7,2.5,2.5,False,0.25,True,5,7.182485818862915,21.43,14,3,11,
uchen_medium quality,uchen_medium quality - page 3,Woodblock,line,0.7,2.5,2.5,False,0.5,True,5,7.148649454116821,21.43,14,3,11,
uchen_medium quality,uchen_medium quality - page 3,Woodblock,line,0.7,2.5,2.5,False,0.9,True,5,7.1185622215271,21.43,14,3,11,
uchen_medium quality,uchen_medium quality - page 3,Woodblock,line,0.7,2.5,3.5,True,0.1,True,2,6.300658464431763,0.0,0,0,0,
uchen_medium quality,uchen_medium quality - page 3,Woodblock,line,0.7,2.5,3.5,True,0.25,True,2,6.47731614112854,0.0,0,0,0,
uchen_medium quality,uchen_medium quality - page 3,Woodblock,line,0.7,2.5,3.5,True,0.5,True,2,6.4054882526397705,0.0,0,0,0,
uchen_medium quality,uchen_medium quality - page 3,Woodblock,line,0.7,2.5,3.5,True,0.9,True,2,6.29819393157959,0.0,0,0,0,
uchen_medium quality,uchen_medium quality - page 3,Woodblock,line,0.7,2.5,3.5,False,0.1,True,5,6.689372777938843,66.67,15,10,5,
uchen_medium quality,uchen_medium quality - page 3,Woodblock,line,0.7,2.5,3.5,False,0.25,True,5,6.702678203582764,66.67,15,10,5,
uchen_medium quality,uchen_medium quality - page 3,Woodblock,line,0.7,2.5,3.5,False,0.5,True,5,6.738509654998779,66.67,15,10,5,
uchen_medium quality,uchen_medium quality - page 3,Woodblock,line,0.7,2.5,3.5,False,0.9,True,5,6.7206385135650635,66.67,15,10,5,
uchen_medium quality,uchen_medium quality - page 3,Woodblock,line,0.7,2.5,4.0,True,0.1,True,2,6.2883524894714355,0.0,1,0,1,
uchen_medium quality,uchen_medium quality - page 3,Woodblock,line,0.7,2.5,4.0,True,0.25,True,2,6.291956424713135,0.0,1,0,1,
uchen_medium quality,uchen_medium quality - page 3,Woodblock,line,0.7,2.5,4.0,True,0.5,True,2,6.340426921844482,0.0,1,0,1,
uchen_medium quality,uchen_medium quality - page 3,Woodblock,line,0.7,2.5,4.0,True,0.9,True,2,6.261387586593628,0.0,1,0,1,
uchen_medium quality,uchen_medium quality - page 3,Woodblock,line,0.7,2.5,4.0,False,0.1,True,5,6.493375301361084,86.67,15,13,2,
uchen_medium quality,uchen_medium quality - page 3,Woodblock,line,0.7,2.5,4.0,False,0.25,True,5,6.532823324203491,86.67,15,13,2,
uchen_medium quality,uchen_medium quality - page 3,Woodblock,line,0.7,2.5,4.0,False,0.5,True,5,6.621418237686157,86.67,15,13,2,
uchen_medium quality,uchen_medium quality - page 3,Woodblock,line,0.7,2.5,4.0,False,0.9,True,5,6.5196449756622314,86.67,15,13,2,
uchen_medium quality,uchen_medium quality - page 3,Woodblock,line,0.7,2.5,5.0,True,0.1,True,2,5.929327726364136,0.0,0,0,0,
uchen_medium quality,uchen_medium quality - page 3,Woodblock,line,0.7,2.5,5.0,True,0.25,True,2,6.008992910385132,0.0,0,0,0,
uchen_medium quality,uchen_medium quality - page 3,Woodblock,line,0.7,2.5,5.0,True,0.5,True,2,6.011821269989014,0.0,0,0,0,
uchen_medium quality,uchen_medium quality - page 3,Woodblock,line,0.7,2.5,5.0,True,0.9,True,2,5.96139931678772,0.0,0,0,0,
uchen_medium quality,uchen_medium quality - page 3,Woodblock,line,0.7,2.5,5.0,False,0.1,True,5,6.2913970947265625,64.29,14,9,5,
uchen_medium quality,uchen_medium quality - page 3,Woodblock,line,0.7,2.5,5.0,False,0.25,True,5,6.309677362442017,64.29,14,9,5,
uchen_medium quality,uchen_medium quality - page 3,Woodblock,line,0.7,2.5,5.0,False,0.5,True,5,6.311550617218018,64.29,14,9,5,
uchen_medium quality,uchen_medium quality - page 3,Woodblock,line,0.7,2.5,5.0,False,0.9,True,5,6.390527725219727,64.29,14,9,5,
uchen_medium quality,uchen_medium quality - page 3,Woodblock,line,0.7,3.0,2.5,True,0.1,True,2,7.242005348205566,0.0,0,0,0,
uchen_medium quality,uchen_medium quality - page 3,Woodblock,line,0.7,3.0,2.5,True,0.25,True,2,7.030784845352173,0.0,0,0,0,
uchen_medium quality,uchen_medium quality - page 3,Woodblock,line,0.7,3.0,2.5,True,0.5,True,2,7.278829336166382,0.0,0,0,0,
uchen_medium quality,uchen_medium quality - page 3,Woodblock,line,0.7,3.0,2.5,True,0.9,True,2,7.076013803482056,0.0,0,0,0,
uchen_medium quality,uchen_medium quality - page 3,Woodblock,line,0.7,3.0,2.5,False,0.1,True,5,7.355098724365234,29.41,17,5,12,
uchen_medium quality,uchen_medium quality - page 3,Woodblock,line,0.7,3.0,2.5,False,0.25,True,5,7.380285263061523,29.41,17,5,12,
uchen_medium quality,uchen_medium quality - page 3,Woodblock,line,0.7,3.0,2.5,False,0.5,True,5,7.400966644287109,29.41,17,5,12,
uchen_medium quality,uchen_medium quality - page 3,Woodblock,line,0.7,3.0,2.5,False,0.9,True,5,7.514240741729736,29.41,17,5,12,
uchen_medium quality,uchen_medium quality - page 3,Woodblock,line,0.7,3.0,3.5,True,0.1,True,2,9.952944040298462,0.0,0,0,0,
uchen_medium quality,uchen_medium quality - page 3,Woodblock,line,0.7,3.0,3.5,True,0.25,True,2,10.053441047668457,0.0,0,0,0,
uchen_medium quality,uchen_medium quality - page 3,Woodblock,line,0.7,3.0,3.5,True,0.5,True,2,9.943194389343262,0.0,0,0,0,
uchen_medium quality,uchen_medium quality - page 3,Woodblock,line,0.7,3.0,3.5,True,0.9,True,2,8.670652151107788,0.0,0,0,0,
uchen_medium quality,uchen_medium quality - page 3,Woodblock,line,0.7,3.0,3.5,False,0.1,True,5,6.676635265350342,70.59,17,12,5,
uchen_medium quality,uchen_medium quality - page 3,Woodblock,line,0.7,3.0,3.5,False,0.25,True,5,6.781348705291748,70.59,17,12,5,
uchen_medium quality,uchen_medium quality - page 3,Woodblock,line,0.7,3.0,3.5,False,0.5,True,5,6.690232276916504,70.59,17,12,5,
uchen_medium quality,uchen_medium quality - page 3,Woodblock,line,0.7,3.0,3.5,False,0.9,True,5,6.9186179637908936,70.59,17,12,5,
uchen_medium quality,uchen_medium quality - page 3,Woodblock,line,0.7,3.0,4.0,True,0.1,True,2,6.8637659549713135,0.0,0,0,0,
uchen_medium quality,uchen_medium quality - page 3,Woodblock,line,0.7,3.0,4.0,True,0.25,True,2,6.706279277801514,0.0,0,0,0,
uchen_medium quality,uchen_medium quality - page 3,Woodblock,line,0.7,3.0,4.0,True,0.5,True,2,6.928406476974487,0.0,0,0,0,
uchen_medium quality,uchen_medium quality - page 3,Woodblock,line,0.7,3.0,4.0,True,0.9,True,2,6.706522464752197,0.0,0,0,0,
uchen_medium quality,uchen_medium quality - page 3,Woodblock,line,0.7,3.0,4.0,False,0.1,True,5,6.842175722122192,81.25,16,13,3,
uchen_medium quality,uchen_medium quality - page 3,Woodblock,line,0.7,3.0,4.0,False,0.25,True,5,6.816563606262207,81.25,16,13,3,
uchen_medium quality,uchen_medium quality - page 3,Woodblock,line,0.7,3.0,4.0,False,0.5,True,5,6.808379411697388,81.25,16,13,3,
uchen_medium quality,uchen_medium quality - page 3,Woodblock,line,0.7,3.0,4.0,False,0.9,True,5,6.781317234039307,81.25,16,13,3,
uchen_medium quality,uchen_medium quality - page 3,Woodblock,line,0.7,3.0,5.0,True,0.1,True,2,6.579458713531494,0.0,0,0,0,
uchen_medium quality,uchen_medium quality - page 3,Woodblock,line,0.7,3.0,5.0,True,0.25,True,2,6.504292249679565,0.0,0,0,0,
uchen_medium quality,uchen_medium quality - page 3,Woodblock,line,0.7,3.0,5.0,True,0.5,True,2,6.550392150878906,0.0,0,0,0,
uchen_medium quality,uchen_medium quality - page 3,Woodblock,line,0.7,3.0,5.0,True,0.9,True,2,6.513628005981445,0.0,0,0,0,
uchen_medium quality,uchen_medium quality - page 3,Woodblock,line,0.7,3.0,5.0,False,0.1,True,5,6.657729148864746,64.29,14,9,5,
uchen_medium quality,uchen_medium quality - page 3,Woodblock,line,0.7,3.0,5.0,False,0.25,True,5,6.664970397949219,64.29,14,9,5,
uchen_medium quality,uchen_medium quality - page 3,Woodblock,line,0.7,3.0,5.0,False,0.5,True,5,6.729264497756958,64.29,14,9,5,
uchen_medium quality,uchen_medium quality - page 3,Woodblock,line,0.7,3.0,5.0,False,0.9,True,5,6.641965389251709,64.29,14,9,5,
uchen_medium quality,uchen_medium quality - page 3,Woodblock,line,0.8,2.0,2.5,True,0.1,True,2,6.170866250991821,0.0,0,0,0,
uchen_medium quality,uchen_medium quality - page 3,Woodblock,line,0.8,2.0,2.5,True,0.25,True,2,6.052083969116211,0.0,0,0,0,
uchen_medium quality,uchen_medium quality - page 3,Woodblock,line,0.8,2.0,2.5,True,0.5,True,2,6.063835859298706,0.0,0,0,0,
uchen_medium quality,uchen_medium quality - page 3,Woodblock,line,0.8,2.0,2.5,True,0.9,True,2,6.078326225280762,0.0,0,0,0,
uchen_medium quality,uchen_medium quality - page 3,Woodblock,line,0.8,2.0,2.5,False,0.1,False,0,6.20292067527771,0.0,0,0,0,OCR processing failed: string index out of range
uchen_medium quality,uchen_medium quality - page 3,Woodblock,line,0.8,2.0,2.5,False,0.25,False,0,5.980906963348389,0.0,0,0,0,OCR processing failed: string index out of range
uchen_medium quality,uchen_medium quality - page 3,Woodblock,line,0.8,2.0,2.5,False,0.5,False,0,6.026817798614502,0.0,0,0,0,OCR processing failed: string index out of range
uchen_medium quality,uchen_medium quality - page 3,Woodblock,line,0.8,2.0,2.5,False,0.9,False,0,5.985022068023682,0.0,0,0,0,OCR processing failed: string index out of range
uchen_medium quality,uchen_medium quality - page 3,Woodblock,line,0.8,2.0,3.5,True,0.1,True,2,5.843903064727783,0.0,0,0,0,
uchen_medium quality,uchen_medium quality - page 3,Woodblock,line,0.8,2.0,3.5,True,0.25,True,2,5.900359392166138,0.0,0,0,0,
uchen_medium quality,uchen_medium quality - page 3,Woodblock,line,0.8,2.0,3.5,True,0.5,True,2,5.840715408325195,0.0,0,0,0,
uchen_medium quality,uchen_medium quality - page 3,Woodblock,line,0.8,2.0,3.5,True,0.9,True,2,5.840305805206299,0.0,0,0,0,
uchen_medium quality,uchen_medium quality - page 3,Woodblock,line,0.8,2.0,3.5,False,0.1,True,5,9.295487642288208,66.67,15,10,5,
uchen_medium quality,uchen_medium quality - page 3,Woodblock,line,0.8,2.0,3.5,False,0.25,True,5,6.208280563354492,66.67,15,10,5,
uchen_medium quality,uchen_medium quality - page 3,Woodblock,line,0.8,2.0,3.5,False,0.5,True,5,6.417474031448364,66.67,15,10,5,
uchen_medium quality,uchen_medium quality - page 3,Woodblock,line,0.8,2.0,3.5,False,0.9,True,5,6.413872957229614,66.67,15,10,5,
uchen_medium quality,uchen_medium quality - page 3,Woodblock,line,0.8,2.0,4.0,True,0.1,True,2,5.770359754562378,0.0,1,0,1,
uchen_medium quality,uchen_medium quality - page 3,Woodblock,line,0.8,2.0,4.0,True,0.25,True,2,5.7635884284973145,0.0,1,0,1,
uchen_medium quality,uchen_medium quality - page 3,Woodblock,line,0.8,2.0,4.0,True,0.5,True,2,5.864701747894287,0.0,1,0,1,
uchen_medium quality,uchen_medium quality - page 3,Woodblock,line,0.8,2.0,4.0,True,0.9,True,2,5.753834247589111,0.0,1,0,1,
uchen_medium quality,uchen_medium quality - page 3,Woodblock,line,0.8,2.0,4.0,False,0.1,True,5,6.232233762741089,86.67,15,13,2,
uchen_medium quality,uchen_medium quality - page 3,Woodblock,line,0.8,2.0,4.0,False,0.25,True,5,6.254043102264404,86.67,15,13,2,
uchen_medium quality,uchen_medium quality - page 3,Woodblock,line,0.8,2.0,4.0,False,0.5,True,5,6.34618616104126,86.67,15,13,2,
uchen_medium quality,uchen_medium quality - page 3,Woodblock,line,0.8,2.0,4.0,False,0.9,True,5,6.3816752433776855,86.67,15,13,2,
uchen_medium quality,uchen_medium quality - page 3,Woodblock,line,0.8,2.0,5.0,True,0.1,True,2,5.444010019302368,0.0,0,0,0,
uchen_medium quality,uchen_medium quality - page 3,Woodblock,line,0.8,2.0,5.0,True,0.25,True,2,5.469034433364868,0.0,0,0,0,
uchen_medium quality,uchen_medium quality - page 3,Woodblock,line,0.8,2.0,5.0,True,0.5,True,2,8.348400115966797,0.0,0,0,0,
uchen_medium quality,uchen_medium quality - page 3,Woodblock,line,0.8,2.0,5.0,True,0.9,True,2,5.097933292388916,0.0,0,0,0,
uchen_medium quality,uchen_medium quality - page 3,Woodblock,line,0.8,2.0,5.0,False,0.1,True,5,6.028051376342773,91.67,12,11,1,
uchen_medium quality,uchen_medium quality - page 3,Woodblock,line,0.8,2.0,5.0,False,0.25,True,5,6.0461647510528564,91.67,12,11,1,
uchen_medium quality,uchen_medium quality - page 3,Woodblock,line,0.8,2.0,5.0,False,0.5,True,5,6.116656541824341,91.67,12,11,1,
uchen_medium quality,uchen_medium quality - page 3,Woodblock,line,0.8,2.0,5.0,False,0.9,True,5,6.005954265594482,91.67,12,11,1,
uchen_medium quality,uchen_medium quality - page 3,Woodblock,line,0.8,2.5,2.5,True,0.1,True,2,6.641667127609253,0.0,0,0,0,
uchen_medium quality,uchen_medium quality - page 3,Woodblock,line,0.8,2.5,2.5,True,0.25,True,2,6.627775192260742,0.0,0,0,0,
uchen_medium quality,uchen_medium quality - page 3,Woodblock,line,0.8,2.5,2.5,True,0.5,True,2,8.585496664047241,0.0,0,0,0,
uchen_medium quality,uchen_medium quality - page 3,Woodblock,line,0.8,2.5,2.5,True,0.9,True,2,6.299469947814941,0.0,0,0,0,
uchen_medium quality,uchen_medium quality - page 3,Woodblock,line,0.8,2.5,2.5,False,0.1,True,5,7.077593564987183,21.43,14,3,11,
uchen_medium quality,uchen_medium quality - page 3,Woodblock,line,0.8,2.5,2.5,False,0.25,True,5,7.057814598083496,21.43,14,3,11,
uchen_medium quality,uchen_medium quality - page 3,Woodblock,line,0.8,2.5,2.5,False,0.5,True,5,7.167638063430786,21.43,14,3,11,
uchen_medium quality,uchen_medium quality - page 3,Woodblock,line,0.8,2.5,2.5,False,0.9,True,5,7.065302133560181,21.43,14,3,11,
uchen_medium quality,uchen_medium quality - page 3,Woodblock,line,0.8,2.5,3.5,True,0.1,True,2,6.262928247451782,0.0,0,0,0,
uchen_medium quality,uchen_medium quality - page 3,Woodblock,line,0.8,2.5,3.5,True,0.25,True,2,6.382305860519409,0.0,0,0,0,
uchen_medium quality,uchen_medium quality - page 3,Woodblock,line,0.8,2.5,3.5,True,0.5,True,2,6.450182199478149,0.0,0,0,0,
uchen_medium quality,uchen_medium quality - page 3,Woodblock,line,0.8,2.5,3.5,True,0.9,True,2,6.375290632247925,0.0,0,0,0,
uchen_medium quality,uchen_medium quality - page 3,Woodblock,line,0.8,2.5,3.5,False,0.1,True,5,6.675954341888428,66.67,15,10,5,
uchen_medium quality,uchen_medium quality - page 3,Woodblock,line,0.8,2.5,3.5,False,0.25,True,5,9.722004652023315,66.67,15,10,5,
uchen_medium quality,uchen_medium quality - page 3,Woodblock,line,0.8,2.5,3.5,False,0.5,True,5,6.408184289932251,66.67,15,10,5,
uchen_medium quality,uchen_medium quality - page 3,Woodblock,line,0.8,2.5,3.5,False,0.9,True,5,6.6132893562316895,66.67,15,10,5,
uchen_medium quality,uchen_medium quality - page 3,Woodblock,line,0.8,2.5,4.0,True,0.1,True,2,6.2326695919036865,0.0,1,0,1,
uchen_medium quality,uchen_medium quality - page 3,Woodblock,line,0.8,2.5,4.0,True,0.25,True,2,6.240816354751587,0.0,1,0,1,
uchen_medium quality,uchen_medium quality - page 3,Woodblock,line,0.8,2.5,4.0,True,0.5,True,2,6.4330644607543945,0.0,1,0,1,
uchen_medium quality,uchen_medium quality - page 3,Woodblock,line,0.8,2.5,4.0,True,0.9,True,2,6.263568639755249,0.0,1,0,1,
uchen_medium quality,uchen_medium quality - page 3,Woodblock,line,0.8,2.5,4.0,False,0.1,True,5,6.543620347976685,86.67,15,13,2,
uchen_medium quality,uchen_medium quality - page 3,Woodblock,line,0.8,2.5,4.0,False,0.25,True,5,6.5393226146698,86.67,15,13,2,
uchen_medium quality,uchen_medium quality - page 3,Woodblock,line,0.8,2.5,4.0,False,0.5,True,5,6.640867710113525,86.67,15,13,2,
uchen_medium quality,uchen_medium quality - page 3,Woodblock,line,0.8,2.5,4.0,False,0.9,True,5,6.606870174407959,86.67,15,13,2,
uchen_medium quality,uchen_medium quality - page 3,Woodblock,line,0.8,2.5,5.0,True,0.1,True,2,8.966021537780762,0.0,0,0,0,
uchen_medium quality,uchen_medium quality - page 3,Woodblock,line,0.8,2.5,5.0,True,0.25,True,2,8.903696537017822,0.0,0,0,0,
uchen_medium quality,uchen_medium quality - page 3,Woodblock,line,0.8,2.5,5.0,True,0.5,True,2,8.744018316268921,0.0,0,0,0,
uchen_medium quality,uchen_medium quality - page 3,Woodblock,line,0.8,2.5,5.0,True,0.9,True,2,5.599659442901611,0.0,0,0,0,
uchen_medium quality,uchen_medium quality - page 3,Woodblock,line,0.8,2.5,5.0,False,0.1,True,5,6.020400285720825,64.29,14,9,5,
uchen_medium quality,uchen_medium quality - page 3,Woodblock,line,0.8,2.5,5.0,False,0.25,True,5,6.291671276092529,64.29,14,9,5,
uchen_medium quality,uchen_medium quality - page 3,Woodblock,line,0.8,2.5,5.0,False,0.5,True,5,6.299932956695557,64.29,14,9,5,
uchen_medium quality,uchen_medium quality - page 3,Woodblock,line,0.8,2.5,5.0,False,0.9,True,5,6.2972142696380615,64.29,14,9,5,
uchen_medium quality,uchen_medium quality - page 3,Woodblock,line,0.8,3.0,2.5,True,0.1,True,2,7.271493434906006,0.0,0,0,0,
uchen_medium quality,uchen_medium quality - page 3,Woodblock,line,0.8,3.0,2.5,True,0.25,True,2,7.081514358520508,0.0,0,0,0,
uchen_medium quality,uchen_medium quality - page 3,Woodblock,line,0.8,3.0,2.5,True,0.5,True,2,7.082925796508789,0.0,0,0,0,
uchen_medium quality,uchen_medium quality - page 3,Woodblock,line,0.8,3.0,2.5,True,0.9,True,2,7.099943161010742,0.0,0,0,0,
uchen_medium quality,uchen_medium quality - page 3,Woodblock,line,0.8,3.0,2.5,False,0.1,True,5,7.4344117641448975,29.41,17,5,12,
uchen_medium quality,uchen_medium quality - page 3,Woodblock,line,0.8,3.0,2.5,False,0.25,True,5,7.39985203742981,29.41,17,5,12,
uchen_medium quality,uchen_medium quality - page 3,Woodblock,line,0.8,3.0,2.5,False,0.5,True,5,7.387646436691284,29.41,17,5,12,
uchen_medium quality,uchen_medium quality - page 3,Woodblock,line,0.8,3.0,2.5,False,0.9,True,5,7.382229328155518,29.41,17,5,12,
uchen_medium quality,uchen_medium quality - page 3,Woodblock,line,0.8,3.0,3.5,True,0.1,True,2,6.956584692001343,0.0,0,0,0,
uchen_medium quality,uchen_medium quality - page 3,Woodblock,line,0.8,3.0,3.5,True,0.25,True,2,6.854530334472656,0.0,0,0,0,
uchen_medium quality,uchen_medium quality - page 3,Woodblock,line,0.8,3.0,3.5,True,0.5,True,2,6.8767781257629395,0.0,0,0,0,
uchen_medium quality,uchen_medium quality - page 3,Woodblock,line,0.8,3.0,3.5,True,0.9,True,2,6.879261016845703,0.0,0,0,0,
uchen_medium quality,uchen_medium quality - page 3,Woodblock,line,0.8,3.0,3.5,False,0.1,True,5,7.083113193511963,70.59,17,12,5,
uchen_medium quality,uchen_medium quality - page 3,Woodblock,line,0.8,3.0,3.5,False,0.25,True,5,6.98154091835022,70.59,17,12,5,
uchen_medium quality,uchen_medium quality - page 3,Woodblock,line,0.8,3.0,3.5,False,0.5,True,5,6.984544038772583,70.59,17,12,5,
uchen_medium quality,uchen_medium quality - page 3,Woodblock,line,0.8,3.0,3.5,False,0.9,True,5,7.0480546951293945,70.59,17,12,5,
uchen_medium quality,uchen_medium quality - page 3,Woodblock,line,0.8,3.0,4.0,True,0.1,True,2,6.749840021133423,0.0,0,0,0,
uchen_medium quality,uchen_medium quality - page 3,Woodblock,line,0.8,3.0,4.0,True,0.25,True,2,6.698777914047241,0.0,0,0,0,
uchen_medium quality,uchen_medium quality - page 3,Woodblock,line,0.8,3.0,4.0,True,0.5,True,2,6.728811502456665,0.0,0,0,0,
uchen_medium quality,uchen_medium quality - page 3,Woodblock,line,0.8,3.0,4.0,True,0.9,True,2,6.800466299057007,0.0,0,0,0,
uchen_medium quality,uchen_medium quality - page 3,Woodblock,line,0.8,3.0,4.0,False,0.1,True,5,6.756172180175781,81.25,16,13,3,
uchen_medium quality,uchen_medium quality - page 3,Woodblock,line,0.8,3.0,4.0,False,0.25,True,5,6.939221620559692,81.25,16,13,3,
uchen_medium quality,uchen_medium quality - page 3,Woodblock,line,0.8,3.0,4.0,False,0.5,True,5,6.86120343208313,81.25,16,13,3,
uchen_medium quality,uchen_medium quality - page 3,Woodblock,line,0.8,3.0,4.0,False,0.9,True,5,6.895367860794067,81.25,16,13,3,
uchen_medium quality,uchen_medium quality - page 3,Woodblock,line,0.8,3.0,5.0,True,0.1,True,2,9.506757020950317,0.0,0,0,0,
uchen_medium quality,uchen_medium quality - page 3,Woodblock,line,0.8,3.0,5.0,True,0.25,True,2,9.524437189102173,0.0,0,0,0,
uchen_medium quality,uchen_medium quality - page 3,Woodblock,line,0.8,3.0,5.0,True,0.5,True,2,6.92140007019043,0.0,0,0,0,
uchen_medium quality,uchen_medium quality - page 3,Woodblock,line,0.8,3.0,5.0,True,0.9,True,2,6.344991445541382,0.0,0,0,0,
uchen_medium quality,uchen_medium quality - page 3,Woodblock,line,0.8,3.0,5.0,False,0.1,True,5,9.817597150802612,64.29,14,9,5,
uchen_medium quality,uchen_medium quality - page 3,Woodblock,line,0.8,3.0,5.0,False,0.25,True,5,9.839153051376343,64.29,14,9,5,
uchen_medium quality,uchen_medium quality - page 3,Woodblock,line,0.8,3.0,5.0,False,0.5,True,5,6.902480363845825,64.29,14,9,5,
uchen_medium quality,uchen_medium quality - page 3,Woodblock,line,0.8,3.0,5.0,False,0.9,True,5,6.335338592529297,64.29,14,9,5,
uchen_medium quality,uchen_medium quality - page 3,Woodblock,line,0.9,2.0,2.5,True,0.1,True,2,5.876980543136597,0.0,0,0,0,
uchen_medium quality,uchen_medium quality - page 3,Woodblock,line,0.9,2.0,2.5,True,0.25,True,2,6.075826168060303,0.0,0,0,0,
uchen_medium quality,uchen_medium quality - page 3,Woodblock,line,0.9,2.0,2.5,True,0.5,True,2,6.007763862609863,0.0,0,0,0,
uchen_medium quality,uchen_medium quality - page 3,Woodblock,line,0.9,2.0,2.5,True,0.9,True,2,6.063114404678345,0.0,0,0,0,
uchen_medium quality,uchen_medium quality - page 3,Woodblock,line,0.9,2.0,2.5,False,0.1,False,0,5.95941162109375,0.0,0,0,0,OCR processing failed: string index out of range
uchen_medium quality,uchen_medium quality - page 3,Woodblock,line,0.9,2.0,2.5,False,0.25,False,0,6.146313667297363,0.0,0,0,0,OCR processing failed: string index out of range
uchen_medium quality,uchen_medium quality - page 3,Woodblock,line,0.9,2.0,2.5,False,0.5,False,0,5.976492166519165,0.0,0,0,0,OCR processing failed: string index out of range
uchen_medium quality,uchen_medium quality - page 3,Woodblock,line,0.9,2.0,2.5,False,0.9,False,0,6.010762691497803,0.0,0,0,0,OCR processing failed: string index out of range
uchen_medium quality,uchen_medium quality - page 3,Woodblock,line,0.9,2.0,3.5,True,0.1,True,2,5.780473709106445,0.0,0,0,0,
uchen_medium quality,uchen_medium quality - page 3,Woodblock,line,0.9,2.0,3.5,True,0.25,True,2,5.9408650398254395,0.0,0,0,0,
uchen_medium quality,uchen_medium quality - page 3,Woodblock,line,0.9,2.0,3.5,True,0.5,True,2,5.8119847774505615,0.0,0,0,0,
uchen_medium quality,uchen_medium quality - page 3,Woodblock,line,0.9,2.0,3.5,True,0.9,True,2,5.825822591781616,0.0,0,0,0,
uchen_medium quality,uchen_medium quality - page 3,Woodblock,line,0.9,2.0,3.5,False,0.1,True,5,6.399419784545898,66.67,15,10,5,
uchen_medium quality,uchen_medium quality - page 3,Woodblock,line,0.9,2.0,3.5,False,0.25,True,5,6.513853073120117,66.67,15,10,5,
uchen_medium quality,uchen_medium quality - page 3,Woodblock,line,0.9,2.0,3.5,False,0.5,True,5,6.390355825424194,66.67,15,10,5,
uchen_medium quality,uchen_medium quality - page 3,Woodblock,line,0.9,2.0,3.5,False,0.9,True,5,6.498065948486328,66.67,15,10,5,
uchen_medium quality,uchen_medium quality - page 3,Woodblock,line,0.9,2.0,4.0,True,0.1,True,2,5.731547832489014,0.0,1,0,1,
uchen_medium quality,uchen_medium quality - page 3,Woodblock,line,0.9,2.0,4.0,True,0.25,True,2,5.8745715618133545,0.0,1,0,1,
uchen_medium quality,uchen_medium quality - page 3,Woodblock,line,0.9,2.0,4.0,True,0.5,True,2,5.761034965515137,0.0,1,0,1,
uchen_medium quality,uchen_medium quality - page 3,Woodblock,line,0.9,2.0,4.0,True,0.9,True,2,5.745805263519287,0.0,1,0,1,
uchen_medium quality,uchen_medium quality - page 3,Woodblock,line,0.9,2.0,4.0,False,0.1,True,5,6.21387243270874,86.67,15,13,2,
uchen_medium quality,uchen_medium quality - page 3,Woodblock,line,0.9,2.0,4.0,False,0.25,True,5,6.338844537734985,86.67,15,13,2,
uchen_medium quality,uchen_medium quality - page 3,Woodblock,line,0.9,2.0,4.0,False,0.5,True,5,6.23643684387207,86.67,15,13,2,
uchen_medium quality,uchen_medium quality - page 3,Woodblock,line,0.9,2.0,4.0,False,0.9,True,5,6.2515034675598145,86.67,15,13,2,
uchen_medium quality,uchen_medium quality - page 3,Woodblock,line,0.9,2.0,5.0,True,0.1,True,2,5.403603792190552,0.0,0,0,0,
uchen_medium quality,uchen_medium quality - page 3,Woodblock,line,0.9,2.0,5.0,True,0.25,True,2,5.529158592224121,0.0,0,0,0,
uchen_medium quality,uchen_medium quality - page 3,Woodblock,line,0.9,2.0,5.0,True,0.5,True,2,6.639017581939697,0.0,0,0,0,
uchen_medium quality,uchen_medium quality - page 3,Woodblock,line,0.9,2.0,5.0,True,0.9,True,2,5.316052675247192,0.0,0,0,0,
uchen_medium quality,uchen_medium quality - page 3,Woodblock,line,0.9,2.0,5.0,False,0.1,True,5,6.026132345199585,91.67,12,11,1,
uchen_medium quality,uchen_medium quality - page 3,Woodblock,line,0.9,2.0,5.0,False,0.25,True,5,6.024027585983276,91.67,12,11,1,
uchen_medium quality,uchen_medium quality - page 3,Woodblock,line,0.9,2.0,5.0,False,0.5,True,5,6.020619630813599,91.67,12,11,1,
uchen_medium quality,uchen_medium quality - page 3,Woodblock,line,0.9,2.0,5.0,False,0.9,True,5,6.142271041870117,91.67,12,11,1,
uchen_medium quality,uchen_medium quality - page 3,Woodblock,line,0.9,2.5,2.5,True,0.1,True,2,6.637732267379761,0.0,0,0,0,
uchen_medium quality,uchen_medium quality - page 3,Woodblock,line,0.9,2.5,2.5,True,0.25,True,2,6.529359579086304,0.0,0,0,0,
uchen_medium quality,uchen_medium quality - page 3,Woodblock,line,0.9,2.5,2.5,True,0.5,True,2,6.549648284912109,0.0,0,0,0,
uchen_medium quality,uchen_medium quality - page 3,Woodblock,line,0.9,2.5,2.5,True,0.9,True,2,9.623034000396729,0.0,0,0,0,
uchen_medium quality,uchen_medium quality - page 3,Woodblock,line,0.9,2.5,2.5,False,0.1,True,5,6.905842304229736,21.43,14,3,11,
uchen_medium quality,uchen_medium quality - page 3,Woodblock,line,0.9,2.5,2.5,False,0.25,True,5,6.943914890289307,21.43,14,3,11,
uchen_medium quality,uchen_medium quality - page 3,Woodblock,line,0.9,2.5,2.5,False,0.5,True,5,7.08542537689209,21.43,14,3,11,
uchen_medium quality,uchen_medium quality - page 3,Woodblock,line,0.9,2.5,2.5,False,0.9,True,5,7.187039613723755,21.43,14,3,11,
uchen_medium quality,uchen_medium quality - page 3,Woodblock,line,0.9,2.5,3.5,True,0.1,True,2,6.397136449813843,0.0,0,0,0,
uchen_medium quality,uchen_medium quality - page 3,Woodblock,line,0.9,2.5,3.5,True,0.25,True,2,6.34165096282959,0.0,0,0,0,
uchen_medium quality,uchen_medium quality - page 3,Woodblock,line,0.9,2.5,3.5,True,0.5,True,2,6.351885795593262,0.0,0,0,0,
uchen_medium quality,uchen_medium quality - page 3,Woodblock,line,0.9,2.5,3.5,True,0.9,True,2,6.366575479507446,0.0,0,0,0,
uchen_medium quality,uchen_medium quality - page 3,Woodblock,line,0.9,2.5,3.5,False,0.1,True,5,6.744555950164795,66.67,15,10,5,
uchen_medium quality,uchen_medium quality - page 3,Woodblock,line,0.9,2.5,3.5,False,0.25,True,5,6.794137954711914,66.67,15,10,5,
uchen_medium quality,uchen_medium quality - page 3,Woodblock,line,0.9,2.5,3.5,False,0.5,True,5,6.744493722915649,66.67,15,10,5,
uchen_medium quality,uchen_medium quality - page 3,Woodblock,line,0.9,2.5,3.5,False,0.9,True,5,6.696166038513184,66.67,15,10,5,
uchen_medium quality,uchen_medium quality - page 3,Woodblock,line,0.9,2.5,4.0,True,0.1,True,2,6.307120084762573,0.0,1,0,1,
uchen_medium quality,uchen_medium quality - page 3,Woodblock,line,0.9,2.5,4.0,True,0.25,True,2,6.351077079772949,0.0,1,0,1,
uchen_medium quality,uchen_medium quality - page 3,Woodblock,line,0.9,2.5,4.0,True,0.5,True,2,6.234555959701538,0.0,1,0,1,
uchen_medium quality,uchen_medium quality - page 3,Woodblock,line,0.9,2.5,4.0,True,0.9,True,2,6.263887405395508,0.0,1,0,1,
uchen_medium quality,uchen_medium quality - page 3,Woodblock,line,0.9,2.5,4.0,False,0.1,True,5,6.62497878074646,86.67,15,13,2,
uchen_medium quality,uchen_medium quality - page 3,Woodblock,line,0.9,2.5,4.0,False,0.25,True,5,6.53312349319458,86.67,15,13,2,
uchen_medium quality,uchen_medium quality - page 3,Woodblock,line,0.9,2.5,4.0,False,0.5,True,5,8.204301595687866,86.67,15,13,2,
uchen_medium quality,uchen_medium quality - page 3,Woodblock,line,0.9,2.5,4.0,False,0.9,True,5,9.669554948806763,86.67,15,13,2,
uchen_medium quality,uchen_medium quality - page 3,Woodblock,line,0.9,2.5,5.0,True,0.1,True,2,8.658788681030273,0.0,0,0,0,
uchen_medium quality,uchen_medium quality - page 3,Woodblock,line,0.9,2.5,5.0,True,0.25,True,2,5.689059495925903,0.0,0,0,0,
uchen_medium quality,uchen_medium quality - page 3,Woodblock,line,0.9,2.5,5.0,True,0.5,True,2,5.595703601837158,0.0,0,0,0,
uchen_medium quality,uchen_medium quality - page 3,Woodblock,line,0.9,2.5,5.0,True,0.9,True,2,5.876600980758667,0.0,0,0,0,
uchen_medium quality,uchen_medium quality - page 3,Woodblock,line,0.9,2.5,5.0,False,0.1,True,5,6.289435386657715,64.29,14,9,5,
uchen_medium quality,uchen_medium quality - page 3,Woodblock,line,0.9,2.5,5.0,False,0.25,True,5,6.401206731796265,64.29,14,9,5,
uchen_medium quality,uchen_medium quality - page 3,Woodblock,line,0.9,2.5,5.0,False,0.5,True,5,6.46105432510376,64.29,14,9,5,
uchen_medium quality,uchen_medium quality - page 3,Woodblock,line,0.9,2.5,5.0,False,0.9,True,5,6.373976707458496,64.29,14,9,5,
uchen_medium quality,uchen_medium quality - page 3,Woodblock,line,0.9,3.0,2.5,True,0.1,True,2,7.229050636291504,0.0,0,0,0,
uchen_medium quality,uchen_medium quality - page 3,Woodblock,line,0.9,3.0,2.5,True,0.25,True,2,7.086531400680542,0.0,0,0,0,
uchen_medium quality,uchen_medium quality - page 3,Woodblock,line,0.9,3.0,2.5,True,0.5,True,2,7.162743806838989,0.0,0,0,0,
uchen_medium quality,uchen_medium quality - page 3,Woodblock,line,0.9,3.0,2.5,True,0.9,True,2,7.0719122886657715,0.0,0,0,0,
uchen_medium quality,uchen_medium quality - page 3,Woodblock,line,0.9,3.0,2.5,False,0.1,True,5,7.327037334442139,29.41,17,5,12,
uchen_medium quality,uchen_medium quality - page 3,Woodblock,line,0.9,3.0,2.5,False,0.25,True,5,7.472877740859985,29.41,17,5,12,
uchen_medium quality,uchen_medium quality - page 3,Woodblock,line,0.9,3.0,2.5,False,0.5,True,5,7.496793508529663,29.41,17,5,12,
uchen_medium quality,uchen_medium quality - page 3,Woodblock,line,0.9,3.0,2.5,False,0.9,True,5,7.439574241638184,29.41,17,5,12,
uchen_medium quality,uchen_medium quality - page 3,Woodblock,line,0.9,3.0,3.5,True,0.1,True,2,6.863285064697266,0.0,0,0,0,
uchen_medium quality,uchen_medium quality - page 3,Woodblock,line,0.9,3.0,3.5,True,0.25,True,2,6.924875497817993,0.0,0,0,0,
uchen_medium quality,uchen_medium quality - page 3,Woodblock,line,0.9,3.0,3.5,True,0.5,True,2,6.948404550552368,0.0,0,0,0,
uchen_medium quality,uchen_medium quality - page 3,Woodblock,line,0.9,3.0,3.5,True,0.9,True,2,6.849342346191406,0.0,0,0,0,
uchen_medium quality,uchen_medium quality - page 3,Woodblock,line,0.9,3.0,3.5,False,0.1,True,5,6.8824872970581055,70.59,17,12,5,
uchen_medium quality,uchen_medium quality - page 3,Woodblock,line,0.9,3.0,3.5,False,0.25,True,5,7.000616788864136,70.59,17,12,5,
uchen_medium quality,uchen_medium quality - page 3,Woodblock,line,0.9,3.0,3.5,False,0.5,True,5,7.048336505889893,70.59,17,12,5,
uchen_medium quality,uchen_medium quality - page 3,Woodblock,line,0.9,3.0,3.5,False,0.9,True,5,6.910979747772217,70.59,17,12,5,
uchen_medium quality,uchen_medium quality - page 3,Woodblock,line,0.9,3.0,4.0,True,0.1,True,2,6.8093507289886475,0.0,0,0,0,
uchen_medium quality,uchen_medium quality - page 3,Woodblock,line,0.9,3.0,4.0,True,0.25,True,2,6.792935848236084,0.0,0,0,0,
uchen_medium quality,uchen_medium quality - page 3,Woodblock,line,0.9,3.0,4.0,True,0.5,True,2,6.708068370819092,0.0,0,0,0,
uchen_medium quality,uchen_medium quality - page 3,Woodblock,line,0.9,3.0,4.0,True,0.9,True,2,6.703737735748291,0.0,0,0,0,
uchen_medium quality,uchen_medium quality - page 3,Woodblock,line,0.9,3.0,4.0,False,0.1,True,5,6.721151351928711,81.25,16,13,3,
uchen_medium quality,uchen_medium quality - page 3,Woodblock,line,0.9,3.0,4.0,False,0.25,True,5,6.913165807723999,81.25,16,13,3,
uchen_medium quality,uchen_medium quality - page 3,Woodblock,line,0.9,3.0,4.0,False,0.5,True,5,6.816132545471191,81.25,16,13,3,
uchen_medium quality,uchen_medium quality - page 3,Woodblock,line,0.9,3.0,4.0,False,0.9,True,5,6.865428924560547,81.25,16,13,3,
uchen_medium quality,uchen_medium quality - page 3,Woodblock,line,0.9,3.0,5.0,True,0.1,True,2,6.571234226226807,0.0,0,0,0,
uchen_medium quality,uchen_medium quality - page 3,Woodblock,line,0.9,3.0,5.0,True,0.25,True,2,6.52662467956543,0.0,0,0,0,
uchen_medium quality,uchen_medium quality - page 3,Woodblock,line,0.9,3.0,5.0,True,0.5,True,2,6.473337173461914,0.0,0,0,0,
uchen_medium quality,uchen_medium quality - page 3,Woodblock,line,0.9,3.0,5.0,True,0.9,True,2,6.451110363006592,0.0,0,0,0,
uchen_medium quality,uchen_medium quality - page 3,Woodblock,line,0.9,3.0,5.0,False,0.1,True,5,6.600244522094727,64.29,14,9,5,
uchen_medium quality,uchen_medium quality - page 3,Woodblock,line,0.9,3.0,5.0,False,0.25,True,5,6.632997512817383,64.29,14,9,5,
uchen_medium quality,uchen_medium quality - page 3,Woodblock,line,0.9,3.0,5.0,False,0.5,True,5,6.615996837615967,64.29,14,9,5,
uchen_medium quality,uchen_medium quality - page 3,Woodblock,line,0.9,3.0,5.0,False,0.9,True,5,6.615527629852295,64.29,14,9,5,
uchen_medium quality,uchen_medium quality - page 3,Woodblock,layout,0.7,2.0,2.5,True,0.1,True,2,6.605764389038086,65.71,35,23,12,
uchen_medium quality,uchen_medium quality - page 3,Woodblock,layout,0.7,2.0,2.5,True,0.25,True,2,6.327294111251831,65.71,35,23,12,
uchen_medium quality,uchen_medium quality - page 3,Woodblock,layout,0.7,2.0,2.5,True,0.5,True,2,6.38029408454895,65.71,35,23,12,
uchen_medium quality,uchen_medium quality - page 3,Woodblock,layout,0.7,2.0,2.5,True,0.9,True,2,6.352587699890137,65.71,35,23,12,
uchen_medium quality,uchen_medium quality - page 3,Woodblock,layout,0.7,2.0,2.5,False,0.1,True,3,6.757956504821777,52.94,34,18,16,
uchen_medium quality,uchen_medium quality - page 3,Woodblock,layout,0.7,2.0,2.5,False,0.25,True,3,6.628602504730225,52.94,34,18,16,
uchen_medium quality,uchen_medium quality - page 3,Woodblock,layout,0.7,2.0,2.5,False,0.5,True,3,6.695768356323242,52.94,34,18,16,
uchen_medium quality,uchen_medium quality - page 3,Woodblock,layout,0.7,2.0,2.5,False,0.9,True,3,6.923336029052734,52.94,34,18,16,
uchen_medium quality,uchen_medium quality - page 3,Woodblock,layout,0.7,2.0,3.5,True,0.1,True,2,5.83220648765564,78.95,19,15,4,
uchen_medium quality,uchen_medium quality - page 3,Woodblock,layout,0.7,2.0,3.5,True,0.25,True,2,5.918399333953857,78.95,19,15,4,
uchen_medium quality,uchen_medium quality - page 3,Woodblock,layout,0.7,2.0,3.5,True,0.5,True,2,5.910973072052002,78.95,19,15,4,
uchen_medium quality,uchen_medium quality - page 3,Woodblock,layout,0.7,2.0,3.5,True,0.9,True,2,5.957451581954956,78.95,19,15,4,
uchen_medium quality,uchen_medium quality - page 3,Woodblock,layout,0.7,2.0,3.5,False,0.1,True,3,6.15567421913147,73.68,19,14,5,
uchen_medium quality,uchen_medium quality - page 3,Woodblock,layout,0.7,2.0,3.5,False,0.25,True,3,6.048048734664917,73.68,19,14,5,
uchen_medium quality,uchen_medium quality - page 3,Woodblock,layout,0.7,2.0,3.5,False,0.5,True,3,6.034106016159058,73.68,19,14,5,
uchen_medium quality,uchen_medium quality - page 3,Woodblock,layout,0.7,2.0,3.5,False,0.9,True,3,6.043752908706665,73.68,19,14,5,
uchen_medium quality,uchen_medium quality - page 3,Woodblock,layout,0.7,2.0,4.0,True,0.1,True,2,5.9466187953948975,62.5,16,10,6,
uchen_medium quality,uchen_medium quality - page 3,Woodblock,layout,0.7,2.0,4.0,True,0.25,True,2,5.84293794631958,62.5,16,10,6,
uchen_medium quality,uchen_medium quality - page 3,Woodblock,layout,0.7,2.0,4.0,True,0.5,True,2,5.846498966217041,62.5,16,10,6,
uchen_medium quality,uchen_medium quality - page 3,Woodblock,layout,0.7,2.0,4.0,True,0.9,True,2,5.877752780914307,62.5,16,10,6,
uchen_medium quality,uchen_medium quality - page 3,Woodblock,layout,0.7,2.0,4.0,False,0.1,True,3,6.12155556678772,64.71,17,11,6,
uchen_medium quality,uchen_medium quality - page 3,Woodblock,layout,0.7,2.0,4.0,False,0.25,True,3,6.046322822570801,64.71,17,11,6,
uchen_medium quality,uchen_medium quality - page 3,Woodblock,layout,0.7,2.0,4.0,False,0.5,True,3,6.026844024658203,64.71,17,11,6,
uchen_medium quality,uchen_medium quality - page 3,Woodblock,layout,0.7,2.0,4.0,False,0.9,True,3,5.989979267120361,64.71,17,11,6,
uchen_medium quality,uchen_medium quality - page 3,Woodblock,layout,0.7,2.0,5.0,True,0.1,True,2,5.713003158569336,56.25,16,9,7,
uchen_medium quality,uchen_medium quality - page 3,Woodblock,layout,0.7,2.0,5.0,True,0.25,True,2,5.640740633010864,56.25,16,9,7,
uchen_medium quality,uchen_medium quality - page 3,Woodblock,layout,0.7,2.0,5.0,True,0.5,True,2,5.649202346801758,56.25,16,9,7,
uchen_medium quality,uchen_medium quality - page 3,Woodblock,layout,0.7,2.0,5.0,True,0.9,True,2,5.6466453075408936,56.25,16,9,7,
uchen_medium quality,uchen_medium quality - page 3,Woodblock,layout,0.7,2.0,5.0,False,0.1,True,3,5.839462041854858,56.25,16,9,7,
uchen_medium quality,uchen_medium quality - page 3,Woodblock,layout,0.7,2.0,5.0,False,0.25,True,3,5.931494951248169,56.25,16,9,7,
uchen_medium quality,uchen_medium quality - page 3,Woodblock,layout,0.7,2.0,5.0,False,0.5,True,3,5.946563005447388,56.25,16,9,7,
uchen_medium quality,uchen_medium quality - page 3,Woodblock,layout,0.7,2.0,5.0,False,0.9,True,3,5.8357439041137695,56.25,16,9,7,
uchen_medium quality,uchen_medium quality - page 3,Woodblock,layout,0.7,2.5,2.5,True,0.1,True,2,6.799468994140625,68.75,32,22,10,
uchen_medium quality,uchen_medium quality - page 3,Woodblock,layout,0.7,2.5,2.5,True,0.25,True,2,6.744492053985596,68.75,32,22,10,
uchen_medium quality,uchen_medium quality - page 3,Woodblock,layout,0.7,2.5,2.5,True,0.5,True,2,6.677813768386841,68.75,32,22,10,
uchen_medium quality,uchen_medium quality - page 3,Woodblock,layout,0.7,2.5,2.5,True,0.9,True,2,6.6545445919036865,68.75,32,22,10,
uchen_medium quality,uchen_medium quality - page 3,Woodblock,layout,0.7,2.5,2.5,False,0.1,True,3,6.939615726470947,54.84,31,17,14,
uchen_medium quality,uchen_medium quality - page 3,Woodblock,layout,0.7,2.5,2.5,False,0.25,True,3,7.052058935165405,54.84,31,17,14,
uchen_medium quality,uchen_medium quality - page 3,Woodblock,layout,0.7,2.5,2.5,False,0.5,True,3,6.957643270492554,54.84,31,17,14,
uchen_medium quality,uchen_medium quality - page 3,Woodblock,layout,0.7,2.5,2.5,False,0.9,True,3,7.057663679122925,54.84,31,17,14,
uchen_medium quality,uchen_medium quality - page 3,Woodblock,layout,0.7,2.5,3.5,True,0.1,True,2,6.187454462051392,78.95,19,15,4,
uchen_medium quality,uchen_medium quality - page 3,Woodblock,layout,0.7,2.5,3.5,True,0.25,True,2,6.331511497497559,78.95,19,15,4,
uchen_medium quality,uchen_medium quality - page 3,Woodblock,layout,0.7,2.5,3.5,True,0.5,True,2,6.220426321029663,78.95,19,15,4,
uchen_medium quality,uchen_medium quality - page 3,Woodblock,layout,0.7,2.5,3.5,True,0.9,True,2,6.226217985153198,78.95,19,15,4,
uchen_medium quality,uchen_medium quality - page 3,Woodblock,layout,0.7,2.5,3.5,False,0.1,True,3,6.43086838722229,73.68,19,14,5,
uchen_medium quality,uchen_medium quality - page 3,Woodblock,layout,0.7,2.5,3.5,False,0.25,True,3,6.480957746505737,73.68,19,14,5,
uchen_medium quality,uchen_medium quality - page 3,Woodblock,layout,0.7,2.5,3.5,False,0.5,True,3,9.478222608566284,73.68,19,14,5,
uchen_medium quality,uchen_medium quality - page 3,Woodblock,layout,0.7,2.5,3.5,False,0.9,True,3,9.476507186889648,73.68,19,14,5,
uchen_medium quality,uchen_medium quality - page 3,Woodblock,layout,0.7,2.5,4.0,True,0.1,True,2,9.215529918670654,62.5,16,10,6,
uchen_medium quality,uchen_medium quality - page 3,Woodblock,layout,0.7,2.5,4.0,True,0.25,True,2,9.214962720870972,62.5,16,10,6,
uchen_medium quality,uchen_medium quality - page 3,Woodblock,layout,0.7,2.5,4.0,True,0.5,True,2,5.969070672988892,62.5,16,10,6,
uchen_medium quality,uchen_medium quality - page 3,Woodblock,layout,0.7,2.5,4.0,True,0.9,True,2,5.929386138916016,62.5,16,10,6,
uchen_medium quality,uchen_medium quality - page 3,Woodblock,layout,0.7,2.5,4.0,False,0.1,True,3,6.132264852523804,64.71,17,11,6,
uchen_medium quality,uchen_medium quality - page 3,Woodblock,layout,0.7,2.5,4.0,False,0.25,True,3,6.319044828414917,64.71,17,11,6,
uchen_medium quality,uchen_medium quality - page 3,Woodblock,layout,0.7,2.5,4.0,False,0.5,True,3,9.43144679069519,64.71,17,11,6,
uchen_medium quality,uchen_medium quality - page 3,Woodblock,layout,0.7,2.5,4.0,False,0.9,True,3,9.479089260101318,64.71,17,11,6,
uchen_medium quality,uchen_medium quality - page 3,Woodblock,layout,0.7,2.5,5.0,True,0.1,True,2,7.85260009765625,64.71,17,11,6,
uchen_medium quality,uchen_medium quality - page 3,Woodblock,layout,0.7,2.5,5.0,True,0.25,True,2,5.711926221847534,64.71,17,11,6,
uchen_medium quality,uchen_medium quality - page 3,Woodblock,layout,0.7,2.5,5.0,True,0.5,True,2,5.74976110458374,64.71,17,11,6,
uchen_medium quality,uchen_medium quality - page 3,Woodblock,layout,0.7,2.5,5.0,True,0.9,True,2,5.951648950576782,64.71,17,11,6,
uchen_medium quality,uchen_medium quality - page 3,Woodblock,layout,0.7,2.5,5.0,False,0.1,True,3,6.32731819152832,68.75,16,11,5,
uchen_medium quality,uchen_medium quality - page 3,Woodblock,layout,0.7,2.5,5.0,False,0.25,True,3,6.199934005737305,68.75,16,11,5,
uchen_medium quality,uchen_medium quality - page 3,Woodblock,layout,0.7,2.5,5.0,False,0.5,True,3,6.184260845184326,68.75,16,11,5,
uchen_medium quality,uchen_medium quality - page 3,Woodblock,layout,0.7,2.5,5.0,False,0.9,True,3,6.207510232925415,68.75,16,11,5,
uchen_medium quality,uchen_medium quality - page 3,Woodblock,layout,0.7,3.0,2.5,True,0.1,True,2,7.372439861297607,60.71,28,17,11,
uchen_medium quality,uchen_medium quality - page 3,Woodblock,layout,0.7,3.0,2.5,True,0.25,True,2,7.116217613220215,60.71,28,17,11,
uchen_medium quality,uchen_medium quality - page 3,Woodblock,layout,0.7,3.0,2.5,True,0.5,True,2,7.146143436431885,60.71,28,17,11,
uchen_medium quality,uchen_medium quality - page 3,Woodblock,layout,0.7,3.0,2.5,True,0.9,True,2,7.191352128982544,60.71,28,17,11,
uchen_medium quality,uchen_medium quality - page 3,Woodblock,layout,0.7,3.0,2.5,False,0.1,True,3,7.398011922836304,44.44,27,12,15,
uchen_medium quality,uchen_medium quality - page 3,Woodblock,layout,0.7,3.0,2.5,False,0.25,True,3,7.416982650756836,44.44,27,12,15,
uchen_medium quality,uchen_medium quality - page 3,Woodblock,layout,0.7,3.0,2.5,False,0.5,True,3,7.393531560897827,44.44,27,12,15,
uchen_medium quality,uchen_medium quality - page 3,Woodblock,layout,0.7,3.0,2.5,False,0.9,True,3,7.423895597457886,44.44,27,12,15,
uchen_medium quality,uchen_medium quality - page 3,Woodblock,layout,0.7,3.0,3.5,True,0.1,True,2,6.653510332107544,64.71,17,11,6,
uchen_medium quality,uchen_medium quality - page 3,Woodblock,layout,0.7,3.0,3.5,True,0.25,True,2,6.798166751861572,64.71,17,11,6,
uchen_medium quality,uchen_medium quality - page 3,Woodblock,layout,0.7,3.0,3.5,True,0.5,True,2,6.656062841415405,64.71,17,11,6,
uchen_medium quality,uchen_medium quality - page 3,Woodblock,layout,0.7,3.0,3.5,True,0.9,True,2,6.757871150970459,64.71,17,11,6,
uchen_medium quality,uchen_medium quality - page 3,Woodblock,layout,0.7,3.0,3.5,False,0.1,True,3,6.80217981338501,58.82,17,10,7,
uchen_medium quality,uchen_medium quality - page 3,Woodblock,layout,0.7,3.0,3.5,False,0.25,True,3,6.822557687759399,58.82,17,10,7,
uchen_medium quality,uchen_medium quality - page 3,Woodblock,layout,0.7,3.0,3.5,False,0.5,True,3,6.830651044845581,58.82,17,10,7,
uchen_medium quality,uchen_medium quality - page 3,Woodblock,layout,0.7,3.0,3.5,False,0.9,True,3,6.862504720687866,58.82,17,10,7,
uchen_medium quality,uchen_medium quality - page 3,Woodblock,layout,0.7,3.0,4.0,True,0.1,True,2,6.587237119674683,62.5,16,10,6,
uchen_medium quality,uchen_medium quality - page 3,Woodblock,layout,0.7,3.0,4.0,True,0.25,True,2,6.656994819641113,62.5,16,10,6,
uchen_medium quality,uchen_medium quality - page 3,Woodblock,layout,0.7,3.0,4.0,True,0.5,True,2,9.52177095413208,62.5,16,10,6,
uchen_medium quality,uchen_medium quality - page 3,Woodblock,layout,0.7,3.0,4.0,True,0.9,True,2,6.551917314529419,62.5,16,10,6,
uchen_medium quality,uchen_medium quality - page 3,Woodblock,layout,0.7,3.0,4.0,False,0.1,True,3,6.575382471084595,64.71,17,11,6,
uchen_medium quality,uchen_medium quality - page 3,Woodblock,layout,0.7,3.0,4.0,False,0.25,True,3,9.658074617385864,64.71,17,11,6,
uchen_medium quality,uchen_medium quality - page 3,Woodblock,layout,0.7,3.0,4.0,False,0.5,True,3,6.515342473983765,64.71,17,11,6,
uchen_medium quality,uchen_medium quality - page 3,Woodblock,layout,0.7,3.0,4.0,False,0.9,True,3,6.684489488601685,64.71,17,11,6,
uchen_medium quality,uchen_medium quality - page 3,Woodblock,layout,0.7,3.0,5.0,True,0.1,True,2,9.34984040260315,64.71,17,11,6,
uchen_medium quality,uchen_medium quality - page 3,Woodblock,layout,0.7,3.0,5.0,True,0.25,True,2,6.1620402336120605,64.71,17,11,6,
uchen_medium quality,uchen_medium quality - page 3,Woodblock,layout,0.7,3.0,5.0,True,0.5,True,2,6.3923561573028564,64.71,17,11,6,
uchen_medium quality,uchen_medium quality - page 3,Woodblock,layout,0.7,3.0,5.0,True,0.9,True,2,6.412288665771484,64.71,17,11,6,
uchen_medium quality,uchen_medium quality - page 3,Woodblock,layout,0.7,3.0,5.0,False,0.1,True,3,6.5564141273498535,68.75,16,11,5,
uchen_medium quality,uchen_medium quality - page 3,Woodblock,layout,0.7,3.0,5.0,False,0.25,True,3,6.5860209465026855,68.75,16,11,5,
uchen_medium quality,uchen_medium quality - page 3,Woodblock,layout,0.7,3.0,5.0,False,0.5,True,3,6.540807485580444,68.75,16,11,5,
uchen_medium quality,uchen_medium quality - page 3,Woodblock,layout,0.7,3.0,5.0,False,0.9,True,3,6.656250715255737,68.75,16,11,5,
uchen_medium quality,uchen_medium quality - page 3,Woodblock,layout,0.8,2.0,2.5,True,0.1,True,2,6.323283910751343,65.71,35,23,12,
uchen_medium quality,uchen_medium quality - page 3,Woodblock,layout,0.8,2.0,2.5,True,0.25,True,2,6.323146820068359,65.71,35,23,12,
uchen_medium quality,uchen_medium quality - page 3,Woodblock,layout,0.8,2.0,2.5,True,0.5,True,2,6.434182405471802,65.71,35,23,12,
uchen_medium quality,uchen_medium quality - page 3,Woodblock,layout,0.8,2.0,2.5,True,0.9,True,2,6.476301431655884,65.71,35,23,12,
uchen_medium quality,uchen_medium quality - page 3,Woodblock,layout,0.8,2.0,2.5,False,0.1,True,3,6.660006046295166,52.94,34,18,16,
uchen_medium quality,uchen_medium quality - page 3,Woodblock,layout,0.8,2.0,2.5,False,0.25,True,3,6.690902233123779,52.94,34,18,16,
uchen_medium quality,uchen_medium quality - page 3,Woodblock,layout,0.8,2.0,2.5,False,0.5,True,3,6.678109884262085,52.94,34,18,16,
uchen_medium quality,uchen_medium quality - page 3,Woodblock,layout,0.8,2.0,2.5,False,0.9,True,3,6.663902521133423,52.94,34,18,16,
uchen_medium quality,uchen_medium quality - page 3,Woodblock,layout,0.8,2.0,3.5,True,0.1,True,2,5.796010494232178,78.95,19,15,4,
uchen_medium quality,uchen_medium quality - page 3,Woodblock,layout,0.8,2.0,3.5,True,0.25,True,2,5.864216089248657,78.95,19,15,4,
uchen_medium quality,uchen_medium quality - page 3,Woodblock,layout,0.8,2.0,3.5,True,0.5,True,2,5.842692613601685,78.95,19,15,4,
uchen_medium quality,uchen_medium quality - page 3,Woodblock,layout,0.8,2.0,3.5,True,0.9,True,2,5.981451034545898,78.95,19,15,4,
uchen_medium quality,uchen_medium quality - page 3,Woodblock,layout,0.8,2.0,3.5,False,0.1,True,3,6.145303726196289,73.68,19,14,5,
uchen_medium quality,uchen_medium quality - page 3,Woodblock,layout,0.8,2.0,3.5,False,0.25,True,3,6.0279221534729,73.68,19,14,5,
uchen_medium quality,uchen_medium quality - page 3,Woodblock,layout,0.8,2.0,3.5,False,0.5,True,3,6.091912031173706,73.68,19,14,5,
uchen_medium quality,uchen_medium quality - page 3,Woodblock,layout,0.8,2.0,3.5,False,0.9,True,3,6.180545806884766,73.68,19,14,5,
uchen_medium quality,uchen_medium quality - page 3,Woodblock,layout,0.8,2.0,4.0,True,0.1,True,2,5.83339524269104,62.5,16,10,6,
uchen_medium quality,uchen_medium quality - page 3,Woodblock,layout,0.8,2.0,4.0,True,0.25,True,2,5.842742443084717,62.5,16,10,6,
uchen_medium quality,uchen_medium quality - page 3,Woodblock,layout,0.8,2.0,4.0,True,0.5,True,2,5.852860689163208,62.5,16,10,6,
uchen_medium quality,uchen_medium quality - page 3,Woodblock,layout,0.8,2.0,4.0,True,0.9,True,2,5.891576766967773,62.5,16,10,6,
uchen_medium quality,uchen_medium quality - page 3,Woodblock,layout,0.8,2.0,4.0,False,0.1,True,3,6.020493030548096,64.71,17,11,6,
uchen_medium quality,uchen_medium quality - page 3,Woodblock,layout,0.8,2.0,4.0,False,0.25,True,3,6.000690221786499,64.71,17,11,6,
uchen_medium quality,uchen_medium quality - page 3,Woodblock,layout,0.8,2.0,4.0,False,0.5,True,3,6.120414972305298,64.71,17,11,6,
uchen_medium quality,uchen_medium quality - page 3,Woodblock,layout,0.8,2.0,4.0,False,0.9,True,3,5.980240821838379,64.71,17,11,6,
uchen_medium quality,uchen_medium quality - page 3,Woodblock,layout,0.8,2.0,5.0,True,0.1,True,2,5.80721640586853,56.25,16,9,7,
uchen_medium quality,uchen_medium quality - page 3,Woodblock,layout,0.8,2.0,5.0,True,0.25,True,2,5.679646253585815,56.25,16,9,7,
uchen_medium quality,uchen_medium quality - page 3,Woodblock,layout,0.8,2.0,5.0,True,0.5,True,2,5.671657562255859,56.25,16,9,7,
uchen_medium quality,uchen_medium quality - page 3,Woodblock,layout,0.8,2.0,5.0,True,0.9,True,2,5.652848482131958,56.25,16,9,7,
uchen_medium quality,uchen_medium quality - page 3,Woodblock,layout,0.8,2.0,5.0,False,0.1,True,3,5.92324423789978,56.25,16,9,7,
uchen_medium quality,uchen_medium quality - page 3,Woodblock,layout,0.8,2.0,5.0,False,0.25,True,3,5.942742109298706,56.25,16,9,7,
uchen_medium quality,uchen_medium quality - page 3,Woodblock,layout,0.8,2.0,5.0,False,0.5,True,3,5.847173452377319,56.25,16,9,7,
uchen_medium quality,uchen_medium quality - page 3,Woodblock,layout,0.8,2.0,5.0,False,0.9,True,3,5.843103408813477,56.25,16,9,7,
uchen_medium quality,uchen_medium quality - page 3,Woodblock,layout,0.8,2.5,2.5,True,0.1,True,2,9.766574382781982,68.75,32,22,10,
uchen_medium quality,uchen_medium quality - page 3,Woodblock,layout,0.8,2.5,2.5,True,0.25,True,2,9.734766483306885,68.75,32,22,10,
uchen_medium quality,uchen_medium quality - page 3,Woodblock,layout,0.8,2.5,2.5,True,0.5,True,2,6.481106758117676,68.75,32,22,10,
uchen_medium quality,uchen_medium quality - page 3,Woodblock,layout,0.8,2.5,2.5,True,0.9,True,2,6.535842657089233,68.75,32,22,10,
uchen_medium quality,uchen_medium quality - page 3,Woodblock,layout,0.8,2.5,2.5,False,0.1,True,3,6.887439012527466,54.84,31,17,14,
uchen_medium quality,uchen_medium quality - page 3,Woodblock,layout,0.8,2.5,2.5,False,0.25,True,3,6.971742153167725,54.84,31,17,14,
uchen_medium quality,uchen_medium quality - page 3,Woodblock,layout,0.8,2.5,2.5,False,0.5,True,3,6.979254722595215,54.84,31,17,14,
uchen_medium quality,uchen_medium quality - page 3,Woodblock,layout,0.8,2.5,2.5,False,0.9,True,3,7.044604778289795,54.84,31,17,14,
uchen_medium quality,uchen_medium quality - page 3,Woodblock,layout,0.8,2.5,3.5,True,0.1,True,2,6.180429697036743,78.95,19,15,4,
uchen_medium quality,uchen_medium quality - page 3,Woodblock,layout,0.8,2.5,3.5,True,0.25,True,2,6.242196321487427,78.95,19,15,4,
uchen_medium quality,uchen_medium quality - page 3,Woodblock,layout,0.8,2.5,3.5,True,0.5,True,2,6.273424863815308,78.95,19,15,4,
uchen_medium quality,uchen_medium quality - page 3,Woodblock,layout,0.8,2.5,3.5,True,0.9,True,2,6.2350733280181885,78.95,19,15,4,
uchen_medium quality,uchen_medium quality - page 3,Woodblock,layout,0.8,2.5,3.5,False,0.1,True,3,6.394484043121338,73.68,19,14,5,
uchen_medium quality,uchen_medium quality - page 3,Woodblock,layout,0.8,2.5,3.5,False,0.25,True,3,6.405436277389526,73.68,19,14,5,
uchen_medium quality,uchen_medium quality - page 3,Woodblock,layout,0.8,2.5,3.5,False,0.5,True,3,9.512510299682617,73.68,19,14,5,
uchen_medium quality,uchen_medium quality - page 3,Woodblock,layout,0.8,2.5,3.5,False,0.9,True,3,9.479021310806274,73.68,19,14,5,
uchen_medium quality,uchen_medium quality - page 3,Woodblock,layout,0.8,2.5,4.0,True,0.1,True,2,9.113606929779053,62.5,16,10,6,
uchen_medium quality,uchen_medium quality - page 3,Woodblock,layout,0.8,2.5,4.0,True,0.25,True,2,9.257738828659058,62.5,16,10,6,
uchen_medium quality,uchen_medium quality - page 3,Woodblock,layout,0.8,2.5,4.0,True,0.5,True,2,9.094138383865356,62.5,16,10,6,
uchen_medium quality,uchen_medium quality - page 3,Woodblock,layout,0.8,2.5,4.0,True,0.9,True,2,5.929557800292969,62.5,16,10,6,
uchen_medium quality,uchen_medium quality - page 3,Woodblock,layout,0.8,2.5,4.0,False,0.1,True,3,6.159801959991455,64.71,17,11,6,
uchen_medium quality,uchen_medium quality - page 3,Woodblock,layout,0.8,2.5,4.0,False,0.25,True,3,6.0704262256622314,64.71,17,11,6,
uchen_medium quality,uchen_medium quality - page 3,Woodblock,layout,0.8,2.5,4.0,False,0.5,True,3,6.268938779830933,64.71,17,11,6,
uchen_medium quality,uchen_medium quality - page 3,Woodblock,layout,0.8,2.5,4.0,False,0.9,True,3,6.3899030685424805,64.71,17,11,6,
uchen_medium quality,uchen_medium quality - page 3,Woodblock,layout,0.8,2.5,5.0,True,0.1,True,2,6.168523073196411,64.71,17,11,6,
uchen_medium quality,uchen_medium quality - page 3,Woodblock,layout,0.8,2.5,5.0,True,0.25,True,2,6.0814454555511475,64.71,17,11,6,
uchen_medium quality,uchen_medium quality - page 3,Woodblock,layout,0.8,2.5,5.0,True,0.5,True,2,6.010185956954956,64.71,17,11,6,
uchen_medium quality,uchen_medium quality - page 3,Woodblock,layout,0.8,2.5,5.0,True,0.9,True,2,6.020609378814697,64.71,17,11,6,
uchen_medium quality,uchen_medium quality - page 3,Woodblock,layout,0.8,2.5,5.0,False,0.1,True,3,6.3064539432525635,68.75,16,11,5,
uchen_medium quality,uchen_medium quality - page 3,Woodblock,layout,0.8,2.5,5.0,False,0.25,True,3,6.2085137367248535,68.75,16,11,5,
uchen_medium quality,uchen_medium quality - page 3,Woodblock,layout,0.8,2.5,5.0,False,0.5,True,3,6.211349248886108,68.75,16,11,5,
uchen_medium quality,uchen_medium quality - page 3,Woodblock,layout,0.8,2.5,5.0,False,0.9,True,3,6.1856608390808105,68.75,16,11,5,
uchen_medium quality,uchen_medium quality - page 3,Woodblock,layout,0.8,3.0,2.5,True,0.1,True,2,7.25136137008667,60.71,28,17,11,
uchen_medium quality,uchen_medium quality - page 3,Woodblock,layout,0.8,3.0,2.5,True,0.25,True,2,7.085750579833984,60.71,28,17,11,
uchen_medium quality,uchen_medium quality - page 3,Woodblock,layout,0.8,3.0,2.5,True,0.5,True,2,7.146255016326904,60.71,28,17,11,
uchen_medium quality,uchen_medium quality - page 3,Woodblock,layout,0.8,3.0,2.5,True,0.9,True,2,7.15316915512085,60.71,28,17,11,
uchen_medium quality,uchen_medium quality - page 3,Woodblock,layout,0.8,3.0,2.5,False,0.1,True,3,7.4976208209991455,44.44,27,12,15,
uchen_medium quality,uchen_medium quality - page 3,Woodblock,layout,0.8,3.0,2.5,False,0.25,True,3,7.378129243850708,44.44,27,12,15,
uchen_medium quality,uchen_medium quality - page 3,Woodblock,layout,0.8,3.0,2.5,False,0.5,True,3,7.363331079483032,44.44,27,12,15,
uchen_medium quality,uchen_medium quality - page 3,Woodblock,layout,0.8,3.0,2.5,False,0.9,True,3,7.410389423370361,44.44,27,12,15,
uchen_medium quality,uchen_medium quality - page 3,Woodblock,layout,0.8,3.0,3.5,True,0.1,True,2,6.603397369384766,64.71,17,11,6,
uchen_medium quality,uchen_medium quality - page 3,Woodblock,layout,0.8,3.0,3.5,True,0.25,True,2,6.653404951095581,64.71,17,11,6,
uchen_medium quality,uchen_medium quality - page 3,Woodblock,layout,0.8,3.0,3.5,True,0.5,True,2,6.6461944580078125,64.71,17,11,6,
uchen_medium quality,uchen_medium quality - page 3,Woodblock,layout,0.8,3.0,3.5,True,0.9,True,2,9.486797094345093,64.71,17,11,6,
uchen_medium quality,uchen_medium quality - page 3,Woodblock,layout,0.8,3.0,3.5,False,0.1,True,3,6.601423263549805,58.82,17,10,7,
uchen_medium quality,uchen_medium quality - page 3,Woodblock,layout,0.8,3.0,3.5,False,0.25,True,3,6.789042234420776,58.82,17,10,7,
uchen_medium quality,uchen_medium quality - page 3,Woodblock,layout,0.8,3.0,3.5,False,0.5,True,3,6.840581655502319,58.82,17,10,7,
uchen_medium quality,uchen_medium quality - page 3,Woodblock,layout,0.8,3.0,3.5,False,0.9,True,3,6.946846008300781,58.82,17,10,7,
uchen_medium quality,uchen_medium quality - page 3,Woodblock,layout,0.8,3.0,4.0,True,0.1,True,2,6.597730875015259,62.5,16,10,6,
uchen_medium quality,uchen_medium quality - page 3,Woodblock,layout,0.8,3.0,4.0,True,0.25,True,2,6.611994504928589,62.5,16,10,6,
uchen_medium quality,uchen_medium quality - page 3,Woodblock,layout,0.8,3.0,4.0,True,0.5,True,2,9.635848045349121,62.5,16,10,6,
uchen_medium quality,uchen_medium quality - page 3,Woodblock,layout,0.8,3.0,4.0,True,0.9,True,2,6.493848562240601,62.5,16,10,6,
uchen_medium quality,uchen_medium quality - page 3,Woodblock,layout,0.8,3.0,4.0,False,0.1,True,3,6.638822793960571,64.71,17,11,6,
uchen_medium quality,uchen_medium quality - page 3,Woodblock,layout,0.8,3.0,4.0,False,0.25,True,3,6.805419921875,64.71,17,11,6,
uchen_medium quality,uchen_medium quality - page 3,Woodblock,layout,0.8,3.0,4.0,False,0.5,True,3,6.835213661193848,64.71,17,11,6,
uchen_medium quality,uchen_medium quality - page 3,Woodblock,layout,0.8,3.0,4.0,False,0.9,True,3,6.763741493225098,64.71,17,11,6,
uchen_medium quality,uchen_medium quality - page 3,Woodblock,layout,0.8,3.0,5.0,True,0.1,True,2,6.3847129344940186,64.71,17,11,6,
uchen_medium quality,uchen_medium quality - page 3,Woodblock,layout,0.8,3.0,5.0,True,0.25,True,2,6.366719722747803,64.71,17,11,6,
uchen_medium quality,uchen_medium quality - page 3,Woodblock,layout,0.8,3.0,5.0,True,0.5,True,2,6.494711399078369,64.71,17,11,6,
uchen_medium quality,uchen_medium quality - page 3,Woodblock,layout,0.8,3.0,5.0,True,0.9,True,2,6.374899625778198,64.71,17,11,6,
uchen_medium quality,uchen_medium quality - page 3,Woodblock,layout,0.8,3.0,5.0,False,0.1,True,3,6.708729267120361,68.75,16,11,5,
uchen_medium quality,uchen_medium quality - page 3,Woodblock,layout,0.8,3.0,5.0,False,0.25,True,3,6.590461254119873,68.75,16,11,5,
uchen_medium quality,uchen_medium quality - page 3,Woodblock,layout,0.8,3.0,5.0,False,0.5,True,3,6.68599271774292,68.75,16,11,5,
uchen_medium quality,uchen_medium quality - page 3,Woodblock,layout,0.8,3.0,5.0,False,0.9,True,3,6.5941667556762695,68.75,16,11,5,
uchen_medium quality,uchen_medium quality - page 3,Woodblock,layout,0.9,2.0,2.5,True,0.1,True,2,6.337309122085571,65.71,35,23,12,
uchen_medium quality,uchen_medium quality - page 3,Woodblock,layout,0.9,2.0,2.5,True,0.25,True,2,6.369785785675049,65.71,35,23,12,
uchen_medium quality,uchen_medium quality - page 3,Woodblock,layout,0.9,2.0,2.5,True,0.5,True,2,6.732310056686401,65.71,35,23,12,
uchen_medium quality,uchen_medium quality - page 3,Woodblock,layout,0.9,2.0,2.5,True,0.9,True,2,6.286095857620239,65.71,35,23,12,
uchen_medium quality,uchen_medium quality - page 3,Woodblock,layout,0.9,2.0,2.5,False,0.1,True,3,6.6829469203948975,52.94,34,18,16,
uchen_medium quality,uchen_medium quality - page 3,Woodblock,layout,0.9,2.0,2.5,False,0.25,True,3,6.718095064163208,52.94,34,18,16,
uchen_medium quality,uchen_medium quality - page 3,Woodblock,layout,0.9,2.0,2.5,False,0.5,True,3,6.79076886177063,52.94,34,18,16,
uchen_medium quality,uchen_medium quality - page 3,Woodblock,layout,0.9,2.0,2.5,False,0.9,True,3,6.662229537963867,52.94,34,18,16,
uchen_medium quality,uchen_medium quality - page 3,Woodblock,layout,0.9,2.0,3.5,True,0.1,True,2,5.843486070632935,78.95,19,15,4,
uchen_medium quality,uchen_medium quality - page 3,Woodblock,layout,0.9,2.0,3.5,True,0.25,True,2,5.9034833908081055,78.95,19,15,4,
uchen_medium quality,uchen_medium quality - page 3,Woodblock,layout,0.9,2.0,3.5,True,0.5,True,2,5.980179786682129,78.95,19,15,4,
uchen_medium quality,uchen_medium quality - page 3,Woodblock,layout,0.9,2.0,3.5,True,0.9,True,2,5.875214099884033,78.95,19,15,4,
uchen_medium quality,uchen_medium quality - page 3,Woodblock,layout,0.9,2.0,3.5,False,0.1,True,3,6.045977592468262,73.68,19,14,5,
uchen_medium quality,uchen_medium quality - page 3,Woodblock,layout,0.9,2.0,3.5,False,0.25,True,3,6.056693077087402,73.68,19,14,5,
uchen_medium quality,uchen_medium quality - page 3,Woodblock,layout,0.9,2.0,3.5,False,0.5,True,3,6.052971839904785,73.68,19,14,5,
uchen_medium quality,uchen_medium quality - page 3,Woodblock,layout,0.9,2.0,3.5,False,0.9,True,3,6.254960775375366,73.68,19,14,5,
uchen_medium quality,uchen_medium quality - page 3,Woodblock,layout,0.9,2.0,4.0,True,0.1,True,2,5.871931791305542,62.5,16,10,6,
uchen_medium quality,uchen_medium quality - page 3,Woodblock,layout,0.9,2.0,4.0,True,0.25,True,2,5.858535051345825,62.5,16,10,6,
uchen_medium quality,uchen_medium quality - page 3,Woodblock,layout,0.9,2.0,4.0,True,0.5,True,2,5.862147808074951,62.5,16,10,6,
uchen_medium quality,uchen_medium quality - page 3,Woodblock,layout,0.9,2.0,4.0,True,0.9,True,2,5.830906867980957,62.5,16,10,6,
uchen_medium quality,uchen_medium quality - page 3,Woodblock,layout,0.9,2.0,4.0,False,0.1,True,3,6.081632852554321,64.71,17,11,6,
uchen_medium quality,uchen_medium quality - page 3,Woodblock,layout,0.9,2.0,4.0,False,0.25,True,3,8.022276163101196,64.71,17,11,6,
uchen_medium quality,uchen_medium quality - page 3,Woodblock,layout,0.9,2.0,4.0,False,0.5,True,3,5.742635488510132,64.71,17,11,6,
uchen_medium quality,uchen_medium quality - page 3,Woodblock,layout,0.9,2.0,4.0,False,0.9,True,3,6.007035255432129,64.71,17,11,6,
uchen_medium quality,uchen_medium quality - page 3,Woodblock,layout,0.9,2.0,5.0,True,0.1,True,2,5.638050556182861,56.25,16,9,7,
uchen_medium quality,uchen_medium quality - page 3,Woodblock,layout,0.9,2.0,5.0,True,0.25,True,2,5.86811637878418,56.25,16,9,7,
uchen_medium quality,uchen_medium quality - page 3,Woodblock,layout,0.9,2.0,5.0,True,0.5,True,2,5.675886631011963,56.25,16,9,7,
uchen_medium quality,uchen_medium quality - page 3,Woodblock,layout,0.9,2.0,5.0,True,0.9,True,2,5.680275201797485,56.25,16,9,7,
uchen_medium quality,uchen_medium quality - page 3,Woodblock,layout,0.9,2.0,5.0,False,0.1,True,3,5.916970491409302,56.25,16,9,7,
uchen_medium quality,uchen_medium quality - page 3,Woodblock,layout,0.9,2.0,5.0,False,0.25,True,3,5.925016164779663,56.25,16,9,7,
uchen_medium quality,uchen_medium quality - page 3,Woodblock,layout,0.9,2.0,5.0,False,0.5,True,3,5.85077691078186,56.25,16,9,7,
uchen_medium quality,uchen_medium quality - page 3,Woodblock,layout,0.9,2.0,5.0,False,0.9,True,3,5.828266382217407,56.25,16,9,7,
uchen_medium quality,uchen_medium quality - page 3,Woodblock,layout,0.9,2.5,2.5,True,0.1,True,2,6.779275894165039,68.75,32,22,10,
uchen_medium quality,uchen_medium quality - page 3,Woodblock,layout,0.9,2.5,2.5,True,0.25,True,2,6.6345391273498535,68.75,32,22,10,
uchen_medium quality,uchen_medium quality - page 3,Woodblock,layout,0.9,2.5,2.5,True,0.5,True,2,6.74149751663208,68.75,32,22,10,
uchen_medium quality,uchen_medium quality - page 3,Woodblock,layout,0.9,2.5,2.5,True,0.9,True,2,6.740733623504639,68.75,32,22,10,
uchen_medium quality,uchen_medium quality - page 3,Woodblock,layout,0.9,2.5,2.5,False,0.1,True,3,6.978163242340088,54.84,31,17,14,
uchen_medium quality,uchen_medium quality - page 3,Woodblock,layout,0.9,2.5,2.5,False,0.25,True,3,6.976404190063477,54.84,31,17,14,
uchen_medium quality,uchen_medium quality - page 3,Woodblock,layout,0.9,2.5,2.5,False,0.5,True,3,7.046689987182617,54.84,31,17,14,
uchen_medium quality,uchen_medium quality - page 3,Woodblock,layout,0.9,2.5,2.5,False,0.9,True,3,6.936597585678101,54.84,31,17,14,
uchen_medium quality,uchen_medium quality - page 3,Woodblock,layout,0.9,2.5,3.5,True,0.1,True,2,6.167969226837158,78.95,19,15,4,
uchen_medium quality,uchen_medium quality - page 3,Woodblock,layout,0.9,2.5,3.5,True,0.25,True,2,6.208802223205566,78.95,19,15,4,
uchen_medium quality,uchen_medium quality - page 3,Woodblock,layout,0.9,2.5,3.5,True,0.5,True,2,6.332511901855469,78.95,19,15,4,
uchen_medium quality,uchen_medium quality - page 3,Woodblock,layout,0.9,2.5,3.5,True,0.9,True,2,6.214400291442871,78.95,19,15,4,
uchen_medium quality,uchen_medium quality - page 3,Woodblock,layout,0.9,2.5,3.5,False,0.1,True,3,6.506102085113525,73.68,19,14,5,
uchen_medium quality,uchen_medium quality - page 3,Woodblock,layout,0.9,2.5,3.5,False,0.25,True,3,6.413651704788208,73.68,19,14,5,
uchen_medium quality,uchen_medium quality - page 3,Woodblock,layout,0.9,2.5,3.5,False,0.5,True,3,6.448812246322632,73.68,19,14,5,
uchen_medium quality,uchen_medium quality - page 3,Woodblock,layout,0.9,2.5,3.5,False,0.9,True,3,6.43490195274353,73.68,19,14,5,
uchen_medium quality,uchen_medium quality - page 3,Woodblock,layout,0.9,2.5,4.0,True,0.1,True,2,6.1858508586883545,62.5,16,10,6,
uchen_medium quality,uchen_medium quality - page 3,Woodblock,layout,0.9,2.5,4.0,True,0.25,True,2,6.189678192138672,62.5,16,10,6,
uchen_medium quality,uchen_medium quality - page 3,Woodblock,layout,0.9,2.5,4.0,True,0.5,True,2,6.229014873504639,62.5,16,10,6,
uchen_medium quality,uchen_medium quality - page 3,Woodblock,layout,0.9,2.5,4.0,True,0.9,True,2,6.188388347625732,62.5,16,10,6,
uchen_medium quality,uchen_medium quality - page 3,Woodblock,layout,0.9,2.5,4.0,False,0.1,True,3,6.363251209259033,64.71,17,11,6,
uchen_medium quality,uchen_medium quality - page 3,Woodblock,layout,0.9,2.5,4.0,False,0.25,True,3,6.395486116409302,64.71,17,11,6,
uchen_medium quality,uchen_medium quality - page 3,Woodblock,layout,0.9,2.5,4.0,False,0.5,True,3,6.410042762756348,64.71,17,11,6,
uchen_medium quality,uchen_medium quality - page 3,Woodblock,layout,0.9,2.5,4.0,False,0.9,True,3,6.402483224868774,64.71,17,11,6,
uchen_medium quality,uchen_medium quality - page 3,Woodblock,layout,0.9,2.5,5.0,True,0.1,True,2,5.992377996444702,64.71,17,11,6,
uchen_medium quality,uchen_medium quality - page 3,Woodblock,layout,0.9,2.5,5.0,True,0.25,True,2,6.043724536895752,64.71,17,11,6,
uchen_medium quality,uchen_medium quality - page 3,Woodblock,layout,0.9,2.5,5.0,True,0.5,True,2,5.997190475463867,64.71,17,11,6,
uchen_medium quality,uchen_medium quality - page 3,Woodblock,layout,0.9,2.5,5.0,True,0.9,True,2,6.0793867111206055,64.71,17,11,6,
uchen_medium quality,uchen_medium quality - page 3,Woodblock,layout,0.9,2.5,5.0,False,0.1,True,3,6.204663515090942,68.75,16,11,5,
uchen_medium quality,uchen_medium quality - page 3,Woodblock,layout,0.9,2.5,5.0,False,0.25,True,3,6.185822010040283,68.75,16,11,5,
uchen_medium quality,uchen_medium quality - page 3,Woodblock,layout,0.9,2.5,5.0,False,0.5,True,3,6.168806314468384,68.75,16,11,5,
uchen_medium quality,uchen_medium quality - page 3,Woodblock,layout,0.9,2.5,5.0,False,0.9,True,3,6.364969730377197,68.75,16,11,5,
uchen_medium quality,uchen_medium quality - page 3,Woodblock,layout,0.9,3.0,2.5,True,0.1,True,2,7.205795049667358,60.71,28,17,11,
uchen_medium quality,uchen_medium quality - page 3,Woodblock,layout,0.9,3.0,2.5,True,0.25,True,2,7.137193202972412,60.71,28,17,11,
uchen_medium quality,uchen_medium quality - page 3,Woodblock,layout,0.9,3.0,2.5,True,0.5,True,2,8.702681064605713,60.71,28,17,11,
uchen_medium quality,uchen_medium quality - page 3,Woodblock,layout,0.9,3.0,2.5,True,0.9,True,2,7.0200958251953125,60.71,28,17,11,
uchen_medium quality,uchen_medium quality - page 3,Woodblock,layout,0.9,3.0,2.5,False,0.1,True,3,7.322011947631836,44.44,27,12,15,
uchen_medium quality,uchen_medium quality - page 3,Woodblock,layout,0.9,3.0,2.5,False,0.25,True,3,7.460305690765381,44.44,27,12,15,
uchen_medium quality,uchen_medium quality - page 3,Woodblock,layout,0.9,3.0,2.5,False,0.5,True,3,7.418608665466309,44.44,27,12,15,
uchen_medium quality,uchen_medium quality - page 3,Woodblock,layout,0.9,3.0,2.5,False,0.9,True,3,7.4569971561431885,44.44,27,12,15,
uchen_medium quality,uchen_medium quality - page 3,Woodblock,layout,0.9,3.0,3.5,True,0.1,True,2,6.624552965164185,64.71,17,11,6,
uchen_medium quality,uchen_medium quality - page 3,Woodblock,layout,0.9,3.0,3.5,True,0.25,True,2,6.714832305908203,64.71,17,11,6,
uchen_medium quality,uchen_medium quality - page 3,Woodblock,layout,0.9,3.0,3.5,True,0.5,True,2,6.780218601226807,64.71,17,11,6,
uchen_medium quality,uchen_medium quality - page 3,Woodblock,layout,0.9,3.0,3.5,True,0.9,True,2,6.6677703857421875,64.71,17,11,6,
uchen_medium quality,uchen_medium quality - page 3,Woodblock,layout,0.9,3.0,3.5,False,0.1,True,3,6.790817975997925,58.82,17,10,7,
uchen_medium quality,uchen_medium quality - page 3,Woodblock,layout,0.9,3.0,3.5,False,0.25,True,3,6.828356981277466,58.82,17,10,7,
uchen_medium quality,uchen_medium quality - page 3,Woodblock,layout,0.9,3.0,3.5,False,0.5,True,3,6.881128549575806,58.82,17,10,7,
uchen_medium quality,uchen_medium quality - page 3,Woodblock,layout,0.9,3.0,3.5,False,0.9,True,3,6.809761047363281,58.82,17,10,7,
uchen_medium quality,uchen_medium quality - page 3,Woodblock,layout,0.9,3.0,4.0,True,0.1,True,2,6.681737661361694,62.5,16,10,6,
uchen_medium quality,uchen_medium quality - page 3,Woodblock,layout,0.9,3.0,4.0,True,0.25,True,2,6.760218381881714,62.5,16,10,6,
uchen_medium quality,uchen_medium quality - page 3,Woodblock,layout,0.9,3.0,4.0,True,0.5,True,2,9.676857233047485,62.5,16,10,6,
uchen_medium quality,uchen_medium quality - page 3,Woodblock,layout,0.9,3.0,4.0,True,0.9,True,2,9.687593221664429,62.5,16,10,6,
uchen_medium quality,uchen_medium quality - page 3,Woodblock,layout,0.9,3.0,4.0,False,0.1,True,3,9.91258430480957,64.71,17,11,6,
uchen_medium quality,uchen_medium quality - page 3,Woodblock,layout,0.9,3.0,4.0,False,0.25,True,3,6.610369443893433,64.71,17,11,6,
uchen_medium quality,uchen_medium quality - page 3,Woodblock,layout,0.9,3.0,4.0,False,0.5,True,3,6.490951061248779,64.71,17,11,6,
uchen_medium quality,uchen_medium quality - page 3,Woodblock,layout,0.9,3.0,4.0,False,0.9,True,3,6.628364562988281,64.71,17,11,6,
uchen_medium quality,uchen_medium quality - page 3,Woodblock,layout,0.9,3.0,5.0,True,0.1,True,2,6.384295701980591,64.71,17,11,6,
uchen_medium quality,uchen_medium quality - page 3,Woodblock,layout,0.9,3.0,5.0,True,0.25,True,2,6.391827583312988,64.71,17,11,6,
uchen_medium quality,uchen_medium quality - page 3,Woodblock,layout,0.9,3.0,5.0,True,0.5,True,2,6.393657207489014,64.71,17,11,6,
uchen_medium quality,uchen_medium quality - page 3,Woodblock,layout,0.9,3.0,5.0,True,0.9,True,2,6.374222755432129,64.71,17,11,6,
uchen_medium quality,uchen_medium quality - page 3,Woodblock,layout,0.9,3.0,5.0,False,0.1,True,3,6.562385559082031,68.75,16,11,5,
uchen_medium quality,uchen_medium quality - page 3,Woodblock,layout,0.9,3.0,5.0,False,0.25,True,3,6.686044216156006,68.75,16,11,5,
uchen_medium quality,uchen_medium quality - page 3,Woodblock,layout,0.9,3.0,5.0,False,0.5,True,3,6.587061166763306,68.75,16,11,5,
uchen_medium quality,uchen_medium quality - page 3,Woodblock,layout,0.9,3.0,5.0,False,0.9,True,3,6.56695294380188,68.75,16,11,5,
uchen_medium quality,uchen_medium quality - page 3,Woodblock-Stacks,line,0.7,2.0,2.5,True,0.1,True,2,6.424618482589722,0.0,0,0,0,
uchen_medium quality,uchen_medium quality - page 3,Woodblock-Stacks,line,0.7,2.0,2.5,True,0.25,True,2,6.676376581192017,0.0,0,0,0,
uchen_medium quality,uchen_medium quality - page 3,Woodblock-Stacks,line,0.7,2.0,2.5,True,0.5,True,2,6.510787487030029,0.0,0,0,0,
uchen_medium quality,uchen_medium quality - page 3,Woodblock-Stacks,line,0.7,2.0,2.5,True,0.9,True,2,6.540293216705322,0.0,0,0,0,
uchen_medium quality,uchen_medium quality - page 3,Woodblock-Stacks,line,0.7,2.0,2.5,False,0.1,True,5,7.423873662948608,21.43,14,3,11,
uchen_medium quality,uchen_medium quality - page 3,Woodblock-Stacks,line,0.7,2.0,2.5,False,0.25,True,5,7.573201656341553,21.43,14,3,11,
uchen_medium quality,uchen_medium quality - page 3,Woodblock-Stacks,line,0.7,2.0,2.5,False,0.5,True,5,7.424182891845703,21.43,14,3,11,
uchen_medium quality,uchen_medium quality - page 3,Woodblock-Stacks,line,0.7,2.0,2.5,False,0.9,True,5,10.928727149963379,21.43,14,3,11,
uchen_medium quality,uchen_medium quality - page 3,Woodblock-Stacks,line,0.7,2.0,3.5,True,0.1,True,2,9.37304949760437,100.0,2,2,0,
uchen_medium quality,uchen_medium quality - page 3,Woodblock-Stacks,line,0.7,2.0,3.5,True,0.25,True,2,6.036456346511841,100.0,2,2,0,
uchen_medium quality,uchen_medium quality - page 3,Woodblock-Stacks,line,0.7,2.0,3.5,True,0.5,True,2,5.994407892227173,100.0,2,2,0,
uchen_medium quality,uchen_medium quality - page 3,Woodblock-Stacks,line,0.7,2.0,3.5,True,0.9,True,2,6.275017976760864,100.0,2,2,0,
uchen_medium quality,uchen_medium quality - page 3,Woodblock-Stacks,line,0.7,2.0,3.5,False,0.1,True,5,7.107832193374634,55.56,18,10,8,
uchen_medium quality,uchen_medium quality - page 3,Woodblock-Stacks,line,0.7,2.0,3.5,False,0.25,True,5,7.130092620849609,55.56,18,10,8,
uchen_medium quality,uchen_medium quality - page 3,Woodblock-Stacks,line,0.7,2.0,3.5,False,0.5,True,5,7.083611965179443,55.56,18,10,8,
uchen_medium quality,uchen_medium quality - page 3,Woodblock-Stacks,line,0.7,2.0,3.5,False,0.9,True,5,7.2010321617126465,55.56,18,10,8,
uchen_medium quality,uchen_medium quality - page 3,Woodblock-Stacks,line,0.7,2.0,4.0,True,0.1,True,2,6.187668085098267,50.0,2,1,1,
uchen_medium quality,uchen_medium quality - page 3,Woodblock-Stacks,line,0.7,2.0,4.0,True,0.25,True,2,6.221582412719727,50.0,2,1,1,
uchen_medium quality,uchen_medium quality - page 3,Woodblock-Stacks,line,0.7,2.0,4.0,True,0.5,True,2,6.212571859359741,50.0,2,1,1,
uchen_medium quality,uchen_medium quality - page 3,Woodblock-Stacks,line,0.7,2.0,4.0,True,0.9,True,2,6.334959030151367,50.0,2,1,1,
uchen_medium quality,uchen_medium quality - page 3,Woodblock-Stacks,line,0.7,2.0,4.0,False,0.1,True,5,9.874674558639526,61.54,13,8,5,
uchen_medium quality,uchen_medium quality - page 3,Woodblock-Stacks,line,0.7,2.0,4.0,False,0.25,True,5,6.696441650390625,61.54,13,8,5,
uchen_medium quality,uchen_medium quality - page 3,Woodblock-Stacks,line,0.7,2.0,4.0,False,0.5,True,5,7.125216007232666,61.54,13,8,5,
uchen_medium quality,uchen_medium quality - page 3,Woodblock-Stacks,line,0.7,2.0,4.0,False,0.9,True,5,7.039861679077148,61.54,13,8,5,
uchen_medium quality,uchen_medium quality - page 3,Woodblock-Stacks,line,0.7,2.0,5.0,True,0.1,True,2,5.789147615432739,0.0,0,0,0,
uchen_medium quality,uchen_medium quality - page 3,Woodblock-Stacks,line,0.7,2.0,5.0,True,0.25,True,2,6.0574541091918945,0.0,0,0,0,
uchen_medium quality,uchen_medium quality - page 3,Woodblock-Stacks,line,0.7,2.0,5.0,True,0.5,True,2,8.825313329696655,0.0,0,0,0,
uchen_medium quality,uchen_medium quality - page 3,Woodblock-Stacks,line,0.7,2.0,5.0,True,0.9,True,2,8.82398271560669,0.0,0,0,0,
uchen_medium quality,uchen_medium quality - page 3,Woodblock-Stacks,line,0.7,2.0,5.0,False,0.1,True,5,6.564631700515747,75.0,12,9,3,
uchen_medium quality,uchen_medium quality - page 3,Woodblock-Stacks,line,0.7,2.0,5.0,False,0.25,True,5,6.710018157958984,75.0,12,9,3,
uchen_medium quality,uchen_medium quality - page 3,Woodblock-Stacks,line,0.7,2.0,5.0,False,0.5,True,5,6.89616322517395,75.0,12,9,3,
uchen_medium quality,uchen_medium quality - page 3,Woodblock-Stacks,line,0.7,2.0,5.0,False,0.9,True,5,6.863995552062988,75.0,12,9,3,
uchen_medium quality,uchen_medium quality - page 3,Woodblock-Stacks,line,0.7,2.5,2.5,True,0.1,True,2,7.104052782058716,100.0,2,2,0,
uchen_medium quality,uchen_medium quality - page 3,Woodblock-Stacks,line,0.7,2.5,2.5,True,0.25,True,2,7.052710056304932,100.0,2,2,0,
uchen_medium quality,uchen_medium quality - page 3,Woodblock-Stacks,line,0.7,2.5,2.5,True,0.5,True,2,6.992387533187866,100.0,2,2,0,
uchen_medium quality,uchen_medium quality - page 3,Woodblock-Stacks,line,0.7,2.5,2.5,True,0.9,True,2,6.97955060005188,100.0,2,2,0,
uchen_medium quality,uchen_medium quality - page 3,Woodblock-Stacks,line,0.7,2.5,2.5,False,0.1,True,5,7.741556167602539,20.0,15,3,12,
uchen_medium quality,uchen_medium quality - page 3,Woodblock-Stacks,line,0.7,2.5,2.5,False,0.25,True,5,7.845817565917969,20.0,15,3,12,
uchen_medium quality,uchen_medium quality - page 3,Woodblock-Stacks,line,0.7,2.5,2.5,False,0.5,True,5,7.688911437988281,20.0,15,3,12,
uchen_medium quality,uchen_medium quality - page 3,Woodblock-Stacks,line,0.7,2.5,2.5,False,0.9,True,5,7.756634473800659,20.0,15,3,12,
uchen_medium quality,uchen_medium quality - page 3,Woodblock-Stacks,line,0.7,2.5,3.5,True,0.1,True,2,6.983461618423462,100.0,2,2,0,
uchen_medium quality,uchen_medium quality - page 3,Woodblock-Stacks,line,0.7,2.5,3.5,True,0.25,True,2,6.826481342315674,100.0,2,2,0,
uchen_medium quality,uchen_medium quality - page 3,Woodblock-Stacks,line,0.7,2.5,3.5,True,0.5,True,2,6.857804775238037,100.0,2,2,0,
uchen_medium quality,uchen_medium quality - page 3,Woodblock-Stacks,line,0.7,2.5,3.5,True,0.9,True,2,6.782984733581543,100.0,2,2,0,
uchen_medium quality,uchen_medium quality - page 3,Woodblock-Stacks,line,0.7,2.5,3.5,False,0.1,True,5,7.42497992515564,55.56,18,10,8,
uchen_medium quality,uchen_medium quality - page 3,Woodblock-Stacks,line,0.7,2.5,3.5,False,0.25,True,5,7.531832456588745,55.56,18,10,8,
uchen_medium quality,uchen_medium quality - page 3,Woodblock-Stacks,line,0.7,2.5,3.5,False,0.5,True,5,7.383889675140381,55.56,18,10,8,
uchen_medium quality,uchen_medium quality - page 3,Woodblock-Stacks,line,0.7,2.5,3.5,False,0.9,True,5,7.387844085693359,55.56,18,10,8,
uchen_medium quality,uchen_medium quality - page 3,Woodblock-Stacks,line,0.7,2.5,4.0,True,0.1,True,2,6.717491149902344,50.0,2,1,1,
uchen_medium quality,uchen_medium quality - page 3,Woodblock-Stacks,line,0.7,2.5,4.0,True,0.25,True,2,6.660857439041138,50.0,2,1,1,
uchen_medium quality,uchen_medium quality - page 3,Woodblock-Stacks,line,0.7,2.5,4.0,True,0.5,True,2,6.652856349945068,50.0,2,1,1,
uchen_medium quality,uchen_medium quality - page 3,Woodblock-Stacks,line,0.7,2.5,4.0,True,0.9,True,2,6.778873920440674,50.0,2,1,1,
uchen_medium quality,uchen_medium quality - page 3,Woodblock-Stacks,line,0.7,2.5,4.0,False,0.1,True,5,7.337909698486328,61.54,13,8,5,
uchen_medium quality,uchen_medium quality - page 3,Woodblock-Stacks,line,0.7,2.5,4.0,False,0.25,True,5,7.349650144577026,61.54,13,8,5,
uchen_medium quality,uchen_medium quality - page 3,Woodblock-Stacks,line,0.7,2.5,4.0,False,0.5,True,5,7.315633773803711,61.54,13,8,5,
uchen_medium quality,uchen_medium quality - page 3,Woodblock-Stacks,line,0.7,2.5,4.0,False,0.9,True,5,7.279397249221802,61.54,13,8,5,
uchen_medium quality,uchen_medium quality - page 3,Woodblock-Stacks,line,0.7,2.5,5.0,True,0.1,True,2,6.374212980270386,0.0,0,0,0,
uchen_medium quality,uchen_medium quality - page 3,Woodblock-Stacks,line,0.7,2.5,5.0,True,0.25,True,2,6.2917938232421875,0.0,0,0,0,
uchen_medium quality,uchen_medium quality - page 3,Woodblock-Stacks,line,0.7,2.5,5.0,True,0.5,True,2,6.270706653594971,0.0,0,0,0,
uchen_medium quality,uchen_medium quality - page 3,Woodblock-Stacks,line,0.7,2.5,5.0,True,0.9,True,2,6.298517465591431,0.0,0,0,0,
uchen_medium quality,uchen_medium quality - page 3,Woodblock-Stacks,line,0.7,2.5,5.0,False,0.1,True,5,7.3578407764434814,69.23,13,9,4,
uchen_medium quality,uchen_medium quality - page 3,Woodblock-Stacks,line,0.7,2.5,5.0,False,0.25,True,5,7.205877780914307,69.23,13,9,4,
uchen_medium quality,uchen_medium quality - page 3,Woodblock-Stacks,line,0.7,2.5,5.0,False,0.5,True,5,7.195061445236206,69.23,13,9,4,
uchen_medium quality,uchen_medium quality - page 3,Woodblock-Stacks,line,0.7,2.5,5.0,False,0.9,True,5,7.197386026382446,69.23,13,9,4,
uchen_medium quality,uchen_medium quality - page 3,Woodblock-Stacks,line,0.7,3.0,2.5,True,0.1,True,2,7.580564022064209,0.0,0,0,0,
uchen_medium quality,uchen_medium quality - page 3,Woodblock-Stacks,line,0.7,3.0,2.5,True,0.25,True,2,7.534478664398193,0.0,0,0,0,
uchen_medium quality,uchen_medium quality - page 3,Woodblock-Stacks,line,0.7,3.0,2.5,True,0.5,True,2,7.436583757400513,0.0,0,0,0,
uchen_medium quality,uchen_medium quality - page 3,Woodblock-Stacks,line,0.7,3.0,2.5,True,0.9,True,2,7.574580192565918,0.0,0,0,0,
uchen_medium quality,uchen_medium quality - page 3,Woodblock-Stacks,line,0.7,3.0,2.5,False,0.1,True,5,8.06952953338623,14.29,14,2,12,
uchen_medium quality,uchen_medium quality - page 3,Woodblock-Stacks,line,0.7,3.0,2.5,False,0.25,True,5,8.014776468276978,14.29,14,2,12,
uchen_medium quality,uchen_medium quality - page 3,Woodblock-Stacks,line,0.7,3.0,2.5,False,0.5,True,5,8.131439685821533,14.29,14,2,12,
uchen_medium quality,uchen_medium quality - page 3,Woodblock-Stacks,line,0.7,3.0,2.5,False,0.9,True,5,8.039064884185791,14.29,14,2,12,
uchen_medium quality,uchen_medium quality - page 3,Woodblock-Stacks,line,0.7,3.0,3.5,True,0.1,True,2,7.23488974571228,0.0,0,0,0,
uchen_medium quality,uchen_medium quality - page 3,Woodblock-Stacks,line,0.7,3.0,3.5,True,0.25,True,2,10.221749782562256,0.0,0,0,0,
uchen_medium quality,uchen_medium quality - page 3,Woodblock-Stacks,line,0.7,3.0,3.5,True,0.5,True,2,7.164443731307983,0.0,0,0,0,
uchen_medium quality,uchen_medium quality - page 3,Woodblock-Stacks,line,0.7,3.0,3.5,True,0.9,True,2,7.128002405166626,0.0,0,0,0,
uchen_medium quality,uchen_medium quality - page 3,Woodblock-Stacks,line,0.7,3.0,3.5,False,0.1,True,5,9.102904796600342,56.25,16,9,7,
uchen_medium quality,uchen_medium quality - page 3,Woodblock-Stacks,line,0.7,3.0,3.5,False,0.25,True,5,7.676294326782227,56.25,16,9,7,
uchen_medium quality,uchen_medium quality - page 3,Woodblock-Stacks,line,0.7,3.0,3.5,False,0.5,True,5,7.677992105484009,56.25,16,9,7,
uchen_medium quality,uchen_medium quality - page 3,Woodblock-Stacks,line,0.7,3.0,3.5,False,0.9,True,5,7.686719655990601,56.25,16,9,7,
uchen_medium quality,uchen_medium quality - page 3,Woodblock-Stacks,line,0.7,3.0,4.0,True,0.1,True,2,7.1344263553619385,0.0,0,0,0,
uchen_medium quality,uchen_medium quality - page 3,Woodblock-Stacks,line,0.7,3.0,4.0,True,0.25,True,2,7.20127272605896,0.0,0,0,0,
uchen_medium quality,uchen_medium quality - page 3,Woodblock-Stacks,line,0.7,3.0,4.0,True,0.5,True,2,7.1181628704071045,0.0,0,0,0,
uchen_medium quality,uchen_medium quality - page 3,Woodblock-Stacks,line,0.7,3.0,4.0,True,0.9,True,2,7.131985664367676,0.0,0,0,0,
uchen_medium quality,uchen_medium quality - page 3,Woodblock-Stacks,line,0.7,3.0,4.0,False,0.1,True,5,7.725630521774292,58.33,12,7,5,
uchen_medium quality,uchen_medium quality - page 3,Woodblock-Stacks,line,0.7,3.0,4.0,False,0.25,True,5,7.695611476898193,58.33,12,7,5,
uchen_medium quality,uchen_medium quality - page 3,Woodblock-Stacks,line,0.7,3.0,4.0,False,0.5,True,5,7.727089881896973,58.33,12,7,5,
uchen_medium quality,uchen_medium quality - page 3,Woodblock-Stacks,line,0.7,3.0,4.0,False,0.9,True,5,7.633671283721924,58.33,12,7,5,
uchen_medium quality,uchen_medium quality - page 3,Woodblock-Stacks,line,0.7,3.0,5.0,True,0.1,True,2,6.980771541595459,0.0,0,0,0,
uchen_medium quality,uchen_medium quality - page 3,Woodblock-Stacks,line,0.7,3.0,5.0,True,0.25,True,2,6.832057952880859,0.0,0,0,0,
uchen_medium quality,uchen_medium quality - page 3,Woodblock-Stacks,line,0.7,3.0,5.0,True,0.5,True,2,6.870035409927368,0.0,0,0,0,
uchen_medium quality,uchen_medium quality - page 3,Woodblock-Stacks,line,0.7,3.0,5.0,True,0.9,True,2,7.0175862312316895,0.0,0,0,0,
uchen_medium quality,uchen_medium quality - page 3,Woodblock-Stacks,line,0.7,3.0,5.0,False,0.1,True,5,7.514914274215698,69.23,13,9,4,
uchen_medium quality,uchen_medium quality - page 3,Woodblock-Stacks,line,0.7,3.0,5.0,False,0.25,True,5,7.493055820465088,69.23,13,9,4,
uchen_medium quality,uchen_medium quality - page 3,Woodblock-Stacks,line,0.7,3.0,5.0,False,0.5,True,5,7.521198749542236,69.23,13,9,4,
uchen_medium quality,uchen_medium quality - page 3,Woodblock-Stacks,line,0.7,3.0,5.0,False,0.9,True,5,7.584944486618042,69.23,13,9,4,
uchen_medium quality,uchen_medium quality - page 3,Woodblock-Stacks,line,0.8,2.0,2.5,True,0.1,True,2,6.462702989578247,0.0,0,0,0,
uchen_medium quality,uchen_medium quality - page 3,Woodblock-Stacks,line,0.8,2.0,2.5,True,0.25,True,2,6.480486869812012,0.0,0,0,0,
uchen_medium quality,uchen_medium quality - page 3,Woodblock-Stacks,line,0.8,2.0,2.5,True,0.5,True,2,6.46786642074585,0.0,0,0,0,
uchen_medium quality,uchen_medium quality - page 3,Woodblock-Stacks,line,0.8,2.0,2.5,True,0.9,True,2,6.589371919631958,0.0,0,0,0,
uchen_medium quality,uchen_medium quality - page 3,Woodblock-Stacks,line,0.8,2.0,2.5,False,0.1,True,5,7.606250762939453,21.43,14,3,11,
uchen_medium quality,uchen_medium quality - page 3,Woodblock-Stacks,line,0.8,2.0,2.5,False,0.25,True,5,7.4109697341918945,21.43,14,3,11,
uchen_medium quality,uchen_medium quality - page 3,Woodblock-Stacks,line,0.8,2.0,2.5,False,0.5,True,5,10.35919451713562,21.43,14,3,11,
uchen_medium quality,uchen_medium quality - page 3,Woodblock-Stacks,line,0.8,2.0,2.5,False,0.9,True,5,7.146990060806274,21.43,14,3,11,
uchen_medium quality,uchen_medium quality - page 3,Woodblock-Stacks,line,0.8,2.0,3.5,True,0.1,True,2,6.184035301208496,100.0,2,2,0,
uchen_medium quality,uchen_medium quality - page 3,Woodblock-Stacks,line,0.8,2.0,3.5,True,0.25,True,2,6.263073682785034,100.0,2,2,0,
uchen_medium quality,uchen_medium quality - page 3,Woodblock-Stacks,line,0.8,2.0,3.5,True,0.5,True,2,6.361004829406738,100.0,2,2,0,
uchen_medium quality,uchen_medium quality - page 3,Woodblock-Stacks,line,0.8,2.0,3.5,True,0.9,True,2,6.263004302978516,100.0,2,2,0,
uchen_medium quality,uchen_medium quality - page 3,Woodblock-Stacks,line,0.8,2.0,3.5,False,0.1,True,5,7.1887078285217285,55.56,18,10,8,
uchen_medium quality,uchen_medium quality - page 3,Woodblock-Stacks,line,0.8,2.0,3.5,False,0.25,True,5,7.192619323730469,55.56,18,10,8,
uchen_medium quality,uchen_medium quality - page 3,Woodblock-Stacks,line,0.8,2.0,3.5,False,0.5,True,5,7.083430767059326,55.56,18,10,8,
uchen_medium quality,uchen_medium quality - page 3,Woodblock-Stacks,line,0.8,2.0,3.5,False,0.9,True,5,7.112615346908569,55.56,18,10,8,
uchen_medium quality,uchen_medium quality - page 3,Woodblock-Stacks,line,0.8,2.0,4.0,True,0.1,True,2,6.174379825592041,50.0,2,1,1,
uchen_medium quality,uchen_medium quality - page 3,Woodblock-Stacks,line,0.8,2.0,4.0,True,0.25,True,2,6.235081911087036,50.0,2,1,1,
uchen_medium quality,uchen_medium quality - page 3,Woodblock-Stacks,line,0.8,2.0,4.0,True,0.5,True,2,6.209576845169067,50.0,2,1,1,
uchen_medium quality,uchen_medium quality - page 3,Woodblock-Stacks,line,0.8,2.0,4.0,True,0.9,True,2,6.151232957839966,50.0,2,1,1,
uchen_medium quality,uchen_medium quality - page 3,Woodblock-Stacks,line,0.8,2.0,4.0,False,0.1,True,5,7.006203889846802,61.54,13,8,5,
uchen_medium quality,uchen_medium quality - page 3,Woodblock-Stacks,line,0.8,2.0,4.0,False,0.25,True,5,7.134348154067993,61.54,13,8,5,
uchen_medium quality,uchen_medium quality - page 3,Woodblock-Stacks,line,0.8,2.0,4.0,False,0.5,True,5,7.0294952392578125,61.54,13,8,5,
uchen_medium quality,uchen_medium quality - page 3,Woodblock-Stacks,line,0.8,2.0,4.0,False,0.9,True,5,7.0192131996154785,61.54,13,8,5,
uchen_medium quality,uchen_medium quality - page 3,Woodblock-Stacks,line,0.8,2.0,5.0,True,0.1,True,2,5.8077263832092285,0.0,0,0,0,
uchen_medium quality,uchen_medium quality - page 3,Woodblock-Stacks,line,0.8,2.0,5.0,True,0.25,True,2,5.914067029953003,0.0,0,0,0,
uchen_medium quality,uchen_medium quality - page 3,Woodblock-Stacks,line,0.8,2.0,5.0,True,0.5,True,2,6.0921666622161865,0.0,0,0,0,
uchen_medium quality,uchen_medium quality - page 3,Woodblock-Stacks,line,0.8,2.0,5.0,True,0.9,True,2,5.804483413696289,0.0,0,0,0,
uchen_medium quality,uchen_medium quality - page 3,Woodblock-Stacks,line,0.8,2.0,5.0,False,0.1,True,5,6.888250827789307,75.0,12,9,3,
uchen_medium quality,uchen_medium quality - page 3,Woodblock-Stacks,line,0.8,2.0,5.0,False,0.25,True,5,8.649681329727173,75.0,12,9,3,
uchen_medium quality,uchen_medium quality - page 3,Woodblock-Stacks,line,0.8,2.0,5.0,False,0.5,True,5,10.203559875488281,75.0,12,9,3,
uchen_medium quality,uchen_medium quality - page 3,Woodblock-Stacks,line,0.8,2.0,5.0,False,0.9,True,5,10.198567628860474,75.0,12,9,3,
uchen_medium quality,uchen_medium quality - page 3,Woodblock-Stacks,line,0.8,2.5,2.5,True,0.1,True,2,10.110562562942505,100.0,2,2,0,
uchen_medium quality,uchen_medium quality - page 3,Woodblock-Stacks,line,0.8,2.5,2.5,True,0.25,True,2,6.784214496612549,100.0,2,2,0,
uchen_medium quality,uchen_medium quality - page 3,Woodblock-Stacks,line,0.8,2.5,2.5,True,0.5,True,2,6.758208513259888,100.0,2,2,0,
uchen_medium quality,uchen_medium quality - page 3,Woodblock-Stacks,line,0.8,2.5,2.5,True,0.9,True,2,6.763684272766113,100.0,2,2,0,
uchen_medium quality,uchen_medium quality - page 3,Woodblock-Stacks,line,0.8,2.5,2.5,False,0.1,True,5,7.741886138916016,20.0,15,3,12,
uchen_medium quality,uchen_medium quality - page 3,Woodblock-Stacks,line,0.8,2.5,2.5,False,0.25,True,5,7.81540322303772,20.0,15,3,12,
uchen_medium quality,uchen_medium quality - page 3,Woodblock-Stacks,line,0.8,2.5,2.5,False,0.5,True,5,7.753100156784058,20.0,15,3,12,
uchen_medium quality,uchen_medium quality - page 3,Woodblock-Stacks,line,0.8,2.5,2.5,False,0.9,True,5,7.726476192474365,20.0,15,3,12,
uchen_medium quality,uchen_medium quality - page 3,Woodblock-Stacks,line,0.8,2.5,3.5,True,0.1,True,2,6.928911447525024,100.0,2,2,0,
uchen_medium quality,uchen_medium quality - page 3,Woodblock-Stacks,line,0.8,2.5,3.5,True,0.25,True,2,6.769237995147705,100.0,2,2,0,
uchen_medium quality,uchen_medium quality - page 3,Woodblock-Stacks,line,0.8,2.5,3.5,True,0.5,True,2,6.772594928741455,100.0,2,2,0,
uchen_medium quality,uchen_medium quality - page 3,Woodblock-Stacks,line,0.8,2.5,3.5,True,0.9,True,2,6.760542631149292,100.0,2,2,0,
uchen_medium quality,uchen_medium quality - page 3,Woodblock-Stacks,line,0.8,2.5,3.5,False,0.1,True,5,7.5067572593688965,55.56,18,10,8,
uchen_medium quality,uchen_medium quality - page 3,Woodblock-Stacks,line,0.8,2.5,3.5,False,0.25,True,5,7.434065580368042,55.56,18,10,8,
uchen_medium quality,uchen_medium quality - page 3,Woodblock-Stacks,line,0.8,2.5,3.5,False,0.5,True,5,7.491832733154297,55.56,18,10,8,
uchen_medium quality,uchen_medium quality - page 3,Woodblock-Stacks,line,0.8,2.5,3.5,False,0.9,True,5,7.449327707290649,55.56,18,10,8,
uchen_medium quality,uchen_medium quality - page 3,Woodblock-Stacks,line,0.8,2.5,4.0,True,0.1,True,2,6.7610557079315186,50.0,2,1,1,
uchen_medium quality,uchen_medium quality - page 3,Woodblock-Stacks,line,0.8,2.5,4.0,True,0.25,True,2,6.7031755447387695,50.0,2,1,1,
uchen_medium quality,uchen_medium quality - page 3,Woodblock-Stacks,line,0.8,2.5,4.0,True,0.5,True,2,6.687348127365112,50.0,2,1,1,
uchen_medium quality,uchen_medium quality - page 3,Woodblock-Stacks,line,0.8,2.5,4.0,True,0.9,True,2,9.875632524490356,50.0,2,1,1,
uchen_medium quality,uchen_medium quality - page 3,Woodblock-Stacks,line,0.8,2.5,4.0,False,0.1,True,5,10.129751443862915,61.54,13,8,5,
uchen_medium quality,uchen_medium quality - page 3,Woodblock-Stacks,line,0.8,2.5,4.0,False,0.25,True,5,7.151766061782837,61.54,13,8,5,
uchen_medium quality,uchen_medium quality - page 3,Woodblock-Stacks,line,0.8,2.5,4.0,False,0.5,True,5,7.0515666007995605,61.54,13,8,5,
uchen_medium quality,uchen_medium quality - page 3,Woodblock-Stacks,line,0.8,2.5,4.0,False,0.9,True,5,7.381117105484009,61.54,13,8,5,
uchen_medium quality,uchen_medium quality - page 3,Woodblock-Stacks,line,0.8,2.5,5.0,True,0.1,True,2,6.321451663970947,0.0,0,0,0,
uchen_medium quality,uchen_medium quality - page 3,Woodblock-Stacks,line,0.8,2.5,5.0,True,0.25,True,2,6.3254430294036865,0.0,0,0,0,
uchen_medium quality,uchen_medium quality - page 3,Woodblock-Stacks,line,0.8,2.5,5.0,True,0.5,True,2,6.3251378536224365,0.0,0,0,0,
uchen_medium quality,uchen_medium quality - page 3,Woodblock-Stacks,line,0.8,2.5,5.0,True,0.9,True,2,6.325831174850464,0.0,0,0,0,
uchen_medium quality,uchen_medium quality - page 3,Woodblock-Stacks,line,0.8,2.5,5.0,False,0.1,True,5,7.28363037109375,69.23,13,9,4,
uchen_medium quality,uchen_medium quality - page 3,Woodblock-Stacks,line,0.8,2.5,5.0,False,0.25,True,5,7.1936633586883545,69.23,13,9,4,
uchen_medium quality,uchen_medium quality - page 3,Woodblock-Stacks,line,0.8,2.5,5.0,False,0.5,True,5,7.294460296630859,69.23,13,9,4,
uchen_medium quality,uchen_medium quality - page 3,Woodblock-Stacks,line,0.8,2.5,5.0,False,0.9,True,5,7.232532501220703,69.23,13,9,4,
uchen_medium quality,uchen_medium quality - page 3,Woodblock-Stacks,line,0.8,3.0,2.5,True,0.1,True,2,10.675661087036133,0.0,0,0,0,
uchen_medium quality,uchen_medium quality - page 3,Woodblock-Stacks,line,0.8,3.0,2.5,True,0.25,True,2,10.659086465835571,0.0,0,0,0,
uchen_medium quality,uchen_medium quality - page 3,Woodblock-Stacks,line,0.8,3.0,2.5,True,0.5,True,2,10.74014687538147,0.0,0,0,0,
uchen_medium quality,uchen_medium quality - page 3,Woodblock-Stacks,line,0.8,3.0,2.5,True,0.9,True,2,10.641658067703247,0.0,0,0,0,
uchen_medium quality,uchen_medium quality - page 3,Woodblock-Stacks,line,0.8,3.0,2.5,False,0.1,True,5,11.574703454971313,14.29,14,2,12,
uchen_medium quality,uchen_medium quality - page 3,Woodblock-Stacks,line,0.8,3.0,2.5,False,0.25,True,5,11.216545820236206,14.29,14,2,12,
uchen_medium quality,uchen_medium quality - page 3,Woodblock-Stacks,line,0.8,3.0,2.5,False,0.5,True,5,7.864258766174316,14.29,14,2,12,
uchen_medium quality,uchen_medium quality - page 3,Woodblock-Stacks,line,0.8,3.0,2.5,False,0.9,True,5,7.897292852401733,14.29,14,2,12,
uchen_medium quality,uchen_medium quality - page 3,Woodblock-Stacks,line,0.8,3.0,3.5,True,0.1,True,2,7.087154388427734,0.0,0,0,0,
uchen_medium quality,uchen_medium quality - page 3,Woodblock-Stacks,line,0.8,3.0,3.5,True,0.25,True,2,7.0639801025390625,0.0,0,0,0,
uchen_medium quality,uchen_medium quality - page 3,Woodblock-Stacks,line,0.8,3.0,3.5,True,0.5,True,2,7.158205986022949,0.0,0,0,0,
uchen_medium quality,uchen_medium quality - page 3,Woodblock-Stacks,line,0.8,3.0,3.5,True,0.9,True,2,7.365126848220825,0.0,0,0,0,
uchen_medium quality,uchen_medium quality - page 3,Woodblock-Stacks,line,0.8,3.0,3.5,False,0.1,True,5,7.7207231521606445,56.25,16,9,7,
uchen_medium quality,uchen_medium quality - page 3,Woodblock-Stacks,line,0.8,3.0,3.5,False,0.25,True,5,7.722407579421997,56.25,16,9,7,
uchen_medium quality,uchen_medium quality - page 3,Woodblock-Stacks,line,0.8,3.0,3.5,False,0.5,True,5,7.815702676773071,56.25,16,9,7,
uchen_medium quality,uchen_medium quality - page 3,Woodblock-Stacks,line,0.8,3.0,3.5,False,0.9,True,5,7.731231689453125,56.25,16,9,7,
uchen_medium quality,uchen_medium quality - page 3,Woodblock-Stacks,line,0.8,3.0,4.0,True,0.1,True,2,7.117373466491699,0.0,0,0,0,
uchen_medium quality,uchen_medium quality - page 3,Woodblock-Stacks,line,0.8,3.0,4.0,True,0.25,True,2,7.116698980331421,0.0,0,0,0,
uchen_medium quality,uchen_medium quality - page 3,Woodblock-Stacks,line,0.8,3.0,4.0,True,0.5,True,2,7.148075103759766,0.0,0,0,0,
uchen_medium quality,uchen_medium quality - page 3,Woodblock-Stacks,line,0.8,3.0,4.0,True,0.9,True,2,7.09148907661438,0.0,0,0,0,
uchen_medium quality,uchen_medium quality - page 3,Woodblock-Stacks,line,0.8,3.0,4.0,False,0.1,True,5,7.716143608093262,58.33,12,7,5,
uchen_medium quality,uchen_medium quality - page 3,Woodblock-Stacks,line,0.8,3.0,4.0,False,0.25,True,5,7.807250022888184,58.33,12,7,5,
uchen_medium quality,uchen_medium quality - page 3,Woodblock-Stacks,line,0.8,3.0,4.0,False,0.5,True,5,8.676280736923218,58.33,12,7,5,
uchen_medium quality,uchen_medium quality - page 3,Woodblock-Stacks,line,0.8,3.0,4.0,False,0.9,True,5,7.502370119094849,58.33,12,7,5,
uchen_medium quality,uchen_medium quality - page 3,Woodblock-Stacks,line,0.8,3.0,5.0,True,0.1,True,2,9.826342582702637,0.0,0,0,0,
uchen_medium quality,uchen_medium quality - page 3,Woodblock-Stacks,line,0.8,3.0,5.0,True,0.25,True,2,6.610977411270142,0.0,0,0,0,
uchen_medium quality,uchen_medium quality - page 3,Woodblock-Stacks,line,0.8,3.0,5.0,True,0.5,True,2,6.707830190658569,0.0,0,0,0,
uchen_medium quality,uchen_medium quality - page 3,Woodblock-Stacks,line,0.8,3.0,5.0,True,0.9,True,2,9.973256587982178,0.0,0,0,0,
uchen_medium quality,uchen_medium quality - page 3,Woodblock-Stacks,line,0.8,3.0,5.0,False,0.1,True,5,10.406053066253662,69.23,13,9,4,
uchen_medium quality,uchen_medium quality - page 3,Woodblock-Stacks,line,0.8,3.0,5.0,False,0.25,True,5,7.251380443572998,69.23,13,9,4,
uchen_medium quality,uchen_medium quality - page 3,Woodblock-Stacks,line,0.8,3.0,5.0,False,0.5,True,5,7.23734188079834,69.23,13,9,4,
uchen_medium quality,uchen_medium quality - page 3,Woodblock-Stacks,line,0.8,3.0,5.0,False,0.9,True,5,7.485265254974365,69.23,13,9,4,
uchen_medium quality,uchen_medium quality - page 3,Woodblock-Stacks,line,0.9,2.0,2.5,True,0.1,True,2,6.464252471923828,0.0,0,0,0,
uchen_medium quality,uchen_medium quality - page 3,Woodblock-Stacks,line,0.9,2.0,2.5,True,0.25,True,2,6.51674222946167,0.0,0,0,0,
uchen_medium quality,uchen_medium quality - page 3,Woodblock-Stacks,line,0.9,2.0,2.5,True,0.5,True,2,6.567234992980957,0.0,0,0,0,
uchen_medium quality,uchen_medium quality - page 3,Woodblock-Stacks,line,0.9,2.0,2.5,True,0.9,True,2,6.599620342254639,0.0,0,0,0,
uchen_medium quality,uchen_medium quality - page 3,Woodblock-Stacks,line,0.9,2.0,2.5,False,0.1,True,5,7.432096719741821,21.43,14,3,11,
uchen_medium quality,uchen_medium quality - page 3,Woodblock-Stacks,line,0.9,2.0,2.5,False,0.25,True,5,7.4373390674591064,21.43,14,3,11,
uchen_medium quality,uchen_medium quality - page 3,Woodblock-Stacks,line,0.9,2.0,2.5,False,0.5,True,5,7.507296800613403,21.43,14,3,11,
uchen_medium quality,uchen_medium quality - page 3,Woodblock-Stacks,line,0.9,2.0,2.5,False,0.9,True,5,7.393832445144653,21.43,14,3,11,
uchen_medium quality,uchen_medium quality - page 3,Woodblock-Stacks,line,0.9,2.0,3.5,True,0.1,True,2,6.238281726837158,100.0,2,2,0,
uchen_medium quality,uchen_medium quality - page 3,Woodblock-Stacks,line,0.9,2.0,3.5,True,0.25,True,2,6.27328896522522,100.0,2,2,0,
uchen_medium quality,uchen_medium quality - page 3,Woodblock-Stacks,line,0.9,2.0,3.5,True,0.5,True,2,6.36800742149353,100.0,2,2,0,
uchen_medium quality,uchen_medium quality - page 3,Woodblock-Stacks,line,0.9,2.0,3.5,True,0.9,True,2,7.483076810836792,100.0,2,2,0,
uchen_medium quality,uchen_medium quality - page 3,Woodblock-Stacks,line,0.9,2.0,3.5,False,0.1,True,5,10.467376947402954,55.56,18,10,8,
uchen_medium quality,uchen_medium quality - page 3,Woodblock-Stacks,line,0.9,2.0,3.5,False,0.25,True,5,10.502266645431519,55.56,18,10,8,
uchen_medium quality,uchen_medium quality - page 3,Woodblock-Stacks,line,0.9,2.0,3.5,False,0.5,True,5,10.44256591796875,55.56,18,10,8,
uchen_medium quality,uchen_medium quality - page 3,Woodblock-Stacks,line,0.9,2.0,3.5,False,0.9,True,5,7.032922267913818,55.56,18,10,8,
uchen_medium quality,uchen_medium quality - page 3,Woodblock-Stacks,line,0.9,2.0,4.0,True,0.1,True,2,5.961151838302612,50.0,2,1,1,
uchen_medium quality,uchen_medium quality - page 3,Woodblock-Stacks,line,0.9,2.0,4.0,True,0.25,True,2,5.867255926132202,50.0,2,1,1,
uchen_medium quality,uchen_medium quality - page 3,Woodblock-Stacks,line,0.9,2.0,4.0,True,0.5,True,2,6.170064449310303,50.0,2,1,1,
uchen_medium quality,uchen_medium quality - page 3,Woodblock-Stacks,line,0.9,2.0,4.0,True,0.9,True,2,6.265007495880127,50.0,2,1,1,
uchen_medium quality,uchen_medium quality - page 3,Woodblock-Stacks,line,0.9,2.0,4.0,False,0.1,True,5,7.1067283153533936,61.54,13,8,5,
uchen_medium quality,uchen_medium quality - page 3,Woodblock-Stacks,line,0.9,2.0,4.0,False,0.25,True,5,7.019921779632568,61.54,13,8,5,
uchen_medium quality,uchen_medium quality - page 3,Woodblock-Stacks,line,0.9,2.0,4.0,False,0.5,True,5,7.272825002670288,61.54,13,8,5,
uchen_medium quality,uchen_medium quality - page 3,Woodblock-Stacks,line,0.9,2.0,4.0,False,0.9,True,5,6.936333656311035,61.54,13,8,5,
uchen_medium quality,uchen_medium quality - page 3,Woodblock-Stacks,line,0.9,2.0,5.0,True,0.1,True,2,5.856778621673584,0.0,0,0,0,
uchen_medium quality,uchen_medium quality - page 3,Woodblock-Stacks,line,0.9,2.0,5.0,True,0.25,True,2,5.92613673210144,0.0,0,0,0,
uchen_medium quality,uchen_medium quality - page 3,Woodblock-Stacks,line,0.9,2.0,5.0,True,0.5,True,2,6.36028265953064,0.0,0,0,0,
uchen_medium quality,uchen_medium quality - page 3,Woodblock-Stacks,line,0.9,2.0,5.0,True,0.9,True,2,5.837500810623169,0.0,0,0,0,
uchen_medium quality,uchen_medium quality - page 3,Woodblock-Stacks,line,0.9,2.0,5.0,False,0.1,True,5,7.096954584121704,75.0,12,9,3,
uchen_medium quality,uchen_medium quality - page 3,Woodblock-Stacks,line,0.9,2.0,5.0,False,0.25,True,5,6.860909700393677,75.0,12,9,3,
uchen_medium quality,uchen_medium quality - page 3,Woodblock-Stacks,line,0.9,2.0,5.0,False,0.5,True,5,6.918151378631592,75.0,12,9,3,
uchen_medium quality,uchen_medium quality - page 3,Woodblock-Stacks,line,0.9,2.0,5.0,False,0.9,True,5,6.881533861160278,75.0,12,9,3,
uchen_medium quality,uchen_medium quality - page 3,Woodblock-Stacks,line,0.9,2.5,2.5,True,0.1,True,2,7.0963218212127686,100.0,2,2,0,
uchen_medium quality,uchen_medium quality - page 3,Woodblock-Stacks,line,0.9,2.5,2.5,True,0.25,True,2,7.072244882583618,100.0,2,2,0,
uchen_medium quality,uchen_medium quality - page 3,Woodblock-Stacks,line,0.9,2.5,2.5,True,0.5,True,2,6.954367637634277,100.0,2,2,0,
uchen_medium quality,uchen_medium quality - page 3,Woodblock-Stacks,line,0.9,2.5,2.5,True,0.9,True,2,6.947496652603149,100.0,2,2,0,
uchen_medium quality,uchen_medium quality - page 3,Woodblock-Stacks,line,0.9,2.5,2.5,False,0.1,True,5,7.791717529296875,20.0,15,3,12,
uchen_medium quality,uchen_medium quality - page 3,Woodblock-Stacks,line,0.9,2.5,2.5,False,0.25,True,5,7.8037238121032715,20.0,15,3,12,
uchen_medium quality,uchen_medium quality - page 3,Woodblock-Stacks,line,0.9,2.5,2.5,False,0.5,True,5,7.709376811981201,20.0,15,3,12,
uchen_medium quality,uchen_medium quality - page 3,Woodblock-Stacks,line,0.9,2.5,2.5,False,0.9,True,5,7.756101608276367,20.0,15,3,12,
uchen_medium quality,uchen_medium quality - page 3,Woodblock-Stacks,line,0.9,2.5,3.5,True,0.1,True,2,6.868579864501953,100.0,2,2,0,
uchen_medium quality,uchen_medium quality - page 3,Woodblock-Stacks,line,0.9,2.5,3.5,True,0.25,True,2,9.686043739318848,100.0,2,2,0,
uchen_medium quality,uchen_medium quality - page 3,Woodblock-Stacks,line,0.9,2.5,3.5,True,0.5,True,2,6.521547555923462,100.0,2,2,0,
uchen_medium quality,uchen_medium quality - page 3,Woodblock-Stacks,line,0.9,2.5,3.5,True,0.9,True,2,6.628809213638306,100.0,2,2,0,
uchen_medium quality,uchen_medium quality - page 3,Woodblock-Stacks,line,0.9,2.5,3.5,False,0.1,True,5,7.4647791385650635,55.56,18,10,8,
uchen_medium quality,uchen_medium quality - page 3,Woodblock-Stacks,line,0.9,2.5,3.5,False,0.25,True,5,7.551204442977905,55.56,18,10,8,
uchen_medium quality,uchen_medium quality - page 3,Woodblock-Stacks,line,0.9,2.5,3.5,False,0.5,True,5,7.417077541351318,55.56,18,10,8,
uchen_medium quality,uchen_medium quality - page 3,Woodblock-Stacks,line,0.9,2.5,3.5,False,0.9,True,5,7.496957540512085,55.56,18,10,8,
uchen_medium quality,uchen_medium quality - page 3,Woodblock-Stacks,line,0.9,2.5,4.0,True,0.1,True,2,6.72273063659668,50.0,2,1,1,
uchen_medium quality,uchen_medium quality - page 3,Woodblock-Stacks,line,0.9,2.5,4.0,True,0.25,True,2,6.658550262451172,50.0,2,1,1,
uchen_medium quality,uchen_medium quality - page 3,Woodblock-Stacks,line,0.9,2.5,4.0,True,0.5,True,2,6.6896586418151855,50.0,2,1,1,
uchen_medium quality,uchen_medium quality - page 3,Woodblock-Stacks,line,0.9,2.5,4.0,True,0.9,True,2,6.668911457061768,50.0,2,1,1,
uchen_medium quality,uchen_medium quality - page 3,Woodblock-Stacks,line,0.9,2.5,4.0,False,0.1,True,5,7.429147243499756,61.54,13,8,5,
uchen_medium quality,uchen_medium quality - page 3,Woodblock-Stacks,line,0.9,2.5,4.0,False,0.25,True,5,7.370668411254883,61.54,13,8,5,
uchen_medium quality,uchen_medium quality - page 3,Woodblock-Stacks,line,0.9,2.5,4.0,False,0.5,True,5,7.361529588699341,61.54,13,8,5,
uchen_medium quality,uchen_medium quality - page 3,Woodblock-Stacks,line,0.9,2.5,4.0,False,0.9,True,5,7.333863735198975,61.54,13,8,5,
uchen_medium quality,uchen_medium quality - page 3,Woodblock-Stacks,line,0.9,2.5,5.0,True,0.1,True,2,6.353735446929932,0.0,0,0,0,
uchen_medium quality,uchen_medium quality - page 3,Woodblock-Stacks,line,0.9,2.5,5.0,True,0.25,True,2,6.3199334144592285,0.0,0,0,0,
uchen_medium quality,uchen_medium quality - page 3,Woodblock-Stacks,line,0.9,2.5,5.0,True,0.5,True,2,6.3134918212890625,0.0,0,0,0,
uchen_medium quality,uchen_medium quality - page 3,Woodblock-Stacks,line,0.9,2.5,5.0,True,0.9,True,2,6.319460391998291,0.0,0,0,0,
uchen_medium quality,uchen_medium quality - page 3,Woodblock-Stacks,line,0.9,2.5,5.0,False,0.1,True,5,7.509604215621948,69.23,13,9,4,
uchen_medium quality,uchen_medium quality - page 3,Woodblock-Stacks,line,0.9,2.5,5.0,False,0.25,True,5,10.5584135055542,69.23,13,9,4,
uchen_medium quality,uchen_medium quality - page 3,Woodblock-Stacks,line,0.9,2.5,5.0,False,0.5,True,5,10.518426656723022,69.23,13,9,4,
uchen_medium quality,uchen_medium quality - page 3,Woodblock-Stacks,line,0.9,2.5,5.0,False,0.9,True,5,6.959656715393066,69.23,13,9,4,
uchen_medium quality,uchen_medium quality - page 3,Woodblock-Stacks,line,0.9,3.0,2.5,True,0.1,True,2,7.509032726287842,0.0,0,0,0,
uchen_medium quality,uchen_medium quality - page 3,Woodblock-Stacks,line,0.9,3.0,2.5,True,0.25,True,2,7.340695142745972,0.0,0,0,0,
uchen_medium quality,uchen_medium quality - page 3,Woodblock-Stacks,line,0.9,3.0,2.5,True,0.5,True,2,7.456556081771851,0.0,0,0,0,
uchen_medium quality,uchen_medium quality - page 3,Woodblock-Stacks,line,0.9,3.0,2.5,True,0.9,True,2,7.457043170928955,0.0,0,0,0,
uchen_medium quality,uchen_medium quality - page 3,Woodblock-Stacks,line,0.9,3.0,2.5,False,0.1,True,5,8.032121419906616,14.29,14,2,12,
uchen_medium quality,uchen_medium quality - page 3,Woodblock-Stacks,line,0.9,3.0,2.5,False,0.25,True,5,8.055697202682495,14.29,14,2,12,
uchen_medium quality,uchen_medium quality - page 3,Woodblock-Stacks,line,0.9,3.0,2.5,False,0.5,True,5,8.01317548751831,14.29,14,2,12,
uchen_medium quality,uchen_medium quality - page 3,Woodblock-Stacks,line,0.9,3.0,2.5,False,0.9,True,5,8.145645141601562,14.29,14,2,12,
uchen_medium quality,uchen_medium quality - page 3,Woodblock-Stacks,line,0.9,3.0,3.5,True,0.1,True,2,7.280118942260742,0.0,0,0,0,
uchen_medium quality,uchen_medium quality - page 3,Woodblock-Stacks,line,0.9,3.0,3.5,True,0.25,True,2,7.264060974121094,0.0,0,0,0,
uchen_medium quality,uchen_medium quality - page 3,Woodblock-Stacks,line,0.9,3.0,3.5,True,0.5,True,2,7.232717752456665,0.0,0,0,0,
uchen_medium quality,uchen_medium quality - page 3,Woodblock-Stacks,line,0.9,3.0,3.5,True,0.9,True,2,8.819775819778442,0.0,0,0,0,
uchen_medium quality,uchen_medium quality - page 3,Woodblock-Stacks,line,0.9,3.0,3.5,False,0.1,True,5,7.43177342414856,56.25,16,9,7,
uchen_medium quality,uchen_medium quality - page 3,Woodblock-Stacks,line,0.9,3.0,3.5,False,0.25,True,5,7.779953718185425,56.25,16,9,7,
uchen_medium quality,uchen_medium quality - page 3,Woodblock-Stacks,line,0.9,3.0,3.5,False,0.5,True,5,7.716335773468018,56.25,16,9,7,
uchen_medium quality,uchen_medium quality - page 3,Woodblock-Stacks,line,0.9,3.0,3.5,False,0.9,True,5,11.545279502868652,56.25,16,9,7,
uchen_medium quality,uchen_medium quality - page 3,Woodblock-Stacks,line,0.9,3.0,4.0,True,0.1,True,2,6.909388303756714,0.0,0,0,0,
uchen_medium quality,uchen_medium quality - page 3,Woodblock-Stacks,line,0.9,3.0,4.0,True,0.25,True,2,10.340776205062866,0.0,0,0,0,
uchen_medium quality,uchen_medium quality - page 3,Woodblock-Stacks,line,0.9,3.0,4.0,True,0.5,True,2,7.016421794891357,0.0,0,0,0,
uchen_medium quality,uchen_medium quality - page 3,Woodblock-Stacks,line,0.9,3.0,4.0,True,0.9,True,2,6.915074586868286,0.0,0,0,0,
uchen_medium quality,uchen_medium quality - page 3,Woodblock-Stacks,line,0.9,3.0,4.0,False,0.1,True,5,7.715022325515747,58.33,12,7,5,
uchen_medium quality,uchen_medium quality - page 3,Woodblock-Stacks,line,0.9,3.0,4.0,False,0.25,True,5,7.675461769104004,58.33,12,7,5,
uchen_medium quality,uchen_medium quality - page 3,Woodblock-Stacks,line,0.9,3.0,4.0,False,0.5,True,5,7.7841339111328125,58.33,12,7,5,
uchen_medium quality,uchen_medium quality - page 3,Woodblock-Stacks,line,0.9,3.0,4.0,False,0.9,True,5,7.704446077346802,58.33,12,7,5,
uchen_medium quality,uchen_medium quality - page 3,Woodblock-Stacks,line,0.9,3.0,5.0,True,0.1,True,2,6.831395387649536,0.0,0,0,0,
uchen_medium quality,uchen_medium quality - page 3,Woodblock-Stacks,line,0.9,3.0,5.0,True,0.25,True,2,6.987571716308594,0.0,0,0,0,
uchen_medium quality,uchen_medium quality - page 3,Woodblock-Stacks,line,0.9,3.0,5.0,True,0.5,True,2,6.831590175628662,0.0,0,0,0,
uchen_medium quality,uchen_medium quality - page 3,Woodblock-Stacks,line,0.9,3.0,5.0,True,0.9,True,2,6.8279054164886475,0.0,0,0,0,
uchen_medium quality,uchen_medium quality - page 3,Woodblock-Stacks,line,0.9,3.0,5.0,False,0.1,True,5,7.557357549667358,69.23,13,9,4,
uchen_medium quality,uchen_medium quality - page 3,Woodblock-Stacks,line,0.9,3.0,5.0,False,0.25,True,5,7.579712867736816,69.23,13,9,4,
uchen_medium quality,uchen_medium quality - page 3,Woodblock-Stacks,line,0.9,3.0,5.0,False,0.5,True,5,7.489838123321533,69.23,13,9,4,
uchen_medium quality,uchen_medium quality - page 3,Woodblock-Stacks,line,0.9,3.0,5.0,False,0.9,True,5,10.898029565811157,69.23,13,9,4,
uchen_medium quality,uchen_medium quality - page 3,Woodblock-Stacks,layout,0.7,2.0,2.5,True,0.1,True,2,6.432009935379028,56.76,37,21,16,
uchen_medium quality,uchen_medium quality - page 3,Woodblock-Stacks,layout,0.7,2.0,2.5,True,0.25,True,2,6.320655107498169,56.76,37,21,16,
uchen_medium quality,uchen_medium quality - page 3,Woodblock-Stacks,layout,0.7,2.0,2.5,True,0.5,True,2,6.530861854553223,56.76,37,21,16,
uchen_medium quality,uchen_medium quality - page 3,Woodblock-Stacks,layout,0.7,2.0,2.5,True,0.9,True,2,6.626671314239502,56.76,37,21,16,
uchen_medium quality,uchen_medium quality - page 3,Woodblock-Stacks,layout,0.7,2.0,2.5,False,0.1,True,3,7.007352113723755,48.72,39,19,20,
uchen_medium quality,uchen_medium quality - page 3,Woodblock-Stacks,layout,0.7,2.0,2.5,False,0.25,True,3,6.922310829162598,48.72,39,19,20,
uchen_medium quality,uchen_medium quality - page 3,Woodblock-Stacks,layout,0.7,2.0,2.5,False,0.5,True,3,6.9667863845825195,48.72,39,19,20,
uchen_medium quality,uchen_medium quality - page 3,Woodblock-Stacks,layout,0.7,2.0,2.5,False,0.9,True,3,7.020712375640869,48.72,39,19,20,
uchen_medium quality,uchen_medium quality - page 3,Woodblock-Stacks,layout,0.7,2.0,3.5,True,0.1,True,2,6.148191452026367,77.27,22,17,5,
uchen_medium quality,uchen_medium quality - page 3,Woodblock-Stacks,layout,0.7,2.0,3.5,True,0.25,True,2,6.162391901016235,77.27,22,17,5,
uchen_medium quality,uchen_medium quality - page 3,Woodblock-Stacks,layout,0.7,2.0,3.5,True,0.5,True,2,6.156754970550537,77.27,22,17,5,
uchen_medium quality,uchen_medium quality - page 3,Woodblock-Stacks,layout,0.7,2.0,3.5,True,0.9,True,2,6.2637717723846436,77.27,22,17,5,
uchen_medium quality,uchen_medium quality - page 3,Woodblock-Stacks,layout,0.7,2.0,3.5,False,0.1,True,3,6.55839729309082,77.27,22,17,5,
uchen_medium quality,uchen_medium quality - page 3,Woodblock-Stacks,layout,0.7,2.0,3.5,False,0.25,True,3,6.6664137840271,77.27,22,17,5,
uchen_medium quality,uchen_medium quality - page 3,Woodblock-Stacks,layout,0.7,2.0,3.5,False,0.5,True,3,6.6474080085754395,77.27,22,17,5,
uchen_medium quality,uchen_medium quality - page 3,Woodblock-Stacks,layout,0.7,2.0,3.5,False,0.9,True,3,6.651925325393677,77.27,22,17,5,
uchen_medium quality,uchen_medium quality - page 3,Woodblock-Stacks,layout,0.7,2.0,4.0,True,0.1,True,2,6.164120674133301,63.16,19,12,7,
uchen_medium quality,uchen_medium quality - page 3,Woodblock-Stacks,layout,0.7,2.0,4.0,True,0.25,True,2,6.148289203643799,63.16,19,12,7,
uchen_medium quality,uchen_medium quality - page 3,Woodblock-Stacks,layout,0.7,2.0,4.0,True,0.5,True,2,6.156257629394531,63.16,19,12,7,
uchen_medium quality,uchen_medium quality - page 3,Woodblock-Stacks,layout,0.7,2.0,4.0,True,0.9,True,2,6.238969326019287,63.16,19,12,7,
uchen_medium quality,uchen_medium quality - page 3,Woodblock-Stacks,layout,0.7,2.0,4.0,False,0.1,True,3,6.494460821151733,70.0,20,14,6,
uchen_medium quality,uchen_medium quality - page 3,Woodblock-Stacks,layout,0.7,2.0,4.0,False,0.25,True,3,6.482737064361572,70.0,20,14,6,
uchen_medium quality,uchen_medium quality - page 3,Woodblock-Stacks,layout,0.7,2.0,4.0,False,0.5,True,3,6.491507291793823,70.0,20,14,6,
uchen_medium quality,uchen_medium quality - page 3,Woodblock-Stacks,layout,0.7,2.0,4.0,False,0.9,True,3,6.687039852142334,70.0,20,14,6,
uchen_medium quality,uchen_medium quality - page 3,Woodblock-Stacks,layout,0.7,2.0,5.0,True,0.1,True,2,9.03449535369873,50.0,16,8,8,
uchen_medium quality,uchen_medium quality - page 3,Woodblock-Stacks,layout,0.7,2.0,5.0,True,0.25,True,2,9.037114143371582,50.0,16,8,8,
uchen_medium quality,uchen_medium quality - page 3,Woodblock-Stacks,layout,0.7,2.0,5.0,True,0.5,True,2,9.043489456176758,50.0,16,8,8,
uchen_medium quality,uchen_medium quality - page 3,Woodblock-Stacks,layout,0.7,2.0,5.0,True,0.9,True,2,9.033713340759277,50.0,16,8,8,
uchen_medium quality,uchen_medium quality - page 3,Woodblock-Stacks,layout,0.7,2.0,5.0,False,0.1,True,3,9.49479866027832,50.0,16,8,8,
uchen_medium quality,uchen_medium quality - page 3,Woodblock-Stacks,layout,0.7,2.0,5.0,False,0.25,True,3,9.528242826461792,50.0,16,8,8,
uchen_medium quality,uchen_medium quality - page 3,Woodblock-Stacks,layout,0.7,2.0,5.0,False,0.5,True,3,9.484712362289429,50.0,16,8,8,
uchen_medium quality,uchen_medium quality - page 3,Woodblock-Stacks,layout,0.7,2.0,5.0,False,0.9,True,3,9.487297296524048,50.0,16,8,8,
uchen_medium quality,uchen_medium quality - page 3,Woodblock-Stacks,layout,0.7,2.5,2.5,True,0.1,True,2,7.1207990646362305,59.38,32,19,13,
uchen_medium quality,uchen_medium quality - page 3,Woodblock-Stacks,layout,0.7,2.5,2.5,True,0.25,True,2,6.680954456329346,59.38,32,19,13,
uchen_medium quality,uchen_medium quality - page 3,Woodblock-Stacks,layout,0.7,2.5,2.5,True,0.5,True,2,10.0334951877594,59.38,32,19,13,
uchen_medium quality,uchen_medium quality - page 3,Woodblock-Stacks,layout,0.7,2.5,2.5,True,0.9,True,2,10.087372064590454,59.38,32,19,13,
uchen_medium quality,uchen_medium quality - page 3,Woodblock-Stacks,layout,0.7,2.5,2.5,False,0.1,True,3,7.043291807174683,50.0,34,17,17,
uchen_medium quality,uchen_medium quality - page 3,Woodblock-Stacks,layout,0.7,2.5,2.5,False,0.25,True,3,7.112143278121948,50.0,34,17,17,
uchen_medium quality,uchen_medium quality - page 3,Woodblock-Stacks,layout,0.7,2.5,2.5,False,0.5,True,3,7.198587417602539,50.0,34,17,17,
uchen_medium quality,uchen_medium quality - page 3,Woodblock-Stacks,layout,0.7,2.5,2.5,False,0.9,True,3,7.069759368896484,50.0,34,17,17,
uchen_medium quality,uchen_medium quality - page 3,Woodblock-Stacks,layout,0.7,2.5,3.5,True,0.1,True,2,6.468924283981323,77.27,22,17,5,
uchen_medium quality,uchen_medium quality - page 3,Woodblock-Stacks,layout,0.7,2.5,3.5,True,0.25,True,2,6.5425591468811035,77.27,22,17,5,
uchen_medium quality,uchen_medium quality - page 3,Woodblock-Stacks,layout,0.7,2.5,3.5,True,0.5,True,2,6.515575408935547,77.27,22,17,5,
uchen_medium quality,uchen_medium quality - page 3,Woodblock-Stacks,layout,0.7,2.5,3.5,True,0.9,True,2,6.635883092880249,77.27,22,17,5,
uchen_medium quality,uchen_medium quality - page 3,Woodblock-Stacks,layout,0.7,2.5,3.5,False,0.1,True,3,6.9240617752075195,77.27,22,17,5,
uchen_medium quality,uchen_medium quality - page 3,Woodblock-Stacks,layout,0.7,2.5,3.5,False,0.25,True,3,6.923432350158691,77.27,22,17,5,
uchen_medium quality,uchen_medium quality - page 3,Woodblock-Stacks,layout,0.7,2.5,3.5,False,0.5,True,3,6.932225942611694,77.27,22,17,5,
uchen_medium quality,uchen_medium quality - page 3,Woodblock-Stacks,layout,0.7,2.5,3.5,False,0.9,True,3,7.026790142059326,77.27,22,17,5,
uchen_medium quality,uchen_medium quality - page 3,Woodblock-Stacks,layout,0.7,2.5,4.0,True,0.1,True,2,9.151981115341187,63.16,19,12,7,
uchen_medium quality,uchen_medium quality - page 3,Woodblock-Stacks,layout,0.7,2.5,4.0,True,0.25,True,2,9.617488861083984,63.16,19,12,7,
uchen_medium quality,uchen_medium quality - page 3,Woodblock-Stacks,layout,0.7,2.5,4.0,True,0.5,True,2,9.638139247894287,63.16,19,12,7,
uchen_medium quality,uchen_medium quality - page 3,Woodblock-Stacks,layout,0.7,2.5,4.0,True,0.9,True,2,9.591812133789062,63.16,19,12,7,
uchen_medium quality,uchen_medium quality - page 3,Woodblock-Stacks,layout,0.7,2.5,4.0,False,0.1,True,3,6.576725959777832,70.0,20,14,6,
uchen_medium quality,uchen_medium quality - page 3,Woodblock-Stacks,layout,0.7,2.5,4.0,False,0.25,True,3,6.745398998260498,70.0,20,14,6,
uchen_medium quality,uchen_medium quality - page 3,Woodblock-Stacks,layout,0.7,2.5,4.0,False,0.5,True,3,6.734163761138916,70.0,20,14,6,
uchen_medium quality,uchen_medium quality - page 3,Woodblock-Stacks,layout,0.7,2.5,4.0,False,0.9,True,3,6.736598253250122,70.0,20,14,6,
uchen_medium quality,uchen_medium quality - page 3,Woodblock-Stacks,layout,0.7,2.5,5.0,True,0.1,True,2,6.310529470443726,56.25,16,9,7,
uchen_medium quality,uchen_medium quality - page 3,Woodblock-Stacks,layout,0.7,2.5,5.0,True,0.25,True,2,6.3621697425842285,56.25,16,9,7,
uchen_medium quality,uchen_medium quality - page 3,Woodblock-Stacks,layout,0.7,2.5,5.0,True,0.5,True,2,6.470817565917969,56.25,16,9,7,
uchen_medium quality,uchen_medium quality - page 3,Woodblock-Stacks,layout,0.7,2.5,5.0,True,0.9,True,2,6.357948541641235,56.25,16,9,7,
uchen_medium quality,uchen_medium quality - page 3,Woodblock-Stacks,layout,0.7,2.5,5.0,False,0.1,True,3,6.695988178253174,56.25,16,9,7,
uchen_medium quality,uchen_medium quality - page 3,Woodblock-Stacks,layout,0.7,2.5,5.0,False,0.25,True,3,6.685053586959839,56.25,16,9,7,
uchen_medium quality,uchen_medium quality - page 3,Woodblock-Stacks,layout,0.7,2.5,5.0,False,0.5,True,3,8.213650703430176,56.25,16,9,7,
uchen_medium quality,uchen_medium quality - page 3,Woodblock-Stacks,layout,0.7,2.5,5.0,False,0.9,True,3,9.881350755691528,56.25,16,9,7,
uchen_medium quality,uchen_medium quality - page 3,Woodblock-Stacks,layout,0.7,3.0,2.5,True,0.1,True,2,10.557230710983276,51.85,27,14,13,
uchen_medium quality,uchen_medium quality - page 3,Woodblock-Stacks,layout,0.7,3.0,2.5,True,0.25,True,2,8.38738226890564,51.85,27,14,13,
uchen_medium quality,uchen_medium quality - page 3,Woodblock-Stacks,layout,0.7,3.0,2.5,True,0.5,True,2,7.1663548946380615,51.85,27,14,13,
uchen_medium quality,uchen_medium quality - page 3,Woodblock-Stacks,layout,0.7,3.0,2.5,True,0.9,True,2,7.194251775741577,51.85,27,14,13,
uchen_medium quality,uchen_medium quality - page 3,Woodblock-Stacks,layout,0.7,3.0,2.5,False,0.1,True,3,7.932858943939209,41.38,29,12,17,
uchen_medium quality,uchen_medium quality - page 3,Woodblock-Stacks,layout,0.7,3.0,2.5,False,0.25,True,3,7.626745700836182,41.38,29,12,17,
uchen_medium quality,uchen_medium quality - page 3,Woodblock-Stacks,layout,0.7,3.0,2.5,False,0.5,True,3,7.68387770652771,41.38,29,12,17,
uchen_medium quality,uchen_medium quality - page 3,Woodblock-Stacks,layout,0.7,3.0,2.5,False,0.9,True,3,7.686025857925415,41.38,29,12,17,
uchen_medium quality,uchen_medium quality - page 3,Woodblock-Stacks,layout,0.7,3.0,3.5,True,0.1,True,2,7.056919813156128,61.11,18,11,7,
uchen_medium quality,uchen_medium quality - page 3,Woodblock-Stacks,layout,0.7,3.0,3.5,True,0.25,True,2,6.990968704223633,61.11,18,11,7,
uchen_medium quality,uchen_medium quality - page 3,Woodblock-Stacks,layout,0.7,3.0,3.5,True,0.5,True,2,6.9989283084869385,61.11,18,11,7,
uchen_medium quality,uchen_medium quality - page 3,Woodblock-Stacks,layout,0.7,3.0,3.5,True,0.9,True,2,7.1191184520721436,61.11,18,11,7,
uchen_medium quality,uchen_medium quality - page 3,Woodblock-Stacks,layout,0.7,3.0,3.5,False,0.1,True,3,7.378994941711426,61.11,18,11,7,
uchen_medium quality,uchen_medium quality - page 3,Woodblock-Stacks,layout,0.7,3.0,3.5,False,0.25,True,3,7.403167963027954,61.11,18,11,7,
uchen_medium quality,uchen_medium quality - page 3,Woodblock-Stacks,layout,0.7,3.0,3.5,False,0.5,True,3,7.380049467086792,61.11,18,11,7,
uchen_medium quality,uchen_medium quality - page 3,Woodblock-Stacks,layout,0.7,3.0,3.5,False,0.9,True,3,7.478570222854614,61.11,18,11,7,
uchen_medium quality,uchen_medium quality - page 3,Woodblock-Stacks,layout,0.7,3.0,4.0,True,0.1,True,2,6.890779256820679,58.82,17,10,7,
uchen_medium quality,uchen_medium quality - page 3,Woodblock-Stacks,layout,0.7,3.0,4.0,True,0.25,True,2,6.934834241867065,58.82,17,10,7,
uchen_medium quality,uchen_medium quality - page 3,Woodblock-Stacks,layout,0.7,3.0,4.0,True,0.5,True,2,6.991392374038696,58.82,17,10,7,
uchen_medium quality,uchen_medium quality - page 3,Woodblock-Stacks,layout,0.7,3.0,4.0,True,0.9,True,2,9.915708065032959,58.82,17,10,7,
uchen_medium quality,uchen_medium quality - page 3,Woodblock-Stacks,layout,0.7,3.0,4.0,False,0.1,True,3,7.030360460281372,66.67,18,12,6,
uchen_medium quality,uchen_medium quality - page 3,Woodblock-Stacks,layout,0.7,3.0,4.0,False,0.25,True,3,7.363770484924316,66.67,18,12,6,
uchen_medium quality,uchen_medium quality - page 3,Woodblock-Stacks,layout,0.7,3.0,4.0,False,0.5,True,3,7.255711317062378,66.67,18,12,6,
uchen_medium quality,uchen_medium quality - page 3,Woodblock-Stacks,layout,0.7,3.0,4.0,False,0.9,True,3,7.251190662384033,66.67,18,12,6,
uchen_medium quality,uchen_medium quality - page 3,Woodblock-Stacks,layout,0.7,3.0,5.0,True,0.1,True,2,6.67888069152832,56.25,16,9,7,
uchen_medium quality,uchen_medium quality - page 3,Woodblock-Stacks,layout,0.7,3.0,5.0,True,0.25,True,2,6.848328113555908,56.25,16,9,7,
uchen_medium quality,uchen_medium quality - page 3,Woodblock-Stacks,layout,0.7,3.0,5.0,True,0.5,True,2,6.705154657363892,56.25,16,9,7,
uchen_medium quality,uchen_medium quality - page 3,Woodblock-Stacks,layout,0.7,3.0,5.0,True,0.9,True,2,6.700279235839844,56.25,16,9,7,
uchen_medium quality,uchen_medium quality - page 3,Woodblock-Stacks,layout,0.7,3.0,5.0,False,0.1,True,3,7.054016590118408,56.25,16,9,7,
uchen_medium quality,uchen_medium quality - page 3,Woodblock-Stacks,layout,0.7,3.0,5.0,False,0.25,True,3,7.102247714996338,56.25,16,9,7,
uchen_medium quality,uchen_medium quality - page 3,Woodblock-Stacks,layout,0.7,3.0,5.0,False,0.5,True,3,7.1454994678497314,56.25,16,9,7,
uchen_medium quality,uchen_medium quality - page 3,Woodblock-Stacks,layout,0.7,3.0,5.0,False,0.9,True,3,7.057379961013794,56.25,16,9,7,
uchen_medium quality,uchen_medium quality - page 3,Woodblock-Stacks,layout,0.8,2.0,2.5,True,0.1,True,2,6.546476602554321,56.76,37,21,16,
uchen_medium quality,uchen_medium quality - page 3,Woodblock-Stacks,layout,0.8,2.0,2.5,True,0.25,True,2,6.569095134735107,56.76,37,21,16,
uchen_medium quality,uchen_medium quality - page 3,Woodblock-Stacks,layout,0.8,2.0,2.5,True,0.5,True,2,6.8336780071258545,56.76,37,21,16,
uchen_medium quality,uchen_medium quality - page 3,Woodblock-Stacks,layout,0.8,2.0,2.5,True,0.9,True,2,6.45089864730835,56.76,37,21,16,
uchen_medium quality,uchen_medium quality - page 3,Woodblock-Stacks,layout,0.8,2.0,2.5,False,0.1,True,3,6.920969247817993,48.72,39,19,20,
uchen_medium quality,uchen_medium quality - page 3,Woodblock-Stacks,layout,0.8,2.0,2.5,False,0.25,True,3,6.907632350921631,48.72,39,19,20,
uchen_medium quality,uchen_medium quality - page 3,Woodblock-Stacks,layout,0.8,2.0,2.5,False,0.5,True,3,10.231443643569946,48.72,39,19,20,
uchen_medium quality,uchen_medium quality - page 3,Woodblock-Stacks,layout,0.8,2.0,2.5,False,0.9,True,3,10.163830995559692,48.72,39,19,20,
uchen_medium quality,uchen_medium quality - page 3,Woodblock-Stacks,layout,0.8,2.0,3.5,True,0.1,True,2,5.914582014083862,77.27,22,17,5,
uchen_medium quality,uchen_medium quality - page 3,Woodblock-Stacks,layout,0.8,2.0,3.5,True,0.25,True,2,5.991002082824707,77.27,22,17,5,
uchen_medium quality,uchen_medium quality - page 3,Woodblock-Stacks,layout,0.8,2.0,3.5,True,0.5,True,2,6.073770761489868,77.27,22,17,5,
uchen_medium quality,uchen_medium quality - page 3,Woodblock-Stacks,layout,0.8,2.0,3.5,True,0.9,True,2,6.1803178787231445,77.27,22,17,5,
uchen_medium quality,uchen_medium quality - page 3,Woodblock-Stacks,layout,0.8,2.0,3.5,False,0.1,True,3,6.573975086212158,77.27,22,17,5,
uchen_medium quality,uchen_medium quality - page 3,Woodblock-Stacks,layout,0.8,2.0,3.5,False,0.25,True,3,6.643491506576538,77.27,22,17,5,
uchen_medium quality,uchen_medium quality - page 3,Woodblock-Stacks,layout,0.8,2.0,3.5,False,0.5,True,3,6.564146518707275,77.27,22,17,5,
uchen_medium quality,uchen_medium quality - page 3,Woodblock-Stacks,layout,0.8,2.0,3.5,False,0.9,True,3,7.535401344299316,77.27,22,17,5,
uchen_medium quality,uchen_medium quality - page 3,Woodblock-Stacks,layout,0.8,2.0,4.0,True,0.1,True,2,9.24666690826416,63.16,19,12,7,
uchen_medium quality,uchen_medium quality - page 3,Woodblock-Stacks,layout,0.8,2.0,4.0,True,0.25,True,2,9.26868462562561,63.16,19,12,7,
uchen_medium quality,uchen_medium quality - page 3,Woodblock-Stacks,layout,0.8,2.0,4.0,True,0.5,True,2,9.243942737579346,63.16,19,12,7,
uchen_medium quality,uchen_medium quality - page 3,Woodblock-Stacks,layout,0.8,2.0,4.0,True,0.9,True,2,9.22238802909851,63.16,19,12,7,
uchen_medium quality,uchen_medium quality - page 3,Woodblock-Stacks,layout,0.8,2.0,4.0,False,0.1,True,3,6.744751691818237,70.0,20,14,6,
uchen_medium quality,uchen_medium quality - page 3,Woodblock-Stacks,layout,0.8,2.0,4.0,False,0.25,True,3,6.212432861328125,70.0,20,14,6,
uchen_medium quality,uchen_medium quality - page 3,Woodblock-Stacks,layout,0.8,2.0,4.0,False,0.5,True,3,6.209306478500366,70.0,20,14,6,
uchen_medium quality,uchen_medium quality - page 3,Woodblock-Stacks,layout,0.8,2.0,4.0,False,0.9,True,3,6.4393274784088135,70.0,20,14,6,
uchen_medium quality,uchen_medium quality - page 3,Woodblock-Stacks,layout,0.8,2.0,5.0,True,0.1,True,2,8.84219217300415,50.0,16,8,8,
uchen_medium quality,uchen_medium quality - page 3,Woodblock-Stacks,layout,0.8,2.0,5.0,True,0.25,True,2,5.639489412307739,50.0,16,8,8,
uchen_medium quality,uchen_medium quality - page 3,Woodblock-Stacks,layout,0.8,2.0,5.0,True,0.5,True,2,5.917395114898682,50.0,16,8,8,
uchen_medium quality,uchen_medium quality - page 3,Woodblock-Stacks,layout,0.8,2.0,5.0,True,0.9,True,2,6.006763219833374,50.0,16,8,8,
uchen_medium quality,uchen_medium quality - page 3,Woodblock-Stacks,layout,0.8,2.0,5.0,False,0.1,True,3,6.388774156570435,50.0,16,8,8,
uchen_medium quality,uchen_medium quality - page 3,Woodblock-Stacks,layout,0.8,2.0,5.0,False,0.25,True,3,6.315740346908569,50.0,16,8,8,
uchen_medium quality,uchen_medium quality - page 3,Woodblock-Stacks,layout,0.8,2.0,5.0,False,0.5,True,3,6.321667909622192,50.0,16,8,8,
uchen_medium quality,uchen_medium quality - page 3,Woodblock-Stacks,layout,0.8,2.0,5.0,False,0.9,True,3,6.289238214492798,50.0,16,8,8,
uchen_medium quality,uchen_medium quality - page 3,Woodblock-Stacks,layout,0.8,2.5,2.5,True,0.1,True,2,7.1580681800842285,59.38,32,19,13,
uchen_medium quality,uchen_medium quality - page 3,Woodblock-Stacks,layout,0.8,2.5,2.5,True,0.25,True,2,6.890154123306274,59.38,32,19,13,
uchen_medium quality,uchen_medium quality - page 3,Woodblock-Stacks,layout,0.8,2.5,2.5,True,0.5,True,2,6.845534324645996,59.38,32,19,13,
uchen_medium quality,uchen_medium quality - page 3,Woodblock-Stacks,layout,0.8,2.5,2.5,True,0.9,True,2,6.945878267288208,59.38,32,19,13,
uchen_medium quality,uchen_medium quality - page 3,Woodblock-Stacks,layout,0.8,2.5,2.5,False,0.1,True,3,7.2771923542022705,50.0,34,17,17,
uchen_medium quality,uchen_medium quality - page 3,Woodblock-Stacks,layout,0.8,2.5,2.5,False,0.25,True,3,7.2472593784332275,50.0,34,17,17,
uchen_medium quality,uchen_medium quality - page 3,Woodblock-Stacks,layout,0.8,2.5,2.5,False,0.5,True,3,10.56937837600708,50.0,34,17,17,
uchen_medium quality,uchen_medium quality - page 3,Woodblock-Stacks,layout,0.8,2.5,2.5,False,0.9,True,3,10.583005666732788,50.0,34,17,17,
uchen_medium quality,uchen_medium quality - page 3,Woodblock-Stacks,layout,0.8,2.5,3.5,True,0.1,True,2,9.658702373504639,77.27,22,17,5,
uchen_medium quality,uchen_medium quality - page 3,Woodblock-Stacks,layout,0.8,2.5,3.5,True,0.25,True,2,9.471754312515259,77.27,22,17,5,
uchen_medium quality,uchen_medium quality - page 3,Woodblock-Stacks,layout,0.8,2.5,3.5,True,0.5,True,2,6.352036714553833,77.27,22,17,5,
uchen_medium quality,uchen_medium quality - page 3,Woodblock-Stacks,layout,0.8,2.5,3.5,True,0.9,True,2,6.297065496444702,77.27,22,17,5,
uchen_medium quality,uchen_medium quality - page 3,Woodblock-Stacks,layout,0.8,2.5,3.5,False,0.1,True,3,6.869268894195557,77.27,22,17,5,
uchen_medium quality,uchen_medium quality - page 3,Woodblock-Stacks,layout,0.8,2.5,3.5,False,0.25,True,3,6.814330816268921,77.27,22,17,5,
uchen_medium quality,uchen_medium quality - page 3,Woodblock-Stacks,layout,0.8,2.5,3.5,False,0.5,True,3,7.025386810302734,77.27,22,17,5,
uchen_medium quality,uchen_medium quality - page 3,Woodblock-Stacks,layout,0.8,2.5,3.5,False,0.9,True,3,7.362941026687622,77.27,22,17,5,
uchen_medium quality,uchen_medium quality - page 3,Woodblock-Stacks,layout,0.8,2.5,4.0,True,0.1,True,2,9.612151384353638,63.16,19,12,7,
uchen_medium quality,uchen_medium quality - page 3,Woodblock-Stacks,layout,0.8,2.5,4.0,True,0.25,True,2,9.669750690460205,63.16,19,12,7,
uchen_medium quality,uchen_medium quality - page 3,Woodblock-Stacks,layout,0.8,2.5,4.0,True,0.5,True,2,9.64531135559082,63.16,19,12,7,
uchen_medium quality,uchen_medium quality - page 3,Woodblock-Stacks,layout,0.8,2.5,4.0,True,0.9,True,2,9.625696420669556,63.16,19,12,7,
uchen_medium quality,uchen_medium quality - page 3,Woodblock-Stacks,layout,0.8,2.5,4.0,False,0.1,True,3,10.099515914916992,70.0,20,14,6,
uchen_medium quality,uchen_medium quality - page 3,Woodblock-Stacks,layout,0.8,2.5,4.0,False,0.25,True,3,6.808340311050415,70.0,20,14,6,
uchen_medium quality,uchen_medium quality - page 3,Woodblock-Stacks,layout,0.8,2.5,4.0,False,0.5,True,3,6.697831392288208,70.0,20,14,6,
uchen_medium quality,uchen_medium quality - page 3,Woodblock-Stacks,layout,0.8,2.5,4.0,False,0.9,True,3,6.683180332183838,70.0,20,14,6,
uchen_medium quality,uchen_medium quality - page 3,Woodblock-Stacks,layout,0.8,2.5,5.0,True,0.1,True,2,6.185756683349609,56.25,16,9,7,
uchen_medium quality,uchen_medium quality - page 3,Woodblock-Stacks,layout,0.8,2.5,5.0,True,0.25,True,2,6.34122633934021,56.25,16,9,7,
uchen_medium quality,uchen_medium quality - page 3,Woodblock-Stacks,layout,0.8,2.5,5.0,True,0.5,True,2,6.3371007442474365,56.25,16,9,7,
uchen_medium quality,uchen_medium quality - page 3,Woodblock-Stacks,layout,0.8,2.5,5.0,True,0.9,True,2,6.330421209335327,56.25,16,9,7,
uchen_medium quality,uchen_medium quality - page 3,Woodblock-Stacks,layout,0.8,2.5,5.0,False,0.1,True,3,6.763817548751831,56.25,16,9,7,
uchen_medium quality,uchen_medium quality - page 3,Woodblock-Stacks,layout,0.8,2.5,5.0,False,0.25,True,3,6.870988130569458,56.25,16,9,7,
uchen_medium quality,uchen_medium quality - page 3,Woodblock-Stacks,layout,0.8,2.5,5.0,False,0.5,True,3,9.906152725219727,56.25,16,9,7,
uchen_medium quality,uchen_medium quality - page 3,Woodblock-Stacks,layout,0.8,2.5,5.0,False,0.9,True,3,9.922799110412598,56.25,16,9,7,
uchen_medium quality,uchen_medium quality - page 3,Woodblock-Stacks,layout,0.8,3.0,2.5,True,0.1,True,2,10.55061149597168,51.85,27,14,13,
uchen_medium quality,uchen_medium quality - page 3,Woodblock-Stacks,layout,0.8,3.0,2.5,True,0.25,True,2,10.600438833236694,51.85,27,14,13,
uchen_medium quality,uchen_medium quality - page 3,Woodblock-Stacks,layout,0.8,3.0,2.5,True,0.5,True,2,10.551841735839844,51.85,27,14,13,
uchen_medium quality,uchen_medium quality - page 3,Woodblock-Stacks,layout,0.8,3.0,2.5,True,0.9,True,2,8.263039588928223,51.85,27,14,13,
uchen_medium quality,uchen_medium quality - page 3,Woodblock-Stacks,layout,0.8,3.0,2.5,False,0.1,True,3,7.634617567062378,41.38,29,12,17,
uchen_medium quality,uchen_medium quality - page 3,Woodblock-Stacks,layout,0.8,3.0,2.5,False,0.25,True,3,7.598834753036499,41.38,29,12,17,
uchen_medium quality,uchen_medium quality - page 3,Woodblock-Stacks,layout,0.8,3.0,2.5,False,0.5,True,3,7.5515077114105225,41.38,29,12,17,
uchen_medium quality,uchen_medium quality - page 3,Woodblock-Stacks,layout,0.8,3.0,2.5,False,0.9,True,3,7.490723133087158,41.38,29,12,17,
uchen_medium quality,uchen_medium quality - page 3,Woodblock-Stacks,layout,0.8,3.0,3.5,True,0.1,True,2,6.948359251022339,61.11,18,11,7,
uchen_medium quality,uchen_medium quality - page 3,Woodblock-Stacks,layout,0.8,3.0,3.5,True,0.25,True,2,6.97845458984375,61.11,18,11,7,
uchen_medium quality,uchen_medium quality - page 3,Woodblock-Stacks,layout,0.8,3.0,3.5,True,0.5,True,2,6.954405784606934,61.11,18,11,7,
uchen_medium quality,uchen_medium quality - page 3,Woodblock-Stacks,layout,0.8,3.0,3.5,True,0.9,True,2,7.006377220153809,61.11,18,11,7,
uchen_medium quality,uchen_medium quality - page 3,Woodblock-Stacks,layout,0.8,3.0,3.5,False,0.1,True,3,7.376685619354248,61.11,18,11,7,
uchen_medium quality,uchen_medium quality - page 3,Woodblock-Stacks,layout,0.8,3.0,3.5,False,0.25,True,3,7.428092956542969,61.11,18,11,7,
uchen_medium quality,uchen_medium quality - page 3,Woodblock-Stacks,layout,0.8,3.0,3.5,False,0.5,True,3,7.374066591262817,61.11,18,11,7,
uchen_medium quality,uchen_medium quality - page 3,Woodblock-Stacks,layout,0.8,3.0,3.5,False,0.9,True,3,8.132621049880981,61.11,18,11,7,
uchen_medium quality,uchen_medium quality - page 3,Woodblock-Stacks,layout,0.8,3.0,4.0,True,0.1,True,2,6.775418996810913,58.82,17,10,7,
uchen_medium quality,uchen_medium quality - page 3,Woodblock-Stacks,layout,0.8,3.0,4.0,True,0.25,True,2,6.948194265365601,58.82,17,10,7,
uchen_medium quality,uchen_medium quality - page 3,Woodblock-Stacks,layout,0.8,3.0,4.0,True,0.5,True,2,6.941430330276489,58.82,17,10,7,
uchen_medium quality,uchen_medium quality - page 3,Woodblock-Stacks,layout,0.8,3.0,4.0,True,0.9,True,2,7.235528945922852,58.82,17,10,7,
uchen_medium quality,uchen_medium quality - page 3,Woodblock-Stacks,layout,0.8,3.0,4.0,False,0.1,True,3,9.169693231582642,66.67,18,12,6,
uchen_medium quality,uchen_medium quality - page 3,Woodblock-Stacks,layout,0.8,3.0,4.0,False,0.25,True,3,7.074754953384399,66.67,18,12,6,
uchen_medium quality,uchen_medium quality - page 3,Woodblock-Stacks,layout,0.8,3.0,4.0,False,0.5,True,3,7.33380651473999,66.67,18,12,6,
uchen_medium quality,uchen_medium quality - page 3,Woodblock-Stacks,layout,0.8,3.0,4.0,False,0.9,True,3,7.280681848526001,66.67,18,12,6,
uchen_medium quality,uchen_medium quality - page 3,Woodblock-Stacks,layout,0.8,3.0,5.0,True,0.1,True,2,6.692465782165527,56.25,16,9,7,
uchen_medium quality,uchen_medium quality - page 3,Woodblock-Stacks,layout,0.8,3.0,5.0,True,0.25,True,2,6.7221901416778564,56.25,16,9,7,
uchen_medium quality,uchen_medium quality - page 3,Woodblock-Stacks,layout,0.8,3.0,5.0,True,0.5,True,2,6.820733070373535,56.25,16,9,7,
uchen_medium quality,uchen_medium quality - page 3,Woodblock-Stacks,layout,0.8,3.0,5.0,True,0.9,True,2,6.711195230484009,56.25,16,9,7,
uchen_medium quality,uchen_medium quality - page 3,Woodblock-Stacks,layout,0.8,3.0,5.0,False,0.1,True,3,7.063428163528442,56.25,16,9,7,
uchen_medium quality,uchen_medium quality - page 3,Woodblock-Stacks,layout,0.8,3.0,5.0,False,0.25,True,3,7.131932973861694,56.25,16,9,7,
uchen_medium quality,uchen_medium quality - page 3,Woodblock-Stacks,layout,0.8,3.0,5.0,False,0.5,True,3,7.168191909790039,56.25,16,9,7,
uchen_medium quality,uchen_medium quality - page 3,Woodblock-Stacks,layout,0.8,3.0,5.0,False,0.9,True,3,7.085291862487793,56.25,16,9,7,
uchen_medium quality,uchen_medium quality - page 3,Woodblock-Stacks,layout,0.9,2.0,2.5,True,0.1,True,2,7.583963632583618,56.76,37,21,16,
uchen_medium quality,uchen_medium quality - page 3,Woodblock-Stacks,layout,0.9,2.0,2.5,True,0.25,True,2,6.4719579219818115,56.76,37,21,16,
uchen_medium quality,uchen_medium quality - page 3,Woodblock-Stacks,layout,0.9,2.0,2.5,True,0.5,True,2,6.563476085662842,56.76,37,21,16,
uchen_medium quality,uchen_medium quality - page 3,Woodblock-Stacks,layout,0.9,2.0,2.5,True,0.9,True,2,6.534686326980591,56.76,37,21,16,
uchen_medium quality,uchen_medium quality - page 3,Woodblock-Stacks,layout,0.9,2.0,2.5,False,0.1,True,3,6.932328701019287,48.72,39,19,20,
uchen_medium quality,uchen_medium quality - page 3,Woodblock-Stacks,layout,0.9,2.0,2.5,False,0.25,True,3,7.013126611709595,48.72,39,19,20,
uchen_medium quality,uchen_medium quality - page 3,Woodblock-Stacks,layout,0.9,2.0,2.5,False,0.5,True,3,6.944696664810181,48.72,39,19,20,
uchen_medium quality,uchen_medium quality - page 3,Woodblock-Stacks,layout,0.9,2.0,2.5,False,0.9,True,3,6.9348931312561035,48.72,39,19,20,
uchen_medium quality,uchen_medium quality - page 3,Woodblock-Stacks,layout,0.9,2.0,3.5,True,0.1,True,2,6.189647912979126,77.27,22,17,5,
uchen_medium quality,uchen_medium quality - page 3,Woodblock-Stacks,layout,0.9,2.0,3.5,True,0.25,True,2,6.277639627456665,77.27,22,17,5,
uchen_medium quality,uchen_medium quality - page 3,Woodblock-Stacks,layout,0.9,2.0,3.5,True,0.5,True,2,6.172481536865234,77.27,22,17,5,
uchen_medium quality,uchen_medium quality - page 3,Woodblock-Stacks,layout,0.9,2.0,3.5,True,0.9,True,2,6.202616214752197,77.27,22,17,5,
uchen_medium quality,uchen_medium quality - page 3,Woodblock-Stacks,layout,0.9,2.0,3.5,False,0.1,True,3,6.57821798324585,77.27,22,17,5,
uchen_medium quality,uchen_medium quality - page 3,Woodblock-Stacks,layout,0.9,2.0,3.5,False,0.25,True,3,6.653520822525024,77.27,22,17,5,
uchen_medium quality,uchen_medium quality - page 3,Woodblock-Stacks,layout,0.9,2.0,3.5,False,0.5,True,3,6.558689117431641,77.27,22,17,5,
uchen_medium quality,uchen_medium quality - page 3,Woodblock-Stacks,layout,0.9,2.0,3.5,False,0.9,True,3,6.88126015663147,77.27,22,17,5,
uchen_medium quality,uchen_medium quality - page 3,Woodblock-Stacks,layout,0.9,2.0,4.0,True,0.1,True,2,6.130385398864746,63.16,19,12,7,
uchen_medium quality,uchen_medium quality - page 3,Woodblock-Stacks,layout,0.9,2.0,4.0,True,0.25,True,2,6.278414726257324,63.16,19,12,7,
uchen_medium quality,uchen_medium quality - page 3,Woodblock-Stacks,layout,0.9,2.0,4.0,True,0.5,True,2,6.150646448135376,63.16,19,12,7,
uchen_medium quality,uchen_medium quality - page 3,Woodblock-Stacks,layout,0.9,2.0,4.0,True,0.9,True,2,6.160404205322266,63.16,19,12,7,
uchen_medium quality,uchen_medium quality - page 3,Woodblock-Stacks,layout,0.9,2.0,4.0,False,0.1,True,3,6.493798017501831,70.0,20,14,6,
uchen_medium quality,uchen_medium quality - page 3,Woodblock-Stacks,layout,0.9,2.0,4.0,False,0.25,True,3,9.734655857086182,70.0,20,14,6,
uchen_medium quality,uchen_medium quality - page 3,Woodblock-Stacks,layout,0.9,2.0,4.0,False,0.5,True,3,9.691969156265259,70.0,20,14,6,
uchen_medium quality,uchen_medium quality - page 3,Woodblock-Stacks,layout,0.9,2.0,4.0,False,0.9,True,3,9.691336154937744,70.0,20,14,6,
uchen_medium quality,uchen_medium quality - page 3,Woodblock-Stacks,layout,0.9,2.0,5.0,True,0.1,True,2,5.948506116867065,50.0,16,8,8,
uchen_medium quality,uchen_medium quality - page 3,Woodblock-Stacks,layout,0.9,2.0,5.0,True,0.25,True,2,5.659925222396851,50.0,16,8,8,
uchen_medium quality,uchen_medium quality - page 3,Woodblock-Stacks,layout,0.9,2.0,5.0,True,0.5,True,2,5.755021333694458,50.0,16,8,8,
uchen_medium quality,uchen_medium quality - page 3,Woodblock-Stacks,layout,0.9,2.0,5.0,True,0.9,True,2,5.9789533615112305,50.0,16,8,8,
uchen_medium quality,uchen_medium quality - page 3,Woodblock-Stacks,layout,0.9,2.0,5.0,False,0.1,True,3,6.411287784576416,50.0,16,8,8,
uchen_medium quality,uchen_medium quality - page 3,Woodblock-Stacks,layout,0.9,2.0,5.0,False,0.25,True,3,6.331027269363403,50.0,16,8,8,
uchen_medium quality,uchen_medium quality - page 3,Woodblock-Stacks,layout,0.9,2.0,5.0,False,0.5,True,3,6.331286668777466,50.0,16,8,8,
uchen_medium quality,uchen_medium quality - page 3,Woodblock-Stacks,layout,0.9,2.0,5.0,False,0.9,True,3,6.287654638290405,50.0,16,8,8,
uchen_medium quality,uchen_medium quality - page 3,Woodblock-Stacks,layout,0.9,2.5,2.5,True,0.1,True,2,6.972218990325928,59.38,32,19,13,
uchen_medium quality,uchen_medium quality - page 3,Woodblock-Stacks,layout,0.9,2.5,2.5,True,0.25,True,2,7.023512601852417,59.38,32,19,13,
uchen_medium quality,uchen_medium quality - page 3,Woodblock-Stacks,layout,0.9,2.5,2.5,True,0.5,True,2,6.8849663734436035,59.38,32,19,13,
uchen_medium quality,uchen_medium quality - page 3,Woodblock-Stacks,layout,0.9,2.5,2.5,True,0.9,True,2,6.86449933052063,59.38,32,19,13,
uchen_medium quality,uchen_medium quality - page 3,Woodblock-Stacks,layout,0.9,2.5,2.5,False,0.1,True,3,7.237591743469238,50.0,34,17,17,
uchen_medium quality,uchen_medium quality - page 3,Woodblock-Stacks,layout,0.9,2.5,2.5,False,0.25,True,3,7.640156507492065,50.0,34,17,17,
uchen_medium quality,uchen_medium quality - page 3,Woodblock-Stacks,layout,0.9,2.5,2.5,False,0.5,True,3,7.15557599067688,50.0,34,17,17,
uchen_medium quality,uchen_medium quality - page 3,Woodblock-Stacks,layout,0.9,2.5,2.5,False,0.9,True,3,7.280350923538208,50.0,34,17,17,
uchen_medium quality,uchen_medium quality - page 3,Woodblock-Stacks,layout,0.9,2.5,3.5,True,0.1,True,2,6.475013256072998,77.27,22,17,5,
uchen_medium quality,uchen_medium quality - page 3,Woodblock-Stacks,layout,0.9,2.5,3.5,True,0.25,True,2,6.64535665512085,77.27,22,17,5,
uchen_medium quality,uchen_medium quality - page 3,Woodblock-Stacks,layout,0.9,2.5,3.5,True,0.5,True,2,6.61425256729126,77.27,22,17,5,
uchen_medium quality,uchen_medium quality - page 3,Woodblock-Stacks,layout,0.9,2.5,3.5,True,0.9,True,2,6.53981351852417,77.27,22,17,5,
uchen_medium quality,uchen_medium quality - page 3,Woodblock-Stacks,layout,0.9,2.5,3.5,False,0.1,True,3,6.93201470375061,77.27,22,17,5,
uchen_medium quality,uchen_medium quality - page 3,Woodblock-Stacks,layout,0.9,2.5,3.5,False,0.25,True,3,6.902113437652588,77.27,22,17,5,
uchen_medium quality,uchen_medium quality - page 3,Woodblock-Stacks,layout,0.9,2.5,3.5,False,0.5,True,3,7.025888442993164,77.27,22,17,5,
uchen_medium quality,uchen_medium quality - page 3,Woodblock-Stacks,layout,0.9,2.5,3.5,False,0.9,True,3,6.9209372997283936,77.27,22,17,5,
uchen_medium quality,uchen_medium quality - page 3,Woodblock-Stacks,layout,0.9,2.5,4.0,True,0.1,True,2,6.482221841812134,63.16,19,12,7,
uchen_medium quality,uchen_medium quality - page 3,Woodblock-Stacks,layout,0.9,2.5,4.0,True,0.25,True,2,6.485403776168823,63.16,19,12,7,
uchen_medium quality,uchen_medium quality - page 3,Woodblock-Stacks,layout,0.9,2.5,4.0,True,0.5,True,2,6.585783243179321,63.16,19,12,7,
uchen_medium quality,uchen_medium quality - page 3,Woodblock-Stacks,layout,0.9,2.5,4.0,True,0.9,True,2,6.607471466064453,63.16,19,12,7,
uchen_medium quality,uchen_medium quality - page 3,Woodblock-Stacks,layout,0.9,2.5,4.0,False,0.1,True,3,10.173763990402222,70.0,20,14,6,
uchen_medium quality,uchen_medium quality - page 3,Woodblock-Stacks,layout,0.9,2.5,4.0,False,0.25,True,3,10.103900671005249,70.0,20,14,6,
uchen_medium quality,uchen_medium quality - page 3,Woodblock-Stacks,layout,0.9,2.5,4.0,False,0.5,True,3,6.653106927871704,70.0,20,14,6,
uchen_medium quality,uchen_medium quality - page 3,Woodblock-Stacks,layout,0.9,2.5,4.0,False,0.9,True,3,6.606397867202759,70.0,20,14,6,
uchen_medium quality,uchen_medium quality - page 3,Woodblock-Stacks,layout,0.9,2.5,5.0,True,0.1,True,2,6.107744216918945,56.25,16,9,7,
uchen_medium quality,uchen_medium quality - page 3,Woodblock-Stacks,layout,0.9,2.5,5.0,True,0.25,True,2,6.348971128463745,56.25,16,9,7,
uchen_medium quality,uchen_medium quality - page 3,Woodblock-Stacks,layout,0.9,2.5,5.0,True,0.5,True,2,6.4418981075286865,56.25,16,9,7,
uchen_medium quality,uchen_medium quality - page 3,Woodblock-Stacks,layout,0.9,2.5,5.0,True,0.9,True,2,6.417118310928345,56.25,16,9,7,
uchen_medium quality,uchen_medium quality - page 3,Woodblock-Stacks,layout,0.9,2.5,5.0,False,0.1,True,3,6.686294317245483,56.25,16,9,7,
uchen_medium quality,uchen_medium quality - page 3,Woodblock-Stacks,layout,0.9,2.5,5.0,False,0.25,True,3,6.661051511764526,56.25,16,9,7,
uchen_medium quality,uchen_medium quality - page 3,Woodblock-Stacks,layout,0.9,2.5,5.0,False,0.5,True,3,7.085986375808716,56.25,16,9,7,
uchen_medium quality,uchen_medium quality - page 3,Woodblock-Stacks,layout,0.9,2.5,5.0,False,0.9,True,3,6.596069812774658,56.25,16,9,7,
uchen_medium quality,uchen_medium quality - page 3,Woodblock-Stacks,layout,0.9,3.0,2.5,True,0.1,True,2,7.989915132522583,51.85,27,14,13,
uchen_medium quality,uchen_medium quality - page 3,Woodblock-Stacks,layout,0.9,3.0,2.5,True,0.25,True,2,11.521737813949585,51.85,27,14,13,
uchen_medium quality,uchen_medium quality - page 3,Woodblock-Stacks,layout,0.9,3.0,2.5,True,0.5,True,2,11.549836874008179,51.85,27,14,13,
uchen_medium quality,uchen_medium quality - page 3,Woodblock-Stacks,layout,0.9,3.0,2.5,True,0.9,True,2,12.227968692779541,51.85,27,14,13,
uchen_medium quality,uchen_medium quality - page 3,Woodblock-Stacks,layout,0.9,3.0,2.5,False,0.1,True,3,11.835708141326904,41.38,29,12,17,
uchen_medium quality,uchen_medium quality - page 3,Woodblock-Stacks,layout,0.9,3.0,2.5,False,0.25,True,3,13.066869258880615,41.38,29,12,17,
uchen_medium quality,uchen_medium quality - page 3,Woodblock-Stacks,layout,0.9,3.0,2.5,False,0.5,True,3,13.011297464370728,41.38,29,12,17,
uchen_medium quality,uchen_medium quality - page 3,Woodblock-Stacks,layout,0.9,3.0,2.5,False,0.9,True,3,13.148504257202148,41.38,29,12,17,
uchen_medium quality,uchen_medium quality - page 3,Woodblock-Stacks,layout,0.9,3.0,3.5,True,0.1,True,2,11.855731725692749,61.11,18,11,7,
uchen_medium quality,uchen_medium quality - page 3,Woodblock-Stacks,layout,0.9,3.0,3.5,True,0.25,True,2,12.051494359970093,61.11,18,11,7,
uchen_medium quality,uchen_medium quality - page 3,Woodblock-Stacks,layout,0.9,3.0,3.5,True,0.5,True,2,12.01017427444458,61.11,18,11,7,
uchen_medium quality,uchen_medium quality - page 3,Woodblock-Stacks,layout,0.9,3.0,3.5,True,0.9,True,2,11.78113317489624,61.11,18,11,7,
uchen_medium quality,uchen_medium quality - page 3,Woodblock-Stacks,layout,0.9,3.0,3.5,False,0.1,True,3,12.718925952911377,61.11,18,11,7,
uchen_medium quality,uchen_medium quality - page 3,Woodblock-Stacks,layout,0.9,3.0,3.5,False,0.25,True,3,12.380601167678833,61.11,18,11,7,
uchen_medium quality,uchen_medium quality - page 3,Woodblock-Stacks,layout,0.9,3.0,3.5,False,0.5,True,3,12.691187143325806,61.11,18,11,7,
uchen_medium quality,uchen_medium quality - page 3,Woodblock-Stacks,layout,0.9,3.0,3.5,False,0.9,True,3,12.63582968711853,61.11,18,11,7,
uchen_medium quality,uchen_medium quality - page 3,Woodblock-Stacks,layout,0.9,3.0,4.0,True,0.1,True,2,11.608975172042847,58.82,17,10,7,
uchen_medium quality,uchen_medium quality - page 3,Woodblock-Stacks,layout,0.9,3.0,4.0,True,0.25,True,2,11.766411304473877,58.82,17,10,7,
uchen_medium quality,uchen_medium quality - page 3,Woodblock-Stacks,layout,0.9,3.0,4.0,True,0.5,True,2,11.496582984924316,58.82,17,10,7,
uchen_medium quality,uchen_medium quality - page 3,Woodblock-Stacks,layout,0.9,3.0,4.0,True,0.9,True,2,11.849621534347534,58.82,17,10,7,
uchen_medium quality,uchen_medium quality - page 3,Woodblock-Stacks,layout,0.9,3.0,4.0,False,0.1,True,3,12.58024549484253,66.67,18,12,6,
uchen_medium quality,uchen_medium quality - page 3,Woodblock-Stacks,layout,0.9,3.0,4.0,False,0.25,True,3,12.011606693267822,66.67,18,12,6,
uchen_medium quality,uchen_medium quality - page 3,Woodblock-Stacks,layout,0.9,3.0,4.0,False,0.5,True,3,12.881673574447632,66.67,18,12,6,
uchen_medium quality,uchen_medium quality - page 3,Woodblock-Stacks,layout,0.9,3.0,4.0,False,0.9,True,3,11.970550060272217,66.67,18,12,6,
uchen_medium quality,uchen_medium quality - page 3,Woodblock-Stacks,layout,0.9,3.0,5.0,True,0.1,True,2,11.426578998565674,56.25,16,9,7,
uchen_medium quality,uchen_medium quality - page 3,Woodblock-Stacks,layout,0.9,3.0,5.0,True,0.25,True,2,11.224833250045776,56.25,16,9,7,
uchen_medium quality,uchen_medium quality - page 3,Woodblock-Stacks,layout,0.9,3.0,5.0,True,0.5,True,2,11.877037525177002,56.25,16,9,7,
uchen_medium quality,uchen_medium quality - page 3,Woodblock-Stacks,layout,0.9,3.0,5.0,True,0.9,True,2,11.285452127456665,56.25,16,9,7,
uchen_medium quality,uchen_medium quality - page 3,Woodblock-Stacks,layout,0.9,3.0,5.0,False,0.1,True,3,12.276835918426514,56.25,16,9,7,
uchen_medium quality,uchen_medium quality - page 3,Woodblock-Stacks,layout,0.9,3.0,5.0,False,0.25,True,3,11.94564437866211,56.25,16,9,7,
uchen_medium quality,uchen_medium quality - page 3,Woodblock-Stacks,layout,0.9,3.0,5.0,False,0.5,True,3,12.133903741836548,56.25,16,9,7,
uchen_medium quality,uchen_medium quality - page 3,Woodblock-Stacks,layout,0.9,3.0,5.0,False,0.9,True,3,11.744730234146118,56.25,16,9,7,
uchen_medium quality,uchen_medium quality - page 3,Modern,line,0.7,2.0,2.5,True,0.1,True,2,11.388791561126709,50.0,6,3,3,
uchen_medium quality,uchen_medium quality - page 3,Modern,line,0.7,2.0,2.5,True,0.25,True,2,11.296794176101685,50.0,6,3,3,
uchen_medium quality,uchen_medium quality - page 3,Modern,line,0.7,2.0,2.5,True,0.5,True,2,10.85776138305664,50.0,6,3,3,
uchen_medium quality,uchen_medium quality - page 3,Modern,line,0.7,2.0,2.5,True,0.9,True,2,11.436593055725098,50.0,6,3,3,
uchen_medium quality,uchen_medium quality - page 3,Modern,line,0.7,2.0,2.5,False,0.1,True,5,11.69753909111023,53.85,13,7,6,
uchen_medium quality,uchen_medium quality - page 3,Modern,line,0.7,2.0,2.5,False,0.25,True,5,11.865903854370117,53.85,13,7,6,
uchen_medium quality,uchen_medium quality - page 3,Modern,line,0.7,2.0,2.5,False,0.5,True,5,11.63913607597351,53.85,13,7,6,
uchen_medium quality,uchen_medium quality - page 3,Modern,line,0.7,2.0,2.5,False,0.9,True,5,11.671999454498291,53.85,13,7,6,
uchen_medium quality,uchen_medium quality - page 3,Modern,line,0.7,2.0,3.5,True,0.1,True,2,11.349789142608643,33.33,3,1,2,
uchen_medium quality,uchen_medium quality - page 3,Modern,line,0.7,2.0,3.5,True,0.25,True,2,10.05378532409668,33.33,3,1,2,
uchen_medium quality,uchen_medium quality - page 3,Modern,line,0.7,2.0,3.5,True,0.5,True,2,6.48089861869812,33.33,3,1,2,
uchen_medium quality,uchen_medium quality - page 3,Modern,line,0.7,2.0,3.5,True,0.9,True,2,6.564958572387695,33.33,3,1,2,
uchen_medium quality,uchen_medium quality - page 3,Modern,line,0.7,2.0,3.5,False,0.1,True,5,9.766455173492432,52.94,17,9,8,
uchen_medium quality,uchen_medium quality - page 3,Modern,line,0.7,2.0,3.5,False,0.25,True,5,9.842860221862793,52.94,17,9,8,
uchen_medium quality,uchen_medium quality - page 3,Modern,line,0.7,2.0,3.5,False,0.5,True,5,9.784619808197021,52.94,17,9,8,
uchen_medium quality,uchen_medium quality - page 3,Modern,line,0.7,2.0,3.5,False,0.9,True,5,9.756062030792236,52.94,17,9,8,
uchen_medium quality,uchen_medium quality - page 3,Modern,line,0.7,2.0,4.0,True,0.1,True,2,9.089336633682251,40.0,5,2,3,
uchen_medium quality,uchen_medium quality - page 3,Modern,line,0.7,2.0,4.0,True,0.25,True,2,9.470046758651733,40.0,5,2,3,
uchen_medium quality,uchen_medium quality - page 3,Modern,line,0.7,2.0,4.0,True,0.5,True,2,9.086405038833618,40.0,5,2,3,
uchen_medium quality,uchen_medium quality - page 3,Modern,line,0.7,2.0,4.0,True,0.9,True,2,9.094276189804077,40.0,5,2,3,
uchen_medium quality,uchen_medium quality - page 3,Modern,line,0.7,2.0,4.0,False,0.1,True,5,9.612863540649414,80.0,15,12,3,
uchen_medium quality,uchen_medium quality - page 3,Modern,line,0.7,2.0,4.0,False,0.25,True,5,9.618265151977539,80.0,15,12,3,
uchen_medium quality,uchen_medium quality - page 3,Modern,line,0.7,2.0,4.0,False,0.5,True,5,6.776598215103149,80.0,15,12,3,
uchen_medium quality,uchen_medium quality - page 3,Modern,line,0.7,2.0,4.0,False,0.9,True,5,6.365288257598877,80.0,15,12,3,
uchen_medium quality,uchen_medium quality - page 3,Modern,line,0.7,2.0,5.0,True,0.1,True,2,5.585957765579224,25.0,4,1,3,
uchen_medium quality,uchen_medium quality - page 3,Modern,line,0.7,2.0,5.0,True,0.25,True,2,5.979897975921631,25.0,4,1,3,
uchen_medium quality,uchen_medium quality - page 3,Modern,line,0.7,2.0,5.0,True,0.5,True,2,6.015920162200928,25.0,4,1,3,
uchen_medium quality,uchen_medium quality - page 3,Modern,line,0.7,2.0,5.0,True,0.9,True,2,5.9640514850616455,25.0,4,1,3,
uchen_medium quality,uchen_medium quality - page 3,Modern,line,0.7,2.0,5.0,False,0.1,True,5,7.630194664001465,71.43,14,10,4,
uchen_medium quality,uchen_medium quality - page 3,Modern,line,0.7,2.0,5.0,False,0.25,True,5,6.292232036590576,71.43,14,10,4,
uchen_medium quality,uchen_medium quality - page 3,Modern,line,0.7,2.0,5.0,False,0.5,True,5,6.47704291343689,71.43,14,10,4,
uchen_medium quality,uchen_medium quality - page 3,Modern,line,0.7,2.0,5.0,False,0.9,True,5,6.443511247634888,71.43,14,10,4,
uchen_medium quality,uchen_medium quality - page 3,Modern,line,0.7,2.5,2.5,True,0.1,True,2,7.730066299438477,50.0,4,2,2,
uchen_medium quality,uchen_medium quality - page 3,Modern,line,0.7,2.5,2.5,True,0.25,True,2,7.337381601333618,50.0,4,2,2,
uchen_medium quality,uchen_medium quality - page 3,Modern,line,0.7,2.5,2.5,True,0.5,True,2,7.4026994705200195,50.0,4,2,2,
uchen_medium quality,uchen_medium quality - page 3,Modern,line,0.7,2.5,2.5,True,0.9,True,2,7.340036153793335,50.0,4,2,2,
uchen_medium quality,uchen_medium quality - page 3,Modern,line,0.7,2.5,2.5,False,0.1,True,5,7.230706453323364,54.55,11,6,5,
uchen_medium quality,uchen_medium quality - page 3,Modern,line,0.7,2.5,2.5,False,0.25,True,5,7.350735187530518,54.55,11,6,5,
uchen_medium quality,uchen_medium quality - page 3,Modern,line,0.7,2.5,2.5,False,0.5,True,5,7.4863409996032715,54.55,11,6,5,
uchen_medium quality,uchen_medium quality - page 3,Modern,line,0.7,2.5,2.5,False,0.9,True,5,7.320714235305786,54.55,11,6,5,
uchen_medium quality,uchen_medium quality - page 3,Modern,line,0.7,2.5,3.5,True,0.1,True,2,9.8470299243927,33.33,3,1,2,
uchen_medium quality,uchen_medium quality - page 3,Modern,line,0.7,2.5,3.5,True,0.25,True,2,7.092087268829346,33.33,3,1,2,
uchen_medium quality,uchen_medium quality - page 3,Modern,line,0.7,2.5,3.5,True,0.5,True,2,7.18449068069458,33.33,3,1,2,
uchen_medium quality,uchen_medium quality - page 3,Modern,line,0.7,2.5,3.5,True,0.9,True,2,7.041418552398682,33.33,3,1,2,
uchen_medium quality,uchen_medium quality - page 3,Modern,line,0.7,2.5,3.5,False,0.1,True,5,7.055372953414917,52.94,17,9,8,
uchen_medium quality,uchen_medium quality - page 3,Modern,line,0.7,2.5,3.5,False,0.25,True,5,7.126055955886841,52.94,17,9,8,
uchen_medium quality,uchen_medium quality - page 3,Modern,line,0.7,2.5,3.5,False,0.5,True,5,7.2230165004730225,52.94,17,9,8,
uchen_medium quality,uchen_medium quality - page 3,Modern,line,0.7,2.5,3.5,False,0.9,True,5,7.43602180480957,52.94,17,9,8,
uchen_medium quality,uchen_medium quality - page 3,Modern,line,0.7,2.5,4.0,True,0.1,True,2,6.796518564224243,40.0,5,2,3,
uchen_medium quality,uchen_medium quality - page 3,Modern,line,0.7,2.5,4.0,True,0.25,True,2,6.802237510681152,40.0,5,2,3,
uchen_medium quality,uchen_medium quality - page 3,Modern,line,0.7,2.5,4.0,True,0.5,True,2,7.038883686065674,40.0,5,2,3,
uchen_medium quality,uchen_medium quality - page 3,Modern,line,0.7,2.5,4.0,True,0.9,True,2,6.928548812866211,40.0,5,2,3,
uchen_medium quality,uchen_medium quality - page 3,Modern,line,0.7,2.5,4.0,False,0.1,True,5,7.404009103775024,80.0,15,12,3,
uchen_medium quality,uchen_medium quality - page 3,Modern,line,0.7,2.5,4.0,False,0.25,True,5,6.8631813526153564,80.0,15,12,3,
uchen_medium quality,uchen_medium quality - page 3,Modern,line,0.7,2.5,4.0,False,0.5,True,5,9.693086385726929,80.0,15,12,3,
uchen_medium quality,uchen_medium quality - page 3,Modern,line,0.7,2.5,4.0,False,0.9,True,5,6.843946695327759,80.0,15,12,3,
uchen_medium quality,uchen_medium quality - page 3,Modern,line,0.7,2.5,5.0,True,0.1,True,2,6.469047784805298,60.0,5,3,2,
uchen_medium quality,uchen_medium quality - page 3,Modern,line,0.7,2.5,5.0,True,0.25,True,2,9.322408676147461,60.0,5,3,2,
uchen_medium quality,uchen_medium quality - page 3,Modern,line,0.7,2.5,5.0,True,0.5,True,2,9.286560297012329,60.0,5,3,2,
uchen_medium quality,uchen_medium quality - page 3,Modern,line,0.7,2.5,5.0,True,0.9,True,2,9.20179557800293,60.0,5,3,2,
uchen_medium quality,uchen_medium quality - page 3,Modern,line,0.7,2.5,5.0,False,0.1,True,5,6.42789888381958,64.29,14,9,5,
uchen_medium quality,uchen_medium quality - page 3,Modern,line,0.7,2.5,5.0,False,0.25,True,5,6.448210000991821,64.29,14,9,5,
uchen_medium quality,uchen_medium quality - page 3,Modern,line,0.7,2.5,5.0,False,0.5,True,5,6.767867803573608,64.29,14,9,5,
uchen_medium quality,uchen_medium quality - page 3,Modern,line,0.7,2.5,5.0,False,0.9,True,5,6.779159307479858,64.29,14,9,5,
uchen_medium quality,uchen_medium quality - page 3,Modern,line,0.7,3.0,2.5,True,0.1,True,2,7.980988264083862,60.0,5,3,2,
uchen_medium quality,uchen_medium quality - page 3,Modern,line,0.7,3.0,2.5,True,0.25,True,2,7.736466884613037,60.0,5,3,2,
uchen_medium quality,uchen_medium quality - page 3,Modern,line,0.7,3.0,2.5,True,0.5,True,2,7.741509437561035,60.0,5,3,2,
uchen_medium quality,uchen_medium quality - page 3,Modern,line,0.7,3.0,2.5,True,0.9,True,2,7.9652509689331055,60.0,5,3,2,
uchen_medium quality,uchen_medium quality - page 3,Modern,line,0.7,3.0,2.5,False,0.1,True,5,7.440245628356934,50.0,12,6,6,
uchen_medium quality,uchen_medium quality - page 3,Modern,line,0.7,3.0,2.5,False,0.25,True,5,7.504507064819336,50.0,12,6,6,
uchen_medium quality,uchen_medium quality - page 3,Modern,line,0.7,3.0,2.5,False,0.5,True,5,8.591555833816528,50.0,12,6,6,
uchen_medium quality,uchen_medium quality - page 3,Modern,line,0.7,3.0,2.5,False,0.9,True,5,10.051310300827026,50.0,12,6,6,
uchen_medium quality,uchen_medium quality - page 3,Modern,line,0.7,3.0,3.5,True,0.1,True,2,10.375077962875366,50.0,4,2,2,
uchen_medium quality,uchen_medium quality - page 3,Modern,line,0.7,3.0,3.5,True,0.25,True,2,7.317765235900879,50.0,4,2,2,
uchen_medium quality,uchen_medium quality - page 3,Modern,line,0.7,3.0,3.5,True,0.5,True,2,7.196730136871338,50.0,4,2,2,
uchen_medium quality,uchen_medium quality - page 3,Modern,line,0.7,3.0,3.5,True,0.9,True,2,10.423078536987305,50.0,4,2,2,
uchen_medium quality,uchen_medium quality - page 3,Modern,line,0.7,3.0,3.5,False,0.1,True,5,10.374984741210938,47.06,17,8,9,
uchen_medium quality,uchen_medium quality - page 3,Modern,line,0.7,3.0,3.5,False,0.25,True,5,10.450411081314087,47.06,17,8,9,
uchen_medium quality,uchen_medium quality - page 3,Modern,line,0.7,3.0,3.5,False,0.5,True,5,10.357667684555054,47.06,17,8,9,
uchen_medium quality,uchen_medium quality - page 3,Modern,line,0.7,3.0,3.5,False,0.9,True,5,10.382811069488525,47.06,17,8,9,
uchen_medium quality,uchen_medium quality - page 3,Modern,line,0.7,3.0,4.0,True,0.1,True,2,7.188996315002441,60.0,5,3,2,
uchen_medium quality,uchen_medium quality - page 3,Modern,line,0.7,3.0,4.0,True,0.25,True,2,7.1812310218811035,60.0,5,3,2,
uchen_medium quality,uchen_medium quality - page 3,Modern,line,0.7,3.0,4.0,True,0.5,True,2,7.079406976699829,60.0,5,3,2,
uchen_medium quality,uchen_medium quality - page 3,Modern,line,0.7,3.0,4.0,True,0.9,True,2,7.2519614696502686,60.0,5,3,2,
uchen_medium quality,uchen_medium quality - page 3,Modern,line,0.7,3.0,4.0,False,0.1,True,5,7.515617609024048,73.33,15,11,4,
uchen_medium quality,uchen_medium quality - page 3,Modern,line,0.7,3.0,4.0,False,0.25,True,5,7.22561502456665,73.33,15,11,4,
uchen_medium quality,uchen_medium quality - page 3,Modern,line,0.7,3.0,4.0,False,0.5,True,5,7.278713226318359,73.33,15,11,4,
uchen_medium quality,uchen_medium quality - page 3,Modern,line,0.7,3.0,4.0,False,0.9,True,5,7.281379699707031,73.33,15,11,4,
uchen_medium quality,uchen_medium quality - page 3,Modern,line,0.7,3.0,5.0,True,0.1,True,2,7.254229307174683,60.0,5,3,2,
uchen_medium quality,uchen_medium quality - page 3,Modern,line,0.7,3.0,5.0,True,0.25,True,2,7.034424066543579,60.0,5,3,2,
uchen_medium quality,uchen_medium quality - page 3,Modern,line,0.7,3.0,5.0,True,0.5,True,2,7.031853199005127,60.0,5,3,2,
uchen_medium quality,uchen_medium quality - page 3,Modern,line,0.7,3.0,5.0,True,0.9,True,2,7.132229566574097,60.0,5,3,2,
uchen_medium quality,uchen_medium quality - page 3,Modern,line,0.7,3.0,5.0,False,0.1,True,5,9.854814767837524,64.29,14,9,5,
uchen_medium quality,uchen_medium quality - page 3,Modern,line,0.7,3.0,5.0,False,0.25,True,5,6.779685020446777,64.29,14,9,5,
uchen_medium quality,uchen_medium quality - page 3,Modern,line,0.7,3.0,5.0,False,0.5,True,5,7.095175266265869,64.29,14,9,5,
uchen_medium quality,uchen_medium quality - page 3,Modern,line,0.7,3.0,5.0,False,0.9,True,5,8.018138408660889,64.29,14,9,5,
uchen_medium quality,uchen_medium quality - page 3,Modern,line,0.8,2.0,2.5,True,0.1,True,2,6.825995683670044,50.0,6,3,3,
uchen_medium quality,uchen_medium quality - page 3,Modern,line,0.8,2.0,2.5,True,0.25,True,2,6.781848192214966,50.0,6,3,3,
uchen_medium quality,uchen_medium quality - page 3,Modern,line,0.8,2.0,2.5,True,0.5,True,2,6.834690093994141,50.0,6,3,3,
uchen_medium quality,uchen_medium quality - page 3,Modern,line,0.8,2.0,2.5,True,0.9,True,2,6.8778510093688965,50.0,6,3,3,
uchen_medium quality,uchen_medium quality - page 3,Modern,line,0.8,2.0,2.5,False,0.1,True,5,6.93940544128418,53.85,13,7,6,
uchen_medium quality,uchen_medium quality - page 3,Modern,line,0.8,2.0,2.5,False,0.25,True,5,7.007307291030884,53.85,13,7,6,
uchen_medium quality,uchen_medium quality - page 3,Modern,line,0.8,2.0,2.5,False,0.5,True,5,7.068098306655884,53.85,13,7,6,
uchen_medium quality,uchen_medium quality - page 3,Modern,line,0.8,2.0,2.5,False,0.9,True,5,7.050238132476807,53.85,13,7,6,
uchen_medium quality,uchen_medium quality - page 3,Modern,line,0.8,2.0,3.5,True,0.1,True,2,6.9613847732543945,33.33,3,1,2,
uchen_medium quality,uchen_medium quality - page 3,Modern,line,0.8,2.0,3.5,True,0.25,True,2,9.44013786315918,33.33,3,1,2,
uchen_medium quality,uchen_medium quality - page 3,Modern,line,0.8,2.0,3.5,True,0.5,True,2,6.4539124965667725,33.33,3,1,2,
uchen_medium quality,uchen_medium quality - page 3,Modern,line,0.8,2.0,3.5,True,0.9,True,2,6.520398139953613,33.33,3,1,2,
uchen_medium quality,uchen_medium quality - page 3,Modern,line,0.8,2.0,3.5,False,0.1,True,5,6.743489742279053,52.94,17,9,8,
uchen_medium quality,uchen_medium quality - page 3,Modern,line,0.8,2.0,3.5,False,0.25,True,5,6.92607569694519,52.94,17,9,8,
uchen_medium quality,uchen_medium quality - page 3,Modern,line,0.8,2.0,3.5,False,0.5,True,5,6.766650676727295,52.94,17,9,8,
uchen_medium quality,uchen_medium quality - page 3,Modern,line,0.8,2.0,3.5,False,0.9,True,5,6.752218008041382,52.94,17,9,8,
uchen_medium quality,uchen_medium quality - page 3,Modern,line,0.8,2.0,4.0,True,0.1,True,2,6.275354862213135,40.0,5,2,3,
uchen_medium quality,uchen_medium quality - page 3,Modern,line,0.8,2.0,4.0,True,0.25,True,2,6.723210573196411,40.0,5,2,3,
uchen_medium quality,uchen_medium quality - page 3,Modern,line,0.8,2.0,4.0,True,0.5,True,2,6.179001331329346,40.0,5,2,3,
uchen_medium quality,uchen_medium quality - page 3,Modern,line,0.8,2.0,4.0,True,0.9,True,2,6.267338037490845,40.0,5,2,3,
uchen_medium quality,uchen_medium quality - page 3,Modern,line,0.8,2.0,4.0,False,0.1,True,5,6.655113220214844,80.0,15,12,3,
uchen_medium quality,uchen_medium quality - page 3,Modern,line,0.8,2.0,4.0,False,0.25,True,5,7.88365912437439,80.0,15,12,3,
uchen_medium quality,uchen_medium quality - page 3,Modern,line,0.8,2.0,4.0,False,0.5,True,5,6.858912467956543,80.0,15,12,3,
uchen_medium quality,uchen_medium quality - page 3,Modern,line,0.8,2.0,4.0,False,0.9,True,5,6.637746095657349,80.0,15,12,3,
uchen_medium quality,uchen_medium quality - page 3,Modern,line,0.8,2.0,5.0,True,0.1,True,2,6.033939361572266,25.0,4,1,3,
uchen_medium quality,uchen_medium quality - page 3,Modern,line,0.8,2.0,5.0,True,0.25,True,2,5.901930570602417,25.0,4,1,3,
uchen_medium quality,uchen_medium quality - page 3,Modern,line,0.8,2.0,5.0,True,0.5,True,2,6.341315269470215,25.0,4,1,3,
uchen_medium quality,uchen_medium quality - page 3,Modern,line,0.8,2.0,5.0,True,0.9,True,2,5.951989650726318,25.0,4,1,3,
uchen_medium quality,uchen_medium quality - page 3,Modern,line,0.8,2.0,5.0,False,0.1,True,5,6.379429817199707,71.43,14,10,4,
uchen_medium quality,uchen_medium quality - page 3,Modern,line,0.8,2.0,5.0,False,0.25,True,5,6.374562501907349,71.43,14,10,4,
uchen_medium quality,uchen_medium quality - page 3,Modern,line,0.8,2.0,5.0,False,0.5,True,5,6.375442028045654,71.43,14,10,4,
uchen_medium quality,uchen_medium quality - page 3,Modern,line,0.8,2.0,5.0,False,0.9,True,5,6.5150206089019775,71.43,14,10,4,
uchen_medium quality,uchen_medium quality - page 3,Modern,line,0.8,2.5,2.5,True,0.1,True,2,7.664443492889404,50.0,4,2,2,
uchen_medium quality,uchen_medium quality - page 3,Modern,line,0.8,2.5,2.5,True,0.25,True,2,7.1225905418396,50.0,4,2,2,
uchen_medium quality,uchen_medium quality - page 3,Modern,line,0.8,2.5,2.5,True,0.5,True,2,7.234443664550781,50.0,4,2,2,
uchen_medium quality,uchen_medium quality - page 3,Modern,line,0.8,2.5,2.5,True,0.9,True,2,7.289151668548584,50.0,4,2,2,
uchen_medium quality,uchen_medium quality - page 3,Modern,line,0.8,2.5,2.5,False,0.1,True,5,7.280276536941528,54.55,11,6,5,
uchen_medium quality,uchen_medium quality - page 3,Modern,line,0.8,2.5,2.5,False,0.25,True,5,7.236313581466675,54.55,11,6,5,
uchen_medium quality,uchen_medium quality - page 3,Modern,line,0.8,2.5,2.5,False,0.5,True,5,7.2600016593933105,54.55,11,6,5,
uchen_medium quality,uchen_medium quality - page 3,Modern,line,0.8,2.5,2.5,False,0.9,True,5,7.415842056274414,54.55,11,6,5,
uchen_medium quality,uchen_medium quality - page 3,Modern,line,0.8,2.5,3.5,True,0.1,True,2,7.140345096588135,33.33,3,1,2,
uchen_medium quality,uchen_medium quality - page 3,Modern,line,0.8,2.5,3.5,True,0.25,True,2,7.320366859436035,33.33,3,1,2,
uchen_medium quality,uchen_medium quality - page 3,Modern,line,0.8,2.5,3.5,True,0.5,True,2,7.054655075073242,33.33,3,1,2,
uchen_medium quality,uchen_medium quality - page 3,Modern,line,0.8,2.5,3.5,True,0.9,True,2,7.127736568450928,33.33,3,1,2,
uchen_medium quality,uchen_medium quality - page 3,Modern,line,0.8,2.5,3.5,False,0.1,True,5,7.07570743560791,52.94,17,9,8,
uchen_medium quality,uchen_medium quality - page 3,Modern,line,0.8,2.5,3.5,False,0.25,True,5,7.136417865753174,52.94,17,9,8,
uchen_medium quality,uchen_medium quality - page 3,Modern,line,0.8,2.5,3.5,False,0.5,True,5,7.199585437774658,52.94,17,9,8,
uchen_medium quality,uchen_medium quality - page 3,Modern,line,0.8,2.5,3.5,False,0.9,True,5,7.155119180679321,52.94,17,9,8,
uchen_medium quality,uchen_medium quality - page 3,Modern,line,0.8,2.5,4.0,True,0.1,True,2,6.941183090209961,40.0,5,2,3,
uchen_medium quality,uchen_medium quality - page 3,Modern,line,0.8,2.5,4.0,True,0.25,True,2,10.033187627792358,40.0,5,2,3,
uchen_medium quality,uchen_medium quality - page 3,Modern,line,0.8,2.5,4.0,True,0.5,True,2,9.662900686264038,40.0,5,2,3,
uchen_medium quality,uchen_medium quality - page 3,Modern,line,0.8,2.5,4.0,True,0.9,True,2,9.685131311416626,40.0,5,2,3,
uchen_medium quality,uchen_medium quality - page 3,Modern,line,0.8,2.5,4.0,False,0.1,True,5,8.736563920974731,80.0,15,12,3,
uchen_medium quality,uchen_medium quality - page 3,Modern,line,0.8,2.5,4.0,False,0.25,True,5,6.633745908737183,80.0,15,12,3,
uchen_medium quality,uchen_medium quality - page 3,Modern,line,0.8,2.5,4.0,False,0.5,True,5,6.70793342590332,80.0,15,12,3,
uchen_medium quality,uchen_medium quality - page 3,Modern,line,0.8,2.5,4.0,False,0.9,True,5,7.025882005691528,80.0,15,12,3,
uchen_medium quality,uchen_medium quality - page 3,Modern,line,0.8,2.5,5.0,True,0.1,True,2,6.6204705238342285,60.0,5,3,2,
uchen_medium quality,uchen_medium quality - page 3,Modern,line,0.8,2.5,5.0,True,0.25,True,2,6.416679620742798,60.0,5,3,2,
uchen_medium quality,uchen_medium quality - page 3,Modern,line,0.8,2.5,5.0,True,0.5,True,2,6.490363597869873,60.0,5,3,2,
uchen_medium quality,uchen_medium quality - page 3,Modern,line,0.8,2.5,5.0,True,0.9,True,2,6.564177513122559,60.0,5,3,2,
uchen_medium quality,uchen_medium quality - page 3,Modern,line,0.8,2.5,5.0,False,0.1,True,5,6.780351877212524,64.29,14,9,5,
uchen_medium quality,uchen_medium quality - page 3,Modern,line,0.8,2.5,5.0,False,0.25,True,5,6.877337455749512,64.29,14,9,5,
uchen_medium quality,uchen_medium quality - page 3,Modern,line,0.8,2.5,5.0,False,0.5,True,5,6.7651708126068115,64.29,14,9,5,
uchen_medium quality,uchen_medium quality - page 3,Modern,line,0.8,2.5,5.0,False,0.9,True,5,6.7681052684783936,64.29,14,9,5,
uchen_medium quality,uchen_medium quality - page 3,Modern,line,0.8,3.0,2.5,True,0.1,True,2,7.885391712188721,60.0,5,3,2,
uchen_medium quality,uchen_medium quality - page 3,Modern,line,0.8,3.0,2.5,True,0.25,True,2,7.879021406173706,60.0,5,3,2,
uchen_medium quality,uchen_medium quality - page 3,Modern,line,0.8,3.0,2.5,True,0.5,True,2,7.981548547744751,60.0,5,3,2,
uchen_medium quality,uchen_medium quality - page 3,Modern,line,0.8,3.0,2.5,True,0.9,True,2,7.645938396453857,60.0,5,3,2,
uchen_medium quality,uchen_medium quality - page 3,Modern,line,0.8,3.0,2.5,False,0.1,True,5,7.576363801956177,50.0,12,6,6,
uchen_medium quality,uchen_medium quality - page 3,Modern,line,0.8,3.0,2.5,False,0.25,True,5,7.556191444396973,50.0,12,6,6,
uchen_medium quality,uchen_medium quality - page 3,Modern,line,0.8,3.0,2.5,False,0.5,True,5,7.556535243988037,50.0,12,6,6,
uchen_medium quality,uchen_medium quality - page 3,Modern,line,0.8,3.0,2.5,False,0.9,True,5,10.648702144622803,50.0,12,6,6,
uchen_medium quality,uchen_medium quality - page 3,Modern,line,0.8,3.0,3.5,True,0.1,True,2,10.446521520614624,50.0,4,2,2,
uchen_medium quality,uchen_medium quality - page 3,Modern,line,0.8,3.0,3.5,True,0.25,True,2,10.434787034988403,50.0,4,2,2,
uchen_medium quality,uchen_medium quality - page 3,Modern,line,0.8,3.0,3.5,True,0.5,True,2,10.46091890335083,50.0,4,2,2,
uchen_medium quality,uchen_medium quality - page 3,Modern,line,0.8,3.0,3.5,True,0.9,True,2,10.439587116241455,50.0,4,2,2,
uchen_medium quality,uchen_medium quality - page 3,Modern,line,0.8,3.0,3.5,False,0.1,True,5,10.46900749206543,47.06,17,8,9,
uchen_medium quality,uchen_medium quality - page 3,Modern,line,0.8,3.0,3.5,False,0.25,True,5,10.410624742507935,47.06,17,8,9,
uchen_medium quality,uchen_medium quality - page 3,Modern,line,0.8,3.0,3.5,False,0.5,True,5,10.379552125930786,47.06,17,8,9,
uchen_medium quality,uchen_medium quality - page 3,Modern,line,0.8,3.0,3.5,False,0.9,True,5,10.418067455291748,47.06,17,8,9,
uchen_medium quality,uchen_medium quality - page 3,Modern,line,0.8,3.0,4.0,True,0.1,True,2,10.209959030151367,60.0,5,3,2,
uchen_medium quality,uchen_medium quality - page 3,Modern,line,0.8,3.0,4.0,True,0.25,True,2,7.006031513214111,60.0,5,3,2,
uchen_medium quality,uchen_medium quality - page 3,Modern,line,0.8,3.0,4.0,True,0.5,True,2,7.040949583053589,60.0,5,3,2,
uchen_medium quality,uchen_medium quality - page 3,Modern,line,0.8,3.0,4.0,True,0.9,True,2,7.222625970840454,60.0,5,3,2,
uchen_medium quality,uchen_medium quality - page 3,Modern,line,0.8,3.0,4.0,False,0.1,True,5,6.873069763183594,73.33,15,11,4,
uchen_medium quality,uchen_medium quality - page 3,Modern,line,0.8,3.0,4.0,False,0.25,True,5,7.228583812713623,73.33,15,11,4,
uchen_medium quality,uchen_medium quality - page 3,Modern,line,0.8,3.0,4.0,False,0.5,True,5,7.3071534633636475,73.33,15,11,4,
uchen_medium quality,uchen_medium quality - page 3,Modern,line,0.8,3.0,4.0,False,0.9,True,5,7.190145254135132,73.33,15,11,4,
uchen_medium quality,uchen_medium quality - page 3,Modern,line,0.8,3.0,5.0,True,0.1,True,2,7.100187540054321,60.0,5,3,2,
uchen_medium quality,uchen_medium quality - page 3,Modern,line,0.8,3.0,5.0,True,0.25,True,2,7.057194709777832,60.0,5,3,2,
uchen_medium quality,uchen_medium quality - page 3,Modern,line,0.8,3.0,5.0,True,0.5,True,2,6.983302116394043,60.0,5,3,2,
uchen_medium quality,uchen_medium quality - page 3,Modern,line,0.8,3.0,5.0,True,0.9,True,2,6.956454753875732,60.0,5,3,2,
uchen_medium quality,uchen_medium quality - page 3,Modern,line,0.8,3.0,5.0,False,0.1,True,5,7.075783014297485,64.29,14,9,5,
uchen_medium quality,uchen_medium quality - page 3,Modern,line,0.8,3.0,5.0,False,0.25,True,5,7.023914098739624,64.29,14,9,5,
uchen_medium quality,uchen_medium quality - page 3,Modern,line,0.8,3.0,5.0,False,0.5,True,5,7.060373544692993,64.29,14,9,5,
uchen_medium quality,uchen_medium quality - page 3,Modern,line,0.8,3.0,5.0,False,0.9,True,5,7.062032461166382,64.29,14,9,5,
uchen_medium quality,uchen_medium quality - page 3,Modern,line,0.9,2.0,2.5,True,0.1,True,2,6.906702995300293,50.0,6,3,3,
uchen_medium quality,uchen_medium quality - page 3,Modern,line,0.9,2.0,2.5,True,0.25,True,2,6.9245994091033936,50.0,6,3,3,
uchen_medium quality,uchen_medium quality - page 3,Modern,line,0.9,2.0,2.5,True,0.5,True,2,6.813924074172974,50.0,6,3,3,
uchen_medium quality,uchen_medium quality - page 3,Modern,line,0.9,2.0,2.5,True,0.9,True,2,9.919414520263672,50.0,6,3,3,
uchen_medium quality,uchen_medium quality - page 3,Modern,line,0.9,2.0,2.5,False,0.1,True,5,10.073443412780762,53.85,13,7,6,
uchen_medium quality,uchen_medium quality - page 3,Modern,line,0.9,2.0,2.5,False,0.25,True,5,8.831634283065796,53.85,13,7,6,
uchen_medium quality,uchen_medium quality - page 3,Modern,line,0.9,2.0,2.5,False,0.5,True,5,6.661998510360718,53.85,13,7,6,
uchen_medium quality,uchen_medium quality - page 3,Modern,line,0.9,2.0,2.5,False,0.9,True,5,6.862501859664917,53.85,13,7,6,
uchen_medium quality,uchen_medium quality - page 3,Modern,line,0.9,2.0,3.5,True,0.1,True,2,6.684807300567627,33.33,3,1,2,
uchen_medium quality,uchen_medium quality - page 3,Modern,line,0.9,2.0,3.5,True,0.25,True,2,6.57407283782959,33.33,3,1,2,
uchen_medium quality,uchen_medium quality - page 3,Modern,line,0.9,2.0,3.5,True,0.5,True,2,6.5939741134643555,33.33,3,1,2,
uchen_medium quality,uchen_medium quality - page 3,Modern,line,0.9,2.0,3.5,True,0.9,True,2,6.689347982406616,33.33,3,1,2,
uchen_medium quality,uchen_medium quality - page 3,Modern,line,0.9,2.0,3.5,False,0.1,True,5,9.491824865341187,52.94,17,9,8,
uchen_medium quality,uchen_medium quality - page 3,Modern,line,0.9,2.0,3.5,False,0.25,True,5,6.485965013504028,52.94,17,9,8,
uchen_medium quality,uchen_medium quality - page 3,Modern,line,0.9,2.0,3.5,False,0.5,True,5,6.897808313369751,52.94,17,9,8,
uchen_medium quality,uchen_medium quality - page 3,Modern,line,0.9,2.0,3.5,False,0.9,True,5,7.188780069351196,52.94,17,9,8,
uchen_medium quality,uchen_medium quality - page 3,Modern,line,0.9,2.0,4.0,True,0.1,True,2,6.2434399127960205,40.0,5,2,3,
uchen_medium quality,uchen_medium quality - page 3,Modern,line,0.9,2.0,4.0,True,0.25,True,2,6.410674571990967,40.0,5,2,3,
uchen_medium quality,uchen_medium quality - page 3,Modern,line,0.9,2.0,4.0,True,0.5,True,2,6.31286883354187,40.0,5,2,3,
uchen_medium quality,uchen_medium quality - page 3,Modern,line,0.9,2.0,4.0,True,0.9,True,2,6.431856155395508,40.0,5,2,3,
uchen_medium quality,uchen_medium quality - page 3,Modern,line,0.9,2.0,4.0,False,0.1,True,5,6.587977647781372,80.0,15,12,3,
uchen_medium quality,uchen_medium quality - page 3,Modern,line,0.9,2.0,4.0,False,0.25,True,5,6.711881637573242,80.0,15,12,3,
uchen_medium quality,uchen_medium quality - page 3,Modern,line,0.9,2.0,4.0,False,0.5,True,5,6.671605825424194,80.0,15,12,3,
uchen_medium quality,uchen_medium quality - page 3,Modern,line,0.9,2.0,4.0,False,0.9,True,5,6.774282217025757,80.0,15,12,3,
uchen_medium quality,uchen_medium quality - page 3,Modern,line,0.9,2.0,5.0,True,0.1,True,2,5.960666656494141,25.0,4,1,3,
uchen_medium quality,uchen_medium quality - page 3,Modern,line,0.9,2.0,5.0,True,0.25,True,2,5.960338354110718,25.0,4,1,3,
uchen_medium quality,uchen_medium quality - page 3,Modern,line,0.9,2.0,5.0,True,0.5,True,2,6.0772998332977295,25.0,4,1,3,
uchen_medium quality,uchen_medium quality - page 3,Modern,line,0.9,2.0,5.0,True,0.9,True,2,6.236260414123535,25.0,4,1,3,
uchen_medium quality,uchen_medium quality - page 3,Modern,line,0.9,2.0,5.0,False,0.1,True,5,6.515561103820801,71.43,14,10,4,
uchen_medium quality,uchen_medium quality - page 3,Modern,line,0.9,2.0,5.0,False,0.25,True,5,6.47749400138855,71.43,14,10,4,
uchen_medium quality,uchen_medium quality - page 3,Modern,line,0.9,2.0,5.0,False,0.5,True,5,9.121172904968262,71.43,14,10,4,
uchen_medium quality,uchen_medium quality - page 3,Modern,line,0.9,2.0,5.0,False,0.9,True,5,6.1147589683532715,71.43,14,10,4,
uchen_medium quality,uchen_medium quality - page 3,Modern,line,0.9,2.5,2.5,True,0.1,True,2,7.4195356369018555,50.0,4,2,2,
uchen_medium quality,uchen_medium quality - page 3,Modern,line,0.9,2.5,2.5,True,0.25,True,2,7.325567960739136,50.0,4,2,2,
uchen_medium quality,uchen_medium quality - page 3,Modern,line,0.9,2.5,2.5,True,0.5,True,2,7.218664169311523,50.0,4,2,2,
uchen_medium quality,uchen_medium quality - page 3,Modern,line,0.9,2.5,2.5,True,0.9,True,2,7.321214437484741,50.0,4,2,2,
uchen_medium quality,uchen_medium quality - page 3,Modern,line,0.9,2.5,2.5,False,0.1,True,5,7.2306108474731445,54.55,11,6,5,
uchen_medium quality,uchen_medium quality - page 3,Modern,line,0.9,2.5,2.5,False,0.25,True,5,7.364825248718262,54.55,11,6,5,
uchen_medium quality,uchen_medium quality - page 3,Modern,line,0.9,2.5,2.5,False,0.5,True,5,7.268635511398315,54.55,11,6,5,
uchen_medium quality,uchen_medium quality - page 3,Modern,line,0.9,2.5,2.5,False,0.9,True,5,7.250020980834961,54.55,11,6,5,
uchen_medium quality,uchen_medium quality - page 3,Modern,line,0.9,2.5,3.5,True,0.1,True,2,7.378199577331543,33.33,3,1,2,
uchen_medium quality,uchen_medium quality - page 3,Modern,line,0.9,2.5,3.5,True,0.25,True,2,6.9968976974487305,33.33,3,1,2,
uchen_medium quality,uchen_medium quality - page 3,Modern,line,0.9,2.5,3.5,True,0.5,True,2,7.035022258758545,33.33,3,1,2,
uchen_medium quality,uchen_medium quality - page 3,Modern,line,0.9,2.5,3.5,True,0.9,True,2,7.0554234981536865,33.33,3,1,2,
uchen_medium quality,uchen_medium quality - page 3,Modern,line,0.9,2.5,3.5,False,0.1,True,5,9.428534269332886,52.94,17,9,8,
uchen_medium quality,uchen_medium quality - page 3,Modern,line,0.9,2.5,3.5,False,0.25,True,5,6.699400424957275,52.94,17,9,8,
uchen_medium quality,uchen_medium quality - page 3,Modern,line,0.9,2.5,3.5,False,0.5,True,5,7.163784503936768,52.94,17,9,8,
uchen_medium quality,uchen_medium quality - page 3,Modern,line,0.9,2.5,3.5,False,0.9,True,5,7.039156436920166,52.94,17,9,8,
uchen_medium quality,uchen_medium quality - page 3,Modern,line,0.9,2.5,4.0,True,0.1,True,2,7.025990724563599,40.0,5,2,3,
uchen_medium quality,uchen_medium quality - page 3,Modern,line,0.9,2.5,4.0,True,0.25,True,2,6.662065029144287,40.0,5,2,3,
uchen_medium quality,uchen_medium quality - page 3,Modern,line,0.9,2.5,4.0,True,0.5,True,2,6.813505172729492,40.0,5,2,3,
uchen_medium quality,uchen_medium quality - page 3,Modern,line,0.9,2.5,4.0,True,0.9,True,2,6.808651447296143,40.0,5,2,3,
uchen_medium quality,uchen_medium quality - page 3,Modern,line,0.9,2.5,4.0,False,0.1,True,5,6.862919330596924,80.0,15,12,3,
uchen_medium quality,uchen_medium quality - page 3,Modern,line,0.9,2.5,4.0,False,0.25,True,5,9.659102439880371,80.0,15,12,3,
uchen_medium quality,uchen_medium quality - page 3,Modern,line,0.9,2.5,4.0,False,0.5,True,5,6.717336416244507,80.0,15,12,3,
uchen_medium quality,uchen_medium quality - page 3,Modern,line,0.9,2.5,4.0,False,0.9,True,5,6.979283571243286,80.0,15,12,3,
uchen_medium quality,uchen_medium quality - page 3,Modern,line,0.9,2.5,5.0,True,0.1,True,2,6.472964286804199,60.0,5,3,2,
uchen_medium quality,uchen_medium quality - page 3,Modern,line,0.9,2.5,5.0,True,0.25,True,2,6.496354579925537,60.0,5,3,2,
uchen_medium quality,uchen_medium quality - page 3,Modern,line,0.9,2.5,5.0,True,0.5,True,2,6.6500937938690186,60.0,5,3,2,
uchen_medium quality,uchen_medium quality - page 3,Modern,line,0.9,2.5,5.0,True,0.9,True,2,6.494198560714722,60.0,5,3,2,
uchen_medium quality,uchen_medium quality - page 3,Modern,line,0.9,2.5,5.0,False,0.1,True,5,6.844775676727295,64.29,14,9,5,
uchen_medium quality,uchen_medium quality - page 3,Modern,line,0.9,2.5,5.0,False,0.25,True,5,6.765272617340088,64.29,14,9,5,
uchen_medium quality,uchen_medium quality - page 3,Modern,line,0.9,2.5,5.0,False,0.5,True,5,6.82180643081665,64.29,14,9,5,
uchen_medium quality,uchen_medium quality - page 3,Modern,line,0.9,2.5,5.0,False,0.9,True,5,6.9043474197387695,64.29,14,9,5,
uchen_medium quality,uchen_medium quality - page 3,Modern,line,0.9,3.0,2.5,True,0.1,True,2,8.116773843765259,60.0,5,3,2,
uchen_medium quality,uchen_medium quality - page 3,Modern,line,0.9,3.0,2.5,True,0.25,True,2,7.651227712631226,60.0,5,3,2,
uchen_medium quality,uchen_medium quality - page 3,Modern,line,0.9,3.0,2.5,True,0.5,True,2,7.812032699584961,60.0,5,3,2,
uchen_medium quality,uchen_medium quality - page 3,Modern,line,0.9,3.0,2.5,True,0.9,True,2,7.701746225357056,60.0,5,3,2,
uchen_medium quality,uchen_medium quality - page 3,Modern,line,0.9,3.0,2.5,False,0.1,True,5,7.601291179656982,50.0,12,6,6,
uchen_medium quality,uchen_medium quality - page 3,Modern,line,0.9,3.0,2.5,False,0.25,True,5,7.556391477584839,50.0,12,6,6,
uchen_medium quality,uchen_medium quality - page 3,Modern,line,0.9,3.0,2.5,False,0.5,True,5,7.65203070640564,50.0,12,6,6,
uchen_medium quality,uchen_medium quality - page 3,Modern,line,0.9,3.0,2.5,False,0.9,True,5,7.55356240272522,50.0,12,6,6,
uchen_medium quality,uchen_medium quality - page 3,Modern,line,0.9,3.0,3.5,True,0.1,True,2,7.5355613231658936,50.0,4,2,2,
uchen_medium quality,uchen_medium quality - page 3,Modern,line,0.9,3.0,3.5,True,0.25,True,2,7.671536684036255,50.0,4,2,2,
uchen_medium quality,uchen_medium quality - page 3,Modern,line,0.9,3.0,3.5,True,0.5,True,2,7.495282173156738,50.0,4,2,2,
uchen_medium quality,uchen_medium quality - page 3,Modern,line,0.9,3.0,3.5,True,0.9,True,2,7.499711990356445,50.0,4,2,2,
uchen_medium quality,uchen_medium quality - page 3,Modern,line,0.9,3.0,3.5,False,0.1,True,5,7.391413450241089,47.06,17,8,9,
uchen_medium quality,uchen_medium quality - page 3,Modern,line,0.9,3.0,3.5,False,0.25,True,5,7.404218912124634,47.06,17,8,9,
uchen_medium quality,uchen_medium quality - page 3,Modern,line,0.9,3.0,3.5,False,0.5,True,5,7.478265762329102,47.06,17,8,9,
uchen_medium quality,uchen_medium quality - page 3,Modern,line,0.9,3.0,3.5,False,0.9,True,5,7.49077582359314,47.06,17,8,9,
uchen_medium quality,uchen_medium quality - page 3,Modern,line,0.9,3.0,4.0,True,0.1,True,2,7.362581491470337,60.0,5,3,2,
uchen_medium quality,uchen_medium quality - page 3,Modern,line,0.9,3.0,4.0,True,0.25,True,2,7.565373420715332,60.0,5,3,2,
uchen_medium quality,uchen_medium quality - page 3,Modern,line,0.9,3.0,4.0,True,0.5,True,2,7.297972917556763,60.0,5,3,2,
uchen_medium quality,uchen_medium quality - page 3,Modern,line,0.9,3.0,4.0,True,0.9,True,2,7.3153076171875,60.0,5,3,2,
uchen_medium quality,uchen_medium quality - page 3,Modern,line,0.9,3.0,4.0,False,0.1,True,5,7.333625793457031,73.33,15,11,4,
uchen_medium quality,uchen_medium quality - page 3,Modern,line,0.9,3.0,4.0,False,0.25,True,5,7.37618613243103,73.33,15,11,4,
uchen_medium quality,uchen_medium quality - page 3,Modern,line,0.9,3.0,4.0,False,0.5,True,5,7.25487208366394,73.33,15,11,4,
uchen_medium quality,uchen_medium quality - page 3,Modern,line,0.9,3.0,4.0,False,0.9,True,5,7.287151098251343,73.33,15,11,4,
uchen_medium quality,uchen_medium quality - page 3,Modern,line,0.9,3.0,5.0,True,0.1,True,2,7.0392608642578125,60.0,5,3,2,
uchen_medium quality,uchen_medium quality - page 3,Modern,line,0.9,3.0,5.0,True,0.25,True,2,7.101593494415283,60.0,5,3,2,
uchen_medium quality,uchen_medium quality - page 3,Modern,line,0.9,3.0,5.0,True,0.5,True,2,7.038007497787476,60.0,5,3,2,
uchen_medium quality,uchen_medium quality - page 3,Modern,line,0.9,3.0,5.0,True,0.9,True,2,7.017107725143433,60.0,5,3,2,
uchen_medium quality,uchen_medium quality - page 3,Modern,line,0.9,3.0,5.0,False,0.1,True,5,7.225537300109863,64.29,14,9,5,
uchen_medium quality,uchen_medium quality - page 3,Modern,line,0.9,3.0,5.0,False,0.25,True,5,8.750563144683838,64.29,14,9,5,
uchen_medium quality,uchen_medium quality - page 3,Modern,line,0.9,3.0,5.0,False,0.5,True,5,6.950171947479248,64.29,14,9,5,
uchen_medium quality,uchen_medium quality - page 3,Modern,line,0.9,3.0,5.0,False,0.9,True,5,9.807210922241211,64.29,14,9,5,
uchen_medium quality,uchen_medium quality - page 3,Modern,layout,0.7,2.0,2.5,True,0.1,True,2,6.032798767089844,65.0,20,13,7,
uchen_medium quality,uchen_medium quality - page 3,Modern,layout,0.7,2.0,2.5,True,0.25,True,2,9.073835372924805,65.0,20,13,7,
uchen_medium quality,uchen_medium quality - page 3,Modern,layout,0.7,2.0,2.5,True,0.5,True,2,8.076800107955933,65.0,20,13,7,
uchen_medium quality,uchen_medium quality - page 3,Modern,layout,0.7,2.0,2.5,True,0.9,True,2,5.855206727981567,65.0,20,13,7,
uchen_medium quality,uchen_medium quality - page 3,Modern,layout,0.7,2.0,2.5,False,0.1,True,3,6.686509847640991,52.38,21,11,10,
uchen_medium quality,uchen_medium quality - page 3,Modern,layout,0.7,2.0,2.5,False,0.25,True,3,6.449298620223999,52.38,21,11,10,
uchen_medium quality,uchen_medium quality - page 3,Modern,layout,0.7,2.0,2.5,False,0.5,True,3,6.551878213882446,52.38,21,11,10,
uchen_medium quality,uchen_medium quality - page 3,Modern,layout,0.7,2.0,2.5,False,0.9,True,3,6.44440484046936,52.38,21,11,10,
uchen_medium quality,uchen_medium quality - page 3,Modern,layout,0.7,2.0,3.5,True,0.1,True,2,5.932272434234619,38.89,18,7,11,
uchen_medium quality,uchen_medium quality - page 3,Modern,layout,0.7,2.0,3.5,True,0.25,True,2,5.985591173171997,38.89,18,7,11,
uchen_medium quality,uchen_medium quality - page 3,Modern,layout,0.7,2.0,3.5,True,0.5,True,2,6.087916851043701,38.89,18,7,11,
uchen_medium quality,uchen_medium quality - page 3,Modern,layout,0.7,2.0,3.5,True,0.9,True,2,7.2250449657440186,38.89,18,7,11,
uchen_medium quality,uchen_medium quality - page 3,Modern,layout,0.7,2.0,3.5,False,0.1,True,3,6.146059036254883,50.0,20,10,10,
uchen_medium quality,uchen_medium quality - page 3,Modern,layout,0.7,2.0,3.5,False,0.25,True,3,6.262024164199829,50.0,20,10,10,
uchen_medium quality,uchen_medium quality - page 3,Modern,layout,0.7,2.0,3.5,False,0.5,True,3,6.491676330566406,50.0,20,10,10,
uchen_medium quality,uchen_medium quality - page 3,Modern,layout,0.7,2.0,3.5,False,0.9,True,3,6.304239511489868,50.0,20,10,10,
uchen_medium quality,uchen_medium quality - page 3,Modern,layout,0.7,2.0,4.0,True,0.1,True,2,5.984351873397827,50.0,18,9,9,
uchen_medium quality,uchen_medium quality - page 3,Modern,layout,0.7,2.0,4.0,True,0.25,True,2,6.04712700843811,50.0,18,9,9,
uchen_medium quality,uchen_medium quality - page 3,Modern,layout,0.7,2.0,4.0,True,0.5,True,2,6.044507265090942,50.0,18,9,9,
uchen_medium quality,uchen_medium quality - page 3,Modern,layout,0.7,2.0,4.0,True,0.9,True,2,5.996483087539673,50.0,18,9,9,
uchen_medium quality,uchen_medium quality - page 3,Modern,layout,0.7,2.0,4.0,False,0.1,True,3,6.302880048751831,47.62,21,10,11,
uchen_medium quality,uchen_medium quality - page 3,Modern,layout,0.7,2.0,4.0,False,0.25,True,3,6.408002853393555,47.62,21,10,11,
uchen_medium quality,uchen_medium quality - page 3,Modern,layout,0.7,2.0,4.0,False,0.5,True,3,6.300842046737671,47.62,21,10,11,
uchen_medium quality,uchen_medium quality - page 3,Modern,layout,0.7,2.0,4.0,False,0.9,True,3,6.364684104919434,47.62,21,10,11,
uchen_medium quality,uchen_medium quality - page 3,Modern,layout,0.7,2.0,5.0,True,0.1,True,2,6.118474721908569,60.0,15,9,6,
uchen_medium quality,uchen_medium quality - page 3,Modern,layout,0.7,2.0,5.0,True,0.25,True,2,6.119082927703857,60.0,15,9,6,
uchen_medium quality,uchen_medium quality - page 3,Modern,layout,0.7,2.0,5.0,True,0.5,True,2,8.914409160614014,60.0,15,9,6,
uchen_medium quality,uchen_medium quality - page 3,Modern,layout,0.7,2.0,5.0,True,0.9,True,2,5.720736742019653,60.0,15,9,6,
uchen_medium quality,uchen_medium quality - page 3,Modern,layout,0.7,2.0,5.0,False,0.1,True,3,6.2902703285217285,50.0,16,8,8,
uchen_medium quality,uchen_medium quality - page 3,Modern,layout,0.7,2.0,5.0,False,0.25,True,3,9.241445302963257,50.0,16,8,8,
uchen_medium quality,uchen_medium quality - page 3,Modern,layout,0.7,2.0,5.0,False,0.5,True,3,5.977940797805786,50.0,16,8,8,
uchen_medium quality,uchen_medium quality - page 3,Modern,layout,0.7,2.0,5.0,False,0.9,True,3,6.298491954803467,50.0,16,8,8,
uchen_medium quality,uchen_medium quality - page 3,Modern,layout,0.7,2.5,2.5,True,0.1,True,2,6.82464075088501,70.0,20,14,6,
uchen_medium quality,uchen_medium quality - page 3,Modern,layout,0.7,2.5,2.5,True,0.25,True,2,6.738199710845947,70.0,20,14,6,
uchen_medium quality,uchen_medium quality - page 3,Modern,layout,0.7,2.5,2.5,True,0.5,True,2,9.39916467666626,70.0,20,14,6,
uchen_medium quality,uchen_medium quality - page 3,Modern,layout,0.7,2.5,2.5,True,0.9,True,2,6.338500022888184,70.0,20,14,6,
uchen_medium quality,uchen_medium quality - page 3,Modern,layout,0.7,2.5,2.5,False,0.1,True,3,6.919783353805542,57.14,21,12,9,
uchen_medium quality,uchen_medium quality - page 3,Modern,layout,0.7,2.5,2.5,False,0.25,True,3,7.018218040466309,57.14,21,12,9,
uchen_medium quality,uchen_medium quality - page 3,Modern,layout,0.7,2.5,2.5,False,0.5,True,3,6.936722278594971,57.14,21,12,9,
uchen_medium quality,uchen_medium quality - page 3,Modern,layout,0.7,2.5,2.5,False,0.9,True,3,6.927916049957275,57.14,21,12,9,
uchen_medium quality,uchen_medium quality - page 3,Modern,layout,0.7,2.5,3.5,True,0.1,True,2,6.378671646118164,38.89,18,7,11,
uchen_medium quality,uchen_medium quality - page 3,Modern,layout,0.7,2.5,3.5,True,0.25,True,2,6.643105506896973,38.89,18,7,11,
uchen_medium quality,uchen_medium quality - page 3,Modern,layout,0.7,2.5,3.5,True,0.5,True,2,6.395948648452759,38.89,18,7,11,
uchen_medium quality,uchen_medium quality - page 3,Modern,layout,0.7,2.5,3.5,True,0.9,True,2,6.393486976623535,38.89,18,7,11,
uchen_medium quality,uchen_medium quality - page 3,Modern,layout,0.7,2.5,3.5,False,0.1,True,3,6.6692705154418945,50.0,20,10,10,
uchen_medium quality,uchen_medium quality - page 3,Modern,layout,0.7,2.5,3.5,False,0.25,True,3,6.793155908584595,50.0,20,10,10,
uchen_medium quality,uchen_medium quality - page 3,Modern,layout,0.7,2.5,3.5,False,0.5,True,3,6.6622889041900635,50.0,20,10,10,
uchen_medium quality,uchen_medium quality - page 3,Modern,layout,0.7,2.5,3.5,False,0.9,True,3,7.84591007232666,50.0,20,10,10,
uchen_medium quality,uchen_medium quality - page 3,Modern,layout,0.7,2.5,4.0,True,0.1,True,2,6.429108142852783,50.0,18,9,9,
uchen_medium quality,uchen_medium quality - page 3,Modern,layout,0.7,2.5,4.0,True,0.25,True,2,6.478685617446899,50.0,18,9,9,
uchen_medium quality,uchen_medium quality - page 3,Modern,layout,0.7,2.5,4.0,True,0.5,True,2,6.500861406326294,50.0,18,9,9,
uchen_medium quality,uchen_medium quality - page 3,Modern,layout,0.7,2.5,4.0,True,0.9,True,2,6.396093368530273,50.0,18,9,9,
uchen_medium quality,uchen_medium quality - page 3,Modern,layout,0.7,2.5,4.0,False,0.1,True,3,6.675262928009033,47.62,21,10,11,
uchen_medium quality,uchen_medium quality - page 3,Modern,layout,0.7,2.5,4.0,False,0.25,True,3,6.743916034698486,47.62,21,10,11,
uchen_medium quality,uchen_medium quality - page 3,Modern,layout,0.7,2.5,4.0,False,0.5,True,3,6.64679217338562,47.62,21,10,11,
uchen_medium quality,uchen_medium quality - page 3,Modern,layout,0.7,2.5,4.0,False,0.9,True,3,6.598381757736206,47.62,21,10,11,
uchen_medium quality,uchen_medium quality - page 3,Modern,layout,0.7,2.5,5.0,True,0.1,True,2,6.348862409591675,41.67,12,5,7,
uchen_medium quality,uchen_medium quality - page 3,Modern,layout,0.7,2.5,5.0,True,0.25,True,2,6.325900077819824,41.67,12,5,7,
uchen_medium quality,uchen_medium quality - page 3,Modern,layout,0.7,2.5,5.0,True,0.5,True,2,6.6899025440216064,41.67,12,5,7,
uchen_medium quality,uchen_medium quality - page 3,Modern,layout,0.7,2.5,5.0,True,0.9,True,2,6.4210755825042725,41.67,12,5,7,
uchen_medium quality,uchen_medium quality - page 3,Modern,layout,0.7,2.5,5.0,False,0.1,True,3,6.642375946044922,53.33,15,8,7,
uchen_medium quality,uchen_medium quality - page 3,Modern,layout,0.7,2.5,5.0,False,0.25,True,3,6.553424835205078,53.33,15,8,7,
uchen_medium quality,uchen_medium quality - page 3,Modern,layout,0.7,2.5,5.0,False,0.5,True,3,6.648209810256958,53.33,15,8,7,
uchen_medium quality,uchen_medium quality - page 3,Modern,layout,0.7,2.5,5.0,False,0.9,True,3,6.56104850769043,53.33,15,8,7,
uchen_medium quality,uchen_medium quality - page 3,Modern,layout,0.7,3.0,2.5,True,0.1,True,2,7.166220188140869,57.14,14,8,6,
uchen_medium quality,uchen_medium quality - page 3,Modern,layout,0.7,3.0,2.5,True,0.25,True,2,7.085104465484619,57.14,14,8,6,
uchen_medium quality,uchen_medium quality - page 3,Modern,layout,0.7,3.0,2.5,True,0.5,True,2,7.162586688995361,57.14,14,8,6,
uchen_medium quality,uchen_medium quality - page 3,Modern,layout,0.7,3.0,2.5,True,0.9,True,2,7.0776965618133545,57.14,14,8,6,
uchen_medium quality,uchen_medium quality - page 3,Modern,layout,0.7,3.0,2.5,False,0.1,True,3,7.508159399032593,40.0,15,6,9,
uchen_medium quality,uchen_medium quality - page 3,Modern,layout,0.7,3.0,2.5,False,0.25,True,3,7.398017168045044,40.0,15,6,9,
uchen_medium quality,uchen_medium quality - page 3,Modern,layout,0.7,3.0,2.5,False,0.5,True,3,7.487097263336182,40.0,15,6,9,
uchen_medium quality,uchen_medium quality - page 3,Modern,layout,0.7,3.0,2.5,False,0.9,True,3,7.344415903091431,40.0,15,6,9,
uchen_medium quality,uchen_medium quality - page 3,Modern,layout,0.7,3.0,3.5,True,0.1,True,2,6.783728361129761,42.86,14,6,8,
uchen_medium quality,uchen_medium quality - page 3,Modern,layout,0.7,3.0,3.5,True,0.25,True,2,6.890395164489746,42.86,14,6,8,
uchen_medium quality,uchen_medium quality - page 3,Modern,layout,0.7,3.0,3.5,True,0.5,True,2,6.857206583023071,42.86,14,6,8,
uchen_medium quality,uchen_medium quality - page 3,Modern,layout,0.7,3.0,3.5,True,0.9,True,2,6.83617639541626,42.86,14,6,8,
uchen_medium quality,uchen_medium quality - page 3,Modern,layout,0.7,3.0,3.5,False,0.1,True,3,7.229986906051636,56.25,16,9,7,
uchen_medium quality,uchen_medium quality - page 3,Modern,layout,0.7,3.0,3.5,False,0.25,True,3,7.243881702423096,56.25,16,9,7,
uchen_medium quality,uchen_medium quality - page 3,Modern,layout,0.7,3.0,3.5,False,0.5,True,3,7.131338357925415,56.25,16,9,7,
uchen_medium quality,uchen_medium quality - page 3,Modern,layout,0.7,3.0,3.5,False,0.9,True,3,10.15750789642334,56.25,16,9,7,
uchen_medium quality,uchen_medium quality - page 3,Modern,layout,0.7,3.0,4.0,True,0.1,True,2,6.652793884277344,46.15,13,6,7,
uchen_medium quality,uchen_medium quality - page 3,Modern,layout,0.7,3.0,4.0,True,0.25,True,2,6.7704761028289795,46.15,13,6,7,
uchen_medium quality,uchen_medium quality - page 3,Modern,layout,0.7,3.0,4.0,True,0.5,True,2,6.8915956020355225,46.15,13,6,7,
uchen_medium quality,uchen_medium quality - page 3,Modern,layout,0.7,3.0,4.0,True,0.9,True,2,6.8798675537109375,46.15,13,6,7,
uchen_medium quality,uchen_medium quality - page 3,Modern,layout,0.7,3.0,4.0,False,0.1,True,3,7.349194049835205,43.75,16,7,9,
uchen_medium quality,uchen_medium quality - page 3,Modern,layout,0.7,3.0,4.0,False,0.25,True,3,7.130145788192749,43.75,16,7,9,
uchen_medium quality,uchen_medium quality - page 3,Modern,layout,0.7,3.0,4.0,False,0.5,True,3,7.130932092666626,43.75,16,7,9,
uchen_medium quality,uchen_medium quality - page 3,Modern,layout,0.7,3.0,4.0,False,0.9,True,3,7.1281561851501465,43.75,16,7,9,
uchen_medium quality,uchen_medium quality - page 3,Modern,layout,0.7,3.0,5.0,True,0.1,True,2,6.8898725509643555,41.67,12,5,7,
uchen_medium quality,uchen_medium quality - page 3,Modern,layout,0.7,3.0,5.0,True,0.25,True,2,6.7893736362457275,41.67,12,5,7,
uchen_medium quality,uchen_medium quality - page 3,Modern,layout,0.7,3.0,5.0,True,0.5,True,2,6.813488960266113,41.67,12,5,7,
uchen_medium quality,uchen_medium quality - page 3,Modern,layout,0.7,3.0,5.0,True,0.9,True,2,6.771748065948486,41.67,12,5,7,
uchen_medium quality,uchen_medium quality - page 3,Modern,layout,0.7,3.0,5.0,False,0.1,True,3,10.035734176635742,53.33,15,8,7,
uchen_medium quality,uchen_medium quality - page 3,Modern,layout,0.7,3.0,5.0,False,0.25,True,3,6.8019349575042725,53.33,15,8,7,
uchen_medium quality,uchen_medium quality - page 3,Modern,layout,0.7,3.0,5.0,False,0.5,True,3,6.973071575164795,53.33,15,8,7,
uchen_medium quality,uchen_medium quality - page 3,Modern,layout,0.7,3.0,5.0,False,0.9,True,3,7.202833652496338,53.33,15,8,7,
uchen_medium quality,uchen_medium quality - page 3,Modern,layout,0.8,2.0,2.5,True,0.1,True,2,9.042929649353027,65.0,20,13,7,
uchen_medium quality,uchen_medium quality - page 3,Modern,layout,0.8,2.0,2.5,True,0.25,True,2,9.039563417434692,65.0,20,13,7,
uchen_medium quality,uchen_medium quality - page 3,Modern,layout,0.8,2.0,2.5,True,0.5,True,2,9.06635308265686,65.0,20,13,7,
uchen_medium quality,uchen_medium quality - page 3,Modern,layout,0.8,2.0,2.5,True,0.9,True,2,9.045688152313232,65.0,20,13,7,
uchen_medium quality,uchen_medium quality - page 3,Modern,layout,0.8,2.0,2.5,False,0.1,True,3,9.451815843582153,52.38,21,11,10,
uchen_medium quality,uchen_medium quality - page 3,Modern,layout,0.8,2.0,2.5,False,0.25,True,3,9.449086427688599,52.38,21,11,10,
uchen_medium quality,uchen_medium quality - page 3,Modern,layout,0.8,2.0,2.5,False,0.5,True,3,9.411611795425415,52.38,21,11,10,
uchen_medium quality,uchen_medium quality - page 3,Modern,layout,0.8,2.0,2.5,False,0.9,True,3,6.1864402294158936,52.38,21,11,10,
uchen_medium quality,uchen_medium quality - page 3,Modern,layout,0.8,2.0,3.5,True,0.1,True,2,8.881208658218384,38.89,18,7,11,
uchen_medium quality,uchen_medium quality - page 3,Modern,layout,0.8,2.0,3.5,True,0.25,True,2,8.82636046409607,38.89,18,7,11,
uchen_medium quality,uchen_medium quality - page 3,Modern,layout,0.8,2.0,3.5,True,0.5,True,2,8.839897394180298,38.89,18,7,11,
uchen_medium quality,uchen_medium quality - page 3,Modern,layout,0.8,2.0,3.5,True,0.9,True,2,5.752608060836792,38.89,18,7,11,
uchen_medium quality,uchen_medium quality - page 3,Modern,layout,0.8,2.0,3.5,False,0.1,True,3,6.041245222091675,50.0,20,10,10,
uchen_medium quality,uchen_medium quality - page 3,Modern,layout,0.8,2.0,3.5,False,0.25,True,3,6.7748565673828125,50.0,20,10,10,
uchen_medium quality,uchen_medium quality - page 3,Modern,layout,0.8,2.0,3.5,False,0.5,True,3,9.20306921005249,50.0,20,10,10,
uchen_medium quality,uchen_medium quality - page 3,Modern,layout,0.8,2.0,3.5,False,0.9,True,3,9.185273885726929,50.0,20,10,10,
uchen_medium quality,uchen_medium quality - page 3,Modern,layout,0.8,2.0,4.0,True,0.1,True,2,8.87316370010376,50.0,18,9,9,
uchen_medium quality,uchen_medium quality - page 3,Modern,layout,0.8,2.0,4.0,True,0.25,True,2,8.829306840896606,50.0,18,9,9,
uchen_medium quality,uchen_medium quality - page 3,Modern,layout,0.8,2.0,4.0,True,0.5,True,2,8.854690551757812,50.0,18,9,9,
uchen_medium quality,uchen_medium quality - page 3,Modern,layout,0.8,2.0,4.0,True,0.9,True,2,8.871408224105835,50.0,18,9,9,
uchen_medium quality,uchen_medium quality - page 3,Modern,layout,0.8,2.0,4.0,False,0.1,True,3,9.186490535736084,47.62,21,10,11,
uchen_medium quality,uchen_medium quality - page 3,Modern,layout,0.8,2.0,4.0,False,0.25,True,3,9.196555852890015,47.62,21,10,11,
uchen_medium quality,uchen_medium quality - page 3,Modern,layout,0.8,2.0,4.0,False,0.5,True,3,9.253920793533325,47.62,21,10,11,
uchen_medium quality,uchen_medium quality - page 3,Modern,layout,0.8,2.0,4.0,False,0.9,True,3,9.154086351394653,47.62,21,10,11,
uchen_medium quality,uchen_medium quality - page 3,Modern,layout,0.8,2.0,5.0,True,0.1,True,2,8.826667308807373,60.0,15,9,6,
uchen_medium quality,uchen_medium quality - page 3,Modern,layout,0.8,2.0,5.0,True,0.25,True,2,8.880027532577515,60.0,15,9,6,
uchen_medium quality,uchen_medium quality - page 3,Modern,layout,0.8,2.0,5.0,True,0.5,True,2,8.856323719024658,60.0,15,9,6,
uchen_medium quality,uchen_medium quality - page 3,Modern,layout,0.8,2.0,5.0,True,0.9,True,2,9.103090286254883,60.0,15,9,6,
uchen_medium quality,uchen_medium quality - page 3,Modern,layout,0.8,2.0,5.0,False,0.1,True,3,6.66013240814209,50.0,16,8,8,
uchen_medium quality,uchen_medium quality - page 3,Modern,layout,0.8,2.0,5.0,False,0.25,True,3,6.027532339096069,50.0,16,8,8,
uchen_medium quality,uchen_medium quality - page 3,Modern,layout,0.8,2.0,5.0,False,0.5,True,3,5.937089920043945,50.0,16,8,8,
uchen_medium quality,uchen_medium quality - page 3,Modern,layout,0.8,2.0,5.0,False,0.9,True,3,6.129998207092285,50.0,16,8,8,
uchen_medium quality,uchen_medium quality - page 3,Modern,layout,0.8,2.5,2.5,True,0.1,True,2,6.632503986358643,70.0,20,14,6,
uchen_medium quality,uchen_medium quality - page 3,Modern,layout,0.8,2.5,2.5,True,0.25,True,2,6.7606847286224365,70.0,20,14,6,
uchen_medium quality,uchen_medium quality - page 3,Modern,layout,0.8,2.5,2.5,True,0.5,True,2,6.604312181472778,70.0,20,14,6,
uchen_medium quality,uchen_medium quality - page 3,Modern,layout,0.8,2.5,2.5,True,0.9,True,2,6.595539569854736,70.0,20,14,6,
uchen_medium quality,uchen_medium quality - page 3,Modern,layout,0.8,2.5,2.5,False,0.1,True,3,6.880849123001099,57.14,21,12,9,
uchen_medium quality,uchen_medium quality - page 3,Modern,layout,0.8,2.5,2.5,False,0.25,True,3,6.954712629318237,57.14,21,12,9,
uchen_medium quality,uchen_medium quality - page 3,Modern,layout,0.8,2.5,2.5,False,0.5,True,3,6.877722978591919,57.14,21,12,9,
uchen_medium quality,uchen_medium quality - page 3,Modern,layout,0.8,2.5,2.5,False,0.9,True,3,6.923396587371826,57.14,21,12,9,
uchen_medium quality,uchen_medium quality - page 3,Modern,layout,0.8,2.5,3.5,True,0.1,True,2,6.399296998977661,38.89,18,7,11,
uchen_medium quality,uchen_medium quality - page 3,Modern,layout,0.8,2.5,3.5,True,0.25,True,2,6.485196352005005,38.89,18,7,11,
uchen_medium quality,uchen_medium quality - page 3,Modern,layout,0.8,2.5,3.5,True,0.5,True,2,6.5144922733306885,38.89,18,7,11,
uchen_medium quality,uchen_medium quality - page 3,Modern,layout,0.8,2.5,3.5,True,0.9,True,2,6.507403373718262,38.89,18,7,11,
uchen_medium quality,uchen_medium quality - page 3,Modern,layout,0.8,2.5,3.5,False,0.1,True,3,6.714702129364014,50.0,20,10,10,
uchen_medium quality,uchen_medium quality - page 3,Modern,layout,0.8,2.5,3.5,False,0.25,True,3,6.690839529037476,50.0,20,10,10,
uchen_medium quality,uchen_medium quality - page 3,Modern,layout,0.8,2.5,3.5,False,0.5,True,3,6.787857532501221,50.0,20,10,10,
uchen_medium quality,uchen_medium quality - page 3,Modern,layout,0.8,2.5,3.5,False,0.9,True,3,6.6646716594696045,50.0,20,10,10,
uchen_medium quality,uchen_medium quality - page 3,Modern,layout,0.8,2.5,4.0,True,0.1,True,2,6.392901182174683,50.0,18,9,9,
uchen_medium quality,uchen_medium quality - page 3,Modern,layout,0.8,2.5,4.0,True,0.25,True,2,6.458011627197266,50.0,18,9,9,
uchen_medium quality,uchen_medium quality - page 3,Modern,layout,0.8,2.5,4.0,True,0.5,True,2,6.449283838272095,50.0,18,9,9,
uchen_medium quality,uchen_medium quality - page 3,Modern,layout,0.8,2.5,4.0,True,0.9,True,2,6.4934306144714355,50.0,18,9,9,
uchen_medium quality,uchen_medium quality - page 3,Modern,layout,0.8,2.5,4.0,False,0.1,True,3,6.753730297088623,47.62,21,10,11,
uchen_medium quality,uchen_medium quality - page 3,Modern,layout,0.8,2.5,4.0,False,0.25,True,3,6.750856876373291,47.62,21,10,11,
uchen_medium quality,uchen_medium quality - page 3,Modern,layout,0.8,2.5,4.0,False,0.5,True,3,6.715881109237671,47.62,21,10,11,
uchen_medium quality,uchen_medium quality - page 3,Modern,layout,0.8,2.5,4.0,False,0.9,True,3,6.697952747344971,47.62,21,10,11,
uchen_medium quality,uchen_medium quality - page 3,Modern,layout,0.8,2.5,5.0,True,0.1,True,2,6.372578144073486,41.67,12,5,7,
uchen_medium quality,uchen_medium quality - page 3,Modern,layout,0.8,2.5,5.0,True,0.25,True,2,6.48323655128479,41.67,12,5,7,
uchen_medium quality,uchen_medium quality - page 3,Modern,layout,0.8,2.5,5.0,True,0.5,True,2,6.413755655288696,41.67,12,5,7,
uchen_medium quality,uchen_medium quality - page 3,Modern,layout,0.8,2.5,5.0,True,0.9,True,2,6.3782570362091064,41.67,12,5,7,
uchen_medium quality,uchen_medium quality - page 3,Modern,layout,0.8,2.5,5.0,False,0.1,True,3,6.704948663711548,53.33,15,8,7,
uchen_medium quality,uchen_medium quality - page 3,Modern,layout,0.8,2.5,5.0,False,0.25,True,3,6.731999635696411,53.33,15,8,7,
uchen_medium quality,uchen_medium quality - page 3,Modern,layout,0.8,2.5,5.0,False,0.5,True,3,6.646871566772461,53.33,15,8,7,
uchen_medium quality,uchen_medium quality - page 3,Modern,layout,0.8,2.5,5.0,False,0.9,True,3,6.611225843429565,53.33,15,8,7,
uchen_medium quality,uchen_medium quality - page 3,Modern,layout,0.8,3.0,2.5,True,0.1,True,2,7.2993950843811035,57.14,14,8,6,
uchen_medium quality,uchen_medium quality - page 3,Modern,layout,0.8,3.0,2.5,True,0.25,True,2,7.1578192710876465,57.14,14,8,6,
uchen_medium quality,uchen_medium quality - page 3,Modern,layout,0.8,3.0,2.5,True,0.5,True,2,7.177397727966309,57.14,14,8,6,
uchen_medium quality,uchen_medium quality - page 3,Modern,layout,0.8,3.0,2.5,True,0.9,True,2,7.217303991317749,57.14,14,8,6,
uchen_medium quality,uchen_medium quality - page 3,Modern,layout,0.8,3.0,2.5,False,0.1,True,3,7.520638704299927,40.0,15,6,9,
uchen_medium quality,uchen_medium quality - page 3,Modern,layout,0.8,3.0,2.5,False,0.25,True,3,7.538573503494263,40.0,15,6,9,
uchen_medium quality,uchen_medium quality - page 3,Modern,layout,0.8,3.0,2.5,False,0.5,True,3,7.4930360317230225,40.0,15,6,9,
uchen_medium quality,uchen_medium quality - page 3,Modern,layout,0.8,3.0,2.5,False,0.9,True,3,7.407492637634277,40.0,15,6,9,
uchen_medium quality,uchen_medium quality - page 3,Modern,layout,0.8,3.0,3.5,True,0.1,True,2,7.618082046508789,42.86,14,6,8,
uchen_medium quality,uchen_medium quality - page 3,Modern,layout,0.8,3.0,3.5,True,0.25,True,2,9.798157930374146,42.86,14,6,8,
uchen_medium quality,uchen_medium quality - page 3,Modern,layout,0.8,3.0,3.5,True,0.5,True,2,9.771484851837158,42.86,14,6,8,
uchen_medium quality,uchen_medium quality - page 3,Modern,layout,0.8,3.0,3.5,True,0.9,True,2,9.768034219741821,42.86,14,6,8,
uchen_medium quality,uchen_medium quality - page 3,Modern,layout,0.8,3.0,3.5,False,0.1,True,3,8.08445405960083,56.25,16,9,7,
uchen_medium quality,uchen_medium quality - page 3,Modern,layout,0.8,3.0,3.5,False,0.25,True,3,6.838911771774292,56.25,16,9,7,
uchen_medium quality,uchen_medium quality - page 3,Modern,layout,0.8,3.0,3.5,False,0.5,True,3,6.843344211578369,56.25,16,9,7,
uchen_medium quality,uchen_medium quality - page 3,Modern,layout,0.8,3.0,3.5,False,0.9,True,3,7.172390460968018,56.25,16,9,7,
uchen_medium quality,uchen_medium quality - page 3,Modern,layout,0.8,3.0,4.0,True,0.1,True,2,6.786843538284302,46.15,13,6,7,
uchen_medium quality,uchen_medium quality - page 3,Modern,layout,0.8,3.0,4.0,True,0.25,True,2,6.772629261016846,46.15,13,6,7,
uchen_medium quality,uchen_medium quality - page 3,Modern,layout,0.8,3.0,4.0,True,0.5,True,2,6.904033184051514,46.15,13,6,7,
uchen_medium quality,uchen_medium quality - page 3,Modern,layout,0.8,3.0,4.0,True,0.9,True,2,9.66898512840271,46.15,13,6,7,
uchen_medium quality,uchen_medium quality - page 3,Modern,layout,0.8,3.0,4.0,False,0.1,True,3,6.873634576797485,43.75,16,7,9,
uchen_medium quality,uchen_medium quality - page 3,Modern,layout,0.8,3.0,4.0,False,0.25,True,3,8.172288179397583,43.75,16,7,9,
uchen_medium quality,uchen_medium quality - page 3,Modern,layout,0.8,3.0,4.0,False,0.5,True,3,6.981849431991577,43.75,16,7,9,
uchen_medium quality,uchen_medium quality - page 3,Modern,layout,0.8,3.0,4.0,False,0.9,True,3,7.031951189041138,43.75,16,7,9,
uchen_medium quality,uchen_medium quality - page 3,Modern,layout,0.8,3.0,5.0,True,0.1,True,2,6.689547061920166,41.67,12,5,7,
uchen_medium quality,uchen_medium quality - page 3,Modern,layout,0.8,3.0,5.0,True,0.25,True,2,6.823174238204956,41.67,12,5,7,
uchen_medium quality,uchen_medium quality - page 3,Modern,layout,0.8,3.0,5.0,True,0.5,True,2,6.696793556213379,41.67,12,5,7,
uchen_medium quality,uchen_medium quality - page 3,Modern,layout,0.8,3.0,5.0,True,0.9,True,2,6.688382863998413,41.67,12,5,7,
uchen_medium quality,uchen_medium quality - page 3,Modern,layout,0.8,3.0,5.0,False,0.1,True,3,7.039926290512085,53.33,15,8,7,
uchen_medium quality,uchen_medium quality - page 3,Modern,layout,0.8,3.0,5.0,False,0.25,True,3,7.1585776805877686,53.33,15,8,7,
uchen_medium quality,uchen_medium quality - page 3,Modern,layout,0.8,3.0,5.0,False,0.5,True,3,7.000630140304565,53.33,15,8,7,
uchen_medium quality,uchen_medium quality - page 3,Modern,layout,0.8,3.0,5.0,False,0.9,True,3,6.985283374786377,53.33,15,8,7,
uchen_medium quality,uchen_medium quality - page 3,Modern,layout,0.9,2.0,2.5,True,0.1,True,2,6.323108196258545,65.0,20,13,7,
uchen_medium quality,uchen_medium quality - page 3,Modern,layout,0.9,2.0,2.5,True,0.25,True,2,6.193386554718018,65.0,20,13,7,
uchen_medium quality,uchen_medium quality - page 3,Modern,layout,0.9,2.0,2.5,True,0.5,True,2,6.216639518737793,65.0,20,13,7,
uchen_medium quality,uchen_medium quality - page 3,Modern,layout,0.9,2.0,2.5,True,0.9,True,2,6.285265922546387,65.0,20,13,7,
uchen_medium quality,uchen_medium quality - page 3,Modern,layout,0.9,2.0,2.5,False,0.1,True,3,6.5473504066467285,52.38,21,11,10,
uchen_medium quality,uchen_medium quality - page 3,Modern,layout,0.9,2.0,2.5,False,0.25,True,3,6.654344797134399,52.38,21,11,10,
uchen_medium quality,uchen_medium quality - page 3,Modern,layout,0.9,2.0,2.5,False,0.5,True,3,6.651262283325195,52.38,21,11,10,
uchen_medium quality,uchen_medium quality - page 3,Modern,layout,0.9,2.0,2.5,False,0.9,True,3,6.562239646911621,52.38,21,11,10,
uchen_medium quality,uchen_medium quality - page 3,Modern,layout,0.9,2.0,3.5,True,0.1,True,2,5.99054217338562,38.89,18,7,11,
uchen_medium quality,uchen_medium quality - page 3,Modern,layout,0.9,2.0,3.5,True,0.25,True,2,6.1900060176849365,38.89,18,7,11,
uchen_medium quality,uchen_medium quality - page 3,Modern,layout,0.9,2.0,3.5,True,0.5,True,2,6.024648427963257,38.89,18,7,11,
uchen_medium quality,uchen_medium quality - page 3,Modern,layout,0.9,2.0,3.5,True,0.9,True,2,6.0192039012908936,38.89,18,7,11,
uchen_medium quality,uchen_medium quality - page 3,Modern,layout,0.9,2.0,3.5,False,0.1,True,3,6.349050760269165,50.0,20,10,10,
uchen_medium quality,uchen_medium quality - page 3,Modern,layout,0.9,2.0,3.5,False,0.25,True,3,6.309126615524292,50.0,20,10,10,
uchen_medium quality,uchen_medium quality - page 3,Modern,layout,0.9,2.0,3.5,False,0.5,True,3,6.414109706878662,50.0,20,10,10,
uchen_medium quality,uchen_medium quality - page 3,Modern,layout,0.9,2.0,3.5,False,0.9,True,3,6.4049787521362305,50.0,20,10,10,
uchen_medium quality,uchen_medium quality - page 3,Modern,layout,0.9,2.0,4.0,True,0.1,True,2,6.186954498291016,50.0,18,9,9,
uchen_medium quality,uchen_medium quality - page 3,Modern,layout,0.9,2.0,4.0,True,0.25,True,2,6.023939371109009,50.0,18,9,9,
uchen_medium quality,uchen_medium quality - page 3,Modern,layout,0.9,2.0,4.0,True,0.5,True,2,6.134974002838135,50.0,18,9,9,
uchen_medium quality,uchen_medium quality - page 3,Modern,layout,0.9,2.0,4.0,True,0.9,True,2,6.02448844909668,50.0,18,9,9,
uchen_medium quality,uchen_medium quality - page 3,Modern,layout,0.9,2.0,4.0,False,0.1,True,3,6.3434975147247314,47.62,21,10,11,
uchen_medium quality,uchen_medium quality - page 3,Modern,layout,0.9,2.0,4.0,False,0.25,True,3,6.307047367095947,47.62,21,10,11,
uchen_medium quality,uchen_medium quality - page 3,Modern,layout,0.9,2.0,4.0,False,0.5,True,3,6.4106714725494385,47.62,21,10,11,
uchen_medium quality,uchen_medium quality - page 3,Modern,layout,0.9,2.0,4.0,False,0.9,True,3,6.3882153034210205,47.62,21,10,11,
uchen_medium quality,uchen_medium quality - page 3,Modern,layout,0.9,2.0,5.0,True,0.1,True,2,6.05525803565979,60.0,15,9,6,
uchen_medium quality,uchen_medium quality - page 3,Modern,layout,0.9,2.0,5.0,True,0.25,True,2,6.180413007736206,60.0,15,9,6,
uchen_medium quality,uchen_medium quality - page 3,Modern,layout,0.9,2.0,5.0,True,0.5,True,2,6.449654579162598,60.0,15,9,6,
uchen_medium quality,uchen_medium quality - page 3,Modern,layout,0.9,2.0,5.0,True,0.9,True,2,6.035349369049072,60.0,15,9,6,
uchen_medium quality,uchen_medium quality - page 3,Modern,layout,0.9,2.0,5.0,False,0.1,True,3,6.30112361907959,50.0,16,8,8,
uchen_medium quality,uchen_medium quality - page 3,Modern,layout,0.9,2.0,5.0,False,0.25,True,3,6.269853591918945,50.0,16,8,8,
uchen_medium quality,uchen_medium quality - page 3,Modern,layout,0.9,2.0,5.0,False,0.5,True,3,6.380005836486816,50.0,16,8,8,
uchen_medium quality,uchen_medium quality - page 3,Modern,layout,0.9,2.0,5.0,False,0.9,True,3,6.280330181121826,50.0,16,8,8,
uchen_medium quality,uchen_medium quality - page 3,Modern,layout,0.9,2.5,2.5,True,0.1,True,2,6.683099985122681,70.0,20,14,6,
uchen_medium quality,uchen_medium quality - page 3,Modern,layout,0.9,2.5,2.5,True,0.25,True,2,6.5999743938446045,70.0,20,14,6,
uchen_medium quality,uchen_medium quality - page 3,Modern,layout,0.9,2.5,2.5,True,0.5,True,2,6.80115008354187,70.0,20,14,6,
uchen_medium quality,uchen_medium quality - page 3,Modern,layout,0.9,2.5,2.5,True,0.9,True,2,6.650016784667969,70.0,20,14,6,
uchen_medium quality,uchen_medium quality - page 3,Modern,layout,0.9,2.5,2.5,False,0.1,True,3,6.981529235839844,57.14,21,12,9,
uchen_medium quality,uchen_medium quality - page 3,Modern,layout,0.9,2.5,2.5,False,0.25,True,3,6.912480354309082,57.14,21,12,9,
uchen_medium quality,uchen_medium quality - page 3,Modern,layout,0.9,2.5,2.5,False,0.5,True,3,6.949916839599609,57.14,21,12,9,
uchen_medium quality,uchen_medium quality - page 3,Modern,layout,0.9,2.5,2.5,False,0.9,True,3,6.912726879119873,57.14,21,12,9,
uchen_medium quality,uchen_medium quality - page 3,Modern,layout,0.9,2.5,3.5,True,0.1,True,2,6.359192371368408,38.89,18,7,11,
uchen_medium quality,uchen_medium quality - page 3,Modern,layout,0.9,2.5,3.5,True,0.25,True,2,6.3955769538879395,38.89,18,7,11,
uchen_medium quality,uchen_medium quality - page 3,Modern,layout,0.9,2.5,3.5,True,0.5,True,2,7.260714054107666,38.89,18,7,11,
uchen_medium quality,uchen_medium quality - page 3,Modern,layout,0.9,2.5,3.5,True,0.9,True,2,9.23269534111023,38.89,18,7,11,
uchen_medium quality,uchen_medium quality - page 3,Modern,layout,0.9,2.5,3.5,False,0.1,True,3,6.362197160720825,50.0,20,10,10,
uchen_medium quality,uchen_medium quality - page 3,Modern,layout,0.9,2.5,3.5,False,0.25,True,3,6.7425377368927,50.0,20,10,10,
uchen_medium quality,uchen_medium quality - page 3,Modern,layout,0.9,2.5,3.5,False,0.5,True,3,6.8047261238098145,50.0,20,10,10,
uchen_medium quality,uchen_medium quality - page 3,Modern,layout,0.9,2.5,3.5,False,0.9,True,3,6.6677405834198,50.0,20,10,10,
uchen_medium quality,uchen_medium quality - page 3,Modern,layout,0.9,2.5,4.0,True,0.1,True,2,6.341549873352051,50.0,18,9,9,
uchen_medium quality,uchen_medium quality - page 3,Modern,layout,0.9,2.5,4.0,True,0.25,True,2,6.435751676559448,50.0,18,9,9,
uchen_medium quality,uchen_medium quality - page 3,Modern,layout,0.9,2.5,4.0,True,0.5,True,2,6.359975099563599,50.0,18,9,9,
uchen_medium quality,uchen_medium quality - page 3,Modern,layout,0.9,2.5,4.0,True,0.9,True,2,6.339860200881958,50.0,18,9,9,
uchen_medium quality,uchen_medium quality - page 3,Modern,layout,0.9,2.5,4.0,False,0.1,True,3,6.688804864883423,47.62,21,10,11,
uchen_medium quality,uchen_medium quality - page 3,Modern,layout,0.9,2.5,4.0,False,0.25,True,3,6.721799850463867,47.62,21,10,11,
uchen_medium quality,uchen_medium quality - page 3,Modern,layout,0.9,2.5,4.0,False,0.5,True,3,6.632115125656128,47.62,21,10,11,
uchen_medium quality,uchen_medium quality - page 3,Modern,layout,0.9,2.5,4.0,False,0.9,True,3,6.6098291873931885,47.62,21,10,11,
uchen_medium quality,uchen_medium quality - page 3,Modern,layout,0.9,2.5,5.0,True,0.1,True,2,9.063193559646606,41.67,12,5,7,
uchen_medium quality,uchen_medium quality - page 3,Modern,layout,0.9,2.5,5.0,True,0.25,True,2,6.148860216140747,41.67,12,5,7,
uchen_medium quality,uchen_medium quality - page 3,Modern,layout,0.9,2.5,5.0,True,0.5,True,2,6.309943675994873,41.67,12,5,7,
uchen_medium quality,uchen_medium quality - page 3,Modern,layout,0.9,2.5,5.0,True,0.9,True,2,6.387631177902222,41.67,12,5,7,
uchen_medium quality,uchen_medium quality - page 3,Modern,layout,0.9,2.5,5.0,False,0.1,True,3,6.615714073181152,53.33,15,8,7,
uchen_medium quality,uchen_medium quality - page 3,Modern,layout,0.9,2.5,5.0,False,0.25,True,3,7.826013565063477,53.33,15,8,7,
uchen_medium quality,uchen_medium quality - page 3,Modern,layout,0.9,2.5,5.0,False,0.5,True,3,8.952072381973267,53.33,15,8,7,
uchen_medium quality,uchen_medium quality - page 3,Modern,layout,0.9,2.5,5.0,False,0.9,True,3,6.244329929351807,53.33,15,8,7,
uchen_medium quality,uchen_medium quality - page 3,Modern,layout,0.9,3.0,2.5,True,0.1,True,2,7.202885389328003,57.14,14,8,6,
uchen_medium quality,uchen_medium quality - page 3,Modern,layout,0.9,3.0,2.5,True,0.25,True,2,7.244257926940918,57.14,14,8,6,
uchen_medium quality,uchen_medium quality - page 3,Modern,layout,0.9,3.0,2.5,True,0.5,True,2,7.295382976531982,57.14,14,8,6,
uchen_medium quality,uchen_medium quality - page 3,Modern,layout,0.9,3.0,2.5,True,0.9,True,2,7.206377983093262,57.14,14,8,6,
uchen_medium quality,uchen_medium quality - page 3,Modern,layout,0.9,3.0,2.5,False,0.1,True,3,7.626749277114868,40.0,15,6,9,
uchen_medium quality,uchen_medium quality - page 3,Modern,layout,0.9,3.0,2.5,False,0.25,True,3,7.610857009887695,40.0,15,6,9,
uchen_medium quality,uchen_medium quality - page 3,Modern,layout,0.9,3.0,2.5,False,0.5,True,3,7.415438413619995,40.0,15,6,9,
uchen_medium quality,uchen_medium quality - page 3,Modern,layout,0.9,3.0,2.5,False,0.9,True,3,10.460327625274658,40.0,15,6,9,
uchen_medium quality,uchen_medium quality - page 3,Modern,layout,0.9,3.0,3.5,True,0.1,True,2,9.809813499450684,42.86,14,6,8,
uchen_medium quality,uchen_medium quality - page 3,Modern,layout,0.9,3.0,3.5,True,0.25,True,2,9.838595151901245,42.86,14,6,8,
uchen_medium quality,uchen_medium quality - page 3,Modern,layout,0.9,3.0,3.5,True,0.5,True,2,9.822013139724731,42.86,14,6,8,
uchen_medium quality,uchen_medium quality - page 3,Modern,layout,0.9,3.0,3.5,True,0.9,True,2,9.822596311569214,42.86,14,6,8,
uchen_medium quality,uchen_medium quality - page 3,Modern,layout,0.9,3.0,3.5,False,0.1,True,3,7.057582855224609,56.25,16,9,7,
uchen_medium quality,uchen_medium quality - page 3,Modern,layout,0.9,3.0,3.5,False,0.25,True,3,7.880733966827393,56.25,16,9,7,
uchen_medium quality,uchen_medium quality - page 3,Modern,layout,0.9,3.0,3.5,False,0.5,True,3,6.936211347579956,56.25,16,9,7,
uchen_medium quality,uchen_medium quality - page 3,Modern,layout,0.9,3.0,3.5,False,0.9,True,3,10.154199123382568,56.25,16,9,7,
uchen_medium quality,uchen_medium quality - page 3,Modern,layout,0.9,3.0,4.0,True,0.1,True,2,6.842902421951294,46.15,13,6,7,
uchen_medium quality,uchen_medium quality - page 3,Modern,layout,0.9,3.0,4.0,True,0.25,True,2,6.744787216186523,46.15,13,6,7,
uchen_medium quality,uchen_medium quality - page 3,Modern,layout,0.9,3.0,4.0,True,0.5,True,2,6.894746780395508,46.15,13,6,7,
uchen_medium quality,uchen_medium quality - page 3,Modern,layout,0.9,3.0,4.0,True,0.9,True,2,6.956354379653931,46.15,13,6,7,
uchen_medium quality,uchen_medium quality - page 3,Modern,layout,0.9,3.0,4.0,False,0.1,True,3,7.246703624725342,43.75,16,7,9,
uchen_medium quality,uchen_medium quality - page 3,Modern,layout,0.9,3.0,4.0,False,0.25,True,3,7.131256580352783,43.75,16,7,9,
uchen_medium quality,uchen_medium quality - page 3,Modern,layout,0.9,3.0,4.0,False,0.5,True,3,7.154038429260254,43.75,16,7,9,
uchen_medium quality,uchen_medium quality - page 3,Modern,layout,0.9,3.0,4.0,False,0.9,True,3,7.289690256118774,43.75,16,7,9,
uchen_medium quality,uchen_medium quality - page 3,Modern,layout,0.9,3.0,5.0,True,0.1,True,2,6.7723894119262695,41.67,12,5,7,
uchen_medium quality,uchen_medium quality - page 3,Modern,layout,0.9,3.0,5.0,True,0.25,True,2,6.78354811668396,41.67,12,5,7,
uchen_medium quality,uchen_medium quality - page 3,Modern,layout,0.9,3.0,5.0,True,0.5,True,2,6.8092942237854,41.67,12,5,7,
uchen_medium quality,uchen_medium quality - page 3,Modern,layout,0.9,3.0,5.0,True,0.9,True,2,6.7681519985198975,41.67,12,5,7,
uchen_medium quality,uchen_medium quality - page 3,Modern,layout,0.9,3.0,5.0,False,0.1,True,3,7.187236309051514,53.33,15,8,7,
uchen_medium quality,uchen_medium quality - page 3,Modern,layout,0.9,3.0,5.0,False,0.25,True,3,9.996814489364624,53.33,15,8,7,
uchen_medium quality,uchen_medium quality - page 3,Modern,layout,0.9,3.0,5.0,False,0.5,True,3,6.6930601596832275,53.33,15,8,7,
uchen_medium quality,uchen_medium quality - page 3,Modern,layout,0.9,3.0,5.0,False,0.9,True,3,6.852859020233154,53.33,15,8,7,
