file_name,image_name,ocr_model_name,line_mode,class_threshold,k_factor,bbox_tolerance,merge_lines,tps_threshold,success,num_lines_detected,processing_time,quality_score,total_tokens,valid_tokens,invalid_tokens,error
umeh_tsugma khyug_high quality,umeh_tsugma khyug_high quality - page 1,Ume_Druma,line,0.7,2.0,2.5,True,0.1,False,0,5.836179494857788,0.0,0,0,0,Line processing failed: 'list' object cannot be interpreted as an integer
umeh_tsugma khyug_high quality,umeh_tsugma khyug_high quality - page 1,Ume_Druma,line,0.7,2.0,2.5,True,0.25,False,0,4.839402914047241,0.0,0,0,0,Line processing failed: 'list' object cannot be interpreted as an integer
umeh_tsugma khyug_high quality,umeh_tsugma khyug_high quality - page 1,Ume_Druma,line,0.7,2.0,2.5,True,0.5,True,9,11.402618885040283,53.55,183,98,85,
umeh_tsugma khyug_high quality,umeh_tsugma khyug_high quality - page 1,Ume_Druma,line,0.7,2.0,2.5,True,0.9,True,9,9.629168510437012,53.55,183,98,85,
umeh_tsugma khyug_high quality,umeh_tsugma khyug_high quality - page 1,Ume_Druma,line,0.7,2.0,2.5,False,0.1,False,0,4.890195369720459,0.0,0,0,0,Line processing failed: 'list' object cannot be interpreted as an integer
umeh_tsugma khyug_high quality,umeh_tsugma khyug_high quality - page 1,Ume_Druma,line,0.7,2.0,2.5,False,0.25,False,0,5.17666220664978,0.0,0,0,0,Line processing failed: 'list' object cannot be interpreted as an integer
umeh_tsugma khyug_high quality,umeh_tsugma khyug_high quality - page 1,Ume_Druma,line,0.7,2.0,2.5,False,0.5,True,15,15.368173599243164,53.55,183,98,85,
umeh_tsugma khyug_high quality,umeh_tsugma khyug_high quality - page 1,Ume_Druma,line,0.7,2.0,2.5,False,0.9,True,15,15.633607387542725,53.55,183,98,85,
umeh_tsugma khyug_high quality,umeh_tsugma khyug_high quality - page 1,Ume_Druma,line,0.7,2.0,3.5,True,0.1,False,0,5.753648281097412,0.0,0,0,0,Line processing failed: 'list' object cannot be interpreted as an integer
umeh_tsugma khyug_high quality,umeh_tsugma khyug_high quality - page 1,Ume_Druma,line,0.7,2.0,3.5,True,0.25,False,0,5.286700487136841,0.0,0,0,0,Line processing failed: 'list' object cannot be interpreted as an integer
umeh_tsugma khyug_high quality,umeh_tsugma khyug_high quality - page 1,Ume_Druma,line,0.7,2.0,3.5,True,0.5,True,9,11.645256996154785,53.14,175,93,82,
umeh_tsugma khyug_high quality,umeh_tsugma khyug_high quality - page 1,Ume_Druma,line,0.7,2.0,3.5,True,0.9,True,9,13.799654960632324,53.14,175,93,82,
umeh_tsugma khyug_high quality,umeh_tsugma khyug_high quality - page 1,Ume_Druma,line,0.7,2.0,3.5,False,0.1,False,0,4.731338262557983,0.0,0,0,0,Line processing failed: 'list' object cannot be interpreted as an integer
umeh_tsugma khyug_high quality,umeh_tsugma khyug_high quality - page 1,Ume_Druma,line,0.7,2.0,3.5,False,0.25,False,0,4.101836681365967,0.0,0,0,0,Line processing failed: 'list' object cannot be interpreted as an integer
umeh_tsugma khyug_high quality,umeh_tsugma khyug_high quality - page 1,Ume_Druma,line,0.7,2.0,3.5,False,0.5,True,15,12.08560562133789,52.87,174,92,82,
umeh_tsugma khyug_high quality,umeh_tsugma khyug_high quality - page 1,Ume_Druma,line,0.7,2.0,3.5,False,0.9,True,15,10.709111213684082,52.87,174,92,82,
umeh_tsugma khyug_high quality,umeh_tsugma khyug_high quality - page 1,Ume_Druma,line,0.7,2.0,4.0,True,0.1,False,0,3.265559196472168,0.0,0,0,0,Line processing failed: 'list' object cannot be interpreted as an integer
umeh_tsugma khyug_high quality,umeh_tsugma khyug_high quality - page 1,Ume_Druma,line,0.7,2.0,4.0,True,0.25,False,0,3.4575917720794678,0.0,0,0,0,Line processing failed: 'list' object cannot be interpreted as an integer
umeh_tsugma khyug_high quality,umeh_tsugma khyug_high quality - page 1,Ume_Druma,line,0.7,2.0,4.0,True,0.5,True,9,9.485148906707764,44.25,113,50,63,
umeh_tsugma khyug_high quality,umeh_tsugma khyug_high quality - page 1,Ume_Druma,line,0.7,2.0,4.0,True,0.9,True,9,9.110120058059692,44.25,113,50,63,
umeh_tsugma khyug_high quality,umeh_tsugma khyug_high quality - page 1,Ume_Druma,line,0.7,2.0,4.0,False,0.1,False,0,3.2792117595672607,0.0,0,0,0,Line processing failed: 'list' object cannot be interpreted as an integer
umeh_tsugma khyug_high quality,umeh_tsugma khyug_high quality - page 1,Ume_Druma,line,0.7,2.0,4.0,False,0.25,False,0,3.448446273803711,0.0,0,0,0,Line processing failed: 'list' object cannot be interpreted as an integer
umeh_tsugma khyug_high quality,umeh_tsugma khyug_high quality - page 1,Ume_Druma,line,0.7,2.0,4.0,False,0.5,True,15,11.211038827896118,44.25,113,50,63,
umeh_tsugma khyug_high quality,umeh_tsugma khyug_high quality - page 1,Ume_Druma,line,0.7,2.0,4.0,False,0.9,True,15,10.69693112373352,44.25,113,50,63,
umeh_tsugma khyug_high quality,umeh_tsugma khyug_high quality - page 1,Ume_Druma,line,0.7,2.0,5.0,True,0.1,False,0,3.6992692947387695,0.0,0,0,0,Line processing failed: 'list' object cannot be interpreted as an integer
umeh_tsugma khyug_high quality,umeh_tsugma khyug_high quality - page 1,Ume_Druma,line,0.7,2.0,5.0,True,0.25,False,0,3.414942502975464,0.0,0,0,0,Line processing failed: 'list' object cannot be interpreted as an integer
umeh_tsugma khyug_high quality,umeh_tsugma khyug_high quality - page 1,Ume_Druma,line,0.7,2.0,5.0,True,0.5,True,9,6.703458786010742,41.67,12,5,7,
umeh_tsugma khyug_high quality,umeh_tsugma khyug_high quality - page 1,Ume_Druma,line,0.7,2.0,5.0,True,0.9,True,9,6.780954599380493,41.67,12,5,7,
umeh_tsugma khyug_high quality,umeh_tsugma khyug_high quality - page 1,Ume_Druma,line,0.7,2.0,5.0,False,0.1,False,0,3.429324150085449,0.0,0,0,0,Line processing failed: 'list' object cannot be interpreted as an integer
umeh_tsugma khyug_high quality,umeh_tsugma khyug_high quality - page 1,Ume_Druma,line,0.7,2.0,5.0,False,0.25,False,0,3.7002789974212646,0.0,0,0,0,Line processing failed: 'list' object cannot be interpreted as an integer
umeh_tsugma khyug_high quality,umeh_tsugma khyug_high quality - page 1,Ume_Druma,line,0.7,2.0,5.0,False,0.5,True,15,7.9813618659973145,41.67,12,5,7,
umeh_tsugma khyug_high quality,umeh_tsugma khyug_high quality - page 1,Ume_Druma,line,0.7,2.0,5.0,False,0.9,True,15,7.926826000213623,41.67,12,5,7,
umeh_tsugma khyug_high quality,umeh_tsugma khyug_high quality - page 1,Ume_Druma,line,0.7,2.5,2.5,True,0.1,False,0,3.46942400932312,0.0,0,0,0,Line processing failed: 'list' object cannot be interpreted as an integer
umeh_tsugma khyug_high quality,umeh_tsugma khyug_high quality - page 1,Ume_Druma,line,0.7,2.5,2.5,True,0.25,False,0,3.5010294914245605,0.0,0,0,0,Line processing failed: 'list' object cannot be interpreted as an integer
umeh_tsugma khyug_high quality,umeh_tsugma khyug_high quality - page 1,Ume_Druma,line,0.7,2.5,2.5,True,0.5,True,9,9.063045501708984,53.01,183,97,86,
umeh_tsugma khyug_high quality,umeh_tsugma khyug_high quality - page 1,Ume_Druma,line,0.7,2.5,2.5,True,0.9,True,9,8.876583576202393,53.01,183,97,86,
umeh_tsugma khyug_high quality,umeh_tsugma khyug_high quality - page 1,Ume_Druma,line,0.7,2.5,2.5,False,0.1,False,0,3.233074188232422,0.0,0,0,0,Line processing failed: 'list' object cannot be interpreted as an integer
umeh_tsugma khyug_high quality,umeh_tsugma khyug_high quality - page 1,Ume_Druma,line,0.7,2.5,2.5,False,0.25,False,0,3.53421950340271,0.0,0,0,0,Line processing failed: 'list' object cannot be interpreted as an integer
umeh_tsugma khyug_high quality,umeh_tsugma khyug_high quality - page 1,Ume_Druma,line,0.7,2.5,2.5,False,0.5,True,15,10.434732913970947,53.01,183,97,86,
umeh_tsugma khyug_high quality,umeh_tsugma khyug_high quality - page 1,Ume_Druma,line,0.7,2.5,2.5,False,0.9,True,15,9.908105611801147,53.01,183,97,86,
umeh_tsugma khyug_high quality,umeh_tsugma khyug_high quality - page 1,Ume_Druma,line,0.7,2.5,3.5,True,0.1,False,0,3.3228204250335693,0.0,0,0,0,Line processing failed: 'list' object cannot be interpreted as an integer
umeh_tsugma khyug_high quality,umeh_tsugma khyug_high quality - page 1,Ume_Druma,line,0.7,2.5,3.5,True,0.25,False,0,3.4911396503448486,0.0,0,0,0,Line processing failed: 'list' object cannot be interpreted as an integer
umeh_tsugma khyug_high quality,umeh_tsugma khyug_high quality - page 1,Ume_Druma,line,0.7,2.5,3.5,True,0.5,True,9,9.9507896900177,53.14,175,93,82,
umeh_tsugma khyug_high quality,umeh_tsugma khyug_high quality - page 1,Ume_Druma,line,0.7,2.5,3.5,True,0.9,True,9,10.502476215362549,53.14,175,93,82,
umeh_tsugma khyug_high quality,umeh_tsugma khyug_high quality - page 1,Ume_Druma,line,0.7,2.5,3.5,False,0.1,False,0,3.392636299133301,0.0,0,0,0,Line processing failed: 'list' object cannot be interpreted as an integer
umeh_tsugma khyug_high quality,umeh_tsugma khyug_high quality - page 1,Ume_Druma,line,0.7,2.5,3.5,False,0.25,False,0,3.334850549697876,0.0,0,0,0,Line processing failed: 'list' object cannot be interpreted as an integer
umeh_tsugma khyug_high quality,umeh_tsugma khyug_high quality - page 1,Ume_Druma,line,0.7,2.5,3.5,False,0.5,True,15,11.569032669067383,52.87,174,92,82,
umeh_tsugma khyug_high quality,umeh_tsugma khyug_high quality - page 1,Ume_Druma,line,0.7,2.5,3.5,False,0.9,True,15,10.763362884521484,52.87,174,92,82,
umeh_tsugma khyug_high quality,umeh_tsugma khyug_high quality - page 1,Ume_Druma,line,0.7,2.5,4.0,True,0.1,False,0,3.1769442558288574,0.0,0,0,0,Line processing failed: 'list' object cannot be interpreted as an integer
umeh_tsugma khyug_high quality,umeh_tsugma khyug_high quality - page 1,Ume_Druma,line,0.7,2.5,4.0,True,0.25,False,0,3.5600602626800537,0.0,0,0,0,Line processing failed: 'list' object cannot be interpreted as an integer
umeh_tsugma khyug_high quality,umeh_tsugma khyug_high quality - page 1,Ume_Druma,line,0.7,2.5,4.0,True,0.5,True,9,9.62183928489685,44.25,113,50,63,
umeh_tsugma khyug_high quality,umeh_tsugma khyug_high quality - page 1,Ume_Druma,line,0.7,2.5,4.0,True,0.9,True,9,9.229795694351196,44.25,113,50,63,
umeh_tsugma khyug_high quality,umeh_tsugma khyug_high quality - page 1,Ume_Druma,line,0.7,2.5,4.0,False,0.1,False,0,3.256192684173584,0.0,0,0,0,Line processing failed: 'list' object cannot be interpreted as an integer
umeh_tsugma khyug_high quality,umeh_tsugma khyug_high quality - page 1,Ume_Druma,line,0.7,2.5,4.0,False,0.25,False,0,3.532151460647583,0.0,0,0,0,Line processing failed: 'list' object cannot be interpreted as an integer
umeh_tsugma khyug_high quality,umeh_tsugma khyug_high quality - page 1,Ume_Druma,line,0.7,2.5,4.0,False,0.5,True,15,10.998754024505615,44.25,113,50,63,
umeh_tsugma khyug_high quality,umeh_tsugma khyug_high quality - page 1,Ume_Druma,line,0.7,2.5,4.0,False,0.9,True,15,9.051179647445679,44.25,113,50,63,
umeh_tsugma khyug_high quality,umeh_tsugma khyug_high quality - page 1,Ume_Druma,line,0.7,2.5,5.0,True,0.1,False,0,4.286852121353149,0.0,0,0,0,Line processing failed: 'list' object cannot be interpreted as an integer
umeh_tsugma khyug_high quality,umeh_tsugma khyug_high quality - page 1,Ume_Druma,line,0.7,2.5,5.0,True,0.25,False,0,2.9072940349578857,0.0,0,0,0,Line processing failed: 'list' object cannot be interpreted as an integer
umeh_tsugma khyug_high quality,umeh_tsugma khyug_high quality - page 1,Ume_Druma,line,0.7,2.5,5.0,True,0.5,True,9,5.449179649353027,50.0,12,6,6,
umeh_tsugma khyug_high quality,umeh_tsugma khyug_high quality - page 1,Ume_Druma,line,0.7,2.5,5.0,True,0.9,True,9,5.286041975021362,50.0,12,6,6,
umeh_tsugma khyug_high quality,umeh_tsugma khyug_high quality - page 1,Ume_Druma,line,0.7,2.5,5.0,False,0.1,False,0,2.7027554512023926,0.0,0,0,0,Line processing failed: 'list' object cannot be interpreted as an integer
umeh_tsugma khyug_high quality,umeh_tsugma khyug_high quality - page 1,Ume_Druma,line,0.7,2.5,5.0,False,0.25,False,0,3.640413284301758,0.0,0,0,0,Line processing failed: 'list' object cannot be interpreted as an integer
umeh_tsugma khyug_high quality,umeh_tsugma khyug_high quality - page 1,Ume_Druma,line,0.7,2.5,5.0,False,0.5,True,15,6.298963308334351,50.0,12,6,6,
umeh_tsugma khyug_high quality,umeh_tsugma khyug_high quality - page 1,Ume_Druma,line,0.7,2.5,5.0,False,0.9,True,15,6.201056718826294,50.0,12,6,6,
umeh_tsugma khyug_high quality,umeh_tsugma khyug_high quality - page 1,Ume_Druma,line,0.7,3.0,2.5,True,0.1,False,0,2.7316954135894775,0.0,0,0,0,Line processing failed: 'list' object cannot be interpreted as an integer
umeh_tsugma khyug_high quality,umeh_tsugma khyug_high quality - page 1,Ume_Druma,line,0.7,3.0,2.5,True,0.25,False,0,2.852769613265991,0.0,0,0,0,Line processing failed: 'list' object cannot be interpreted as an integer
umeh_tsugma khyug_high quality,umeh_tsugma khyug_high quality - page 1,Ume_Druma,line,0.7,3.0,2.5,True,0.5,True,9,6.906619071960449,53.55,183,98,85,
umeh_tsugma khyug_high quality,umeh_tsugma khyug_high quality - page 1,Ume_Druma,line,0.7,3.0,2.5,True,0.9,True,9,6.635608434677124,53.55,183,98,85,
umeh_tsugma khyug_high quality,umeh_tsugma khyug_high quality - page 1,Ume_Druma,line,0.7,3.0,2.5,False,0.1,False,0,2.580594062805176,0.0,0,0,0,Line processing failed: 'list' object cannot be interpreted as an integer
umeh_tsugma khyug_high quality,umeh_tsugma khyug_high quality - page 1,Ume_Druma,line,0.7,3.0,2.5,False,0.25,False,0,2.8708856105804443,0.0,0,0,0,Line processing failed: 'list' object cannot be interpreted as an integer
umeh_tsugma khyug_high quality,umeh_tsugma khyug_high quality - page 1,Ume_Druma,line,0.7,3.0,2.5,False,0.5,True,15,7.801410675048828,53.55,183,98,85,
umeh_tsugma khyug_high quality,umeh_tsugma khyug_high quality - page 1,Ume_Druma,line,0.7,3.0,2.5,False,0.9,True,15,7.577397108078003,53.55,183,98,85,
umeh_tsugma khyug_high quality,umeh_tsugma khyug_high quality - page 1,Ume_Druma,line,0.7,3.0,3.5,True,0.1,False,0,2.5892317295074463,0.0,0,0,0,Line processing failed: 'list' object cannot be interpreted as an integer
umeh_tsugma khyug_high quality,umeh_tsugma khyug_high quality - page 1,Ume_Druma,line,0.7,3.0,3.5,True,0.25,False,0,2.8909523487091064,0.0,0,0,0,Line processing failed: 'list' object cannot be interpreted as an integer
umeh_tsugma khyug_high quality,umeh_tsugma khyug_high quality - page 1,Ume_Druma,line,0.7,3.0,3.5,True,0.5,True,9,7.440073728561401,53.71,175,94,81,
umeh_tsugma khyug_high quality,umeh_tsugma khyug_high quality - page 1,Ume_Druma,line,0.7,3.0,3.5,True,0.9,True,9,7.25415563583374,53.71,175,94,81,
umeh_tsugma khyug_high quality,umeh_tsugma khyug_high quality - page 1,Ume_Druma,line,0.7,3.0,3.5,False,0.1,False,0,2.5904183387756348,0.0,0,0,0,Line processing failed: 'list' object cannot be interpreted as an integer
umeh_tsugma khyug_high quality,umeh_tsugma khyug_high quality - page 1,Ume_Druma,line,0.7,3.0,3.5,False,0.25,False,0,2.721921682357788,0.0,0,0,0,Line processing failed: 'list' object cannot be interpreted as an integer
umeh_tsugma khyug_high quality,umeh_tsugma khyug_high quality - page 1,Ume_Druma,line,0.7,3.0,3.5,False,0.5,True,15,8.657322406768799,53.45,174,93,81,
umeh_tsugma khyug_high quality,umeh_tsugma khyug_high quality - page 1,Ume_Druma,line,0.7,3.0,3.5,False,0.9,True,15,8.133663654327393,53.45,174,93,81,
umeh_tsugma khyug_high quality,umeh_tsugma khyug_high quality - page 1,Ume_Druma,line,0.7,3.0,4.0,True,0.1,False,0,2.6635780334472656,0.0,0,0,0,Line processing failed: 'list' object cannot be interpreted as an integer
umeh_tsugma khyug_high quality,umeh_tsugma khyug_high quality - page 1,Ume_Druma,line,0.7,3.0,4.0,True,0.25,False,0,2.689955472946167,0.0,0,0,0,Line processing failed: 'list' object cannot be interpreted as an integer
umeh_tsugma khyug_high quality,umeh_tsugma khyug_high quality - page 1,Ume_Druma,line,0.7,3.0,4.0,True,0.5,True,9,7.667989253997803,44.25,113,50,63,
umeh_tsugma khyug_high quality,umeh_tsugma khyug_high quality - page 1,Ume_Druma,line,0.7,3.0,4.0,True,0.9,True,9,7.028431415557861,44.25,113,50,63,
umeh_tsugma khyug_high quality,umeh_tsugma khyug_high quality - page 1,Ume_Druma,line,0.7,3.0,4.0,False,0.1,False,0,2.5808138847351074,0.0,0,0,0,Line processing failed: 'list' object cannot be interpreted as an integer
umeh_tsugma khyug_high quality,umeh_tsugma khyug_high quality - page 1,Ume_Druma,line,0.7,3.0,4.0,False,0.25,False,0,2.6390039920806885,0.0,0,0,0,Line processing failed: 'list' object cannot be interpreted as an integer
umeh_tsugma khyug_high quality,umeh_tsugma khyug_high quality - page 1,Ume_Druma,line,0.7,3.0,4.0,False,0.5,True,15,8.222968816757202,44.25,113,50,63,
umeh_tsugma khyug_high quality,umeh_tsugma khyug_high quality - page 1,Ume_Druma,line,0.7,3.0,4.0,False,0.9,True,15,8.02319598197937,44.25,113,50,63,
umeh_tsugma khyug_high quality,umeh_tsugma khyug_high quality - page 1,Ume_Druma,line,0.7,3.0,5.0,True,0.1,False,0,4.224465608596802,0.0,0,0,0,Line processing failed: 'list' object cannot be interpreted as an integer
umeh_tsugma khyug_high quality,umeh_tsugma khyug_high quality - page 1,Ume_Druma,line,0.7,3.0,5.0,True,0.25,False,0,4.006090879440308,0.0,0,0,0,Line processing failed: 'list' object cannot be interpreted as an integer
umeh_tsugma khyug_high quality,umeh_tsugma khyug_high quality - page 1,Ume_Druma,line,0.7,3.0,5.0,True,0.5,True,9,5.2812416553497314,50.0,12,6,6,
umeh_tsugma khyug_high quality,umeh_tsugma khyug_high quality - page 1,Ume_Druma,line,0.7,3.0,5.0,True,0.9,True,9,5.277109384536743,50.0,12,6,6,
umeh_tsugma khyug_high quality,umeh_tsugma khyug_high quality - page 1,Ume_Druma,line,0.7,3.0,5.0,False,0.1,False,0,2.7172651290893555,0.0,0,0,0,Line processing failed: 'list' object cannot be interpreted as an integer
umeh_tsugma khyug_high quality,umeh_tsugma khyug_high quality - page 1,Ume_Druma,line,0.7,3.0,5.0,False,0.25,False,0,2.8184313774108887,0.0,0,0,0,Line processing failed: 'list' object cannot be interpreted as an integer
umeh_tsugma khyug_high quality,umeh_tsugma khyug_high quality - page 1,Ume_Druma,line,0.7,3.0,5.0,False,0.5,True,15,6.477410078048706,50.0,12,6,6,
umeh_tsugma khyug_high quality,umeh_tsugma khyug_high quality - page 1,Ume_Druma,line,0.7,3.0,5.0,False,0.9,True,15,6.389707565307617,50.0,12,6,6,
umeh_tsugma khyug_high quality,umeh_tsugma khyug_high quality - page 1,Ume_Druma,line,0.8,2.0,2.5,True,0.1,False,0,2.6894986629486084,0.0,0,0,0,Line processing failed: 'list' object cannot be interpreted as an integer
umeh_tsugma khyug_high quality,umeh_tsugma khyug_high quality - page 1,Ume_Druma,line,0.8,2.0,2.5,True,0.25,False,0,2.8131613731384277,0.0,0,0,0,Line processing failed: 'list' object cannot be interpreted as an integer
umeh_tsugma khyug_high quality,umeh_tsugma khyug_high quality - page 1,Ume_Druma,line,0.8,2.0,2.5,True,0.5,True,9,6.468547105789185,53.55,183,98,85,
umeh_tsugma khyug_high quality,umeh_tsugma khyug_high quality - page 1,Ume_Druma,line,0.8,2.0,2.5,True,0.9,True,9,6.231831789016724,53.55,183,98,85,
umeh_tsugma khyug_high quality,umeh_tsugma khyug_high quality - page 1,Ume_Druma,line,0.8,2.0,2.5,False,0.1,False,0,2.5892553329467773,0.0,0,0,0,Line processing failed: 'list' object cannot be interpreted as an integer
umeh_tsugma khyug_high quality,umeh_tsugma khyug_high quality - page 1,Ume_Druma,line,0.8,2.0,2.5,False,0.25,False,0,2.858416795730591,0.0,0,0,0,Line processing failed: 'list' object cannot be interpreted as an integer
umeh_tsugma khyug_high quality,umeh_tsugma khyug_high quality - page 1,Ume_Druma,line,0.8,2.0,2.5,False,0.5,True,15,7.377417325973511,53.55,183,98,85,
umeh_tsugma khyug_high quality,umeh_tsugma khyug_high quality - page 1,Ume_Druma,line,0.8,2.0,2.5,False,0.9,True,15,7.161020040512085,53.55,183,98,85,
umeh_tsugma khyug_high quality,umeh_tsugma khyug_high quality - page 1,Ume_Druma,line,0.8,2.0,3.5,True,0.1,False,0,2.606602907180786,0.0,0,0,0,Line processing failed: 'list' object cannot be interpreted as an integer
umeh_tsugma khyug_high quality,umeh_tsugma khyug_high quality - page 1,Ume_Druma,line,0.8,2.0,3.5,True,0.25,False,0,3.002535581588745,0.0,0,0,0,Line processing failed: 'list' object cannot be interpreted as an integer
umeh_tsugma khyug_high quality,umeh_tsugma khyug_high quality - page 1,Ume_Druma,line,0.8,2.0,3.5,True,0.5,True,9,7.014535665512085,53.14,175,93,82,
umeh_tsugma khyug_high quality,umeh_tsugma khyug_high quality - page 1,Ume_Druma,line,0.8,2.0,3.5,True,0.9,True,9,6.775189638137817,53.14,175,93,82,
umeh_tsugma khyug_high quality,umeh_tsugma khyug_high quality - page 1,Ume_Druma,line,0.8,2.0,3.5,False,0.1,False,0,2.6882288455963135,0.0,0,0,0,Line processing failed: 'list' object cannot be interpreted as an integer
umeh_tsugma khyug_high quality,umeh_tsugma khyug_high quality - page 1,Ume_Druma,line,0.8,2.0,3.5,False,0.25,False,0,2.6528868675231934,0.0,0,0,0,Line processing failed: 'list' object cannot be interpreted as an integer
umeh_tsugma khyug_high quality,umeh_tsugma khyug_high quality - page 1,Ume_Druma,line,0.8,2.0,3.5,False,0.5,True,15,7.924928426742554,52.87,174,92,82,
umeh_tsugma khyug_high quality,umeh_tsugma khyug_high quality - page 1,Ume_Druma,line,0.8,2.0,3.5,False,0.9,True,15,7.899230003356934,52.87,174,92,82,
umeh_tsugma khyug_high quality,umeh_tsugma khyug_high quality - page 1,Ume_Druma,line,0.8,2.0,4.0,True,0.1,False,0,2.5697247982025146,0.0,0,0,0,Line processing failed: 'list' object cannot be interpreted as an integer
umeh_tsugma khyug_high quality,umeh_tsugma khyug_high quality - page 1,Ume_Druma,line,0.8,2.0,4.0,True,0.25,False,0,2.788356065750122,0.0,0,0,0,Line processing failed: 'list' object cannot be interpreted as an integer
umeh_tsugma khyug_high quality,umeh_tsugma khyug_high quality - page 1,Ume_Druma,line,0.8,2.0,4.0,True,0.5,True,9,6.882570743560791,44.25,113,50,63,
umeh_tsugma khyug_high quality,umeh_tsugma khyug_high quality - page 1,Ume_Druma,line,0.8,2.0,4.0,True,0.9,True,9,7.043360710144043,44.25,113,50,63,
umeh_tsugma khyug_high quality,umeh_tsugma khyug_high quality - page 1,Ume_Druma,line,0.8,2.0,4.0,False,0.1,False,0,2.5761563777923584,0.0,0,0,0,Line processing failed: 'list' object cannot be interpreted as an integer
umeh_tsugma khyug_high quality,umeh_tsugma khyug_high quality - page 1,Ume_Druma,line,0.8,2.0,4.0,False,0.25,False,0,2.755340099334717,0.0,0,0,0,Line processing failed: 'list' object cannot be interpreted as an integer
umeh_tsugma khyug_high quality,umeh_tsugma khyug_high quality - page 1,Ume_Druma,line,0.8,2.0,4.0,False,0.5,True,15,7.8292319774627686,44.25,113,50,63,
umeh_tsugma khyug_high quality,umeh_tsugma khyug_high quality - page 1,Ume_Druma,line,0.8,2.0,4.0,False,0.9,True,15,7.6001036167144775,44.25,113,50,63,
umeh_tsugma khyug_high quality,umeh_tsugma khyug_high quality - page 1,Ume_Druma,line,0.8,2.0,5.0,True,0.1,False,0,3.532061815261841,0.0,0,0,0,Line processing failed: 'list' object cannot be interpreted as an integer
umeh_tsugma khyug_high quality,umeh_tsugma khyug_high quality - page 1,Ume_Druma,line,0.8,2.0,5.0,True,0.25,False,0,2.58332896232605,0.0,0,0,0,Line processing failed: 'list' object cannot be interpreted as an integer
umeh_tsugma khyug_high quality,umeh_tsugma khyug_high quality - page 1,Ume_Druma,line,0.8,2.0,5.0,True,0.5,True,9,5.338655233383179,41.67,12,5,7,
umeh_tsugma khyug_high quality,umeh_tsugma khyug_high quality - page 1,Ume_Druma,line,0.8,2.0,5.0,True,0.9,True,9,5.02256178855896,41.67,12,5,7,
umeh_tsugma khyug_high quality,umeh_tsugma khyug_high quality - page 1,Ume_Druma,line,0.8,2.0,5.0,False,0.1,False,0,2.7417807579040527,0.0,0,0,0,Line processing failed: 'list' object cannot be interpreted as an integer
umeh_tsugma khyug_high quality,umeh_tsugma khyug_high quality - page 1,Ume_Druma,line,0.8,2.0,5.0,False,0.25,False,0,2.814051866531372,0.0,0,0,0,Line processing failed: 'list' object cannot be interpreted as an integer
umeh_tsugma khyug_high quality,umeh_tsugma khyug_high quality - page 1,Ume_Druma,line,0.8,2.0,5.0,False,0.5,True,15,6.0439252853393555,41.67,12,5,7,
umeh_tsugma khyug_high quality,umeh_tsugma khyug_high quality - page 1,Ume_Druma,line,0.8,2.0,5.0,False,0.9,True,15,5.907743453979492,41.67,12,5,7,
umeh_tsugma khyug_high quality,umeh_tsugma khyug_high quality - page 1,Ume_Druma,line,0.8,2.5,2.5,True,0.1,False,0,2.7440426349639893,0.0,0,0,0,Line processing failed: 'list' object cannot be interpreted as an integer
umeh_tsugma khyug_high quality,umeh_tsugma khyug_high quality - page 1,Ume_Druma,line,0.8,2.5,2.5,True,0.25,False,0,2.8239829540252686,0.0,0,0,0,Line processing failed: 'list' object cannot be interpreted as an integer
umeh_tsugma khyug_high quality,umeh_tsugma khyug_high quality - page 1,Ume_Druma,line,0.8,2.5,2.5,True,0.5,True,9,6.6784350872039795,53.01,183,97,86,
umeh_tsugma khyug_high quality,umeh_tsugma khyug_high quality - page 1,Ume_Druma,line,0.8,2.5,2.5,True,0.9,True,9,6.698323965072632,53.01,183,97,86,
umeh_tsugma khyug_high quality,umeh_tsugma khyug_high quality - page 1,Ume_Druma,line,0.8,2.5,2.5,False,0.1,False,0,2.5633111000061035,0.0,0,0,0,Line processing failed: 'list' object cannot be interpreted as an integer
umeh_tsugma khyug_high quality,umeh_tsugma khyug_high quality - page 1,Ume_Druma,line,0.8,2.5,2.5,False,0.25,False,0,2.730614185333252,0.0,0,0,0,Line processing failed: 'list' object cannot be interpreted as an integer
umeh_tsugma khyug_high quality,umeh_tsugma khyug_high quality - page 1,Ume_Druma,line,0.8,2.5,2.5,False,0.5,True,15,7.54183292388916,53.01,183,97,86,
umeh_tsugma khyug_high quality,umeh_tsugma khyug_high quality - page 1,Ume_Druma,line,0.8,2.5,2.5,False,0.9,True,15,7.311965465545654,53.01,183,97,86,
umeh_tsugma khyug_high quality,umeh_tsugma khyug_high quality - page 1,Ume_Druma,line,0.8,2.5,3.5,True,0.1,False,0,2.5928707122802734,0.0,0,0,0,Line processing failed: 'list' object cannot be interpreted as an integer
umeh_tsugma khyug_high quality,umeh_tsugma khyug_high quality - page 1,Ume_Druma,line,0.8,2.5,3.5,True,0.25,False,0,2.9073870182037354,0.0,0,0,0,Line processing failed: 'list' object cannot be interpreted as an integer
umeh_tsugma khyug_high quality,umeh_tsugma khyug_high quality - page 1,Ume_Druma,line,0.8,2.5,3.5,True,0.5,True,9,7.20292854309082,53.14,175,93,82,
umeh_tsugma khyug_high quality,umeh_tsugma khyug_high quality - page 1,Ume_Druma,line,0.8,2.5,3.5,True,0.9,True,9,6.9558165073394775,53.14,175,93,82,
umeh_tsugma khyug_high quality,umeh_tsugma khyug_high quality - page 1,Ume_Druma,line,0.8,2.5,3.5,False,0.1,False,0,2.5688412189483643,0.0,0,0,0,Line processing failed: 'list' object cannot be interpreted as an integer
umeh_tsugma khyug_high quality,umeh_tsugma khyug_high quality - page 1,Ume_Druma,line,0.8,2.5,3.5,False,0.25,False,0,2.7285990715026855,0.0,0,0,0,Line processing failed: 'list' object cannot be interpreted as an integer
umeh_tsugma khyug_high quality,umeh_tsugma khyug_high quality - page 1,Ume_Druma,line,0.8,2.5,3.5,False,0.5,True,15,8.167928457260132,52.87,174,92,82,
umeh_tsugma khyug_high quality,umeh_tsugma khyug_high quality - page 1,Ume_Druma,line,0.8,2.5,3.5,False,0.9,True,15,7.894813537597656,52.87,174,92,82,
umeh_tsugma khyug_high quality,umeh_tsugma khyug_high quality - page 1,Ume_Druma,line,0.8,2.5,4.0,True,0.1,False,0,2.566549777984619,0.0,0,0,0,Line processing failed: 'list' object cannot be interpreted as an integer
umeh_tsugma khyug_high quality,umeh_tsugma khyug_high quality - page 1,Ume_Druma,line,0.8,2.5,4.0,True,0.25,False,0,2.7569682598114014,0.0,0,0,0,Line processing failed: 'list' object cannot be interpreted as an integer
umeh_tsugma khyug_high quality,umeh_tsugma khyug_high quality - page 1,Ume_Druma,line,0.8,2.5,4.0,True,0.5,True,9,7.0091657638549805,44.25,113,50,63,
umeh_tsugma khyug_high quality,umeh_tsugma khyug_high quality - page 1,Ume_Druma,line,0.8,2.5,4.0,True,0.9,True,9,6.788357496261597,44.25,113,50,63,
umeh_tsugma khyug_high quality,umeh_tsugma khyug_high quality - page 1,Ume_Druma,line,0.8,2.5,4.0,False,0.1,False,0,2.5821635723114014,0.0,0,0,0,Line processing failed: 'list' object cannot be interpreted as an integer
umeh_tsugma khyug_high quality,umeh_tsugma khyug_high quality - page 1,Ume_Druma,line,0.8,2.5,4.0,False,0.25,False,0,2.741424083709717,0.0,0,0,0,Line processing failed: 'list' object cannot be interpreted as an integer
umeh_tsugma khyug_high quality,umeh_tsugma khyug_high quality - page 1,Ume_Druma,line,0.8,2.5,4.0,False,0.5,True,15,8.03446078300476,44.25,113,50,63,
umeh_tsugma khyug_high quality,umeh_tsugma khyug_high quality - page 1,Ume_Druma,line,0.8,2.5,4.0,False,0.9,True,15,8.252906322479248,44.25,113,50,63,
umeh_tsugma khyug_high quality,umeh_tsugma khyug_high quality - page 1,Ume_Druma,line,0.8,2.5,5.0,True,0.1,False,0,2.5653696060180664,0.0,0,0,0,Line processing failed: 'list' object cannot be interpreted as an integer
umeh_tsugma khyug_high quality,umeh_tsugma khyug_high quality - page 1,Ume_Druma,line,0.8,2.5,5.0,True,0.25,False,0,2.6867690086364746,0.0,0,0,0,Line processing failed: 'list' object cannot be interpreted as an integer
umeh_tsugma khyug_high quality,umeh_tsugma khyug_high quality - page 1,Ume_Druma,line,0.8,2.5,5.0,True,0.5,True,9,5.380620002746582,50.0,12,6,6,
umeh_tsugma khyug_high quality,umeh_tsugma khyug_high quality - page 1,Ume_Druma,line,0.8,2.5,5.0,True,0.9,True,9,5.218168497085571,50.0,12,6,6,
umeh_tsugma khyug_high quality,umeh_tsugma khyug_high quality - page 1,Ume_Druma,line,0.8,2.5,5.0,False,0.1,False,0,2.7037863731384277,0.0,0,0,0,Line processing failed: 'list' object cannot be interpreted as an integer
umeh_tsugma khyug_high quality,umeh_tsugma khyug_high quality - page 1,Ume_Druma,line,0.8,2.5,5.0,False,0.25,False,0,2.8090734481811523,0.0,0,0,0,Line processing failed: 'list' object cannot be interpreted as an integer
umeh_tsugma khyug_high quality,umeh_tsugma khyug_high quality - page 1,Ume_Druma,line,0.8,2.5,5.0,False,0.5,True,15,6.290817737579346,50.0,12,6,6,
umeh_tsugma khyug_high quality,umeh_tsugma khyug_high quality - page 1,Ume_Druma,line,0.8,2.5,5.0,False,0.9,True,15,6.17768120765686,50.0,12,6,6,
umeh_tsugma khyug_high quality,umeh_tsugma khyug_high quality - page 1,Ume_Druma,line,0.8,3.0,2.5,True,0.1,False,0,2.932586431503296,0.0,0,0,0,Line processing failed: 'list' object cannot be interpreted as an integer
umeh_tsugma khyug_high quality,umeh_tsugma khyug_high quality - page 1,Ume_Druma,line,0.8,3.0,2.5,True,0.25,False,0,2.8160195350646973,0.0,0,0,0,Line processing failed: 'list' object cannot be interpreted as an integer
umeh_tsugma khyug_high quality,umeh_tsugma khyug_high quality - page 1,Ume_Druma,line,0.8,3.0,2.5,True,0.5,True,9,6.868098974227905,53.55,183,98,85,
umeh_tsugma khyug_high quality,umeh_tsugma khyug_high quality - page 1,Ume_Druma,line,0.8,3.0,2.5,True,0.9,True,9,6.655701160430908,53.55,183,98,85,
umeh_tsugma khyug_high quality,umeh_tsugma khyug_high quality - page 1,Ume_Druma,line,0.8,3.0,2.5,False,0.1,False,0,2.5745344161987305,0.0,0,0,0,Line processing failed: 'list' object cannot be interpreted as an integer
umeh_tsugma khyug_high quality,umeh_tsugma khyug_high quality - page 1,Ume_Druma,line,0.8,3.0,2.5,False,0.25,False,0,2.7647342681884766,0.0,0,0,0,Line processing failed: 'list' object cannot be interpreted as an integer
umeh_tsugma khyug_high quality,umeh_tsugma khyug_high quality - page 1,Ume_Druma,line,0.8,3.0,2.5,False,0.5,True,15,7.892097473144531,53.55,183,98,85,
umeh_tsugma khyug_high quality,umeh_tsugma khyug_high quality - page 1,Ume_Druma,line,0.8,3.0,2.5,False,0.9,True,15,7.635891914367676,53.55,183,98,85,
umeh_tsugma khyug_high quality,umeh_tsugma khyug_high quality - page 1,Ume_Druma,line,0.8,3.0,3.5,True,0.1,False,0,4.4802565574646,0.0,0,0,0,Line processing failed: 'list' object cannot be interpreted as an integer
umeh_tsugma khyug_high quality,umeh_tsugma khyug_high quality - page 1,Ume_Druma,line,0.8,3.0,3.5,True,0.25,False,0,4.487342119216919,0.0,0,0,0,Line processing failed: 'list' object cannot be interpreted as an integer
umeh_tsugma khyug_high quality,umeh_tsugma khyug_high quality - page 1,Ume_Druma,line,0.8,3.0,3.5,True,0.5,True,9,9.736018896102905,53.71,175,94,81,
umeh_tsugma khyug_high quality,umeh_tsugma khyug_high quality - page 1,Ume_Druma,line,0.8,3.0,3.5,True,0.9,True,9,7.5120978355407715,53.71,175,94,81,
umeh_tsugma khyug_high quality,umeh_tsugma khyug_high quality - page 1,Ume_Druma,line,0.8,3.0,3.5,False,0.1,False,0,2.5917694568634033,0.0,0,0,0,Line processing failed: 'list' object cannot be interpreted as an integer
umeh_tsugma khyug_high quality,umeh_tsugma khyug_high quality - page 1,Ume_Druma,line,0.8,3.0,3.5,False,0.25,False,0,2.5776138305664062,0.0,0,0,0,Line processing failed: 'list' object cannot be interpreted as an integer
umeh_tsugma khyug_high quality,umeh_tsugma khyug_high quality - page 1,Ume_Druma,line,0.8,3.0,3.5,False,0.5,True,15,8.119580268859863,53.45,174,93,81,
umeh_tsugma khyug_high quality,umeh_tsugma khyug_high quality - page 1,Ume_Druma,line,0.8,3.0,3.5,False,0.9,True,15,8.08290696144104,53.45,174,93,81,
umeh_tsugma khyug_high quality,umeh_tsugma khyug_high quality - page 1,Ume_Druma,line,0.8,3.0,4.0,True,0.1,False,0,2.56827974319458,0.0,0,0,0,Line processing failed: 'list' object cannot be interpreted as an integer
umeh_tsugma khyug_high quality,umeh_tsugma khyug_high quality - page 1,Ume_Druma,line,0.8,3.0,4.0,True,0.25,False,0,2.6170291900634766,0.0,0,0,0,Line processing failed: 'list' object cannot be interpreted as an integer
umeh_tsugma khyug_high quality,umeh_tsugma khyug_high quality - page 1,Ume_Druma,line,0.8,3.0,4.0,True,0.5,True,9,7.336543083190918,44.25,113,50,63,
umeh_tsugma khyug_high quality,umeh_tsugma khyug_high quality - page 1,Ume_Druma,line,0.8,3.0,4.0,True,0.9,True,9,6.993619203567505,44.25,113,50,63,
umeh_tsugma khyug_high quality,umeh_tsugma khyug_high quality - page 1,Ume_Druma,line,0.8,3.0,4.0,False,0.1,False,0,2.5620665550231934,0.0,0,0,0,Line processing failed: 'list' object cannot be interpreted as an integer
umeh_tsugma khyug_high quality,umeh_tsugma khyug_high quality - page 1,Ume_Druma,line,0.8,3.0,4.0,False,0.25,False,0,2.805779218673706,0.0,0,0,0,Line processing failed: 'list' object cannot be interpreted as an integer
umeh_tsugma khyug_high quality,umeh_tsugma khyug_high quality - page 1,Ume_Druma,line,0.8,3.0,4.0,False,0.5,True,15,8.213093280792236,44.25,113,50,63,
umeh_tsugma khyug_high quality,umeh_tsugma khyug_high quality - page 1,Ume_Druma,line,0.8,3.0,4.0,False,0.9,True,15,8.545655727386475,44.25,113,50,63,
umeh_tsugma khyug_high quality,umeh_tsugma khyug_high quality - page 1,Ume_Druma,line,0.8,3.0,5.0,True,0.1,False,0,4.486021041870117,0.0,0,0,0,Line processing failed: 'list' object cannot be interpreted as an integer
umeh_tsugma khyug_high quality,umeh_tsugma khyug_high quality - page 1,Ume_Druma,line,0.8,3.0,5.0,True,0.25,False,0,2.6251683235168457,0.0,0,0,0,Line processing failed: 'list' object cannot be interpreted as an integer
umeh_tsugma khyug_high quality,umeh_tsugma khyug_high quality - page 1,Ume_Druma,line,0.8,3.0,5.0,True,0.5,True,9,5.693624019622803,50.0,12,6,6,
umeh_tsugma khyug_high quality,umeh_tsugma khyug_high quality - page 1,Ume_Druma,line,0.8,3.0,5.0,True,0.9,True,9,5.274658679962158,50.0,12,6,6,
umeh_tsugma khyug_high quality,umeh_tsugma khyug_high quality - page 1,Ume_Druma,line,0.8,3.0,5.0,False,0.1,False,0,2.5992588996887207,0.0,0,0,0,Line processing failed: 'list' object cannot be interpreted as an integer
umeh_tsugma khyug_high quality,umeh_tsugma khyug_high quality - page 1,Ume_Druma,line,0.8,3.0,5.0,False,0.25,False,0,2.814532995223999,0.0,0,0,0,Line processing failed: 'list' object cannot be interpreted as an integer
umeh_tsugma khyug_high quality,umeh_tsugma khyug_high quality - page 1,Ume_Druma,line,0.8,3.0,5.0,False,0.5,True,15,6.547836065292358,50.0,12,6,6,
umeh_tsugma khyug_high quality,umeh_tsugma khyug_high quality - page 1,Ume_Druma,line,0.8,3.0,5.0,False,0.9,True,15,6.356424808502197,50.0,12,6,6,
umeh_tsugma khyug_high quality,umeh_tsugma khyug_high quality - page 1,Ume_Druma,line,0.9,2.0,2.5,True,0.1,False,0,2.698740005493164,0.0,0,0,0,Line processing failed: 'list' object cannot be interpreted as an integer
umeh_tsugma khyug_high quality,umeh_tsugma khyug_high quality - page 1,Ume_Druma,line,0.9,2.0,2.5,True,0.25,False,0,2.815962314605713,0.0,0,0,0,Line processing failed: 'list' object cannot be interpreted as an integer
umeh_tsugma khyug_high quality,umeh_tsugma khyug_high quality - page 1,Ume_Druma,line,0.9,2.0,2.5,True,0.5,True,9,6.470035076141357,53.55,183,98,85,
umeh_tsugma khyug_high quality,umeh_tsugma khyug_high quality - page 1,Ume_Druma,line,0.9,2.0,2.5,True,0.9,True,9,6.237971305847168,53.55,183,98,85,
umeh_tsugma khyug_high quality,umeh_tsugma khyug_high quality - page 1,Ume_Druma,line,0.9,2.0,2.5,False,0.1,False,0,2.6846346855163574,0.0,0,0,0,Line processing failed: 'list' object cannot be interpreted as an integer
umeh_tsugma khyug_high quality,umeh_tsugma khyug_high quality - page 1,Ume_Druma,line,0.9,2.0,2.5,False,0.25,False,0,2.818556070327759,0.0,0,0,0,Line processing failed: 'list' object cannot be interpreted as an integer
umeh_tsugma khyug_high quality,umeh_tsugma khyug_high quality - page 1,Ume_Druma,line,0.9,2.0,2.5,False,0.5,True,15,7.389658689498901,53.55,183,98,85,
umeh_tsugma khyug_high quality,umeh_tsugma khyug_high quality - page 1,Ume_Druma,line,0.9,2.0,2.5,False,0.9,True,15,7.938877820968628,53.55,183,98,85,
umeh_tsugma khyug_high quality,umeh_tsugma khyug_high quality - page 1,Ume_Druma,line,0.9,2.0,3.5,True,0.1,False,0,2.7577998638153076,0.0,0,0,0,Line processing failed: 'list' object cannot be interpreted as an integer
umeh_tsugma khyug_high quality,umeh_tsugma khyug_high quality - page 1,Ume_Druma,line,0.9,2.0,3.5,True,0.25,False,0,2.6202847957611084,0.0,0,0,0,Line processing failed: 'list' object cannot be interpreted as an integer
umeh_tsugma khyug_high quality,umeh_tsugma khyug_high quality - page 1,Ume_Druma,line,0.9,2.0,3.5,True,0.5,True,9,7.030720949172974,53.14,175,93,82,
umeh_tsugma khyug_high quality,umeh_tsugma khyug_high quality - page 1,Ume_Druma,line,0.9,2.0,3.5,True,0.9,True,9,6.742565870285034,53.14,175,93,82,
umeh_tsugma khyug_high quality,umeh_tsugma khyug_high quality - page 1,Ume_Druma,line,0.9,2.0,3.5,False,0.1,False,0,2.5765461921691895,0.0,0,0,0,Line processing failed: 'list' object cannot be interpreted as an integer
umeh_tsugma khyug_high quality,umeh_tsugma khyug_high quality - page 1,Ume_Druma,line,0.9,2.0,3.5,False,0.25,False,0,2.7659127712249756,0.0,0,0,0,Line processing failed: 'list' object cannot be interpreted as an integer
umeh_tsugma khyug_high quality,umeh_tsugma khyug_high quality - page 1,Ume_Druma,line,0.9,2.0,3.5,False,0.5,True,15,7.943753004074097,52.87,174,92,82,
umeh_tsugma khyug_high quality,umeh_tsugma khyug_high quality - page 1,Ume_Druma,line,0.9,2.0,3.5,False,0.9,True,15,7.667845010757446,52.87,174,92,82,
umeh_tsugma khyug_high quality,umeh_tsugma khyug_high quality - page 1,Ume_Druma,line,0.9,2.0,4.0,True,0.1,False,0,2.583049774169922,0.0,0,0,0,Line processing failed: 'list' object cannot be interpreted as an integer
umeh_tsugma khyug_high quality,umeh_tsugma khyug_high quality - page 1,Ume_Druma,line,0.9,2.0,4.0,True,0.25,False,0,2.7896728515625,0.0,0,0,0,Line processing failed: 'list' object cannot be interpreted as an integer
umeh_tsugma khyug_high quality,umeh_tsugma khyug_high quality - page 1,Ume_Druma,line,0.9,2.0,4.0,True,0.5,True,9,6.971533298492432,44.25,113,50,63,
umeh_tsugma khyug_high quality,umeh_tsugma khyug_high quality - page 1,Ume_Druma,line,0.9,2.0,4.0,True,0.9,True,9,6.606289625167847,44.25,113,50,63,
umeh_tsugma khyug_high quality,umeh_tsugma khyug_high quality - page 1,Ume_Druma,line,0.9,2.0,4.0,False,0.1,False,0,2.581756353378296,0.0,0,0,0,Line processing failed: 'list' object cannot be interpreted as an integer
umeh_tsugma khyug_high quality,umeh_tsugma khyug_high quality - page 1,Ume_Druma,line,0.9,2.0,4.0,False,0.25,False,0,2.781601667404175,0.0,0,0,0,Line processing failed: 'list' object cannot be interpreted as an integer
umeh_tsugma khyug_high quality,umeh_tsugma khyug_high quality - page 1,Ume_Druma,line,0.9,2.0,4.0,False,0.5,True,15,7.85996413230896,44.25,113,50,63,
umeh_tsugma khyug_high quality,umeh_tsugma khyug_high quality - page 1,Ume_Druma,line,0.9,2.0,4.0,False,0.9,True,15,7.566882848739624,44.25,113,50,63,
umeh_tsugma khyug_high quality,umeh_tsugma khyug_high quality - page 1,Ume_Druma,line,0.9,2.0,5.0,True,0.1,False,0,2.5797948837280273,0.0,0,0,0,Line processing failed: 'list' object cannot be interpreted as an integer
umeh_tsugma khyug_high quality,umeh_tsugma khyug_high quality - page 1,Ume_Druma,line,0.9,2.0,5.0,True,0.25,False,0,2.8007664680480957,0.0,0,0,0,Line processing failed: 'list' object cannot be interpreted as an integer
umeh_tsugma khyug_high quality,umeh_tsugma khyug_high quality - page 1,Ume_Druma,line,0.9,2.0,5.0,True,0.5,True,9,5.038102388381958,41.67,12,5,7,
umeh_tsugma khyug_high quality,umeh_tsugma khyug_high quality - page 1,Ume_Druma,line,0.9,2.0,5.0,True,0.9,True,9,4.96891975402832,41.67,12,5,7,
umeh_tsugma khyug_high quality,umeh_tsugma khyug_high quality - page 1,Ume_Druma,line,0.9,2.0,5.0,False,0.1,False,0,2.7298173904418945,0.0,0,0,0,Line processing failed: 'list' object cannot be interpreted as an integer
umeh_tsugma khyug_high quality,umeh_tsugma khyug_high quality - page 1,Ume_Druma,line,0.9,2.0,5.0,False,0.25,False,0,2.81611967086792,0.0,0,0,0,Line processing failed: 'list' object cannot be interpreted as an integer
umeh_tsugma khyug_high quality,umeh_tsugma khyug_high quality - page 1,Ume_Druma,line,0.9,2.0,5.0,False,0.5,True,15,5.97270131111145,41.67,12,5,7,
umeh_tsugma khyug_high quality,umeh_tsugma khyug_high quality - page 1,Ume_Druma,line,0.9,2.0,5.0,False,0.9,True,15,5.930616855621338,41.67,12,5,7,
umeh_tsugma khyug_high quality,umeh_tsugma khyug_high quality - page 1,Ume_Druma,line,0.9,2.5,2.5,True,0.1,False,0,2.7572147846221924,0.0,0,0,0,Line processing failed: 'list' object cannot be interpreted as an integer
umeh_tsugma khyug_high quality,umeh_tsugma khyug_high quality - page 1,Ume_Druma,line,0.9,2.5,2.5,True,0.25,False,0,2.9149980545043945,0.0,0,0,0,Line processing failed: 'list' object cannot be interpreted as an integer
umeh_tsugma khyug_high quality,umeh_tsugma khyug_high quality - page 1,Ume_Druma,line,0.9,2.5,2.5,True,0.5,True,9,6.638942003250122,53.01,183,97,86,
umeh_tsugma khyug_high quality,umeh_tsugma khyug_high quality - page 1,Ume_Druma,line,0.9,2.5,2.5,True,0.9,True,9,6.475428581237793,53.01,183,97,86,
umeh_tsugma khyug_high quality,umeh_tsugma khyug_high quality - page 1,Ume_Druma,line,0.9,2.5,2.5,False,0.1,False,0,2.5889601707458496,0.0,0,0,0,Line processing failed: 'list' object cannot be interpreted as an integer
umeh_tsugma khyug_high quality,umeh_tsugma khyug_high quality - page 1,Ume_Druma,line,0.9,2.5,2.5,False,0.25,False,0,2.821424722671509,0.0,0,0,0,Line processing failed: 'list' object cannot be interpreted as an integer
umeh_tsugma khyug_high quality,umeh_tsugma khyug_high quality - page 1,Ume_Druma,line,0.9,2.5,2.5,False,0.5,True,15,7.545294761657715,53.01,183,97,86,
umeh_tsugma khyug_high quality,umeh_tsugma khyug_high quality - page 1,Ume_Druma,line,0.9,2.5,2.5,False,0.9,True,15,7.822833776473999,53.01,183,97,86,
umeh_tsugma khyug_high quality,umeh_tsugma khyug_high quality - page 1,Ume_Druma,line,0.9,2.5,3.5,True,0.1,False,0,2.5761468410491943,0.0,0,0,0,Line processing failed: 'list' object cannot be interpreted as an integer
umeh_tsugma khyug_high quality,umeh_tsugma khyug_high quality - page 1,Ume_Druma,line,0.9,2.5,3.5,True,0.25,False,0,2.698232889175415,0.0,0,0,0,Line processing failed: 'list' object cannot be interpreted as an integer
umeh_tsugma khyug_high quality,umeh_tsugma khyug_high quality - page 1,Ume_Druma,line,0.9,2.5,3.5,True,0.5,True,9,7.220129489898682,53.14,175,93,82,
umeh_tsugma khyug_high quality,umeh_tsugma khyug_high quality - page 1,Ume_Druma,line,0.9,2.5,3.5,True,0.9,True,9,7.078597784042358,53.14,175,93,82,
umeh_tsugma khyug_high quality,umeh_tsugma khyug_high quality - page 1,Ume_Druma,line,0.9,2.5,3.5,False,0.1,False,0,2.6086442470550537,0.0,0,0,0,Line processing failed: 'list' object cannot be interpreted as an integer
umeh_tsugma khyug_high quality,umeh_tsugma khyug_high quality - page 1,Ume_Druma,line,0.9,2.5,3.5,False,0.25,False,0,2.667701005935669,0.0,0,0,0,Line processing failed: 'list' object cannot be interpreted as an integer
umeh_tsugma khyug_high quality,umeh_tsugma khyug_high quality - page 1,Ume_Druma,line,0.9,2.5,3.5,False,0.5,True,15,8.144486904144287,52.87,174,92,82,
umeh_tsugma khyug_high quality,umeh_tsugma khyug_high quality - page 1,Ume_Druma,line,0.9,2.5,3.5,False,0.9,True,15,7.949847936630249,52.87,174,92,82,
umeh_tsugma khyug_high quality,umeh_tsugma khyug_high quality - page 1,Ume_Druma,line,0.9,2.5,4.0,True,0.1,False,0,2.7736761569976807,0.0,0,0,0,Line processing failed: 'list' object cannot be interpreted as an integer
umeh_tsugma khyug_high quality,umeh_tsugma khyug_high quality - page 1,Ume_Druma,line,0.9,2.5,4.0,True,0.25,False,0,2.694288492202759,0.0,0,0,0,Line processing failed: 'list' object cannot be interpreted as an integer
umeh_tsugma khyug_high quality,umeh_tsugma khyug_high quality - page 1,Ume_Druma,line,0.9,2.5,4.0,True,0.5,True,9,7.166468381881714,44.25,113,50,63,
umeh_tsugma khyug_high quality,umeh_tsugma khyug_high quality - page 1,Ume_Druma,line,0.9,2.5,4.0,True,0.9,True,9,7.742562770843506,44.25,113,50,63,
umeh_tsugma khyug_high quality,umeh_tsugma khyug_high quality - page 1,Ume_Druma,line,0.9,2.5,4.0,False,0.1,False,0,2.6735897064208984,0.0,0,0,0,Line processing failed: 'list' object cannot be interpreted as an integer
umeh_tsugma khyug_high quality,umeh_tsugma khyug_high quality - page 1,Ume_Druma,line,0.9,2.5,4.0,False,0.25,False,0,2.625880718231201,0.0,0,0,0,Line processing failed: 'list' object cannot be interpreted as an integer
umeh_tsugma khyug_high quality,umeh_tsugma khyug_high quality - page 1,Ume_Druma,line,0.9,2.5,4.0,False,0.5,True,15,7.936349153518677,44.25,113,50,63,
umeh_tsugma khyug_high quality,umeh_tsugma khyug_high quality - page 1,Ume_Druma,line,0.9,2.5,4.0,False,0.9,True,15,7.792818546295166,44.25,113,50,63,
umeh_tsugma khyug_high quality,umeh_tsugma khyug_high quality - page 1,Ume_Druma,line,0.9,2.5,5.0,True,0.1,False,0,2.584080457687378,0.0,0,0,0,Line processing failed: 'list' object cannot be interpreted as an integer
umeh_tsugma khyug_high quality,umeh_tsugma khyug_high quality - page 1,Ume_Druma,line,0.9,2.5,5.0,True,0.25,False,0,2.8120899200439453,0.0,0,0,0,Line processing failed: 'list' object cannot be interpreted as an integer
umeh_tsugma khyug_high quality,umeh_tsugma khyug_high quality - page 1,Ume_Druma,line,0.9,2.5,5.0,True,0.5,True,9,5.324152946472168,50.0,12,6,6,
umeh_tsugma khyug_high quality,umeh_tsugma khyug_high quality - page 1,Ume_Druma,line,0.9,2.5,5.0,True,0.9,True,9,5.285335063934326,50.0,12,6,6,
umeh_tsugma khyug_high quality,umeh_tsugma khyug_high quality - page 1,Ume_Druma,line,0.9,2.5,5.0,False,0.1,False,0,2.743428945541382,0.0,0,0,0,Line processing failed: 'list' object cannot be interpreted as an integer
umeh_tsugma khyug_high quality,umeh_tsugma khyug_high quality - page 1,Ume_Druma,line,0.9,2.5,5.0,False,0.25,False,0,2.827970027923584,0.0,0,0,0,Line processing failed: 'list' object cannot be interpreted as an integer
umeh_tsugma khyug_high quality,umeh_tsugma khyug_high quality - page 1,Ume_Druma,line,0.9,2.5,5.0,False,0.5,True,15,6.311578035354614,50.0,12,6,6,
umeh_tsugma khyug_high quality,umeh_tsugma khyug_high quality - page 1,Ume_Druma,line,0.9,2.5,5.0,False,0.9,True,15,6.345088243484497,50.0,12,6,6,
umeh_tsugma khyug_high quality,umeh_tsugma khyug_high quality - page 1,Ume_Druma,line,0.9,3.0,2.5,True,0.1,False,0,2.7237164974212646,0.0,0,0,0,Line processing failed: 'list' object cannot be interpreted as an integer
umeh_tsugma khyug_high quality,umeh_tsugma khyug_high quality - page 1,Ume_Druma,line,0.9,3.0,2.5,True,0.25,False,0,2.8232617378234863,0.0,0,0,0,Line processing failed: 'list' object cannot be interpreted as an integer
umeh_tsugma khyug_high quality,umeh_tsugma khyug_high quality - page 1,Ume_Druma,line,0.9,3.0,2.5,True,0.5,True,9,6.876666069030762,53.55,183,98,85,
umeh_tsugma khyug_high quality,umeh_tsugma khyug_high quality - page 1,Ume_Druma,line,0.9,3.0,2.5,True,0.9,True,9,6.620264768600464,53.55,183,98,85,
umeh_tsugma khyug_high quality,umeh_tsugma khyug_high quality - page 1,Ume_Druma,line,0.9,3.0,2.5,False,0.1,False,0,2.627980947494507,0.0,0,0,0,Line processing failed: 'list' object cannot be interpreted as an integer
umeh_tsugma khyug_high quality,umeh_tsugma khyug_high quality - page 1,Ume_Druma,line,0.9,3.0,2.5,False,0.25,False,0,2.788463592529297,0.0,0,0,0,Line processing failed: 'list' object cannot be interpreted as an integer
umeh_tsugma khyug_high quality,umeh_tsugma khyug_high quality - page 1,Ume_Druma,line,0.9,3.0,2.5,False,0.5,True,15,7.773842811584473,53.55,183,98,85,
umeh_tsugma khyug_high quality,umeh_tsugma khyug_high quality - page 1,Ume_Druma,line,0.9,3.0,2.5,False,0.9,True,15,7.5208580493927,53.55,183,98,85,
umeh_tsugma khyug_high quality,umeh_tsugma khyug_high quality - page 1,Ume_Druma,line,0.9,3.0,3.5,True,0.1,False,0,2.670260429382324,0.0,0,0,0,Line processing failed: 'list' object cannot be interpreted as an integer
umeh_tsugma khyug_high quality,umeh_tsugma khyug_high quality - page 1,Ume_Druma,line,0.9,3.0,3.5,True,0.25,False,0,2.8078970909118652,0.0,0,0,0,Line processing failed: 'list' object cannot be interpreted as an integer
umeh_tsugma khyug_high quality,umeh_tsugma khyug_high quality - page 1,Ume_Druma,line,0.9,3.0,3.5,True,0.5,True,9,7.795886993408203,53.71,175,94,81,
umeh_tsugma khyug_high quality,umeh_tsugma khyug_high quality - page 1,Ume_Druma,line,0.9,3.0,3.5,True,0.9,True,9,7.166893243789673,53.71,175,94,81,
umeh_tsugma khyug_high quality,umeh_tsugma khyug_high quality - page 1,Ume_Druma,line,0.9,3.0,3.5,False,0.1,False,0,2.5732128620147705,0.0,0,0,0,Line processing failed: 'list' object cannot be interpreted as an integer
umeh_tsugma khyug_high quality,umeh_tsugma khyug_high quality - page 1,Ume_Druma,line,0.9,3.0,3.5,False,0.25,False,0,2.603783369064331,0.0,0,0,0,Line processing failed: 'list' object cannot be interpreted as an integer
umeh_tsugma khyug_high quality,umeh_tsugma khyug_high quality - page 1,Ume_Druma,line,0.9,3.0,3.5,False,0.5,True,15,8.397881507873535,53.45,174,93,81,
umeh_tsugma khyug_high quality,umeh_tsugma khyug_high quality - page 1,Ume_Druma,line,0.9,3.0,3.5,False,0.9,True,15,8.11056923866272,53.45,174,93,81,
umeh_tsugma khyug_high quality,umeh_tsugma khyug_high quality - page 1,Ume_Druma,line,0.9,3.0,4.0,True,0.1,False,0,2.5699450969696045,0.0,0,0,0,Line processing failed: 'list' object cannot be interpreted as an integer
umeh_tsugma khyug_high quality,umeh_tsugma khyug_high quality - page 1,Ume_Druma,line,0.9,3.0,4.0,True,0.25,False,0,2.738814353942871,0.0,0,0,0,Line processing failed: 'list' object cannot be interpreted as an integer
umeh_tsugma khyug_high quality,umeh_tsugma khyug_high quality - page 1,Ume_Druma,line,0.9,3.0,4.0,True,0.5,True,9,7.222542762756348,44.25,113,50,63,
umeh_tsugma khyug_high quality,umeh_tsugma khyug_high quality - page 1,Ume_Druma,line,0.9,3.0,4.0,True,0.9,True,9,7.011502981185913,44.25,113,50,63,
umeh_tsugma khyug_high quality,umeh_tsugma khyug_high quality - page 1,Ume_Druma,line,0.9,3.0,4.0,False,0.1,False,0,2.568751335144043,0.0,0,0,0,Line processing failed: 'list' object cannot be interpreted as an integer
umeh_tsugma khyug_high quality,umeh_tsugma khyug_high quality - page 1,Ume_Druma,line,0.9,3.0,4.0,False,0.25,False,0,2.7305030822753906,0.0,0,0,0,Line processing failed: 'list' object cannot be interpreted as an integer
umeh_tsugma khyug_high quality,umeh_tsugma khyug_high quality - page 1,Ume_Druma,line,0.9,3.0,4.0,False,0.5,True,15,8.188327550888062,44.25,113,50,63,
umeh_tsugma khyug_high quality,umeh_tsugma khyug_high quality - page 1,Ume_Druma,line,0.9,3.0,4.0,False,0.9,True,15,7.9102983474731445,44.25,113,50,63,
umeh_tsugma khyug_high quality,umeh_tsugma khyug_high quality - page 1,Ume_Druma,line,0.9,3.0,5.0,True,0.1,False,0,2.6867427825927734,0.0,0,0,0,Line processing failed: 'list' object cannot be interpreted as an integer
umeh_tsugma khyug_high quality,umeh_tsugma khyug_high quality - page 1,Ume_Druma,line,0.9,3.0,5.0,True,0.25,False,0,4.475898504257202,0.0,0,0,0,Line processing failed: 'list' object cannot be interpreted as an integer
umeh_tsugma khyug_high quality,umeh_tsugma khyug_high quality - page 1,Ume_Druma,line,0.9,3.0,5.0,True,0.5,True,9,7.408901691436768,50.0,12,6,6,
umeh_tsugma khyug_high quality,umeh_tsugma khyug_high quality - page 1,Ume_Druma,line,0.9,3.0,5.0,True,0.9,True,9,5.310521602630615,50.0,12,6,6,
umeh_tsugma khyug_high quality,umeh_tsugma khyug_high quality - page 1,Ume_Druma,line,0.9,3.0,5.0,False,0.1,False,0,2.674854278564453,0.0,0,0,0,Line processing failed: 'list' object cannot be interpreted as an integer
umeh_tsugma khyug_high quality,umeh_tsugma khyug_high quality - page 1,Ume_Druma,line,0.9,3.0,5.0,False,0.25,False,0,2.5954720973968506,0.0,0,0,0,Line processing failed: 'list' object cannot be interpreted as an integer
umeh_tsugma khyug_high quality,umeh_tsugma khyug_high quality - page 1,Ume_Druma,line,0.9,3.0,5.0,False,0.5,True,15,6.4753196239471436,50.0,12,6,6,
umeh_tsugma khyug_high quality,umeh_tsugma khyug_high quality - page 1,Ume_Druma,line,0.9,3.0,5.0,False,0.9,True,15,6.498786687850952,50.0,12,6,6,
umeh_tsugma khyug_high quality,umeh_tsugma khyug_high quality - page 1,Ume_Druma,layout,0.7,2.0,2.5,True,0.1,True,8,6.2525413036346436,53.61,166,89,77,
umeh_tsugma khyug_high quality,umeh_tsugma khyug_high quality - page 1,Ume_Druma,layout,0.7,2.0,2.5,True,0.25,True,8,6.013526916503906,53.61,166,89,77,
umeh_tsugma khyug_high quality,umeh_tsugma khyug_high quality - page 1,Ume_Druma,layout,0.7,2.0,2.5,True,0.5,True,8,5.9324212074279785,53.61,166,89,77,
umeh_tsugma khyug_high quality,umeh_tsugma khyug_high quality - page 1,Ume_Druma,layout,0.7,2.0,2.5,True,0.9,True,8,5.932621002197266,53.61,166,89,77,
umeh_tsugma khyug_high quality,umeh_tsugma khyug_high quality - page 1,Ume_Druma,layout,0.7,2.0,2.5,False,0.1,True,35,10.530882358551025,46.2,158,73,85,
umeh_tsugma khyug_high quality,umeh_tsugma khyug_high quality - page 1,Ume_Druma,layout,0.7,2.0,2.5,False,0.25,True,35,10.217581748962402,46.2,158,73,85,
umeh_tsugma khyug_high quality,umeh_tsugma khyug_high quality - page 1,Ume_Druma,layout,0.7,2.0,2.5,False,0.5,True,35,11.965859413146973,46.2,158,73,85,
umeh_tsugma khyug_high quality,umeh_tsugma khyug_high quality - page 1,Ume_Druma,layout,0.7,2.0,2.5,False,0.9,True,35,10.114115715026855,46.2,158,73,85,
umeh_tsugma khyug_high quality,umeh_tsugma khyug_high quality - page 1,Ume_Druma,layout,0.7,2.0,3.5,True,0.1,True,8,6.552278280258179,47.4,154,73,81,
umeh_tsugma khyug_high quality,umeh_tsugma khyug_high quality - page 1,Ume_Druma,layout,0.7,2.0,3.5,True,0.25,True,8,6.991512060165405,47.4,154,73,81,
umeh_tsugma khyug_high quality,umeh_tsugma khyug_high quality - page 1,Ume_Druma,layout,0.7,2.0,3.5,True,0.5,True,8,6.640097141265869,47.4,154,73,81,
umeh_tsugma khyug_high quality,umeh_tsugma khyug_high quality - page 1,Ume_Druma,layout,0.7,2.0,3.5,True,0.9,True,8,6.561130523681641,47.4,154,73,81,
umeh_tsugma khyug_high quality,umeh_tsugma khyug_high quality - page 1,Ume_Druma,layout,0.7,2.0,3.5,False,0.1,True,35,9.700690746307373,58.96,173,102,71,
umeh_tsugma khyug_high quality,umeh_tsugma khyug_high quality - page 1,Ume_Druma,layout,0.7,2.0,3.5,False,0.25,True,35,9.684293031692505,58.96,173,102,71,
umeh_tsugma khyug_high quality,umeh_tsugma khyug_high quality - page 1,Ume_Druma,layout,0.7,2.0,3.5,False,0.5,True,35,9.855287551879883,58.96,173,102,71,
umeh_tsugma khyug_high quality,umeh_tsugma khyug_high quality - page 1,Ume_Druma,layout,0.7,2.0,3.5,False,0.9,True,35,11.801248788833618,58.96,173,102,71,
umeh_tsugma khyug_high quality,umeh_tsugma khyug_high quality - page 1,Ume_Druma,layout,0.7,2.0,4.0,True,0.1,True,8,6.437925577163696,47.93,121,58,63,
umeh_tsugma khyug_high quality,umeh_tsugma khyug_high quality - page 1,Ume_Druma,layout,0.7,2.0,4.0,True,0.25,True,8,6.449353933334351,47.93,121,58,63,
umeh_tsugma khyug_high quality,umeh_tsugma khyug_high quality - page 1,Ume_Druma,layout,0.7,2.0,4.0,True,0.5,True,8,6.454039812088013,47.93,121,58,63,
umeh_tsugma khyug_high quality,umeh_tsugma khyug_high quality - page 1,Ume_Druma,layout,0.7,2.0,4.0,True,0.9,True,8,6.483994722366333,47.93,121,58,63,
umeh_tsugma khyug_high quality,umeh_tsugma khyug_high quality - page 1,Ume_Druma,layout,0.7,2.0,4.0,False,0.1,True,35,9.706152200698853,54.37,160,87,73,
umeh_tsugma khyug_high quality,umeh_tsugma khyug_high quality - page 1,Ume_Druma,layout,0.7,2.0,4.0,False,0.25,True,35,9.85835862159729,54.37,160,87,73,
umeh_tsugma khyug_high quality,umeh_tsugma khyug_high quality - page 1,Ume_Druma,layout,0.7,2.0,4.0,False,0.5,True,35,9.863554954528809,54.37,160,87,73,
umeh_tsugma khyug_high quality,umeh_tsugma khyug_high quality - page 1,Ume_Druma,layout,0.7,2.0,4.0,False,0.9,True,35,9.832527875900269,54.37,160,87,73,
umeh_tsugma khyug_high quality,umeh_tsugma khyug_high quality - page 1,Ume_Druma,layout,0.7,2.0,5.0,True,0.1,True,8,5.843374967575073,37.5,24,9,15,
umeh_tsugma khyug_high quality,umeh_tsugma khyug_high quality - page 1,Ume_Druma,layout,0.7,2.0,5.0,True,0.25,True,8,7.0394606590271,37.5,24,9,15,
umeh_tsugma khyug_high quality,umeh_tsugma khyug_high quality - page 1,Ume_Druma,layout,0.7,2.0,5.0,True,0.5,True,8,5.112722873687744,37.5,24,9,15,
umeh_tsugma khyug_high quality,umeh_tsugma khyug_high quality - page 1,Ume_Druma,layout,0.7,2.0,5.0,True,0.9,True,8,5.117601156234741,37.5,24,9,15,
umeh_tsugma khyug_high quality,umeh_tsugma khyug_high quality - page 1,Ume_Druma,layout,0.7,2.0,5.0,False,0.1,True,35,10.189699172973633,50.0,130,65,65,
umeh_tsugma khyug_high quality,umeh_tsugma khyug_high quality - page 1,Ume_Druma,layout,0.7,2.0,5.0,False,0.25,True,35,10.39995265007019,50.0,130,65,65,
umeh_tsugma khyug_high quality,umeh_tsugma khyug_high quality - page 1,Ume_Druma,layout,0.7,2.0,5.0,False,0.5,True,35,10.313981294631958,50.0,130,65,65,
umeh_tsugma khyug_high quality,umeh_tsugma khyug_high quality - page 1,Ume_Druma,layout,0.7,2.0,5.0,False,0.9,True,35,10.2975172996521,50.0,130,65,65,
umeh_tsugma khyug_high quality,umeh_tsugma khyug_high quality - page 1,Ume_Druma,layout,0.7,2.5,2.5,True,0.1,True,8,6.187312126159668,53.33,165,88,77,
umeh_tsugma khyug_high quality,umeh_tsugma khyug_high quality - page 1,Ume_Druma,layout,0.7,2.5,2.5,True,0.25,True,8,6.098934173583984,53.33,165,88,77,
umeh_tsugma khyug_high quality,umeh_tsugma khyug_high quality - page 1,Ume_Druma,layout,0.7,2.5,2.5,True,0.5,True,8,6.124112844467163,53.33,165,88,77,
umeh_tsugma khyug_high quality,umeh_tsugma khyug_high quality - page 1,Ume_Druma,layout,0.7,2.5,2.5,True,0.9,True,8,6.061708450317383,53.33,165,88,77,
umeh_tsugma khyug_high quality,umeh_tsugma khyug_high quality - page 1,Ume_Druma,layout,0.7,2.5,2.5,False,0.1,True,35,10.275304555892944,46.2,158,73,85,
umeh_tsugma khyug_high quality,umeh_tsugma khyug_high quality - page 1,Ume_Druma,layout,0.7,2.5,2.5,False,0.25,True,35,10.492568492889404,46.2,158,73,85,
umeh_tsugma khyug_high quality,umeh_tsugma khyug_high quality - page 1,Ume_Druma,layout,0.7,2.5,2.5,False,0.5,True,35,10.361182928085327,46.2,158,73,85,
umeh_tsugma khyug_high quality,umeh_tsugma khyug_high quality - page 1,Ume_Druma,layout,0.7,2.5,2.5,False,0.9,True,35,10.524839878082275,46.2,158,73,85,
umeh_tsugma khyug_high quality,umeh_tsugma khyug_high quality - page 1,Ume_Druma,layout,0.7,2.5,3.5,True,0.1,True,8,6.822751998901367,47.4,154,73,81,
umeh_tsugma khyug_high quality,umeh_tsugma khyug_high quality - page 1,Ume_Druma,layout,0.7,2.5,3.5,True,0.25,True,8,7.213189363479614,47.4,154,73,81,
umeh_tsugma khyug_high quality,umeh_tsugma khyug_high quality - page 1,Ume_Druma,layout,0.7,2.5,3.5,True,0.5,True,8,6.741335868835449,47.4,154,73,81,
umeh_tsugma khyug_high quality,umeh_tsugma khyug_high quality - page 1,Ume_Druma,layout,0.7,2.5,3.5,True,0.9,True,8,6.752882957458496,47.4,154,73,81,
umeh_tsugma khyug_high quality,umeh_tsugma khyug_high quality - page 1,Ume_Druma,layout,0.7,2.5,3.5,False,0.1,True,35,9.86625599861145,58.96,173,102,71,
umeh_tsugma khyug_high quality,umeh_tsugma khyug_high quality - page 1,Ume_Druma,layout,0.7,2.5,3.5,False,0.25,True,35,10.644438743591309,58.96,173,102,71,
umeh_tsugma khyug_high quality,umeh_tsugma khyug_high quality - page 1,Ume_Druma,layout,0.7,2.5,3.5,False,0.5,True,35,12.251725196838379,58.96,173,102,71,
umeh_tsugma khyug_high quality,umeh_tsugma khyug_high quality - page 1,Ume_Druma,layout,0.7,2.5,3.5,False,0.9,True,35,9.798176050186157,58.96,173,102,71,
umeh_tsugma khyug_high quality,umeh_tsugma khyug_high quality - page 1,Ume_Druma,layout,0.7,2.5,4.0,True,0.1,True,8,6.653707981109619,47.93,121,58,63,
umeh_tsugma khyug_high quality,umeh_tsugma khyug_high quality - page 1,Ume_Druma,layout,0.7,2.5,4.0,True,0.25,True,8,6.6357927322387695,47.93,121,58,63,
umeh_tsugma khyug_high quality,umeh_tsugma khyug_high quality - page 1,Ume_Druma,layout,0.7,2.5,4.0,True,0.5,True,8,7.499770402908325,47.93,121,58,63,
umeh_tsugma khyug_high quality,umeh_tsugma khyug_high quality - page 1,Ume_Druma,layout,0.7,2.5,4.0,True,0.9,True,8,6.618556022644043,47.93,121,58,63,
umeh_tsugma khyug_high quality,umeh_tsugma khyug_high quality - page 1,Ume_Druma,layout,0.7,2.5,4.0,False,0.1,True,35,9.87506103515625,54.37,160,87,73,
umeh_tsugma khyug_high quality,umeh_tsugma khyug_high quality - page 1,Ume_Druma,layout,0.7,2.5,4.0,False,0.25,True,35,10.959887504577637,54.37,160,87,73,
umeh_tsugma khyug_high quality,umeh_tsugma khyug_high quality - page 1,Ume_Druma,layout,0.7,2.5,4.0,False,0.5,True,35,9.9025719165802,54.37,160,87,73,
umeh_tsugma khyug_high quality,umeh_tsugma khyug_high quality - page 1,Ume_Druma,layout,0.7,2.5,4.0,False,0.9,True,35,10.027331590652466,54.37,160,87,73,
umeh_tsugma khyug_high quality,umeh_tsugma khyug_high quality - page 1,Ume_Druma,layout,0.7,2.5,5.0,True,0.1,True,8,5.543512344360352,30.77,26,8,18,
umeh_tsugma khyug_high quality,umeh_tsugma khyug_high quality - page 1,Ume_Druma,layout,0.7,2.5,5.0,True,0.25,True,8,5.487285375595093,30.77,26,8,18,
umeh_tsugma khyug_high quality,umeh_tsugma khyug_high quality - page 1,Ume_Druma,layout,0.7,2.5,5.0,True,0.5,True,8,5.522808790206909,30.77,26,8,18,
umeh_tsugma khyug_high quality,umeh_tsugma khyug_high quality - page 1,Ume_Druma,layout,0.7,2.5,5.0,True,0.9,True,8,5.483820199966431,30.77,26,8,18,
umeh_tsugma khyug_high quality,umeh_tsugma khyug_high quality - page 1,Ume_Druma,layout,0.7,2.5,5.0,False,0.1,True,35,10.486498594284058,60.45,134,81,53,
umeh_tsugma khyug_high quality,umeh_tsugma khyug_high quality - page 1,Ume_Druma,layout,0.7,2.5,5.0,False,0.25,True,35,10.467681407928467,60.45,134,81,53,
umeh_tsugma khyug_high quality,umeh_tsugma khyug_high quality - page 1,Ume_Druma,layout,0.7,2.5,5.0,False,0.5,True,35,10.507675886154175,60.45,134,81,53,
umeh_tsugma khyug_high quality,umeh_tsugma khyug_high quality - page 1,Ume_Druma,layout,0.7,2.5,5.0,False,0.9,True,35,10.510037899017334,60.45,134,81,53,
umeh_tsugma khyug_high quality,umeh_tsugma khyug_high quality - page 1,Ume_Druma,layout,0.7,3.0,2.5,True,0.1,True,8,6.4014811515808105,53.33,165,88,77,
umeh_tsugma khyug_high quality,umeh_tsugma khyug_high quality - page 1,Ume_Druma,layout,0.7,3.0,2.5,True,0.25,True,8,6.39931321144104,53.33,165,88,77,
umeh_tsugma khyug_high quality,umeh_tsugma khyug_high quality - page 1,Ume_Druma,layout,0.7,3.0,2.5,True,0.5,True,8,6.300643682479858,53.33,165,88,77,
umeh_tsugma khyug_high quality,umeh_tsugma khyug_high quality - page 1,Ume_Druma,layout,0.7,3.0,2.5,True,0.9,True,8,6.322390794754028,53.33,165,88,77,
umeh_tsugma khyug_high quality,umeh_tsugma khyug_high quality - page 1,Ume_Druma,layout,0.7,3.0,2.5,False,0.1,True,35,10.484555721282959,46.84,158,74,84,
umeh_tsugma khyug_high quality,umeh_tsugma khyug_high quality - page 1,Ume_Druma,layout,0.7,3.0,2.5,False,0.25,True,35,10.66523790359497,46.84,158,74,84,
umeh_tsugma khyug_high quality,umeh_tsugma khyug_high quality - page 1,Ume_Druma,layout,0.7,3.0,2.5,False,0.5,True,35,10.594470262527466,46.84,158,74,84,
umeh_tsugma khyug_high quality,umeh_tsugma khyug_high quality - page 1,Ume_Druma,layout,0.7,3.0,2.5,False,0.9,True,35,10.642735481262207,46.84,158,74,84,
umeh_tsugma khyug_high quality,umeh_tsugma khyug_high quality - page 1,Ume_Druma,layout,0.7,3.0,3.5,True,0.1,True,8,7.106228590011597,47.4,154,73,81,
umeh_tsugma khyug_high quality,umeh_tsugma khyug_high quality - page 1,Ume_Druma,layout,0.7,3.0,3.5,True,0.25,True,8,9.279362201690674,47.4,154,73,81,
umeh_tsugma khyug_high quality,umeh_tsugma khyug_high quality - page 1,Ume_Druma,layout,0.7,3.0,3.5,True,0.5,True,8,6.977954864501953,47.4,154,73,81,
umeh_tsugma khyug_high quality,umeh_tsugma khyug_high quality - page 1,Ume_Druma,layout,0.7,3.0,3.5,True,0.9,True,8,7.42240571975708,47.4,154,73,81,
umeh_tsugma khyug_high quality,umeh_tsugma khyug_high quality - page 1,Ume_Druma,layout,0.7,3.0,3.5,False,0.1,True,35,10.104397296905518,58.96,173,102,71,
umeh_tsugma khyug_high quality,umeh_tsugma khyug_high quality - page 1,Ume_Druma,layout,0.7,3.0,3.5,False,0.25,True,35,10.022788047790527,58.96,173,102,71,
umeh_tsugma khyug_high quality,umeh_tsugma khyug_high quality - page 1,Ume_Druma,layout,0.7,3.0,3.5,False,0.5,True,35,12.51225996017456,58.96,173,102,71,
umeh_tsugma khyug_high quality,umeh_tsugma khyug_high quality - page 1,Ume_Druma,layout,0.7,3.0,3.5,False,0.9,True,35,12.293299436569214,58.96,173,102,71,
umeh_tsugma khyug_high quality,umeh_tsugma khyug_high quality - page 1,Ume_Druma,layout,0.7,3.0,4.0,True,0.1,True,8,6.86050009727478,47.93,121,58,63,
umeh_tsugma khyug_high quality,umeh_tsugma khyug_high quality - page 1,Ume_Druma,layout,0.7,3.0,4.0,True,0.25,True,8,6.853478670120239,47.93,121,58,63,
umeh_tsugma khyug_high quality,umeh_tsugma khyug_high quality - page 1,Ume_Druma,layout,0.7,3.0,4.0,True,0.5,True,8,6.864196300506592,47.93,121,58,63,
umeh_tsugma khyug_high quality,umeh_tsugma khyug_high quality - page 1,Ume_Druma,layout,0.7,3.0,4.0,True,0.9,True,8,6.870648384094238,47.93,121,58,63,
umeh_tsugma khyug_high quality,umeh_tsugma khyug_high quality - page 1,Ume_Druma,layout,0.7,3.0,4.0,False,0.1,True,35,10.082455158233643,54.37,160,87,73,
umeh_tsugma khyug_high quality,umeh_tsugma khyug_high quality - page 1,Ume_Druma,layout,0.7,3.0,4.0,False,0.25,True,35,10.141321659088135,54.37,160,87,73,
umeh_tsugma khyug_high quality,umeh_tsugma khyug_high quality - page 1,Ume_Druma,layout,0.7,3.0,4.0,False,0.5,True,35,10.170279502868652,54.37,160,87,73,
umeh_tsugma khyug_high quality,umeh_tsugma khyug_high quality - page 1,Ume_Druma,layout,0.7,3.0,4.0,False,0.9,True,35,10.184662818908691,54.37,160,87,73,
umeh_tsugma khyug_high quality,umeh_tsugma khyug_high quality - page 1,Ume_Druma,layout,0.7,3.0,5.0,True,0.1,True,8,5.743005037307739,30.77,26,8,18,
umeh_tsugma khyug_high quality,umeh_tsugma khyug_high quality - page 1,Ume_Druma,layout,0.7,3.0,5.0,True,0.25,True,8,5.7120747566223145,30.77,26,8,18,
umeh_tsugma khyug_high quality,umeh_tsugma khyug_high quality - page 1,Ume_Druma,layout,0.7,3.0,5.0,True,0.5,True,8,5.705496311187744,30.77,26,8,18,
umeh_tsugma khyug_high quality,umeh_tsugma khyug_high quality - page 1,Ume_Druma,layout,0.7,3.0,5.0,True,0.9,True,8,5.654242753982544,30.77,26,8,18,
umeh_tsugma khyug_high quality,umeh_tsugma khyug_high quality - page 1,Ume_Druma,layout,0.7,3.0,5.0,False,0.1,True,35,10.610528945922852,60.45,134,81,53,
umeh_tsugma khyug_high quality,umeh_tsugma khyug_high quality - page 1,Ume_Druma,layout,0.7,3.0,5.0,False,0.25,True,35,10.759707927703857,60.45,134,81,53,
umeh_tsugma khyug_high quality,umeh_tsugma khyug_high quality - page 1,Ume_Druma,layout,0.7,3.0,5.0,False,0.5,True,35,10.635745525360107,60.45,134,81,53,
umeh_tsugma khyug_high quality,umeh_tsugma khyug_high quality - page 1,Ume_Druma,layout,0.7,3.0,5.0,False,0.9,True,35,10.650223016738892,60.45,134,81,53,
umeh_tsugma khyug_high quality,umeh_tsugma khyug_high quality - page 1,Ume_Druma,layout,0.8,2.0,2.5,True,0.1,True,8,5.990849256515503,53.61,166,89,77,
umeh_tsugma khyug_high quality,umeh_tsugma khyug_high quality - page 1,Ume_Druma,layout,0.8,2.0,2.5,True,0.25,True,8,5.957977533340454,53.61,166,89,77,
umeh_tsugma khyug_high quality,umeh_tsugma khyug_high quality - page 1,Ume_Druma,layout,0.8,2.0,2.5,True,0.5,True,8,5.9161601066589355,53.61,166,89,77,
umeh_tsugma khyug_high quality,umeh_tsugma khyug_high quality - page 1,Ume_Druma,layout,0.8,2.0,2.5,True,0.9,True,8,5.901968955993652,53.61,166,89,77,
umeh_tsugma khyug_high quality,umeh_tsugma khyug_high quality - page 1,Ume_Druma,layout,0.8,2.0,2.5,False,0.1,True,35,10.342582941055298,46.2,158,73,85,
umeh_tsugma khyug_high quality,umeh_tsugma khyug_high quality - page 1,Ume_Druma,layout,0.8,2.0,2.5,False,0.25,True,35,10.218909978866577,46.2,158,73,85,
umeh_tsugma khyug_high quality,umeh_tsugma khyug_high quality - page 1,Ume_Druma,layout,0.8,2.0,2.5,False,0.5,True,35,10.237788200378418,46.2,158,73,85,
umeh_tsugma khyug_high quality,umeh_tsugma khyug_high quality - page 1,Ume_Druma,layout,0.8,2.0,2.5,False,0.9,True,35,10.210624694824219,46.2,158,73,85,
umeh_tsugma khyug_high quality,umeh_tsugma khyug_high quality - page 1,Ume_Druma,layout,0.8,2.0,3.5,True,0.1,True,8,6.6708083152771,47.4,154,73,81,
umeh_tsugma khyug_high quality,umeh_tsugma khyug_high quality - page 1,Ume_Druma,layout,0.8,2.0,3.5,True,0.25,True,8,6.566843271255493,47.4,154,73,81,
umeh_tsugma khyug_high quality,umeh_tsugma khyug_high quality - page 1,Ume_Druma,layout,0.8,2.0,3.5,True,0.5,True,8,6.575547218322754,47.4,154,73,81,
umeh_tsugma khyug_high quality,umeh_tsugma khyug_high quality - page 1,Ume_Druma,layout,0.8,2.0,3.5,True,0.9,True,8,6.550067901611328,47.4,154,73,81,
umeh_tsugma khyug_high quality,umeh_tsugma khyug_high quality - page 1,Ume_Druma,layout,0.8,2.0,3.5,False,0.1,True,35,9.64614224433899,58.96,173,102,71,
umeh_tsugma khyug_high quality,umeh_tsugma khyug_high quality - page 1,Ume_Druma,layout,0.8,2.0,3.5,False,0.25,True,35,9.693354845046997,58.96,173,102,71,
umeh_tsugma khyug_high quality,umeh_tsugma khyug_high quality - page 1,Ume_Druma,layout,0.8,2.0,3.5,False,0.5,True,35,9.810473442077637,58.96,173,102,71,
umeh_tsugma khyug_high quality,umeh_tsugma khyug_high quality - page 1,Ume_Druma,layout,0.8,2.0,3.5,False,0.9,True,35,9.815686702728271,58.96,173,102,71,
umeh_tsugma khyug_high quality,umeh_tsugma khyug_high quality - page 1,Ume_Druma,layout,0.8,2.0,4.0,True,0.1,True,8,7.036036252975464,47.93,121,58,63,
umeh_tsugma khyug_high quality,umeh_tsugma khyug_high quality - page 1,Ume_Druma,layout,0.8,2.0,4.0,True,0.25,True,8,6.44745659828186,47.93,121,58,63,
umeh_tsugma khyug_high quality,umeh_tsugma khyug_high quality - page 1,Ume_Druma,layout,0.8,2.0,4.0,True,0.5,True,8,6.479030609130859,47.93,121,58,63,
umeh_tsugma khyug_high quality,umeh_tsugma khyug_high quality - page 1,Ume_Druma,layout,0.8,2.0,4.0,True,0.9,True,8,6.472130060195923,47.93,121,58,63,
umeh_tsugma khyug_high quality,umeh_tsugma khyug_high quality - page 1,Ume_Druma,layout,0.8,2.0,4.0,False,0.1,True,35,9.707954406738281,54.37,160,87,73,
umeh_tsugma khyug_high quality,umeh_tsugma khyug_high quality - page 1,Ume_Druma,layout,0.8,2.0,4.0,False,0.25,True,35,9.843917846679688,54.37,160,87,73,
umeh_tsugma khyug_high quality,umeh_tsugma khyug_high quality - page 1,Ume_Druma,layout,0.8,2.0,4.0,False,0.5,True,35,9.914109945297241,54.37,160,87,73,
umeh_tsugma khyug_high quality,umeh_tsugma khyug_high quality - page 1,Ume_Druma,layout,0.8,2.0,4.0,False,0.9,True,35,9.86002492904663,54.37,160,87,73,
umeh_tsugma khyug_high quality,umeh_tsugma khyug_high quality - page 1,Ume_Druma,layout,0.8,2.0,5.0,True,0.1,True,8,5.289977550506592,37.5,24,9,15,
umeh_tsugma khyug_high quality,umeh_tsugma khyug_high quality - page 1,Ume_Druma,layout,0.8,2.0,5.0,True,0.25,True,8,5.230946779251099,37.5,24,9,15,
umeh_tsugma khyug_high quality,umeh_tsugma khyug_high quality - page 1,Ume_Druma,layout,0.8,2.0,5.0,True,0.5,True,8,5.261866092681885,37.5,24,9,15,
umeh_tsugma khyug_high quality,umeh_tsugma khyug_high quality - page 1,Ume_Druma,layout,0.8,2.0,5.0,True,0.9,True,8,5.235776662826538,37.5,24,9,15,
umeh_tsugma khyug_high quality,umeh_tsugma khyug_high quality - page 1,Ume_Druma,layout,0.8,2.0,5.0,False,0.1,True,35,10.32492208480835,50.0,130,65,65,
umeh_tsugma khyug_high quality,umeh_tsugma khyug_high quality - page 1,Ume_Druma,layout,0.8,2.0,5.0,False,0.25,True,35,10.279185771942139,50.0,130,65,65,
umeh_tsugma khyug_high quality,umeh_tsugma khyug_high quality - page 1,Ume_Druma,layout,0.8,2.0,5.0,False,0.5,True,35,10.293236017227173,50.0,130,65,65,
umeh_tsugma khyug_high quality,umeh_tsugma khyug_high quality - page 1,Ume_Druma,layout,0.8,2.0,5.0,False,0.9,True,35,10.3319091796875,50.0,130,65,65,
umeh_tsugma khyug_high quality,umeh_tsugma khyug_high quality - page 1,Ume_Druma,layout,0.8,2.5,2.5,True,0.1,True,8,6.164840221405029,53.33,165,88,77,
umeh_tsugma khyug_high quality,umeh_tsugma khyug_high quality - page 1,Ume_Druma,layout,0.8,2.5,2.5,True,0.25,True,8,6.1233460903167725,53.33,165,88,77,
umeh_tsugma khyug_high quality,umeh_tsugma khyug_high quality - page 1,Ume_Druma,layout,0.8,2.5,2.5,True,0.5,True,8,6.077722787857056,53.33,165,88,77,
umeh_tsugma khyug_high quality,umeh_tsugma khyug_high quality - page 1,Ume_Druma,layout,0.8,2.5,2.5,True,0.9,True,8,6.1077046394348145,53.33,165,88,77,
umeh_tsugma khyug_high quality,umeh_tsugma khyug_high quality - page 1,Ume_Druma,layout,0.8,2.5,2.5,False,0.1,True,35,10.294913530349731,46.2,158,73,85,
umeh_tsugma khyug_high quality,umeh_tsugma khyug_high quality - page 1,Ume_Druma,layout,0.8,2.5,2.5,False,0.25,True,35,10.361369132995605,46.2,158,73,85,
umeh_tsugma khyug_high quality,umeh_tsugma khyug_high quality - page 1,Ume_Druma,layout,0.8,2.5,2.5,False,0.5,True,35,10.541696310043335,46.2,158,73,85,
umeh_tsugma khyug_high quality,umeh_tsugma khyug_high quality - page 1,Ume_Druma,layout,0.8,2.5,2.5,False,0.9,True,35,12.2041757106781,46.2,158,73,85,
umeh_tsugma khyug_high quality,umeh_tsugma khyug_high quality - page 1,Ume_Druma,layout,0.8,2.5,3.5,True,0.1,True,8,6.848980188369751,47.4,154,73,81,
umeh_tsugma khyug_high quality,umeh_tsugma khyug_high quality - page 1,Ume_Druma,layout,0.8,2.5,3.5,True,0.25,True,8,6.765308856964111,47.4,154,73,81,
umeh_tsugma khyug_high quality,umeh_tsugma khyug_high quality - page 1,Ume_Druma,layout,0.8,2.5,3.5,True,0.5,True,8,6.738608121871948,47.4,154,73,81,
umeh_tsugma khyug_high quality,umeh_tsugma khyug_high quality - page 1,Ume_Druma,layout,0.8,2.5,3.5,True,0.9,True,8,6.7215495109558105,47.4,154,73,81,
umeh_tsugma khyug_high quality,umeh_tsugma khyug_high quality - page 1,Ume_Druma,layout,0.8,2.5,3.5,False,0.1,True,35,10.181276321411133,58.96,173,102,71,
umeh_tsugma khyug_high quality,umeh_tsugma khyug_high quality - page 1,Ume_Druma,layout,0.8,2.5,3.5,False,0.25,True,35,9.921862125396729,58.96,173,102,71,
umeh_tsugma khyug_high quality,umeh_tsugma khyug_high quality - page 1,Ume_Druma,layout,0.8,2.5,3.5,False,0.5,True,35,9.896257638931274,58.96,173,102,71,
umeh_tsugma khyug_high quality,umeh_tsugma khyug_high quality - page 1,Ume_Druma,layout,0.8,2.5,3.5,False,0.9,True,35,11.986132621765137,58.96,173,102,71,
umeh_tsugma khyug_high quality,umeh_tsugma khyug_high quality - page 1,Ume_Druma,layout,0.8,2.5,4.0,True,0.1,True,8,7.05517315864563,47.93,121,58,63,
umeh_tsugma khyug_high quality,umeh_tsugma khyug_high quality - page 1,Ume_Druma,layout,0.8,2.5,4.0,True,0.25,True,8,6.620020151138306,47.93,121,58,63,
umeh_tsugma khyug_high quality,umeh_tsugma khyug_high quality - page 1,Ume_Druma,layout,0.8,2.5,4.0,True,0.5,True,8,6.658757925033569,47.93,121,58,63,
umeh_tsugma khyug_high quality,umeh_tsugma khyug_high quality - page 1,Ume_Druma,layout,0.8,2.5,4.0,True,0.9,True,8,6.661578416824341,47.93,121,58,63,
umeh_tsugma khyug_high quality,umeh_tsugma khyug_high quality - page 1,Ume_Druma,layout,0.8,2.5,4.0,False,0.1,True,35,10.067232847213745,54.37,160,87,73,
umeh_tsugma khyug_high quality,umeh_tsugma khyug_high quality - page 1,Ume_Druma,layout,0.8,2.5,4.0,False,0.25,True,35,9.989173650741577,54.37,160,87,73,
umeh_tsugma khyug_high quality,umeh_tsugma khyug_high quality - page 1,Ume_Druma,layout,0.8,2.5,4.0,False,0.5,True,35,9.946611881256104,54.37,160,87,73,
umeh_tsugma khyug_high quality,umeh_tsugma khyug_high quality - page 1,Ume_Druma,layout,0.8,2.5,4.0,False,0.9,True,35,10.04810380935669,54.37,160,87,73,
umeh_tsugma khyug_high quality,umeh_tsugma khyug_high quality - page 1,Ume_Druma,layout,0.8,2.5,5.0,True,0.1,True,8,5.557091236114502,30.77,26,8,18,
umeh_tsugma khyug_high quality,umeh_tsugma khyug_high quality - page 1,Ume_Druma,layout,0.8,2.5,5.0,True,0.25,True,8,5.486364841461182,30.77,26,8,18,
umeh_tsugma khyug_high quality,umeh_tsugma khyug_high quality - page 1,Ume_Druma,layout,0.8,2.5,5.0,True,0.5,True,8,5.510643243789673,30.77,26,8,18,
umeh_tsugma khyug_high quality,umeh_tsugma khyug_high quality - page 1,Ume_Druma,layout,0.8,2.5,5.0,True,0.9,True,8,5.472663640975952,30.77,26,8,18,
umeh_tsugma khyug_high quality,umeh_tsugma khyug_high quality - page 1,Ume_Druma,layout,0.8,2.5,5.0,False,0.1,True,35,10.532398223876953,60.45,134,81,53,
umeh_tsugma khyug_high quality,umeh_tsugma khyug_high quality - page 1,Ume_Druma,layout,0.8,2.5,5.0,False,0.25,True,35,10.521896839141846,60.45,134,81,53,
umeh_tsugma khyug_high quality,umeh_tsugma khyug_high quality - page 1,Ume_Druma,layout,0.8,2.5,5.0,False,0.5,True,35,12.041711807250977,60.45,134,81,53,
umeh_tsugma khyug_high quality,umeh_tsugma khyug_high quality - page 1,Ume_Druma,layout,0.8,2.5,5.0,False,0.9,True,35,10.39980149269104,60.45,134,81,53,
umeh_tsugma khyug_high quality,umeh_tsugma khyug_high quality - page 1,Ume_Druma,layout,0.8,3.0,2.5,True,0.1,True,8,6.3286216259002686,53.33,165,88,77,
umeh_tsugma khyug_high quality,umeh_tsugma khyug_high quality - page 1,Ume_Druma,layout,0.8,3.0,2.5,True,0.25,True,8,6.582625389099121,53.33,165,88,77,
umeh_tsugma khyug_high quality,umeh_tsugma khyug_high quality - page 1,Ume_Druma,layout,0.8,3.0,2.5,True,0.5,True,8,6.281163692474365,53.33,165,88,77,
umeh_tsugma khyug_high quality,umeh_tsugma khyug_high quality - page 1,Ume_Druma,layout,0.8,3.0,2.5,True,0.9,True,8,6.315058469772339,53.33,165,88,77,
umeh_tsugma khyug_high quality,umeh_tsugma khyug_high quality - page 1,Ume_Druma,layout,0.8,3.0,2.5,False,0.1,True,35,10.494507789611816,46.84,158,74,84,
umeh_tsugma khyug_high quality,umeh_tsugma khyug_high quality - page 1,Ume_Druma,layout,0.8,3.0,2.5,False,0.25,True,35,10.727733135223389,46.84,158,74,84,
umeh_tsugma khyug_high quality,umeh_tsugma khyug_high quality - page 1,Ume_Druma,layout,0.8,3.0,2.5,False,0.5,True,35,13.093865394592285,46.84,158,74,84,
umeh_tsugma khyug_high quality,umeh_tsugma khyug_high quality - page 1,Ume_Druma,layout,0.8,3.0,2.5,False,0.9,True,35,11.314022779464722,46.84,158,74,84,
umeh_tsugma khyug_high quality,umeh_tsugma khyug_high quality - page 1,Ume_Druma,layout,0.8,3.0,3.5,True,0.1,True,8,7.134263277053833,47.4,154,73,81,
umeh_tsugma khyug_high quality,umeh_tsugma khyug_high quality - page 1,Ume_Druma,layout,0.8,3.0,3.5,True,0.25,True,8,7.0301525592803955,47.4,154,73,81,
umeh_tsugma khyug_high quality,umeh_tsugma khyug_high quality - page 1,Ume_Druma,layout,0.8,3.0,3.5,True,0.5,True,8,6.971485376358032,47.4,154,73,81,
umeh_tsugma khyug_high quality,umeh_tsugma khyug_high quality - page 1,Ume_Druma,layout,0.8,3.0,3.5,True,0.9,True,8,6.973681211471558,47.4,154,73,81,
umeh_tsugma khyug_high quality,umeh_tsugma khyug_high quality - page 1,Ume_Druma,layout,0.8,3.0,3.5,False,0.1,True,35,10.10577940940857,58.96,173,102,71,
umeh_tsugma khyug_high quality,umeh_tsugma khyug_high quality - page 1,Ume_Druma,layout,0.8,3.0,3.5,False,0.25,True,35,10.000465154647827,58.96,173,102,71,
umeh_tsugma khyug_high quality,umeh_tsugma khyug_high quality - page 1,Ume_Druma,layout,0.8,3.0,3.5,False,0.5,True,35,10.040581703186035,58.96,173,102,71,
umeh_tsugma khyug_high quality,umeh_tsugma khyug_high quality - page 1,Ume_Druma,layout,0.8,3.0,3.5,False,0.9,True,35,10.14896559715271,58.96,173,102,71,
umeh_tsugma khyug_high quality,umeh_tsugma khyug_high quality - page 1,Ume_Druma,layout,0.8,3.0,4.0,True,0.1,True,8,7.042350769042969,47.93,121,58,63,
umeh_tsugma khyug_high quality,umeh_tsugma khyug_high quality - page 1,Ume_Druma,layout,0.8,3.0,4.0,True,0.25,True,8,6.854832172393799,47.93,121,58,63,
umeh_tsugma khyug_high quality,umeh_tsugma khyug_high quality - page 1,Ume_Druma,layout,0.8,3.0,4.0,True,0.5,True,8,7.2703704833984375,47.93,121,58,63,
umeh_tsugma khyug_high quality,umeh_tsugma khyug_high quality - page 1,Ume_Druma,layout,0.8,3.0,4.0,True,0.9,True,8,6.960239410400391,47.93,121,58,63,
umeh_tsugma khyug_high quality,umeh_tsugma khyug_high quality - page 1,Ume_Druma,layout,0.8,3.0,4.0,False,0.1,True,35,10.213065385818481,54.37,160,87,73,
umeh_tsugma khyug_high quality,umeh_tsugma khyug_high quality - page 1,Ume_Druma,layout,0.8,3.0,4.0,False,0.25,True,35,10.088687181472778,54.37,160,87,73,
umeh_tsugma khyug_high quality,umeh_tsugma khyug_high quality - page 1,Ume_Druma,layout,0.8,3.0,4.0,False,0.5,True,35,10.192644119262695,54.37,160,87,73,
umeh_tsugma khyug_high quality,umeh_tsugma khyug_high quality - page 1,Ume_Druma,layout,0.8,3.0,4.0,False,0.9,True,35,10.271465063095093,54.37,160,87,73,
umeh_tsugma khyug_high quality,umeh_tsugma khyug_high quality - page 1,Ume_Druma,layout,0.8,3.0,5.0,True,0.1,True,8,5.7299933433532715,30.77,26,8,18,
umeh_tsugma khyug_high quality,umeh_tsugma khyug_high quality - page 1,Ume_Druma,layout,0.8,3.0,5.0,True,0.25,True,8,5.676016092300415,30.77,26,8,18,
umeh_tsugma khyug_high quality,umeh_tsugma khyug_high quality - page 1,Ume_Druma,layout,0.8,3.0,5.0,True,0.5,True,8,5.75389289855957,30.77,26,8,18,
umeh_tsugma khyug_high quality,umeh_tsugma khyug_high quality - page 1,Ume_Druma,layout,0.8,3.0,5.0,True,0.9,True,8,5.6560094356536865,30.77,26,8,18,
umeh_tsugma khyug_high quality,umeh_tsugma khyug_high quality - page 1,Ume_Druma,layout,0.8,3.0,5.0,False,0.1,True,35,10.607608795166016,60.45,134,81,53,
umeh_tsugma khyug_high quality,umeh_tsugma khyug_high quality - page 1,Ume_Druma,layout,0.8,3.0,5.0,False,0.25,True,35,10.696251153945923,60.45,134,81,53,
umeh_tsugma khyug_high quality,umeh_tsugma khyug_high quality - page 1,Ume_Druma,layout,0.8,3.0,5.0,False,0.5,True,35,10.689241647720337,60.45,134,81,53,
umeh_tsugma khyug_high quality,umeh_tsugma khyug_high quality - page 1,Ume_Druma,layout,0.8,3.0,5.0,False,0.9,True,35,10.663397312164307,60.45,134,81,53,
umeh_tsugma khyug_high quality,umeh_tsugma khyug_high quality - page 1,Ume_Druma,layout,0.9,2.0,2.5,True,0.1,True,8,5.963150501251221,53.61,166,89,77,
umeh_tsugma khyug_high quality,umeh_tsugma khyug_high quality - page 1,Ume_Druma,layout,0.9,2.0,2.5,True,0.25,True,8,6.007142543792725,53.61,166,89,77,
umeh_tsugma khyug_high quality,umeh_tsugma khyug_high quality - page 1,Ume_Druma,layout,0.9,2.0,2.5,True,0.5,True,8,5.8934502601623535,53.61,166,89,77,
umeh_tsugma khyug_high quality,umeh_tsugma khyug_high quality - page 1,Ume_Druma,layout,0.9,2.0,2.5,True,0.9,True,8,6.019155025482178,53.61,166,89,77,
umeh_tsugma khyug_high quality,umeh_tsugma khyug_high quality - page 1,Ume_Druma,layout,0.9,2.0,2.5,False,0.1,True,35,10.118724346160889,46.2,158,73,85,
umeh_tsugma khyug_high quality,umeh_tsugma khyug_high quality - page 1,Ume_Druma,layout,0.9,2.0,2.5,False,0.25,True,35,10.22770380973816,46.2,158,73,85,
umeh_tsugma khyug_high quality,umeh_tsugma khyug_high quality - page 1,Ume_Druma,layout,0.9,2.0,2.5,False,0.5,True,35,10.261234760284424,46.2,158,73,85,
umeh_tsugma khyug_high quality,umeh_tsugma khyug_high quality - page 1,Ume_Druma,layout,0.9,2.0,2.5,False,0.9,True,35,10.229222059249878,46.2,158,73,85,
umeh_tsugma khyug_high quality,umeh_tsugma khyug_high quality - page 1,Ume_Druma,layout,0.9,2.0,3.5,True,0.1,True,8,6.795564889907837,47.4,154,73,81,
umeh_tsugma khyug_high quality,umeh_tsugma khyug_high quality - page 1,Ume_Druma,layout,0.9,2.0,3.5,True,0.25,True,8,6.591304063796997,47.4,154,73,81,
umeh_tsugma khyug_high quality,umeh_tsugma khyug_high quality - page 1,Ume_Druma,layout,0.9,2.0,3.5,True,0.5,True,8,6.556261301040649,47.4,154,73,81,
umeh_tsugma khyug_high quality,umeh_tsugma khyug_high quality - page 1,Ume_Druma,layout,0.9,2.0,3.5,True,0.9,True,8,6.571227550506592,47.4,154,73,81,
umeh_tsugma khyug_high quality,umeh_tsugma khyug_high quality - page 1,Ume_Druma,layout,0.9,2.0,3.5,False,0.1,True,35,9.642635107040405,58.96,173,102,71,
umeh_tsugma khyug_high quality,umeh_tsugma khyug_high quality - page 1,Ume_Druma,layout,0.9,2.0,3.5,False,0.25,True,35,9.737844228744507,58.96,173,102,71,
umeh_tsugma khyug_high quality,umeh_tsugma khyug_high quality - page 1,Ume_Druma,layout,0.9,2.0,3.5,False,0.5,True,35,9.810603141784668,58.96,173,102,71,
umeh_tsugma khyug_high quality,umeh_tsugma khyug_high quality - page 1,Ume_Druma,layout,0.9,2.0,3.5,False,0.9,True,35,9.978121042251587,58.96,173,102,71,
umeh_tsugma khyug_high quality,umeh_tsugma khyug_high quality - page 1,Ume_Druma,layout,0.9,2.0,4.0,True,0.1,True,8,6.6279261112213135,47.93,121,58,63,
umeh_tsugma khyug_high quality,umeh_tsugma khyug_high quality - page 1,Ume_Druma,layout,0.9,2.0,4.0,True,0.25,True,8,6.54460072517395,47.93,121,58,63,
umeh_tsugma khyug_high quality,umeh_tsugma khyug_high quality - page 1,Ume_Druma,layout,0.9,2.0,4.0,True,0.5,True,8,6.866048336029053,47.93,121,58,63,
umeh_tsugma khyug_high quality,umeh_tsugma khyug_high quality - page 1,Ume_Druma,layout,0.9,2.0,4.0,True,0.9,True,8,6.472947835922241,47.93,121,58,63,
umeh_tsugma khyug_high quality,umeh_tsugma khyug_high quality - page 1,Ume_Druma,layout,0.9,2.0,4.0,False,0.1,True,35,9.711461067199707,54.37,160,87,73,
umeh_tsugma khyug_high quality,umeh_tsugma khyug_high quality - page 1,Ume_Druma,layout,0.9,2.0,4.0,False,0.25,True,35,9.775679588317871,54.37,160,87,73,
umeh_tsugma khyug_high quality,umeh_tsugma khyug_high quality - page 1,Ume_Druma,layout,0.9,2.0,4.0,False,0.5,True,35,9.852874517440796,54.37,160,87,73,
umeh_tsugma khyug_high quality,umeh_tsugma khyug_high quality - page 1,Ume_Druma,layout,0.9,2.0,4.0,False,0.9,True,35,10.648099422454834,54.37,160,87,73,
umeh_tsugma khyug_high quality,umeh_tsugma khyug_high quality - page 1,Ume_Druma,layout,0.9,2.0,5.0,True,0.1,True,8,5.213789701461792,37.5,24,9,15,
umeh_tsugma khyug_high quality,umeh_tsugma khyug_high quality - page 1,Ume_Druma,layout,0.9,2.0,5.0,True,0.25,True,8,5.224942207336426,37.5,24,9,15,
umeh_tsugma khyug_high quality,umeh_tsugma khyug_high quality - page 1,Ume_Druma,layout,0.9,2.0,5.0,True,0.5,True,8,5.243066787719727,37.5,24,9,15,
umeh_tsugma khyug_high quality,umeh_tsugma khyug_high quality - page 1,Ume_Druma,layout,0.9,2.0,5.0,True,0.9,True,8,5.248111724853516,37.5,24,9,15,
umeh_tsugma khyug_high quality,umeh_tsugma khyug_high quality - page 1,Ume_Druma,layout,0.9,2.0,5.0,False,0.1,True,35,10.298157930374146,50.0,130,65,65,
umeh_tsugma khyug_high quality,umeh_tsugma khyug_high quality - page 1,Ume_Druma,layout,0.9,2.0,5.0,False,0.25,True,35,10.331597328186035,50.0,130,65,65,
umeh_tsugma khyug_high quality,umeh_tsugma khyug_high quality - page 1,Ume_Druma,layout,0.9,2.0,5.0,False,0.5,True,35,10.374282836914062,50.0,130,65,65,
umeh_tsugma khyug_high quality,umeh_tsugma khyug_high quality - page 1,Ume_Druma,layout,0.9,2.0,5.0,False,0.9,True,35,10.350696086883545,50.0,130,65,65,
umeh_tsugma khyug_high quality,umeh_tsugma khyug_high quality - page 1,Ume_Druma,layout,0.9,2.5,2.5,True,0.1,True,8,6.149837255477905,53.33,165,88,77,
umeh_tsugma khyug_high quality,umeh_tsugma khyug_high quality - page 1,Ume_Druma,layout,0.9,2.5,2.5,True,0.25,True,8,8.321162462234497,53.33,165,88,77,
umeh_tsugma khyug_high quality,umeh_tsugma khyug_high quality - page 1,Ume_Druma,layout,0.9,2.5,2.5,True,0.5,True,8,6.148528099060059,53.33,165,88,77,
umeh_tsugma khyug_high quality,umeh_tsugma khyug_high quality - page 1,Ume_Druma,layout,0.9,2.5,2.5,True,0.9,True,8,6.099348783493042,53.33,165,88,77,
umeh_tsugma khyug_high quality,umeh_tsugma khyug_high quality - page 1,Ume_Druma,layout,0.9,2.5,2.5,False,0.1,True,35,10.21993374824524,46.2,158,73,85,
umeh_tsugma khyug_high quality,umeh_tsugma khyug_high quality - page 1,Ume_Druma,layout,0.9,2.5,2.5,False,0.25,True,35,10.264581441879272,46.2,158,73,85,
umeh_tsugma khyug_high quality,umeh_tsugma khyug_high quality - page 1,Ume_Druma,layout,0.9,2.5,2.5,False,0.5,True,35,10.42033338546753,46.2,158,73,85,
umeh_tsugma khyug_high quality,umeh_tsugma khyug_high quality - page 1,Ume_Druma,layout,0.9,2.5,2.5,False,0.9,True,35,10.37580680847168,46.2,158,73,85,
umeh_tsugma khyug_high quality,umeh_tsugma khyug_high quality - page 1,Ume_Druma,layout,0.9,2.5,3.5,True,0.1,True,8,6.819868087768555,47.4,154,73,81,
umeh_tsugma khyug_high quality,umeh_tsugma khyug_high quality - page 1,Ume_Druma,layout,0.9,2.5,3.5,True,0.25,True,8,6.717514753341675,47.4,154,73,81,
umeh_tsugma khyug_high quality,umeh_tsugma khyug_high quality - page 1,Ume_Druma,layout,0.9,2.5,3.5,True,0.5,True,8,6.725855350494385,47.4,154,73,81,
umeh_tsugma khyug_high quality,umeh_tsugma khyug_high quality - page 1,Ume_Druma,layout,0.9,2.5,3.5,True,0.9,True,8,6.7697532176971436,47.4,154,73,81,
umeh_tsugma khyug_high quality,umeh_tsugma khyug_high quality - page 1,Ume_Druma,layout,0.9,2.5,3.5,False,0.1,True,35,9.79850721359253,58.96,173,102,71,
umeh_tsugma khyug_high quality,umeh_tsugma khyug_high quality - page 1,Ume_Druma,layout,0.9,2.5,3.5,False,0.25,True,35,9.883825540542603,58.96,173,102,71,
umeh_tsugma khyug_high quality,umeh_tsugma khyug_high quality - page 1,Ume_Druma,layout,0.9,2.5,3.5,False,0.5,True,35,9.94756007194519,58.96,173,102,71,
umeh_tsugma khyug_high quality,umeh_tsugma khyug_high quality - page 1,Ume_Druma,layout,0.9,2.5,3.5,False,0.9,True,35,9.96194076538086,58.96,173,102,71,
umeh_tsugma khyug_high quality,umeh_tsugma khyug_high quality - page 1,Ume_Druma,layout,0.9,2.5,4.0,True,0.1,True,8,6.78221321105957,47.93,121,58,63,
umeh_tsugma khyug_high quality,umeh_tsugma khyug_high quality - page 1,Ume_Druma,layout,0.9,2.5,4.0,True,0.25,True,8,6.637768983840942,47.93,121,58,63,
umeh_tsugma khyug_high quality,umeh_tsugma khyug_high quality - page 1,Ume_Druma,layout,0.9,2.5,4.0,True,0.5,True,8,6.7438859939575195,47.93,121,58,63,
umeh_tsugma khyug_high quality,umeh_tsugma khyug_high quality - page 1,Ume_Druma,layout,0.9,2.5,4.0,True,0.9,True,8,7.0532262325286865,47.93,121,58,63,
umeh_tsugma khyug_high quality,umeh_tsugma khyug_high quality - page 1,Ume_Druma,layout,0.9,2.5,4.0,False,0.1,True,35,10.009783029556274,54.37,160,87,73,
umeh_tsugma khyug_high quality,umeh_tsugma khyug_high quality - page 1,Ume_Druma,layout,0.9,2.5,4.0,False,0.25,True,35,9.905250310897827,54.37,160,87,73,
umeh_tsugma khyug_high quality,umeh_tsugma khyug_high quality - page 1,Ume_Druma,layout,0.9,2.5,4.0,False,0.5,True,35,12.098642110824585,54.37,160,87,73,
umeh_tsugma khyug_high quality,umeh_tsugma khyug_high quality - page 1,Ume_Druma,layout,0.9,2.5,4.0,False,0.9,True,35,9.91096544265747,54.37,160,87,73,
umeh_tsugma khyug_high quality,umeh_tsugma khyug_high quality - page 1,Ume_Druma,layout,0.9,2.5,5.0,True,0.1,True,8,5.421702146530151,30.77,26,8,18,
umeh_tsugma khyug_high quality,umeh_tsugma khyug_high quality - page 1,Ume_Druma,layout,0.9,2.5,5.0,True,0.25,True,8,5.475309133529663,30.77,26,8,18,
umeh_tsugma khyug_high quality,umeh_tsugma khyug_high quality - page 1,Ume_Druma,layout,0.9,2.5,5.0,True,0.5,True,8,5.507207632064819,30.77,26,8,18,
umeh_tsugma khyug_high quality,umeh_tsugma khyug_high quality - page 1,Ume_Druma,layout,0.9,2.5,5.0,True,0.9,True,8,5.502631664276123,30.77,26,8,18,
umeh_tsugma khyug_high quality,umeh_tsugma khyug_high quality - page 1,Ume_Druma,layout,0.9,2.5,5.0,False,0.1,True,35,10.598743915557861,60.45,134,81,53,
umeh_tsugma khyug_high quality,umeh_tsugma khyug_high quality - page 1,Ume_Druma,layout,0.9,2.5,5.0,False,0.25,True,35,10.51771354675293,60.45,134,81,53,
umeh_tsugma khyug_high quality,umeh_tsugma khyug_high quality - page 1,Ume_Druma,layout,0.9,2.5,5.0,False,0.5,True,35,10.487000226974487,60.45,134,81,53,
umeh_tsugma khyug_high quality,umeh_tsugma khyug_high quality - page 1,Ume_Druma,layout,0.9,2.5,5.0,False,0.9,True,35,10.506123065948486,60.45,134,81,53,
umeh_tsugma khyug_high quality,umeh_tsugma khyug_high quality - page 1,Ume_Druma,layout,0.9,3.0,2.5,True,0.1,True,8,6.405033111572266,53.33,165,88,77,
umeh_tsugma khyug_high quality,umeh_tsugma khyug_high quality - page 1,Ume_Druma,layout,0.9,3.0,2.5,True,0.25,True,8,6.4023072719573975,53.33,165,88,77,
umeh_tsugma khyug_high quality,umeh_tsugma khyug_high quality - page 1,Ume_Druma,layout,0.9,3.0,2.5,True,0.5,True,8,8.161792993545532,53.33,165,88,77,
umeh_tsugma khyug_high quality,umeh_tsugma khyug_high quality - page 1,Ume_Druma,layout,0.9,3.0,2.5,True,0.9,True,8,6.276074409484863,53.33,165,88,77,
umeh_tsugma khyug_high quality,umeh_tsugma khyug_high quality - page 1,Ume_Druma,layout,0.9,3.0,2.5,False,0.1,True,35,10.459134817123413,46.84,158,74,84,
umeh_tsugma khyug_high quality,umeh_tsugma khyug_high quality - page 1,Ume_Druma,layout,0.9,3.0,2.5,False,0.25,True,35,10.47768759727478,46.84,158,74,84,
umeh_tsugma khyug_high quality,umeh_tsugma khyug_high quality - page 1,Ume_Druma,layout,0.9,3.0,2.5,False,0.5,True,35,10.508715629577637,46.84,158,74,84,
umeh_tsugma khyug_high quality,umeh_tsugma khyug_high quality - page 1,Ume_Druma,layout,0.9,3.0,2.5,False,0.9,True,35,10.58897590637207,46.84,158,74,84,
umeh_tsugma khyug_high quality,umeh_tsugma khyug_high quality - page 1,Ume_Druma,layout,0.9,3.0,3.5,True,0.1,True,8,7.059751749038696,47.4,154,73,81,
umeh_tsugma khyug_high quality,umeh_tsugma khyug_high quality - page 1,Ume_Druma,layout,0.9,3.0,3.5,True,0.25,True,8,7.021732568740845,47.4,154,73,81,
umeh_tsugma khyug_high quality,umeh_tsugma khyug_high quality - page 1,Ume_Druma,layout,0.9,3.0,3.5,True,0.5,True,8,6.981393337249756,47.4,154,73,81,
umeh_tsugma khyug_high quality,umeh_tsugma khyug_high quality - page 1,Ume_Druma,layout,0.9,3.0,3.5,True,0.9,True,8,7.000518560409546,47.4,154,73,81,
umeh_tsugma khyug_high quality,umeh_tsugma khyug_high quality - page 1,Ume_Druma,layout,0.9,3.0,3.5,False,0.1,True,35,9.996039628982544,58.96,173,102,71,
umeh_tsugma khyug_high quality,umeh_tsugma khyug_high quality - page 1,Ume_Druma,layout,0.9,3.0,3.5,False,0.25,True,35,9.99813437461853,58.96,173,102,71,
umeh_tsugma khyug_high quality,umeh_tsugma khyug_high quality - page 1,Ume_Druma,layout,0.9,3.0,3.5,False,0.5,True,35,10.142160892486572,58.96,173,102,71,
umeh_tsugma khyug_high quality,umeh_tsugma khyug_high quality - page 1,Ume_Druma,layout,0.9,3.0,3.5,False,0.9,True,35,10.137838363647461,58.96,173,102,71,
umeh_tsugma khyug_high quality,umeh_tsugma khyug_high quality - page 1,Ume_Druma,layout,0.9,3.0,4.0,True,0.1,True,8,7.210244417190552,47.93,121,58,63,
umeh_tsugma khyug_high quality,umeh_tsugma khyug_high quality - page 1,Ume_Druma,layout,0.9,3.0,4.0,True,0.25,True,8,6.90257716178894,47.93,121,58,63,
umeh_tsugma khyug_high quality,umeh_tsugma khyug_high quality - page 1,Ume_Druma,layout,0.9,3.0,4.0,True,0.5,True,8,6.8835203647613525,47.93,121,58,63,
umeh_tsugma khyug_high quality,umeh_tsugma khyug_high quality - page 1,Ume_Druma,layout,0.9,3.0,4.0,True,0.9,True,8,6.892131090164185,47.93,121,58,63,
umeh_tsugma khyug_high quality,umeh_tsugma khyug_high quality - page 1,Ume_Druma,layout,0.9,3.0,4.0,False,0.1,True,35,10.127232074737549,54.37,160,87,73,
umeh_tsugma khyug_high quality,umeh_tsugma khyug_high quality - page 1,Ume_Druma,layout,0.9,3.0,4.0,False,0.25,True,35,10.151555299758911,54.37,160,87,73,
umeh_tsugma khyug_high quality,umeh_tsugma khyug_high quality - page 1,Ume_Druma,layout,0.9,3.0,4.0,False,0.5,True,35,10.214491605758667,54.37,160,87,73,
umeh_tsugma khyug_high quality,umeh_tsugma khyug_high quality - page 1,Ume_Druma,layout,0.9,3.0,4.0,False,0.9,True,35,10.241524696350098,54.37,160,87,73,
umeh_tsugma khyug_high quality,umeh_tsugma khyug_high quality - page 1,Ume_Druma,layout,0.9,3.0,5.0,True,0.1,True,8,6.180764675140381,30.77,26,8,18,
umeh_tsugma khyug_high quality,umeh_tsugma khyug_high quality - page 1,Ume_Druma,layout,0.9,3.0,5.0,True,0.25,True,8,5.607934951782227,30.77,26,8,18,
umeh_tsugma khyug_high quality,umeh_tsugma khyug_high quality - page 1,Ume_Druma,layout,0.9,3.0,5.0,True,0.5,True,8,5.658327102661133,30.77,26,8,18,
umeh_tsugma khyug_high quality,umeh_tsugma khyug_high quality - page 1,Ume_Druma,layout,0.9,3.0,5.0,True,0.9,True,8,5.667618036270142,30.77,26,8,18,
umeh_tsugma khyug_high quality,umeh_tsugma khyug_high quality - page 1,Ume_Druma,layout,0.9,3.0,5.0,False,0.1,True,35,10.665659666061401,60.45,134,81,53,
umeh_tsugma khyug_high quality,umeh_tsugma khyug_high quality - page 1,Ume_Druma,layout,0.9,3.0,5.0,False,0.25,True,35,10.706493377685547,60.45,134,81,53,
umeh_tsugma khyug_high quality,umeh_tsugma khyug_high quality - page 1,Ume_Druma,layout,0.9,3.0,5.0,False,0.5,True,35,10.761718034744263,60.45,134,81,53,
umeh_tsugma khyug_high quality,umeh_tsugma khyug_high quality - page 1,Ume_Druma,layout,0.9,3.0,5.0,False,0.9,True,35,10.690619230270386,60.45,134,81,53,
umeh_tsugma khyug_high quality,umeh_tsugma khyug_high quality - page 1,Ume_Petsuk,line,0.7,2.0,2.5,True,0.1,False,0,2.912344217300415,0.0,0,0,0,Line processing failed: 'list' object cannot be interpreted as an integer
umeh_tsugma khyug_high quality,umeh_tsugma khyug_high quality - page 1,Ume_Petsuk,line,0.7,2.0,2.5,True,0.25,False,0,2.9390621185302734,0.0,0,0,0,Line processing failed: 'list' object cannot be interpreted as an integer
umeh_tsugma khyug_high quality,umeh_tsugma khyug_high quality - page 1,Ume_Petsuk,line,0.7,2.0,2.5,True,0.5,True,9,7.856432914733887,50.94,212,108,104,
umeh_tsugma khyug_high quality,umeh_tsugma khyug_high quality - page 1,Ume_Petsuk,line,0.7,2.0,2.5,True,0.9,True,9,7.658010721206665,50.94,212,108,104,
umeh_tsugma khyug_high quality,umeh_tsugma khyug_high quality - page 1,Ume_Petsuk,line,0.7,2.0,2.5,False,0.1,False,0,2.5889339447021484,0.0,0,0,0,Line processing failed: 'list' object cannot be interpreted as an integer
umeh_tsugma khyug_high quality,umeh_tsugma khyug_high quality - page 1,Ume_Petsuk,line,0.7,2.0,2.5,False,0.25,False,0,2.655653476715088,0.0,0,0,0,Line processing failed: 'list' object cannot be interpreted as an integer
umeh_tsugma khyug_high quality,umeh_tsugma khyug_high quality - page 1,Ume_Petsuk,line,0.7,2.0,2.5,False,0.5,True,15,8.820858240127563,50.71,211,107,104,
umeh_tsugma khyug_high quality,umeh_tsugma khyug_high quality - page 1,Ume_Petsuk,line,0.7,2.0,2.5,False,0.9,True,15,8.551289796829224,50.71,211,107,104,
umeh_tsugma khyug_high quality,umeh_tsugma khyug_high quality - page 1,Ume_Petsuk,line,0.7,2.0,3.5,True,0.1,False,0,2.594327211380005,0.0,0,0,0,Line processing failed: 'list' object cannot be interpreted as an integer
umeh_tsugma khyug_high quality,umeh_tsugma khyug_high quality - page 1,Ume_Petsuk,line,0.7,2.0,3.5,True,0.25,False,0,2.7832350730895996,0.0,0,0,0,Line processing failed: 'list' object cannot be interpreted as an integer
umeh_tsugma khyug_high quality,umeh_tsugma khyug_high quality - page 1,Ume_Petsuk,line,0.7,2.0,3.5,True,0.5,True,9,7.675000905990601,45.41,185,84,101,
umeh_tsugma khyug_high quality,umeh_tsugma khyug_high quality - page 1,Ume_Petsuk,line,0.7,2.0,3.5,True,0.9,True,9,7.368415832519531,45.41,185,84,101,
umeh_tsugma khyug_high quality,umeh_tsugma khyug_high quality - page 1,Ume_Petsuk,line,0.7,2.0,3.5,False,0.1,False,0,2.692213296890259,0.0,0,0,0,Line processing failed: 'list' object cannot be interpreted as an integer
umeh_tsugma khyug_high quality,umeh_tsugma khyug_high quality - page 1,Ume_Petsuk,line,0.7,2.0,3.5,False,0.25,False,0,2.6939566135406494,0.0,0,0,0,Line processing failed: 'list' object cannot be interpreted as an integer
umeh_tsugma khyug_high quality,umeh_tsugma khyug_high quality - page 1,Ume_Petsuk,line,0.7,2.0,3.5,False,0.5,True,15,8.578898191452026,45.41,185,84,101,
umeh_tsugma khyug_high quality,umeh_tsugma khyug_high quality - page 1,Ume_Petsuk,line,0.7,2.0,3.5,False,0.9,True,15,8.37195873260498,45.41,185,84,101,
umeh_tsugma khyug_high quality,umeh_tsugma khyug_high quality - page 1,Ume_Petsuk,line,0.7,2.0,4.0,True,0.1,False,0,2.655205726623535,0.0,0,0,0,Line processing failed: 'list' object cannot be interpreted as an integer
umeh_tsugma khyug_high quality,umeh_tsugma khyug_high quality - page 1,Ume_Petsuk,line,0.7,2.0,4.0,True,0.25,False,0,2.6832528114318848,0.0,0,0,0,Line processing failed: 'list' object cannot be interpreted as an integer
umeh_tsugma khyug_high quality,umeh_tsugma khyug_high quality - page 1,Ume_Petsuk,line,0.7,2.0,4.0,True,0.5,True,9,7.655296564102173,38.64,132,51,81,
umeh_tsugma khyug_high quality,umeh_tsugma khyug_high quality - page 1,Ume_Petsuk,line,0.7,2.0,4.0,True,0.9,True,9,7.903976202011108,38.64,132,51,81,
umeh_tsugma khyug_high quality,umeh_tsugma khyug_high quality - page 1,Ume_Petsuk,line,0.7,2.0,4.0,False,0.1,False,0,2.6885077953338623,0.0,0,0,0,Line processing failed: 'list' object cannot be interpreted as an integer
umeh_tsugma khyug_high quality,umeh_tsugma khyug_high quality - page 1,Ume_Petsuk,line,0.7,2.0,4.0,False,0.25,False,0,2.592618227005005,0.0,0,0,0,Line processing failed: 'list' object cannot be interpreted as an integer
umeh_tsugma khyug_high quality,umeh_tsugma khyug_high quality - page 1,Ume_Petsuk,line,0.7,2.0,4.0,False,0.5,True,15,8.48851203918457,38.64,132,51,81,
umeh_tsugma khyug_high quality,umeh_tsugma khyug_high quality - page 1,Ume_Petsuk,line,0.7,2.0,4.0,False,0.9,True,15,8.319186449050903,38.64,132,51,81,
umeh_tsugma khyug_high quality,umeh_tsugma khyug_high quality - page 1,Ume_Petsuk,line,0.7,2.0,5.0,True,0.1,False,0,2.596895694732666,0.0,0,0,0,Line processing failed: 'list' object cannot be interpreted as an integer
umeh_tsugma khyug_high quality,umeh_tsugma khyug_high quality - page 1,Ume_Petsuk,line,0.7,2.0,5.0,True,0.25,False,0,2.7291648387908936,0.0,0,0,0,Line processing failed: 'list' object cannot be interpreted as an integer
umeh_tsugma khyug_high quality,umeh_tsugma khyug_high quality - page 1,Ume_Petsuk,line,0.7,2.0,5.0,True,0.5,True,9,7.013280391693115,36.0,50,18,32,
umeh_tsugma khyug_high quality,umeh_tsugma khyug_high quality - page 1,Ume_Petsuk,line,0.7,2.0,5.0,True,0.9,True,9,7.37288236618042,36.0,50,18,32,
umeh_tsugma khyug_high quality,umeh_tsugma khyug_high quality - page 1,Ume_Petsuk,line,0.7,2.0,5.0,False,0.1,False,0,2.6026062965393066,0.0,0,0,0,Line processing failed: 'list' object cannot be interpreted as an integer
umeh_tsugma khyug_high quality,umeh_tsugma khyug_high quality - page 1,Ume_Petsuk,line,0.7,2.0,5.0,False,0.25,False,0,2.6322600841522217,0.0,0,0,0,Line processing failed: 'list' object cannot be interpreted as an integer
umeh_tsugma khyug_high quality,umeh_tsugma khyug_high quality - page 1,Ume_Petsuk,line,0.7,2.0,5.0,False,0.5,True,15,7.93905782699585,36.0,50,18,32,
umeh_tsugma khyug_high quality,umeh_tsugma khyug_high quality - page 1,Ume_Petsuk,line,0.7,2.0,5.0,False,0.9,True,15,7.711641311645508,36.0,50,18,32,
umeh_tsugma khyug_high quality,umeh_tsugma khyug_high quality - page 1,Ume_Petsuk,line,0.7,2.5,2.5,True,0.1,False,0,2.608321189880371,0.0,0,0,0,Line processing failed: 'list' object cannot be interpreted as an integer
umeh_tsugma khyug_high quality,umeh_tsugma khyug_high quality - page 1,Ume_Petsuk,line,0.7,2.5,2.5,True,0.25,False,0,2.846229314804077,0.0,0,0,0,Line processing failed: 'list' object cannot be interpreted as an integer
umeh_tsugma khyug_high quality,umeh_tsugma khyug_high quality - page 1,Ume_Petsuk,line,0.7,2.5,2.5,True,0.5,True,9,8.100450277328491,51.17,213,109,104,
umeh_tsugma khyug_high quality,umeh_tsugma khyug_high quality - page 1,Ume_Petsuk,line,0.7,2.5,2.5,True,0.9,True,9,7.830036878585815,51.17,213,109,104,
umeh_tsugma khyug_high quality,umeh_tsugma khyug_high quality - page 1,Ume_Petsuk,line,0.7,2.5,2.5,False,0.1,False,0,2.5969884395599365,0.0,0,0,0,Line processing failed: 'list' object cannot be interpreted as an integer
umeh_tsugma khyug_high quality,umeh_tsugma khyug_high quality - page 1,Ume_Petsuk,line,0.7,2.5,2.5,False,0.25,False,0,2.61071515083313,0.0,0,0,0,Line processing failed: 'list' object cannot be interpreted as an integer
umeh_tsugma khyug_high quality,umeh_tsugma khyug_high quality - page 1,Ume_Petsuk,line,0.7,2.5,2.5,False,0.5,True,15,9.378363847732544,50.94,212,108,104,
umeh_tsugma khyug_high quality,umeh_tsugma khyug_high quality - page 1,Ume_Petsuk,line,0.7,2.5,2.5,False,0.9,True,15,8.781087636947632,50.94,212,108,104,
umeh_tsugma khyug_high quality,umeh_tsugma khyug_high quality - page 1,Ume_Petsuk,line,0.7,2.5,3.5,True,0.1,False,0,2.596693992614746,0.0,0,0,0,Line processing failed: 'list' object cannot be interpreted as an integer
umeh_tsugma khyug_high quality,umeh_tsugma khyug_high quality - page 1,Ume_Petsuk,line,0.7,2.5,3.5,True,0.25,False,0,2.7132070064544678,0.0,0,0,0,Line processing failed: 'list' object cannot be interpreted as an integer
umeh_tsugma khyug_high quality,umeh_tsugma khyug_high quality - page 1,Ume_Petsuk,line,0.7,2.5,3.5,True,0.5,True,9,7.887272119522095,45.41,185,84,101,
umeh_tsugma khyug_high quality,umeh_tsugma khyug_high quality - page 1,Ume_Petsuk,line,0.7,2.5,3.5,True,0.9,True,9,7.58264946937561,45.41,185,84,101,
umeh_tsugma khyug_high quality,umeh_tsugma khyug_high quality - page 1,Ume_Petsuk,line,0.7,2.5,3.5,False,0.1,False,0,2.8023338317871094,0.0,0,0,0,Line processing failed: 'list' object cannot be interpreted as an integer
umeh_tsugma khyug_high quality,umeh_tsugma khyug_high quality - page 1,Ume_Petsuk,line,0.7,2.5,3.5,False,0.25,False,0,2.61747670173645,0.0,0,0,0,Line processing failed: 'list' object cannot be interpreted as an integer
umeh_tsugma khyug_high quality,umeh_tsugma khyug_high quality - page 1,Ume_Petsuk,line,0.7,2.5,3.5,False,0.5,True,15,8.748175621032715,45.41,185,84,101,
umeh_tsugma khyug_high quality,umeh_tsugma khyug_high quality - page 1,Ume_Petsuk,line,0.7,2.5,3.5,False,0.9,True,15,8.494083404541016,45.41,185,84,101,
umeh_tsugma khyug_high quality,umeh_tsugma khyug_high quality - page 1,Ume_Petsuk,line,0.7,2.5,4.0,True,0.1,False,0,2.6051087379455566,0.0,0,0,0,Line processing failed: 'list' object cannot be interpreted as an integer
umeh_tsugma khyug_high quality,umeh_tsugma khyug_high quality - page 1,Ume_Petsuk,line,0.7,2.5,4.0,True,0.25,False,0,2.6909067630767822,0.0,0,0,0,Line processing failed: 'list' object cannot be interpreted as an integer
umeh_tsugma khyug_high quality,umeh_tsugma khyug_high quality - page 1,Ume_Petsuk,line,0.7,2.5,4.0,True,0.5,True,9,7.817622661590576,38.64,132,51,81,
umeh_tsugma khyug_high quality,umeh_tsugma khyug_high quality - page 1,Ume_Petsuk,line,0.7,2.5,4.0,True,0.9,True,9,7.590006113052368,38.64,132,51,81,
umeh_tsugma khyug_high quality,umeh_tsugma khyug_high quality - page 1,Ume_Petsuk,line,0.7,2.5,4.0,False,0.1,False,0,2.602369785308838,0.0,0,0,0,Line processing failed: 'list' object cannot be interpreted as an integer
umeh_tsugma khyug_high quality,umeh_tsugma khyug_high quality - page 1,Ume_Petsuk,line,0.7,2.5,4.0,False,0.25,False,0,2.66237735748291,0.0,0,0,0,Line processing failed: 'list' object cannot be interpreted as an integer
umeh_tsugma khyug_high quality,umeh_tsugma khyug_high quality - page 1,Ume_Petsuk,line,0.7,2.5,4.0,False,0.5,True,15,8.846501588821411,38.64,132,51,81,
umeh_tsugma khyug_high quality,umeh_tsugma khyug_high quality - page 1,Ume_Petsuk,line,0.7,2.5,4.0,False,0.9,True,15,8.948531150817871,38.64,132,51,81,
umeh_tsugma khyug_high quality,umeh_tsugma khyug_high quality - page 1,Ume_Petsuk,line,0.7,2.5,5.0,True,0.1,False,0,2.8193817138671875,0.0,0,0,0,Line processing failed: 'list' object cannot be interpreted as an integer
umeh_tsugma khyug_high quality,umeh_tsugma khyug_high quality - page 1,Ume_Petsuk,line,0.7,2.5,5.0,True,0.25,False,0,2.61297607421875,0.0,0,0,0,Line processing failed: 'list' object cannot be interpreted as an integer
umeh_tsugma khyug_high quality,umeh_tsugma khyug_high quality - page 1,Ume_Petsuk,line,0.7,2.5,5.0,True,0.5,True,9,7.019900560379028,37.25,51,19,32,
umeh_tsugma khyug_high quality,umeh_tsugma khyug_high quality - page 1,Ume_Petsuk,line,0.7,2.5,5.0,True,0.9,True,9,6.877479791641235,37.25,51,19,32,
umeh_tsugma khyug_high quality,umeh_tsugma khyug_high quality - page 1,Ume_Petsuk,line,0.7,2.5,5.0,False,0.1,False,0,2.606506824493408,0.0,0,0,0,Line processing failed: 'list' object cannot be interpreted as an integer
umeh_tsugma khyug_high quality,umeh_tsugma khyug_high quality - page 1,Ume_Petsuk,line,0.7,2.5,5.0,False,0.25,False,0,2.7771687507629395,0.0,0,0,0,Line processing failed: 'list' object cannot be interpreted as an integer
umeh_tsugma khyug_high quality,umeh_tsugma khyug_high quality - page 1,Ume_Petsuk,line,0.7,2.5,5.0,False,0.5,True,15,8.049389600753784,37.25,51,19,32,
umeh_tsugma khyug_high quality,umeh_tsugma khyug_high quality - page 1,Ume_Petsuk,line,0.7,2.5,5.0,False,0.9,True,15,7.750725984573364,37.25,51,19,32,
umeh_tsugma khyug_high quality,umeh_tsugma khyug_high quality - page 1,Ume_Petsuk,line,0.7,3.0,2.5,True,0.1,False,0,2.595317840576172,0.0,0,0,0,Line processing failed: 'list' object cannot be interpreted as an integer
umeh_tsugma khyug_high quality,umeh_tsugma khyug_high quality - page 1,Ume_Petsuk,line,0.7,3.0,2.5,True,0.25,False,0,2.897848606109619,0.0,0,0,0,Line processing failed: 'list' object cannot be interpreted as an integer
umeh_tsugma khyug_high quality,umeh_tsugma khyug_high quality - page 1,Ume_Petsuk,line,0.7,3.0,2.5,True,0.5,True,9,8.300499677658081,50.7,213,108,105,
umeh_tsugma khyug_high quality,umeh_tsugma khyug_high quality - page 1,Ume_Petsuk,line,0.7,3.0,2.5,True,0.9,True,9,8.037834644317627,50.7,213,108,105,
umeh_tsugma khyug_high quality,umeh_tsugma khyug_high quality - page 1,Ume_Petsuk,line,0.7,3.0,2.5,False,0.1,False,0,2.6853322982788086,0.0,0,0,0,Line processing failed: 'list' object cannot be interpreted as an integer
umeh_tsugma khyug_high quality,umeh_tsugma khyug_high quality - page 1,Ume_Petsuk,line,0.7,3.0,2.5,False,0.25,False,0,2.6011123657226562,0.0,0,0,0,Line processing failed: 'list' object cannot be interpreted as an integer
umeh_tsugma khyug_high quality,umeh_tsugma khyug_high quality - page 1,Ume_Petsuk,line,0.7,3.0,2.5,False,0.5,True,15,9.540361642837524,50.47,212,107,105,
umeh_tsugma khyug_high quality,umeh_tsugma khyug_high quality - page 1,Ume_Petsuk,line,0.7,3.0,2.5,False,0.9,True,15,9.029125690460205,50.47,212,107,105,
umeh_tsugma khyug_high quality,umeh_tsugma khyug_high quality - page 1,Ume_Petsuk,line,0.7,3.0,3.5,True,0.1,False,0,2.675513982772827,0.0,0,0,0,Line processing failed: 'list' object cannot be interpreted as an integer
umeh_tsugma khyug_high quality,umeh_tsugma khyug_high quality - page 1,Ume_Petsuk,line,0.7,3.0,3.5,True,0.25,False,0,4.508764743804932,0.0,0,0,0,Line processing failed: 'list' object cannot be interpreted as an integer
umeh_tsugma khyug_high quality,umeh_tsugma khyug_high quality - page 1,Ume_Petsuk,line,0.7,3.0,3.5,True,0.5,True,9,8.594382286071777,45.41,185,84,101,
umeh_tsugma khyug_high quality,umeh_tsugma khyug_high quality - page 1,Ume_Petsuk,line,0.7,3.0,3.5,True,0.9,True,9,7.841933727264404,45.41,185,84,101,
umeh_tsugma khyug_high quality,umeh_tsugma khyug_high quality - page 1,Ume_Petsuk,line,0.7,3.0,3.5,False,0.1,False,0,2.6017541885375977,0.0,0,0,0,Line processing failed: 'list' object cannot be interpreted as an integer
umeh_tsugma khyug_high quality,umeh_tsugma khyug_high quality - page 1,Ume_Petsuk,line,0.7,3.0,3.5,False,0.25,False,0,2.5976767539978027,0.0,0,0,0,Line processing failed: 'list' object cannot be interpreted as an integer
umeh_tsugma khyug_high quality,umeh_tsugma khyug_high quality - page 1,Ume_Petsuk,line,0.7,3.0,3.5,False,0.5,True,15,8.727464199066162,45.41,185,84,101,
umeh_tsugma khyug_high quality,umeh_tsugma khyug_high quality - page 1,Ume_Petsuk,line,0.7,3.0,3.5,False,0.9,True,15,8.680996417999268,45.41,185,84,101,
umeh_tsugma khyug_high quality,umeh_tsugma khyug_high quality - page 1,Ume_Petsuk,line,0.7,3.0,4.0,True,0.1,False,0,2.594109535217285,0.0,0,0,0,Line processing failed: 'list' object cannot be interpreted as an integer
umeh_tsugma khyug_high quality,umeh_tsugma khyug_high quality - page 1,Ume_Petsuk,line,0.7,3.0,4.0,True,0.25,False,0,2.6794803142547607,0.0,0,0,0,Line processing failed: 'list' object cannot be interpreted as an integer
umeh_tsugma khyug_high quality,umeh_tsugma khyug_high quality - page 1,Ume_Petsuk,line,0.7,3.0,4.0,True,0.5,True,9,8.01550841331482,38.64,132,51,81,
umeh_tsugma khyug_high quality,umeh_tsugma khyug_high quality - page 1,Ume_Petsuk,line,0.7,3.0,4.0,True,0.9,True,9,7.847264766693115,38.64,132,51,81,
umeh_tsugma khyug_high quality,umeh_tsugma khyug_high quality - page 1,Ume_Petsuk,line,0.7,3.0,4.0,False,0.1,False,0,2.5938398838043213,0.0,0,0,0,Line processing failed: 'list' object cannot be interpreted as an integer
umeh_tsugma khyug_high quality,umeh_tsugma khyug_high quality - page 1,Ume_Petsuk,line,0.7,3.0,4.0,False,0.25,False,0,2.6229407787323,0.0,0,0,0,Line processing failed: 'list' object cannot be interpreted as an integer
umeh_tsugma khyug_high quality,umeh_tsugma khyug_high quality - page 1,Ume_Petsuk,line,0.7,3.0,4.0,False,0.5,True,15,8.925918340682983,38.64,132,51,81,
umeh_tsugma khyug_high quality,umeh_tsugma khyug_high quality - page 1,Ume_Petsuk,line,0.7,3.0,4.0,False,0.9,True,15,9.208315372467041,38.64,132,51,81,
umeh_tsugma khyug_high quality,umeh_tsugma khyug_high quality - page 1,Ume_Petsuk,line,0.7,3.0,5.0,True,0.1,False,0,2.594571113586426,0.0,0,0,0,Line processing failed: 'list' object cannot be interpreted as an integer
umeh_tsugma khyug_high quality,umeh_tsugma khyug_high quality - page 1,Ume_Petsuk,line,0.7,3.0,5.0,True,0.25,False,0,2.602440357208252,0.0,0,0,0,Line processing failed: 'list' object cannot be interpreted as an integer
umeh_tsugma khyug_high quality,umeh_tsugma khyug_high quality - page 1,Ume_Petsuk,line,0.7,3.0,5.0,True,0.5,True,9,7.248683929443359,37.25,51,19,32,
umeh_tsugma khyug_high quality,umeh_tsugma khyug_high quality - page 1,Ume_Petsuk,line,0.7,3.0,5.0,True,0.9,True,9,6.982951879501343,37.25,51,19,32,
umeh_tsugma khyug_high quality,umeh_tsugma khyug_high quality - page 1,Ume_Petsuk,line,0.7,3.0,5.0,False,0.1,False,0,2.6061017513275146,0.0,0,0,0,Line processing failed: 'list' object cannot be interpreted as an integer
umeh_tsugma khyug_high quality,umeh_tsugma khyug_high quality - page 1,Ume_Petsuk,line,0.7,3.0,5.0,False,0.25,False,0,2.760108470916748,0.0,0,0,0,Line processing failed: 'list' object cannot be interpreted as an integer
umeh_tsugma khyug_high quality,umeh_tsugma khyug_high quality - page 1,Ume_Petsuk,line,0.7,3.0,5.0,False,0.5,True,15,8.196948766708374,37.25,51,19,32,
umeh_tsugma khyug_high quality,umeh_tsugma khyug_high quality - page 1,Ume_Petsuk,line,0.7,3.0,5.0,False,0.9,True,15,7.928647994995117,37.25,51,19,32,
umeh_tsugma khyug_high quality,umeh_tsugma khyug_high quality - page 1,Ume_Petsuk,line,0.8,2.0,2.5,True,0.1,False,0,2.599614143371582,0.0,0,0,0,Line processing failed: 'list' object cannot be interpreted as an integer
umeh_tsugma khyug_high quality,umeh_tsugma khyug_high quality - page 1,Ume_Petsuk,line,0.8,2.0,2.5,True,0.25,False,0,2.7823643684387207,0.0,0,0,0,Line processing failed: 'list' object cannot be interpreted as an integer
umeh_tsugma khyug_high quality,umeh_tsugma khyug_high quality - page 1,Ume_Petsuk,line,0.8,2.0,2.5,True,0.5,True,9,7.9868388175964355,50.94,212,108,104,
umeh_tsugma khyug_high quality,umeh_tsugma khyug_high quality - page 1,Ume_Petsuk,line,0.8,2.0,2.5,True,0.9,True,9,7.613398551940918,50.94,212,108,104,
umeh_tsugma khyug_high quality,umeh_tsugma khyug_high quality - page 1,Ume_Petsuk,line,0.8,2.0,2.5,False,0.1,False,0,2.5991430282592773,0.0,0,0,0,Line processing failed: 'list' object cannot be interpreted as an integer
umeh_tsugma khyug_high quality,umeh_tsugma khyug_high quality - page 1,Ume_Petsuk,line,0.8,2.0,2.5,False,0.25,False,0,2.628425121307373,0.0,0,0,0,Line processing failed: 'list' object cannot be interpreted as an integer
umeh_tsugma khyug_high quality,umeh_tsugma khyug_high quality - page 1,Ume_Petsuk,line,0.8,2.0,2.5,False,0.5,True,15,9.185025691986084,50.71,211,107,104,
umeh_tsugma khyug_high quality,umeh_tsugma khyug_high quality - page 1,Ume_Petsuk,line,0.8,2.0,2.5,False,0.9,True,15,8.532020568847656,50.71,211,107,104,
umeh_tsugma khyug_high quality,umeh_tsugma khyug_high quality - page 1,Ume_Petsuk,line,0.8,2.0,3.5,True,0.1,False,0,2.709099531173706,0.0,0,0,0,Line processing failed: 'list' object cannot be interpreted as an integer
umeh_tsugma khyug_high quality,umeh_tsugma khyug_high quality - page 1,Ume_Petsuk,line,0.8,2.0,3.5,True,0.25,False,0,2.666865348815918,0.0,0,0,0,Line processing failed: 'list' object cannot be interpreted as an integer
umeh_tsugma khyug_high quality,umeh_tsugma khyug_high quality - page 1,Ume_Petsuk,line,0.8,2.0,3.5,True,0.5,True,9,7.631843566894531,45.41,185,84,101,
umeh_tsugma khyug_high quality,umeh_tsugma khyug_high quality - page 1,Ume_Petsuk,line,0.8,2.0,3.5,True,0.9,True,9,7.3827009201049805,45.41,185,84,101,
umeh_tsugma khyug_high quality,umeh_tsugma khyug_high quality - page 1,Ume_Petsuk,line,0.8,2.0,3.5,False,0.1,False,0,2.671489715576172,0.0,0,0,0,Line processing failed: 'list' object cannot be interpreted as an integer
umeh_tsugma khyug_high quality,umeh_tsugma khyug_high quality - page 1,Ume_Petsuk,line,0.8,2.0,3.5,False,0.25,False,0,2.7003016471862793,0.0,0,0,0,Line processing failed: 'list' object cannot be interpreted as an integer
umeh_tsugma khyug_high quality,umeh_tsugma khyug_high quality - page 1,Ume_Petsuk,line,0.8,2.0,3.5,False,0.5,True,15,8.543067932128906,45.41,185,84,101,
umeh_tsugma khyug_high quality,umeh_tsugma khyug_high quality - page 1,Ume_Petsuk,line,0.8,2.0,3.5,False,0.9,True,15,8.320029735565186,45.41,185,84,101,
umeh_tsugma khyug_high quality,umeh_tsugma khyug_high quality - page 1,Ume_Petsuk,line,0.8,2.0,4.0,True,0.1,False,0,2.6109566688537598,0.0,0,0,0,Line processing failed: 'list' object cannot be interpreted as an integer
umeh_tsugma khyug_high quality,umeh_tsugma khyug_high quality - page 1,Ume_Petsuk,line,0.8,2.0,4.0,True,0.25,False,0,2.736175060272217,0.0,0,0,0,Line processing failed: 'list' object cannot be interpreted as an integer
umeh_tsugma khyug_high quality,umeh_tsugma khyug_high quality - page 1,Ume_Petsuk,line,0.8,2.0,4.0,True,0.5,True,9,7.672666549682617,38.64,132,51,81,
umeh_tsugma khyug_high quality,umeh_tsugma khyug_high quality - page 1,Ume_Petsuk,line,0.8,2.0,4.0,True,0.9,True,9,7.467252492904663,38.64,132,51,81,
umeh_tsugma khyug_high quality,umeh_tsugma khyug_high quality - page 1,Ume_Petsuk,line,0.8,2.0,4.0,False,0.1,False,0,2.6409363746643066,0.0,0,0,0,Line processing failed: 'list' object cannot be interpreted as an integer
umeh_tsugma khyug_high quality,umeh_tsugma khyug_high quality - page 1,Ume_Petsuk,line,0.8,2.0,4.0,False,0.25,False,0,2.697957754135132,0.0,0,0,0,Line processing failed: 'list' object cannot be interpreted as an integer
umeh_tsugma khyug_high quality,umeh_tsugma khyug_high quality - page 1,Ume_Petsuk,line,0.8,2.0,4.0,False,0.5,True,15,8.629350900650024,38.64,132,51,81,
umeh_tsugma khyug_high quality,umeh_tsugma khyug_high quality - page 1,Ume_Petsuk,line,0.8,2.0,4.0,False,0.9,True,15,8.921449184417725,38.64,132,51,81,
umeh_tsugma khyug_high quality,umeh_tsugma khyug_high quality - page 1,Ume_Petsuk,line,0.8,2.0,5.0,True,0.1,False,0,2.6047892570495605,0.0,0,0,0,Line processing failed: 'list' object cannot be interpreted as an integer
umeh_tsugma khyug_high quality,umeh_tsugma khyug_high quality - page 1,Ume_Petsuk,line,0.8,2.0,5.0,True,0.25,False,0,3.4221396446228027,0.0,0,0,0,Line processing failed: 'list' object cannot be interpreted as an integer
umeh_tsugma khyug_high quality,umeh_tsugma khyug_high quality - page 1,Ume_Petsuk,line,0.8,2.0,5.0,True,0.5,True,9,6.893479108810425,36.0,50,18,32,
umeh_tsugma khyug_high quality,umeh_tsugma khyug_high quality - page 1,Ume_Petsuk,line,0.8,2.0,5.0,True,0.9,True,9,6.7830116748809814,36.0,50,18,32,
umeh_tsugma khyug_high quality,umeh_tsugma khyug_high quality - page 1,Ume_Petsuk,line,0.8,2.0,5.0,False,0.1,False,0,2.6114308834075928,0.0,0,0,0,Line processing failed: 'list' object cannot be interpreted as an integer
umeh_tsugma khyug_high quality,umeh_tsugma khyug_high quality - page 1,Ume_Petsuk,line,0.8,2.0,5.0,False,0.25,False,0,2.7906737327575684,0.0,0,0,0,Line processing failed: 'list' object cannot be interpreted as an integer
umeh_tsugma khyug_high quality,umeh_tsugma khyug_high quality - page 1,Ume_Petsuk,line,0.8,2.0,5.0,False,0.5,True,15,8.377508640289307,36.0,50,18,32,
umeh_tsugma khyug_high quality,umeh_tsugma khyug_high quality - page 1,Ume_Petsuk,line,0.8,2.0,5.0,False,0.9,True,15,7.703240394592285,36.0,50,18,32,
umeh_tsugma khyug_high quality,umeh_tsugma khyug_high quality - page 1,Ume_Petsuk,line,0.8,2.5,2.5,True,0.1,False,0,2.6044201850891113,0.0,0,0,0,Line processing failed: 'list' object cannot be interpreted as an integer
umeh_tsugma khyug_high quality,umeh_tsugma khyug_high quality - page 1,Ume_Petsuk,line,0.8,2.5,2.5,True,0.25,False,0,2.7623708248138428,0.0,0,0,0,Line processing failed: 'list' object cannot be interpreted as an integer
umeh_tsugma khyug_high quality,umeh_tsugma khyug_high quality - page 1,Ume_Petsuk,line,0.8,2.5,2.5,True,0.5,True,9,8.096980333328247,51.17,213,109,104,
umeh_tsugma khyug_high quality,umeh_tsugma khyug_high quality - page 1,Ume_Petsuk,line,0.8,2.5,2.5,True,0.9,True,9,7.932554483413696,51.17,213,109,104,
umeh_tsugma khyug_high quality,umeh_tsugma khyug_high quality - page 1,Ume_Petsuk,line,0.8,2.5,2.5,False,0.1,False,0,2.6050548553466797,0.0,0,0,0,Line processing failed: 'list' object cannot be interpreted as an integer
umeh_tsugma khyug_high quality,umeh_tsugma khyug_high quality - page 1,Ume_Petsuk,line,0.8,2.5,2.5,False,0.25,False,0,2.6430366039276123,0.0,0,0,0,Line processing failed: 'list' object cannot be interpreted as an integer
umeh_tsugma khyug_high quality,umeh_tsugma khyug_high quality - page 1,Ume_Petsuk,line,0.8,2.5,2.5,False,0.5,True,15,9.119552373886108,50.94,212,108,104,
umeh_tsugma khyug_high quality,umeh_tsugma khyug_high quality - page 1,Ume_Petsuk,line,0.8,2.5,2.5,False,0.9,True,15,8.72621488571167,50.94,212,108,104,
umeh_tsugma khyug_high quality,umeh_tsugma khyug_high quality - page 1,Ume_Petsuk,line,0.8,2.5,3.5,True,0.1,False,0,2.6030478477478027,0.0,0,0,0,Line processing failed: 'list' object cannot be interpreted as an integer
umeh_tsugma khyug_high quality,umeh_tsugma khyug_high quality - page 1,Ume_Petsuk,line,0.8,2.5,3.5,True,0.25,False,0,2.6817076206207275,0.0,0,0,0,Line processing failed: 'list' object cannot be interpreted as an integer
umeh_tsugma khyug_high quality,umeh_tsugma khyug_high quality - page 1,Ume_Petsuk,line,0.8,2.5,3.5,True,0.5,True,9,7.860522031784058,45.41,185,84,101,
umeh_tsugma khyug_high quality,umeh_tsugma khyug_high quality - page 1,Ume_Petsuk,line,0.8,2.5,3.5,True,0.9,True,9,7.575539588928223,45.41,185,84,101,
umeh_tsugma khyug_high quality,umeh_tsugma khyug_high quality - page 1,Ume_Petsuk,line,0.8,2.5,3.5,False,0.1,False,0,2.6024765968322754,0.0,0,0,0,Line processing failed: 'list' object cannot be interpreted as an integer
umeh_tsugma khyug_high quality,umeh_tsugma khyug_high quality - page 1,Ume_Petsuk,line,0.8,2.5,3.5,False,0.25,False,0,2.6738295555114746,0.0,0,0,0,Line processing failed: 'list' object cannot be interpreted as an integer
umeh_tsugma khyug_high quality,umeh_tsugma khyug_high quality - page 1,Ume_Petsuk,line,0.8,2.5,3.5,False,0.5,True,15,8.772295475006104,45.41,185,84,101,
umeh_tsugma khyug_high quality,umeh_tsugma khyug_high quality - page 1,Ume_Petsuk,line,0.8,2.5,3.5,False,0.9,True,15,8.490888118743896,45.41,185,84,101,
umeh_tsugma khyug_high quality,umeh_tsugma khyug_high quality - page 1,Ume_Petsuk,line,0.8,2.5,4.0,True,0.1,False,0,2.607067823410034,0.0,0,0,0,Line processing failed: 'list' object cannot be interpreted as an integer
umeh_tsugma khyug_high quality,umeh_tsugma khyug_high quality - page 1,Ume_Petsuk,line,0.8,2.5,4.0,True,0.25,False,0,2.726414203643799,0.0,0,0,0,Line processing failed: 'list' object cannot be interpreted as an integer
umeh_tsugma khyug_high quality,umeh_tsugma khyug_high quality - page 1,Ume_Petsuk,line,0.8,2.5,4.0,True,0.5,True,9,8.24955677986145,38.64,132,51,81,
umeh_tsugma khyug_high quality,umeh_tsugma khyug_high quality - page 1,Ume_Petsuk,line,0.8,2.5,4.0,True,0.9,True,9,7.5685083866119385,38.64,132,51,81,
umeh_tsugma khyug_high quality,umeh_tsugma khyug_high quality - page 1,Ume_Petsuk,line,0.8,2.5,4.0,False,0.1,False,0,2.5920872688293457,0.0,0,0,0,Line processing failed: 'list' object cannot be interpreted as an integer
umeh_tsugma khyug_high quality,umeh_tsugma khyug_high quality - page 1,Ume_Petsuk,line,0.8,2.5,4.0,False,0.25,False,0,2.608088731765747,0.0,0,0,0,Line processing failed: 'list' object cannot be interpreted as an integer
umeh_tsugma khyug_high quality,umeh_tsugma khyug_high quality - page 1,Ume_Petsuk,line,0.8,2.5,4.0,False,0.5,True,15,9.542115926742554,38.64,132,51,81,
umeh_tsugma khyug_high quality,umeh_tsugma khyug_high quality - page 1,Ume_Petsuk,line,0.8,2.5,4.0,False,0.9,True,15,11.363596677780151,38.64,132,51,81,
umeh_tsugma khyug_high quality,umeh_tsugma khyug_high quality - page 1,Ume_Petsuk,line,0.8,2.5,5.0,True,0.1,False,0,2.6185994148254395,0.0,0,0,0,Line processing failed: 'list' object cannot be interpreted as an integer
umeh_tsugma khyug_high quality,umeh_tsugma khyug_high quality - page 1,Ume_Petsuk,line,0.8,2.5,5.0,True,0.25,False,0,2.5964107513427734,0.0,0,0,0,Line processing failed: 'list' object cannot be interpreted as an integer
umeh_tsugma khyug_high quality,umeh_tsugma khyug_high quality - page 1,Ume_Petsuk,line,0.8,2.5,5.0,True,0.5,True,9,6.806057453155518,37.25,51,19,32,
umeh_tsugma khyug_high quality,umeh_tsugma khyug_high quality - page 1,Ume_Petsuk,line,0.8,2.5,5.0,True,0.9,True,9,7.303499937057495,37.25,51,19,32,
umeh_tsugma khyug_high quality,umeh_tsugma khyug_high quality - page 1,Ume_Petsuk,line,0.8,2.5,5.0,False,0.1,False,0,2.5908725261688232,0.0,0,0,0,Line processing failed: 'list' object cannot be interpreted as an integer
umeh_tsugma khyug_high quality,umeh_tsugma khyug_high quality - page 1,Ume_Petsuk,line,0.8,2.5,5.0,False,0.25,False,0,2.5954430103302,0.0,0,0,0,Line processing failed: 'list' object cannot be interpreted as an integer
umeh_tsugma khyug_high quality,umeh_tsugma khyug_high quality - page 1,Ume_Petsuk,line,0.8,2.5,5.0,False,0.5,True,15,7.844123840332031,37.25,51,19,32,
umeh_tsugma khyug_high quality,umeh_tsugma khyug_high quality - page 1,Ume_Petsuk,line,0.8,2.5,5.0,False,0.9,True,15,7.7353761196136475,37.25,51,19,32,
umeh_tsugma khyug_high quality,umeh_tsugma khyug_high quality - page 1,Ume_Petsuk,line,0.8,3.0,2.5,True,0.1,False,0,2.6291470527648926,0.0,0,0,0,Line processing failed: 'list' object cannot be interpreted as an integer
umeh_tsugma khyug_high quality,umeh_tsugma khyug_high quality - page 1,Ume_Petsuk,line,0.8,3.0,2.5,True,0.25,False,0,2.821810722351074,0.0,0,0,0,Line processing failed: 'list' object cannot be interpreted as an integer
umeh_tsugma khyug_high quality,umeh_tsugma khyug_high quality - page 1,Ume_Petsuk,line,0.8,3.0,2.5,True,0.5,True,9,8.292770385742188,50.7,213,108,105,
umeh_tsugma khyug_high quality,umeh_tsugma khyug_high quality - page 1,Ume_Petsuk,line,0.8,3.0,2.5,True,0.9,True,9,8.087724447250366,50.7,213,108,105,
umeh_tsugma khyug_high quality,umeh_tsugma khyug_high quality - page 1,Ume_Petsuk,line,0.8,3.0,2.5,False,0.1,False,0,2.7303550243377686,0.0,0,0,0,Line processing failed: 'list' object cannot be interpreted as an integer
umeh_tsugma khyug_high quality,umeh_tsugma khyug_high quality - page 1,Ume_Petsuk,line,0.8,3.0,2.5,False,0.25,False,0,2.5986292362213135,0.0,0,0,0,Line processing failed: 'list' object cannot be interpreted as an integer
umeh_tsugma khyug_high quality,umeh_tsugma khyug_high quality - page 1,Ume_Petsuk,line,0.8,3.0,2.5,False,0.5,True,15,9.202229022979736,50.47,212,107,105,
umeh_tsugma khyug_high quality,umeh_tsugma khyug_high quality - page 1,Ume_Petsuk,line,0.8,3.0,2.5,False,0.9,True,15,8.931248426437378,50.47,212,107,105,
umeh_tsugma khyug_high quality,umeh_tsugma khyug_high quality - page 1,Ume_Petsuk,line,0.8,3.0,3.5,True,0.1,False,0,2.599832534790039,0.0,0,0,0,Line processing failed: 'list' object cannot be interpreted as an integer
umeh_tsugma khyug_high quality,umeh_tsugma khyug_high quality - page 1,Ume_Petsuk,line,0.8,3.0,3.5,True,0.25,False,0,2.618138313293457,0.0,0,0,0,Line processing failed: 'list' object cannot be interpreted as an integer
umeh_tsugma khyug_high quality,umeh_tsugma khyug_high quality - page 1,Ume_Petsuk,line,0.8,3.0,3.5,True,0.5,True,9,8.006856918334961,45.41,185,84,101,
umeh_tsugma khyug_high quality,umeh_tsugma khyug_high quality - page 1,Ume_Petsuk,line,0.8,3.0,3.5,True,0.9,True,9,7.7728471755981445,45.41,185,84,101,
umeh_tsugma khyug_high quality,umeh_tsugma khyug_high quality - page 1,Ume_Petsuk,line,0.8,3.0,3.5,False,0.1,False,0,2.8843183517456055,0.0,0,0,0,Line processing failed: 'list' object cannot be interpreted as an integer
umeh_tsugma khyug_high quality,umeh_tsugma khyug_high quality - page 1,Ume_Petsuk,line,0.8,3.0,3.5,False,0.25,False,0,2.5983986854553223,0.0,0,0,0,Line processing failed: 'list' object cannot be interpreted as an integer
umeh_tsugma khyug_high quality,umeh_tsugma khyug_high quality - page 1,Ume_Petsuk,line,0.8,3.0,3.5,False,0.5,True,15,8.940731525421143,45.41,185,84,101,
umeh_tsugma khyug_high quality,umeh_tsugma khyug_high quality - page 1,Ume_Petsuk,line,0.8,3.0,3.5,False,0.9,True,15,8.714894533157349,45.41,185,84,101,
umeh_tsugma khyug_high quality,umeh_tsugma khyug_high quality - page 1,Ume_Petsuk,line,0.8,3.0,4.0,True,0.1,False,0,2.6003451347351074,0.0,0,0,0,Line processing failed: 'list' object cannot be interpreted as an integer
umeh_tsugma khyug_high quality,umeh_tsugma khyug_high quality - page 1,Ume_Petsuk,line,0.8,3.0,4.0,True,0.25,False,0,2.676693916320801,0.0,0,0,0,Line processing failed: 'list' object cannot be interpreted as an integer
umeh_tsugma khyug_high quality,umeh_tsugma khyug_high quality - page 1,Ume_Petsuk,line,0.8,3.0,4.0,True,0.5,True,9,8.425753355026245,38.64,132,51,81,
umeh_tsugma khyug_high quality,umeh_tsugma khyug_high quality - page 1,Ume_Petsuk,line,0.8,3.0,4.0,True,0.9,True,9,8.379237651824951,38.64,132,51,81,
umeh_tsugma khyug_high quality,umeh_tsugma khyug_high quality - page 1,Ume_Petsuk,line,0.8,3.0,4.0,False,0.1,False,0,4.506736993789673,0.0,0,0,0,Line processing failed: 'list' object cannot be interpreted as an integer
umeh_tsugma khyug_high quality,umeh_tsugma khyug_high quality - page 1,Ume_Petsuk,line,0.8,3.0,4.0,False,0.25,False,0,4.513708829879761,0.0,0,0,0,Line processing failed: 'list' object cannot be interpreted as an integer
umeh_tsugma khyug_high quality,umeh_tsugma khyug_high quality - page 1,Ume_Petsuk,line,0.8,3.0,4.0,False,0.5,True,15,10.39540958404541,38.64,132,51,81,
umeh_tsugma khyug_high quality,umeh_tsugma khyug_high quality - page 1,Ume_Petsuk,line,0.8,3.0,4.0,False,0.9,True,15,8.923738718032837,38.64,132,51,81,
umeh_tsugma khyug_high quality,umeh_tsugma khyug_high quality - page 1,Ume_Petsuk,line,0.8,3.0,5.0,True,0.1,False,0,2.5898656845092773,0.0,0,0,0,Line processing failed: 'list' object cannot be interpreted as an integer
umeh_tsugma khyug_high quality,umeh_tsugma khyug_high quality - page 1,Ume_Petsuk,line,0.8,3.0,5.0,True,0.25,False,0,2.596705913543701,0.0,0,0,0,Line processing failed: 'list' object cannot be interpreted as an integer
umeh_tsugma khyug_high quality,umeh_tsugma khyug_high quality - page 1,Ume_Petsuk,line,0.8,3.0,5.0,True,0.5,True,9,7.015766382217407,37.25,51,19,32,
umeh_tsugma khyug_high quality,umeh_tsugma khyug_high quality - page 1,Ume_Petsuk,line,0.8,3.0,5.0,True,0.9,True,9,7.467177391052246,37.25,51,19,32,
umeh_tsugma khyug_high quality,umeh_tsugma khyug_high quality - page 1,Ume_Petsuk,line,0.8,3.0,5.0,False,0.1,False,0,2.5964696407318115,0.0,0,0,0,Line processing failed: 'list' object cannot be interpreted as an integer
umeh_tsugma khyug_high quality,umeh_tsugma khyug_high quality - page 1,Ume_Petsuk,line,0.8,3.0,5.0,False,0.25,False,0,2.6044795513153076,0.0,0,0,0,Line processing failed: 'list' object cannot be interpreted as an integer
umeh_tsugma khyug_high quality,umeh_tsugma khyug_high quality - page 1,Ume_Petsuk,line,0.8,3.0,5.0,False,0.5,True,15,8.113622188568115,37.25,51,19,32,
umeh_tsugma khyug_high quality,umeh_tsugma khyug_high quality - page 1,Ume_Petsuk,line,0.8,3.0,5.0,False,0.9,True,15,7.96554160118103,37.25,51,19,32,
umeh_tsugma khyug_high quality,umeh_tsugma khyug_high quality - page 1,Ume_Petsuk,line,0.9,2.0,2.5,True,0.1,False,0,2.6405816078186035,0.0,0,0,0,Line processing failed: 'list' object cannot be interpreted as an integer
umeh_tsugma khyug_high quality,umeh_tsugma khyug_high quality - page 1,Ume_Petsuk,line,0.9,2.0,2.5,True,0.25,False,0,2.809251308441162,0.0,0,0,0,Line processing failed: 'list' object cannot be interpreted as an integer
umeh_tsugma khyug_high quality,umeh_tsugma khyug_high quality - page 1,Ume_Petsuk,line,0.9,2.0,2.5,True,0.5,True,9,7.965632200241089,50.94,212,108,104,
umeh_tsugma khyug_high quality,umeh_tsugma khyug_high quality - page 1,Ume_Petsuk,line,0.9,2.0,2.5,True,0.9,True,9,7.673585414886475,50.94,212,108,104,
umeh_tsugma khyug_high quality,umeh_tsugma khyug_high quality - page 1,Ume_Petsuk,line,0.9,2.0,2.5,False,0.1,False,0,4.5055060386657715,0.0,0,0,0,Line processing failed: 'list' object cannot be interpreted as an integer
umeh_tsugma khyug_high quality,umeh_tsugma khyug_high quality - page 1,Ume_Petsuk,line,0.9,2.0,2.5,False,0.25,False,0,4.502608299255371,0.0,0,0,0,Line processing failed: 'list' object cannot be interpreted as an integer
umeh_tsugma khyug_high quality,umeh_tsugma khyug_high quality - page 1,Ume_Petsuk,line,0.9,2.0,2.5,False,0.5,True,15,10.416736602783203,50.71,211,107,104,
umeh_tsugma khyug_high quality,umeh_tsugma khyug_high quality - page 1,Ume_Petsuk,line,0.9,2.0,2.5,False,0.9,True,15,8.489668369293213,50.71,211,107,104,
umeh_tsugma khyug_high quality,umeh_tsugma khyug_high quality - page 1,Ume_Petsuk,line,0.9,2.0,3.5,True,0.1,False,0,2.603334665298462,0.0,0,0,0,Line processing failed: 'list' object cannot be interpreted as an integer
umeh_tsugma khyug_high quality,umeh_tsugma khyug_high quality - page 1,Ume_Petsuk,line,0.9,2.0,3.5,True,0.25,False,0,2.6134774684906006,0.0,0,0,0,Line processing failed: 'list' object cannot be interpreted as an integer
umeh_tsugma khyug_high quality,umeh_tsugma khyug_high quality - page 1,Ume_Petsuk,line,0.9,2.0,3.5,True,0.5,True,9,7.363617181777954,45.41,185,84,101,
umeh_tsugma khyug_high quality,umeh_tsugma khyug_high quality - page 1,Ume_Petsuk,line,0.9,2.0,3.5,True,0.9,True,9,7.361915349960327,45.41,185,84,101,
umeh_tsugma khyug_high quality,umeh_tsugma khyug_high quality - page 1,Ume_Petsuk,line,0.9,2.0,3.5,False,0.1,False,0,2.5914108753204346,0.0,0,0,0,Line processing failed: 'list' object cannot be interpreted as an integer
umeh_tsugma khyug_high quality,umeh_tsugma khyug_high quality - page 1,Ume_Petsuk,line,0.9,2.0,3.5,False,0.25,False,0,2.6458587646484375,0.0,0,0,0,Line processing failed: 'list' object cannot be interpreted as an integer
umeh_tsugma khyug_high quality,umeh_tsugma khyug_high quality - page 1,Ume_Petsuk,line,0.9,2.0,3.5,False,0.5,True,15,10.254944801330566,45.41,185,84,101,
umeh_tsugma khyug_high quality,umeh_tsugma khyug_high quality - page 1,Ume_Petsuk,line,0.9,2.0,3.5,False,0.9,True,15,9.447740077972412,45.41,185,84,101,
umeh_tsugma khyug_high quality,umeh_tsugma khyug_high quality - page 1,Ume_Petsuk,line,0.9,2.0,4.0,True,0.1,False,0,2.8063039779663086,0.0,0,0,0,Line processing failed: 'list' object cannot be interpreted as an integer
umeh_tsugma khyug_high quality,umeh_tsugma khyug_high quality - page 1,Ume_Petsuk,line,0.9,2.0,4.0,True,0.25,False,0,2.6226553916931152,0.0,0,0,0,Line processing failed: 'list' object cannot be interpreted as an integer
umeh_tsugma khyug_high quality,umeh_tsugma khyug_high quality - page 1,Ume_Petsuk,line,0.9,2.0,4.0,True,0.5,True,9,7.40004825592041,38.64,132,51,81,
umeh_tsugma khyug_high quality,umeh_tsugma khyug_high quality - page 1,Ume_Petsuk,line,0.9,2.0,4.0,True,0.9,True,9,7.510360956192017,38.64,132,51,81,
umeh_tsugma khyug_high quality,umeh_tsugma khyug_high quality - page 1,Ume_Petsuk,line,0.9,2.0,4.0,False,0.1,False,0,2.6053528785705566,0.0,0,0,0,Line processing failed: 'list' object cannot be interpreted as an integer
umeh_tsugma khyug_high quality,umeh_tsugma khyug_high quality - page 1,Ume_Petsuk,line,0.9,2.0,4.0,False,0.25,False,0,2.6718497276306152,0.0,0,0,0,Line processing failed: 'list' object cannot be interpreted as an integer
umeh_tsugma khyug_high quality,umeh_tsugma khyug_high quality - page 1,Ume_Petsuk,line,0.9,2.0,4.0,False,0.5,True,15,8.593250036239624,38.64,132,51,81,
umeh_tsugma khyug_high quality,umeh_tsugma khyug_high quality - page 1,Ume_Petsuk,line,0.9,2.0,4.0,False,0.9,True,15,9.082563877105713,38.64,132,51,81,
umeh_tsugma khyug_high quality,umeh_tsugma khyug_high quality - page 1,Ume_Petsuk,line,0.9,2.0,5.0,True,0.1,False,0,2.6741421222686768,0.0,0,0,0,Line processing failed: 'list' object cannot be interpreted as an integer
umeh_tsugma khyug_high quality,umeh_tsugma khyug_high quality - page 1,Ume_Petsuk,line,0.9,2.0,5.0,True,0.25,False,0,2.599710702896118,0.0,0,0,0,Line processing failed: 'list' object cannot be interpreted as an integer
umeh_tsugma khyug_high quality,umeh_tsugma khyug_high quality - page 1,Ume_Petsuk,line,0.9,2.0,5.0,True,0.5,True,9,7.4029014110565186,36.0,50,18,32,
umeh_tsugma khyug_high quality,umeh_tsugma khyug_high quality - page 1,Ume_Petsuk,line,0.9,2.0,5.0,True,0.9,True,9,6.7557220458984375,36.0,50,18,32,
umeh_tsugma khyug_high quality,umeh_tsugma khyug_high quality - page 1,Ume_Petsuk,line,0.9,2.0,5.0,False,0.1,False,0,2.6114718914031982,0.0,0,0,0,Line processing failed: 'list' object cannot be interpreted as an integer
umeh_tsugma khyug_high quality,umeh_tsugma khyug_high quality - page 1,Ume_Petsuk,line,0.9,2.0,5.0,False,0.25,False,0,2.715526580810547,0.0,0,0,0,Line processing failed: 'list' object cannot be interpreted as an integer
umeh_tsugma khyug_high quality,umeh_tsugma khyug_high quality - page 1,Ume_Petsuk,line,0.9,2.0,5.0,False,0.5,True,15,7.93319845199585,36.0,50,18,32,
umeh_tsugma khyug_high quality,umeh_tsugma khyug_high quality - page 1,Ume_Petsuk,line,0.9,2.0,5.0,False,0.9,True,15,8.14791202545166,36.0,50,18,32,
umeh_tsugma khyug_high quality,umeh_tsugma khyug_high quality - page 1,Ume_Petsuk,line,0.9,2.5,2.5,True,0.1,False,0,2.616992712020874,0.0,0,0,0,Line processing failed: 'list' object cannot be interpreted as an integer
umeh_tsugma khyug_high quality,umeh_tsugma khyug_high quality - page 1,Ume_Petsuk,line,0.9,2.5,2.5,True,0.25,False,0,2.7199547290802,0.0,0,0,0,Line processing failed: 'list' object cannot be interpreted as an integer
umeh_tsugma khyug_high quality,umeh_tsugma khyug_high quality - page 1,Ume_Petsuk,line,0.9,2.5,2.5,True,0.5,True,9,8.173643589019775,51.17,213,109,104,
umeh_tsugma khyug_high quality,umeh_tsugma khyug_high quality - page 1,Ume_Petsuk,line,0.9,2.5,2.5,True,0.9,True,9,7.896840810775757,51.17,213,109,104,
umeh_tsugma khyug_high quality,umeh_tsugma khyug_high quality - page 1,Ume_Petsuk,line,0.9,2.5,2.5,False,0.1,False,0,2.677220344543457,0.0,0,0,0,Line processing failed: 'list' object cannot be interpreted as an integer
umeh_tsugma khyug_high quality,umeh_tsugma khyug_high quality - page 1,Ume_Petsuk,line,0.9,2.5,2.5,False,0.25,False,0,2.5984976291656494,0.0,0,0,0,Line processing failed: 'list' object cannot be interpreted as an integer
umeh_tsugma khyug_high quality,umeh_tsugma khyug_high quality - page 1,Ume_Petsuk,line,0.9,2.5,2.5,False,0.5,True,15,8.963307619094849,50.94,212,108,104,
umeh_tsugma khyug_high quality,umeh_tsugma khyug_high quality - page 1,Ume_Petsuk,line,0.9,2.5,2.5,False,0.9,True,15,8.778156757354736,50.94,212,108,104,
umeh_tsugma khyug_high quality,umeh_tsugma khyug_high quality - page 1,Ume_Petsuk,line,0.9,2.5,3.5,True,0.1,False,0,2.6028101444244385,0.0,0,0,0,Line processing failed: 'list' object cannot be interpreted as an integer
umeh_tsugma khyug_high quality,umeh_tsugma khyug_high quality - page 1,Ume_Petsuk,line,0.9,2.5,3.5,True,0.25,False,0,2.661457061767578,0.0,0,0,0,Line processing failed: 'list' object cannot be interpreted as an integer
umeh_tsugma khyug_high quality,umeh_tsugma khyug_high quality - page 1,Ume_Petsuk,line,0.9,2.5,3.5,True,0.5,True,9,7.802119731903076,45.41,185,84,101,
umeh_tsugma khyug_high quality,umeh_tsugma khyug_high quality - page 1,Ume_Petsuk,line,0.9,2.5,3.5,True,0.9,True,9,7.665019989013672,45.41,185,84,101,
umeh_tsugma khyug_high quality,umeh_tsugma khyug_high quality - page 1,Ume_Petsuk,line,0.9,2.5,3.5,False,0.1,False,0,2.8187451362609863,0.0,0,0,0,Line processing failed: 'list' object cannot be interpreted as an integer
umeh_tsugma khyug_high quality,umeh_tsugma khyug_high quality - page 1,Ume_Petsuk,line,0.9,2.5,3.5,False,0.25,False,0,2.603921413421631,0.0,0,0,0,Line processing failed: 'list' object cannot be interpreted as an integer
umeh_tsugma khyug_high quality,umeh_tsugma khyug_high quality - page 1,Ume_Petsuk,line,0.9,2.5,3.5,False,0.5,True,15,8.647543668746948,45.41,185,84,101,
umeh_tsugma khyug_high quality,umeh_tsugma khyug_high quality - page 1,Ume_Petsuk,line,0.9,2.5,3.5,False,0.9,True,15,8.545615434646606,45.41,185,84,101,
umeh_tsugma khyug_high quality,umeh_tsugma khyug_high quality - page 1,Ume_Petsuk,line,0.9,2.5,4.0,True,0.1,False,0,2.5996835231781006,0.0,0,0,0,Line processing failed: 'list' object cannot be interpreted as an integer
umeh_tsugma khyug_high quality,umeh_tsugma khyug_high quality - page 1,Ume_Petsuk,line,0.9,2.5,4.0,True,0.25,False,0,2.8075995445251465,0.0,0,0,0,Line processing failed: 'list' object cannot be interpreted as an integer
umeh_tsugma khyug_high quality,umeh_tsugma khyug_high quality - page 1,Ume_Petsuk,line,0.9,2.5,4.0,True,0.5,True,9,7.841683387756348,38.64,132,51,81,
umeh_tsugma khyug_high quality,umeh_tsugma khyug_high quality - page 1,Ume_Petsuk,line,0.9,2.5,4.0,True,0.9,True,9,7.982721328735352,38.64,132,51,81,
umeh_tsugma khyug_high quality,umeh_tsugma khyug_high quality - page 1,Ume_Petsuk,line,0.9,2.5,4.0,False,0.1,False,0,2.597785234451294,0.0,0,0,0,Line processing failed: 'list' object cannot be interpreted as an integer
umeh_tsugma khyug_high quality,umeh_tsugma khyug_high quality - page 1,Ume_Petsuk,line,0.9,2.5,4.0,False,0.25,False,0,2.6062283515930176,0.0,0,0,0,Line processing failed: 'list' object cannot be interpreted as an integer
umeh_tsugma khyug_high quality,umeh_tsugma khyug_high quality - page 1,Ume_Petsuk,line,0.9,2.5,4.0,False,0.5,True,15,8.744373321533203,38.64,132,51,81,
umeh_tsugma khyug_high quality,umeh_tsugma khyug_high quality - page 1,Ume_Petsuk,line,0.9,2.5,4.0,False,0.9,True,15,8.480672121047974,38.64,132,51,81,
umeh_tsugma khyug_high quality,umeh_tsugma khyug_high quality - page 1,Ume_Petsuk,line,0.9,2.5,5.0,True,0.1,False,0,2.598823070526123,0.0,0,0,0,Line processing failed: 'list' object cannot be interpreted as an integer
umeh_tsugma khyug_high quality,umeh_tsugma khyug_high quality - page 1,Ume_Petsuk,line,0.9,2.5,5.0,True,0.25,False,0,2.703329563140869,0.0,0,0,0,Line processing failed: 'list' object cannot be interpreted as an integer
umeh_tsugma khyug_high quality,umeh_tsugma khyug_high quality - page 1,Ume_Petsuk,line,0.9,2.5,5.0,True,0.5,True,9,7.094769239425659,37.25,51,19,32,
umeh_tsugma khyug_high quality,umeh_tsugma khyug_high quality - page 1,Ume_Petsuk,line,0.9,2.5,5.0,True,0.9,True,9,6.813136577606201,37.25,51,19,32,
umeh_tsugma khyug_high quality,umeh_tsugma khyug_high quality - page 1,Ume_Petsuk,line,0.9,2.5,5.0,False,0.1,False,0,2.600424289703369,0.0,0,0,0,Line processing failed: 'list' object cannot be interpreted as an integer
umeh_tsugma khyug_high quality,umeh_tsugma khyug_high quality - page 1,Ume_Petsuk,line,0.9,2.5,5.0,False,0.25,False,0,2.798844575881958,0.0,0,0,0,Line processing failed: 'list' object cannot be interpreted as an integer
umeh_tsugma khyug_high quality,umeh_tsugma khyug_high quality - page 1,Ume_Petsuk,line,0.9,2.5,5.0,False,0.5,True,15,7.9636054039001465,37.25,51,19,32,
umeh_tsugma khyug_high quality,umeh_tsugma khyug_high quality - page 1,Ume_Petsuk,line,0.9,2.5,5.0,False,0.9,True,15,8.145748138427734,37.25,51,19,32,
umeh_tsugma khyug_high quality,umeh_tsugma khyug_high quality - page 1,Ume_Petsuk,line,0.9,3.0,2.5,True,0.1,False,0,2.790513277053833,0.0,0,0,0,Line processing failed: 'list' object cannot be interpreted as an integer
umeh_tsugma khyug_high quality,umeh_tsugma khyug_high quality - page 1,Ume_Petsuk,line,0.9,3.0,2.5,True,0.25,False,0,2.6263747215270996,0.0,0,0,0,Line processing failed: 'list' object cannot be interpreted as an integer
umeh_tsugma khyug_high quality,umeh_tsugma khyug_high quality - page 1,Ume_Petsuk,line,0.9,3.0,2.5,True,0.5,True,9,8.300823211669922,50.7,213,108,105,
umeh_tsugma khyug_high quality,umeh_tsugma khyug_high quality - page 1,Ume_Petsuk,line,0.9,3.0,2.5,True,0.9,True,9,8.045427322387695,50.7,213,108,105,
umeh_tsugma khyug_high quality,umeh_tsugma khyug_high quality - page 1,Ume_Petsuk,line,0.9,3.0,2.5,False,0.1,False,0,2.606262683868408,0.0,0,0,0,Line processing failed: 'list' object cannot be interpreted as an integer
umeh_tsugma khyug_high quality,umeh_tsugma khyug_high quality - page 1,Ume_Petsuk,line,0.9,3.0,2.5,False,0.25,False,0,2.6049611568450928,0.0,0,0,0,Line processing failed: 'list' object cannot be interpreted as an integer
umeh_tsugma khyug_high quality,umeh_tsugma khyug_high quality - page 1,Ume_Petsuk,line,0.9,3.0,2.5,False,0.5,True,15,9.26722502708435,50.47,212,107,105,
umeh_tsugma khyug_high quality,umeh_tsugma khyug_high quality - page 1,Ume_Petsuk,line,0.9,3.0,2.5,False,0.9,True,15,8.931869745254517,50.47,212,107,105,
umeh_tsugma khyug_high quality,umeh_tsugma khyug_high quality - page 1,Ume_Petsuk,line,0.9,3.0,3.5,True,0.1,False,0,2.5940165519714355,0.0,0,0,0,Line processing failed: 'list' object cannot be interpreted as an integer
umeh_tsugma khyug_high quality,umeh_tsugma khyug_high quality - page 1,Ume_Petsuk,line,0.9,3.0,3.5,True,0.25,False,0,2.6346869468688965,0.0,0,0,0,Line processing failed: 'list' object cannot be interpreted as an integer
umeh_tsugma khyug_high quality,umeh_tsugma khyug_high quality - page 1,Ume_Petsuk,line,0.9,3.0,3.5,True,0.5,True,9,8.012255668640137,45.41,185,84,101,
umeh_tsugma khyug_high quality,umeh_tsugma khyug_high quality - page 1,Ume_Petsuk,line,0.9,3.0,3.5,True,0.9,True,9,7.827635288238525,45.41,185,84,101,
umeh_tsugma khyug_high quality,umeh_tsugma khyug_high quality - page 1,Ume_Petsuk,line,0.9,3.0,3.5,False,0.1,False,0,2.6153221130371094,0.0,0,0,0,Line processing failed: 'list' object cannot be interpreted as an integer
umeh_tsugma khyug_high quality,umeh_tsugma khyug_high quality - page 1,Ume_Petsuk,line,0.9,3.0,3.5,False,0.25,False,0,2.69697904586792,0.0,0,0,0,Line processing failed: 'list' object cannot be interpreted as an integer
umeh_tsugma khyug_high quality,umeh_tsugma khyug_high quality - page 1,Ume_Petsuk,line,0.9,3.0,3.5,False,0.5,True,15,9.087666511535645,45.41,185,84,101,
umeh_tsugma khyug_high quality,umeh_tsugma khyug_high quality - page 1,Ume_Petsuk,line,0.9,3.0,3.5,False,0.9,True,15,8.7223060131073,45.41,185,84,101,
umeh_tsugma khyug_high quality,umeh_tsugma khyug_high quality - page 1,Ume_Petsuk,line,0.9,3.0,4.0,True,0.1,False,0,3.4245619773864746,0.0,0,0,0,Line processing failed: 'list' object cannot be interpreted as an integer
umeh_tsugma khyug_high quality,umeh_tsugma khyug_high quality - page 1,Ume_Petsuk,line,0.9,3.0,4.0,True,0.25,False,0,2.6160945892333984,0.0,0,0,0,Line processing failed: 'list' object cannot be interpreted as an integer
umeh_tsugma khyug_high quality,umeh_tsugma khyug_high quality - page 1,Ume_Petsuk,line,0.9,3.0,4.0,True,0.5,True,9,7.974024295806885,38.64,132,51,81,
umeh_tsugma khyug_high quality,umeh_tsugma khyug_high quality - page 1,Ume_Petsuk,line,0.9,3.0,4.0,True,0.9,True,9,8.217694997787476,38.64,132,51,81,
umeh_tsugma khyug_high quality,umeh_tsugma khyug_high quality - page 1,Ume_Petsuk,line,0.9,3.0,4.0,False,0.1,False,0,2.6069557666778564,0.0,0,0,0,Line processing failed: 'list' object cannot be interpreted as an integer
umeh_tsugma khyug_high quality,umeh_tsugma khyug_high quality - page 1,Ume_Petsuk,line,0.9,3.0,4.0,False,0.25,False,0,2.6042211055755615,0.0,0,0,0,Line processing failed: 'list' object cannot be interpreted as an integer
umeh_tsugma khyug_high quality,umeh_tsugma khyug_high quality - page 1,Ume_Petsuk,line,0.9,3.0,4.0,False,0.5,True,15,8.843679666519165,38.64,132,51,81,
umeh_tsugma khyug_high quality,umeh_tsugma khyug_high quality - page 1,Ume_Petsuk,line,0.9,3.0,4.0,False,0.9,True,15,8.71397852897644,38.64,132,51,81,
umeh_tsugma khyug_high quality,umeh_tsugma khyug_high quality - page 1,Ume_Petsuk,line,0.9,3.0,5.0,True,0.1,False,0,2.702355146408081,0.0,0,0,0,Line processing failed: 'list' object cannot be interpreted as an integer
umeh_tsugma khyug_high quality,umeh_tsugma khyug_high quality - page 1,Ume_Petsuk,line,0.9,3.0,5.0,True,0.25,False,0,2.608553171157837,0.0,0,0,0,Line processing failed: 'list' object cannot be interpreted as an integer
umeh_tsugma khyug_high quality,umeh_tsugma khyug_high quality - page 1,Ume_Petsuk,line,0.9,3.0,5.0,True,0.5,True,9,7.26900315284729,37.25,51,19,32,
umeh_tsugma khyug_high quality,umeh_tsugma khyug_high quality - page 1,Ume_Petsuk,line,0.9,3.0,5.0,True,0.9,True,9,7.122142791748047,37.25,51,19,32,
umeh_tsugma khyug_high quality,umeh_tsugma khyug_high quality - page 1,Ume_Petsuk,line,0.9,3.0,5.0,False,0.1,False,0,2.603490114212036,0.0,0,0,0,Line processing failed: 'list' object cannot be interpreted as an integer
umeh_tsugma khyug_high quality,umeh_tsugma khyug_high quality - page 1,Ume_Petsuk,line,0.9,3.0,5.0,False,0.25,False,0,2.7644476890563965,0.0,0,0,0,Line processing failed: 'list' object cannot be interpreted as an integer
umeh_tsugma khyug_high quality,umeh_tsugma khyug_high quality - page 1,Ume_Petsuk,line,0.9,3.0,5.0,False,0.5,True,15,8.192356586456299,37.25,51,19,32,
umeh_tsugma khyug_high quality,umeh_tsugma khyug_high quality - page 1,Ume_Petsuk,line,0.9,3.0,5.0,False,0.9,True,15,8.50426435470581,37.25,51,19,32,
umeh_tsugma khyug_high quality,umeh_tsugma khyug_high quality - page 1,Ume_Petsuk,layout,0.7,2.0,2.5,True,0.1,True,8,8.323786973953247,52.89,225,119,106,
umeh_tsugma khyug_high quality,umeh_tsugma khyug_high quality - page 1,Ume_Petsuk,layout,0.7,2.0,2.5,True,0.25,True,8,8.234941959381104,52.89,225,119,106,
umeh_tsugma khyug_high quality,umeh_tsugma khyug_high quality - page 1,Ume_Petsuk,layout,0.7,2.0,2.5,True,0.5,True,8,8.061514377593994,52.89,225,119,106,
umeh_tsugma khyug_high quality,umeh_tsugma khyug_high quality - page 1,Ume_Petsuk,layout,0.7,2.0,2.5,True,0.9,True,8,8.12224292755127,52.89,225,119,106,
umeh_tsugma khyug_high quality,umeh_tsugma khyug_high quality - page 1,Ume_Petsuk,layout,0.7,2.0,2.5,False,0.1,True,35,13.622479438781738,32.22,180,58,122,
umeh_tsugma khyug_high quality,umeh_tsugma khyug_high quality - page 1,Ume_Petsuk,layout,0.7,2.0,2.5,False,0.25,True,35,13.588152170181274,32.22,180,58,122,
umeh_tsugma khyug_high quality,umeh_tsugma khyug_high quality - page 1,Ume_Petsuk,layout,0.7,2.0,2.5,False,0.5,True,35,13.585341453552246,32.22,180,58,122,
umeh_tsugma khyug_high quality,umeh_tsugma khyug_high quality - page 1,Ume_Petsuk,layout,0.7,2.0,2.5,False,0.9,True,35,13.620607376098633,32.22,180,58,122,
umeh_tsugma khyug_high quality,umeh_tsugma khyug_high quality - page 1,Ume_Petsuk,layout,0.7,2.0,3.5,True,0.1,True,8,7.509526014328003,47.83,207,99,108,
umeh_tsugma khyug_high quality,umeh_tsugma khyug_high quality - page 1,Ume_Petsuk,layout,0.7,2.0,3.5,True,0.25,True,8,8.04974102973938,47.83,207,99,108,
umeh_tsugma khyug_high quality,umeh_tsugma khyug_high quality - page 1,Ume_Petsuk,layout,0.7,2.0,3.5,True,0.5,True,8,7.522599458694458,47.83,207,99,108,
umeh_tsugma khyug_high quality,umeh_tsugma khyug_high quality - page 1,Ume_Petsuk,layout,0.7,2.0,3.5,True,0.9,True,8,7.546614408493042,47.83,207,99,108,
umeh_tsugma khyug_high quality,umeh_tsugma khyug_high quality - page 1,Ume_Petsuk,layout,0.7,2.0,3.5,False,0.1,True,35,11.969305276870728,46.53,202,94,108,
umeh_tsugma khyug_high quality,umeh_tsugma khyug_high quality - page 1,Ume_Petsuk,layout,0.7,2.0,3.5,False,0.25,True,35,12.088165521621704,46.53,202,94,108,
umeh_tsugma khyug_high quality,umeh_tsugma khyug_high quality - page 1,Ume_Petsuk,layout,0.7,2.0,3.5,False,0.5,True,35,11.971237182617188,46.53,202,94,108,
umeh_tsugma khyug_high quality,umeh_tsugma khyug_high quality - page 1,Ume_Petsuk,layout,0.7,2.0,3.5,False,0.9,True,35,11.965352773666382,46.53,202,94,108,
umeh_tsugma khyug_high quality,umeh_tsugma khyug_high quality - page 1,Ume_Petsuk,layout,0.7,2.0,4.0,True,0.1,True,8,7.493322849273682,46.62,148,69,79,
umeh_tsugma khyug_high quality,umeh_tsugma khyug_high quality - page 1,Ume_Petsuk,layout,0.7,2.0,4.0,True,0.25,True,8,7.529436826705933,46.62,148,69,79,
umeh_tsugma khyug_high quality,umeh_tsugma khyug_high quality - page 1,Ume_Petsuk,layout,0.7,2.0,4.0,True,0.5,True,8,10.15129017829895,46.62,148,69,79,
umeh_tsugma khyug_high quality,umeh_tsugma khyug_high quality - page 1,Ume_Petsuk,layout,0.7,2.0,4.0,True,0.9,True,8,7.53761625289917,46.62,148,69,79,
umeh_tsugma khyug_high quality,umeh_tsugma khyug_high quality - page 1,Ume_Petsuk,layout,0.7,2.0,4.0,False,0.1,True,35,11.652323246002197,48.88,178,87,91,
umeh_tsugma khyug_high quality,umeh_tsugma khyug_high quality - page 1,Ume_Petsuk,layout,0.7,2.0,4.0,False,0.25,True,35,11.81557321548462,48.88,178,87,91,
umeh_tsugma khyug_high quality,umeh_tsugma khyug_high quality - page 1,Ume_Petsuk,layout,0.7,2.0,4.0,False,0.5,True,35,11.63959813117981,48.88,178,87,91,
umeh_tsugma khyug_high quality,umeh_tsugma khyug_high quality - page 1,Ume_Petsuk,layout,0.7,2.0,4.0,False,0.9,True,35,11.665542364120483,48.88,178,87,91,
umeh_tsugma khyug_high quality,umeh_tsugma khyug_high quality - page 1,Ume_Petsuk,layout,0.7,2.0,5.0,True,0.1,True,8,6.516637802124023,41.18,51,21,30,
umeh_tsugma khyug_high quality,umeh_tsugma khyug_high quality - page 1,Ume_Petsuk,layout,0.7,2.0,5.0,True,0.25,True,8,6.541137933731079,41.18,51,21,30,
umeh_tsugma khyug_high quality,umeh_tsugma khyug_high quality - page 1,Ume_Petsuk,layout,0.7,2.0,5.0,True,0.5,True,8,6.477629661560059,41.18,51,21,30,
umeh_tsugma khyug_high quality,umeh_tsugma khyug_high quality - page 1,Ume_Petsuk,layout,0.7,2.0,5.0,True,0.9,True,8,6.527321815490723,41.18,51,21,30,
umeh_tsugma khyug_high quality,umeh_tsugma khyug_high quality - page 1,Ume_Petsuk,layout,0.7,2.0,5.0,False,0.1,True,35,11.749835968017578,39.57,139,55,84,
umeh_tsugma khyug_high quality,umeh_tsugma khyug_high quality - page 1,Ume_Petsuk,layout,0.7,2.0,5.0,False,0.25,True,35,11.626399993896484,39.57,139,55,84,
umeh_tsugma khyug_high quality,umeh_tsugma khyug_high quality - page 1,Ume_Petsuk,layout,0.7,2.0,5.0,False,0.5,True,35,12.10075044631958,39.57,139,55,84,
umeh_tsugma khyug_high quality,umeh_tsugma khyug_high quality - page 1,Ume_Petsuk,layout,0.7,2.0,5.0,False,0.9,True,35,11.900874137878418,39.57,139,55,84,
umeh_tsugma khyug_high quality,umeh_tsugma khyug_high quality - page 1,Ume_Petsuk,layout,0.7,2.5,2.5,True,0.1,True,8,8.269587278366089,52.89,225,119,106,
umeh_tsugma khyug_high quality,umeh_tsugma khyug_high quality - page 1,Ume_Petsuk,layout,0.7,2.5,2.5,True,0.25,True,8,8.266665697097778,52.89,225,119,106,
umeh_tsugma khyug_high quality,umeh_tsugma khyug_high quality - page 1,Ume_Petsuk,layout,0.7,2.5,2.5,True,0.5,True,8,8.253435373306274,52.89,225,119,106,
umeh_tsugma khyug_high quality,umeh_tsugma khyug_high quality - page 1,Ume_Petsuk,layout,0.7,2.5,2.5,True,0.9,True,8,8.245099544525146,52.89,225,119,106,
umeh_tsugma khyug_high quality,umeh_tsugma khyug_high quality - page 1,Ume_Petsuk,layout,0.7,2.5,2.5,False,0.1,True,35,13.784479141235352,32.04,181,58,123,
umeh_tsugma khyug_high quality,umeh_tsugma khyug_high quality - page 1,Ume_Petsuk,layout,0.7,2.5,2.5,False,0.25,True,35,13.80471158027649,32.04,181,58,123,
umeh_tsugma khyug_high quality,umeh_tsugma khyug_high quality - page 1,Ume_Petsuk,layout,0.7,2.5,2.5,False,0.5,True,35,13.859543323516846,32.04,181,58,123,
umeh_tsugma khyug_high quality,umeh_tsugma khyug_high quality - page 1,Ume_Petsuk,layout,0.7,2.5,2.5,False,0.9,True,35,13.76894211769104,32.04,181,58,123,
umeh_tsugma khyug_high quality,umeh_tsugma khyug_high quality - page 1,Ume_Petsuk,layout,0.7,2.5,3.5,True,0.1,True,8,7.6800007820129395,47.83,207,99,108,
umeh_tsugma khyug_high quality,umeh_tsugma khyug_high quality - page 1,Ume_Petsuk,layout,0.7,2.5,3.5,True,0.25,True,8,7.726188659667969,47.83,207,99,108,
umeh_tsugma khyug_high quality,umeh_tsugma khyug_high quality - page 1,Ume_Petsuk,layout,0.7,2.5,3.5,True,0.5,True,8,7.837354421615601,47.83,207,99,108,
umeh_tsugma khyug_high quality,umeh_tsugma khyug_high quality - page 1,Ume_Petsuk,layout,0.7,2.5,3.5,True,0.9,True,8,8.15427851676941,47.83,207,99,108,
umeh_tsugma khyug_high quality,umeh_tsugma khyug_high quality - page 1,Ume_Petsuk,layout,0.7,2.5,3.5,False,0.1,True,35,12.153090715408325,46.53,202,94,108,
umeh_tsugma khyug_high quality,umeh_tsugma khyug_high quality - page 1,Ume_Petsuk,layout,0.7,2.5,3.5,False,0.25,True,35,12.233829736709595,46.53,202,94,108,
umeh_tsugma khyug_high quality,umeh_tsugma khyug_high quality - page 1,Ume_Petsuk,layout,0.7,2.5,3.5,False,0.5,True,35,14.06510043144226,46.53,202,94,108,
umeh_tsugma khyug_high quality,umeh_tsugma khyug_high quality - page 1,Ume_Petsuk,layout,0.7,2.5,3.5,False,0.9,True,35,12.145555257797241,46.53,202,94,108,
umeh_tsugma khyug_high quality,umeh_tsugma khyug_high quality - page 1,Ume_Petsuk,layout,0.7,2.5,4.0,True,0.1,True,8,7.749337911605835,46.62,148,69,79,
umeh_tsugma khyug_high quality,umeh_tsugma khyug_high quality - page 1,Ume_Petsuk,layout,0.7,2.5,4.0,True,0.25,True,8,7.691290616989136,46.62,148,69,79,
umeh_tsugma khyug_high quality,umeh_tsugma khyug_high quality - page 1,Ume_Petsuk,layout,0.7,2.5,4.0,True,0.5,True,8,8.232836961746216,46.62,148,69,79,
umeh_tsugma khyug_high quality,umeh_tsugma khyug_high quality - page 1,Ume_Petsuk,layout,0.7,2.5,4.0,True,0.9,True,8,8.097253799438477,46.62,148,69,79,
umeh_tsugma khyug_high quality,umeh_tsugma khyug_high quality - page 1,Ume_Petsuk,layout,0.7,2.5,4.0,False,0.1,True,35,11.805703401565552,48.88,178,87,91,
umeh_tsugma khyug_high quality,umeh_tsugma khyug_high quality - page 1,Ume_Petsuk,layout,0.7,2.5,4.0,False,0.25,True,35,11.87668752670288,48.88,178,87,91,
umeh_tsugma khyug_high quality,umeh_tsugma khyug_high quality - page 1,Ume_Petsuk,layout,0.7,2.5,4.0,False,0.5,True,35,14.164921045303345,48.88,178,87,91,
umeh_tsugma khyug_high quality,umeh_tsugma khyug_high quality - page 1,Ume_Petsuk,layout,0.7,2.5,4.0,False,0.9,True,35,13.221878051757812,48.88,178,87,91,
umeh_tsugma khyug_high quality,umeh_tsugma khyug_high quality - page 1,Ume_Petsuk,layout,0.7,2.5,5.0,True,0.1,True,8,6.674094915390015,31.48,54,17,37,
umeh_tsugma khyug_high quality,umeh_tsugma khyug_high quality - page 1,Ume_Petsuk,layout,0.7,2.5,5.0,True,0.25,True,8,6.559483766555786,31.48,54,17,37,
umeh_tsugma khyug_high quality,umeh_tsugma khyug_high quality - page 1,Ume_Petsuk,layout,0.7,2.5,5.0,True,0.5,True,8,6.569089889526367,31.48,54,17,37,
umeh_tsugma khyug_high quality,umeh_tsugma khyug_high quality - page 1,Ume_Petsuk,layout,0.7,2.5,5.0,True,0.9,True,8,6.569160223007202,31.48,54,17,37,
umeh_tsugma khyug_high quality,umeh_tsugma khyug_high quality - page 1,Ume_Petsuk,layout,0.7,2.5,5.0,False,0.1,True,35,13.548818588256836,46.36,151,70,81,
umeh_tsugma khyug_high quality,umeh_tsugma khyug_high quality - page 1,Ume_Petsuk,layout,0.7,2.5,5.0,False,0.25,True,35,11.692463159561157,46.36,151,70,81,
umeh_tsugma khyug_high quality,umeh_tsugma khyug_high quality - page 1,Ume_Petsuk,layout,0.7,2.5,5.0,False,0.5,True,35,11.66730809211731,46.36,151,70,81,
umeh_tsugma khyug_high quality,umeh_tsugma khyug_high quality - page 1,Ume_Petsuk,layout,0.7,2.5,5.0,False,0.9,True,35,11.623557090759277,46.36,151,70,81,
umeh_tsugma khyug_high quality,umeh_tsugma khyug_high quality - page 1,Ume_Petsuk,layout,0.7,3.0,2.5,True,0.1,True,8,8.464837312698364,53.33,225,120,105,
umeh_tsugma khyug_high quality,umeh_tsugma khyug_high quality - page 1,Ume_Petsuk,layout,0.7,3.0,2.5,True,0.25,True,8,8.476861476898193,53.33,225,120,105,
umeh_tsugma khyug_high quality,umeh_tsugma khyug_high quality - page 1,Ume_Petsuk,layout,0.7,3.0,2.5,True,0.5,True,8,8.932493448257446,53.33,225,120,105,
umeh_tsugma khyug_high quality,umeh_tsugma khyug_high quality - page 1,Ume_Petsuk,layout,0.7,3.0,2.5,True,0.9,True,8,8.448551654815674,53.33,225,120,105,
umeh_tsugma khyug_high quality,umeh_tsugma khyug_high quality - page 1,Ume_Petsuk,layout,0.7,3.0,2.5,False,0.1,True,35,14.111700534820557,32.6,181,59,122,
umeh_tsugma khyug_high quality,umeh_tsugma khyug_high quality - page 1,Ume_Petsuk,layout,0.7,3.0,2.5,False,0.25,True,35,14.084800720214844,32.6,181,59,122,
umeh_tsugma khyug_high quality,umeh_tsugma khyug_high quality - page 1,Ume_Petsuk,layout,0.7,3.0,2.5,False,0.5,True,35,14.086510419845581,32.6,181,59,122,
umeh_tsugma khyug_high quality,umeh_tsugma khyug_high quality - page 1,Ume_Petsuk,layout,0.7,3.0,2.5,False,0.9,True,35,14.479758739471436,32.6,181,59,122,
umeh_tsugma khyug_high quality,umeh_tsugma khyug_high quality - page 1,Ume_Petsuk,layout,0.7,3.0,3.5,True,0.1,True,8,10.44166111946106,48.08,208,100,108,
umeh_tsugma khyug_high quality,umeh_tsugma khyug_high quality - page 1,Ume_Petsuk,layout,0.7,3.0,3.5,True,0.25,True,8,9.883741855621338,48.08,208,100,108,
umeh_tsugma khyug_high quality,umeh_tsugma khyug_high quality - page 1,Ume_Petsuk,layout,0.7,3.0,3.5,True,0.5,True,8,7.98865532875061,48.08,208,100,108,
umeh_tsugma khyug_high quality,umeh_tsugma khyug_high quality - page 1,Ume_Petsuk,layout,0.7,3.0,3.5,True,0.9,True,8,7.965274810791016,48.08,208,100,108,
umeh_tsugma khyug_high quality,umeh_tsugma khyug_high quality - page 1,Ume_Petsuk,layout,0.7,3.0,3.5,False,0.1,True,35,12.320867538452148,47.03,202,95,107,
umeh_tsugma khyug_high quality,umeh_tsugma khyug_high quality - page 1,Ume_Petsuk,layout,0.7,3.0,3.5,False,0.25,True,35,12.824188947677612,47.03,202,95,107,
umeh_tsugma khyug_high quality,umeh_tsugma khyug_high quality - page 1,Ume_Petsuk,layout,0.7,3.0,3.5,False,0.5,True,35,12.406810760498047,47.03,202,95,107,
umeh_tsugma khyug_high quality,umeh_tsugma khyug_high quality - page 1,Ume_Petsuk,layout,0.7,3.0,3.5,False,0.9,True,35,12.343728303909302,47.03,202,95,107,
umeh_tsugma khyug_high quality,umeh_tsugma khyug_high quality - page 1,Ume_Petsuk,layout,0.7,3.0,4.0,True,0.1,True,8,7.936002016067505,46.98,149,70,79,
umeh_tsugma khyug_high quality,umeh_tsugma khyug_high quality - page 1,Ume_Petsuk,layout,0.7,3.0,4.0,True,0.25,True,8,7.922097682952881,46.98,149,70,79,
umeh_tsugma khyug_high quality,umeh_tsugma khyug_high quality - page 1,Ume_Petsuk,layout,0.7,3.0,4.0,True,0.5,True,8,7.8909687995910645,46.98,149,70,79,
umeh_tsugma khyug_high quality,umeh_tsugma khyug_high quality - page 1,Ume_Petsuk,layout,0.7,3.0,4.0,True,0.9,True,8,7.974668264389038,46.98,149,70,79,
umeh_tsugma khyug_high quality,umeh_tsugma khyug_high quality - page 1,Ume_Petsuk,layout,0.7,3.0,4.0,False,0.1,True,35,12.150932312011719,49.44,178,88,90,
umeh_tsugma khyug_high quality,umeh_tsugma khyug_high quality - page 1,Ume_Petsuk,layout,0.7,3.0,4.0,False,0.25,True,35,12.617977380752563,49.44,178,88,90,
umeh_tsugma khyug_high quality,umeh_tsugma khyug_high quality - page 1,Ume_Petsuk,layout,0.7,3.0,4.0,False,0.5,True,35,12.13124394416809,49.44,178,88,90,
umeh_tsugma khyug_high quality,umeh_tsugma khyug_high quality - page 1,Ume_Petsuk,layout,0.7,3.0,4.0,False,0.9,True,35,12.41374921798706,49.44,178,88,90,
umeh_tsugma khyug_high quality,umeh_tsugma khyug_high quality - page 1,Ume_Petsuk,layout,0.7,3.0,5.0,True,0.1,True,8,6.776979207992554,31.48,54,17,37,
umeh_tsugma khyug_high quality,umeh_tsugma khyug_high quality - page 1,Ume_Petsuk,layout,0.7,3.0,5.0,True,0.25,True,8,7.1410956382751465,31.48,54,17,37,
umeh_tsugma khyug_high quality,umeh_tsugma khyug_high quality - page 1,Ume_Petsuk,layout,0.7,3.0,5.0,True,0.5,True,8,7.080327749252319,31.48,54,17,37,
umeh_tsugma khyug_high quality,umeh_tsugma khyug_high quality - page 1,Ume_Petsuk,layout,0.7,3.0,5.0,True,0.9,True,8,6.822928190231323,31.48,54,17,37,
umeh_tsugma khyug_high quality,umeh_tsugma khyug_high quality - page 1,Ume_Petsuk,layout,0.7,3.0,5.0,False,0.1,True,35,11.879226446151733,46.36,151,70,81,
umeh_tsugma khyug_high quality,umeh_tsugma khyug_high quality - page 1,Ume_Petsuk,layout,0.7,3.0,5.0,False,0.25,True,35,13.680920839309692,46.36,151,70,81,
umeh_tsugma khyug_high quality,umeh_tsugma khyug_high quality - page 1,Ume_Petsuk,layout,0.7,3.0,5.0,False,0.5,True,35,11.895265579223633,46.36,151,70,81,
umeh_tsugma khyug_high quality,umeh_tsugma khyug_high quality - page 1,Ume_Petsuk,layout,0.7,3.0,5.0,False,0.9,True,35,11.925751686096191,46.36,151,70,81,
umeh_tsugma khyug_high quality,umeh_tsugma khyug_high quality - page 1,Ume_Petsuk,layout,0.8,2.0,2.5,True,0.1,True,8,8.05950117111206,52.89,225,119,106,
umeh_tsugma khyug_high quality,umeh_tsugma khyug_high quality - page 1,Ume_Petsuk,layout,0.8,2.0,2.5,True,0.25,True,8,8.165541172027588,52.89,225,119,106,
umeh_tsugma khyug_high quality,umeh_tsugma khyug_high quality - page 1,Ume_Petsuk,layout,0.8,2.0,2.5,True,0.5,True,8,8.08671522140503,52.89,225,119,106,
umeh_tsugma khyug_high quality,umeh_tsugma khyug_high quality - page 1,Ume_Petsuk,layout,0.8,2.0,2.5,True,0.9,True,8,8.086842060089111,52.89,225,119,106,
umeh_tsugma khyug_high quality,umeh_tsugma khyug_high quality - page 1,Ume_Petsuk,layout,0.8,2.0,2.5,False,0.1,True,35,14.055939435958862,32.22,180,58,122,
umeh_tsugma khyug_high quality,umeh_tsugma khyug_high quality - page 1,Ume_Petsuk,layout,0.8,2.0,2.5,False,0.25,True,35,15.361234188079834,32.22,180,58,122,
umeh_tsugma khyug_high quality,umeh_tsugma khyug_high quality - page 1,Ume_Petsuk,layout,0.8,2.0,2.5,False,0.5,True,35,13.775984287261963,32.22,180,58,122,
umeh_tsugma khyug_high quality,umeh_tsugma khyug_high quality - page 1,Ume_Petsuk,layout,0.8,2.0,2.5,False,0.9,True,35,13.673622608184814,32.22,180,58,122,
umeh_tsugma khyug_high quality,umeh_tsugma khyug_high quality - page 1,Ume_Petsuk,layout,0.8,2.0,3.5,True,0.1,True,8,7.544189691543579,47.83,207,99,108,
umeh_tsugma khyug_high quality,umeh_tsugma khyug_high quality - page 1,Ume_Petsuk,layout,0.8,2.0,3.5,True,0.25,True,8,7.557775020599365,47.83,207,99,108,
umeh_tsugma khyug_high quality,umeh_tsugma khyug_high quality - page 1,Ume_Petsuk,layout,0.8,2.0,3.5,True,0.5,True,8,7.541346788406372,47.83,207,99,108,
umeh_tsugma khyug_high quality,umeh_tsugma khyug_high quality - page 1,Ume_Petsuk,layout,0.8,2.0,3.5,True,0.9,True,8,7.560042142868042,47.83,207,99,108,
umeh_tsugma khyug_high quality,umeh_tsugma khyug_high quality - page 1,Ume_Petsuk,layout,0.8,2.0,3.5,False,0.1,True,35,11.961608171463013,46.53,202,94,108,
umeh_tsugma khyug_high quality,umeh_tsugma khyug_high quality - page 1,Ume_Petsuk,layout,0.8,2.0,3.5,False,0.25,True,35,11.93293309211731,46.53,202,94,108,
umeh_tsugma khyug_high quality,umeh_tsugma khyug_high quality - page 1,Ume_Petsuk,layout,0.8,2.0,3.5,False,0.5,True,35,11.946333885192871,46.53,202,94,108,
umeh_tsugma khyug_high quality,umeh_tsugma khyug_high quality - page 1,Ume_Petsuk,layout,0.8,2.0,3.5,False,0.9,True,35,12.347176313400269,46.53,202,94,108,
umeh_tsugma khyug_high quality,umeh_tsugma khyug_high quality - page 1,Ume_Petsuk,layout,0.8,2.0,4.0,True,0.1,True,8,7.538107633590698,46.62,148,69,79,
umeh_tsugma khyug_high quality,umeh_tsugma khyug_high quality - page 1,Ume_Petsuk,layout,0.8,2.0,4.0,True,0.25,True,8,7.48238730430603,46.62,148,69,79,
umeh_tsugma khyug_high quality,umeh_tsugma khyug_high quality - page 1,Ume_Petsuk,layout,0.8,2.0,4.0,True,0.5,True,8,7.503689765930176,46.62,148,69,79,
umeh_tsugma khyug_high quality,umeh_tsugma khyug_high quality - page 1,Ume_Petsuk,layout,0.8,2.0,4.0,True,0.9,True,8,7.580283164978027,46.62,148,69,79,
umeh_tsugma khyug_high quality,umeh_tsugma khyug_high quality - page 1,Ume_Petsuk,layout,0.8,2.0,4.0,False,0.1,True,35,11.627475500106812,48.88,178,87,91,
umeh_tsugma khyug_high quality,umeh_tsugma khyug_high quality - page 1,Ume_Petsuk,layout,0.8,2.0,4.0,False,0.25,True,35,11.628567934036255,48.88,178,87,91,
umeh_tsugma khyug_high quality,umeh_tsugma khyug_high quality - page 1,Ume_Petsuk,layout,0.8,2.0,4.0,False,0.5,True,35,11.73117709159851,48.88,178,87,91,
umeh_tsugma khyug_high quality,umeh_tsugma khyug_high quality - page 1,Ume_Petsuk,layout,0.8,2.0,4.0,False,0.9,True,35,11.632272243499756,48.88,178,87,91,
umeh_tsugma khyug_high quality,umeh_tsugma khyug_high quality - page 1,Ume_Petsuk,layout,0.8,2.0,5.0,True,0.1,True,8,6.56894588470459,41.18,51,21,30,
umeh_tsugma khyug_high quality,umeh_tsugma khyug_high quality - page 1,Ume_Petsuk,layout,0.8,2.0,5.0,True,0.25,True,8,6.906877040863037,41.18,51,21,30,
umeh_tsugma khyug_high quality,umeh_tsugma khyug_high quality - page 1,Ume_Petsuk,layout,0.8,2.0,5.0,True,0.5,True,8,6.471564292907715,41.18,51,21,30,
umeh_tsugma khyug_high quality,umeh_tsugma khyug_high quality - page 1,Ume_Petsuk,layout,0.8,2.0,5.0,True,0.9,True,8,6.477612495422363,41.18,51,21,30,
umeh_tsugma khyug_high quality,umeh_tsugma khyug_high quality - page 1,Ume_Petsuk,layout,0.8,2.0,5.0,False,0.1,True,35,11.608943462371826,39.57,139,55,84,
umeh_tsugma khyug_high quality,umeh_tsugma khyug_high quality - page 1,Ume_Petsuk,layout,0.8,2.0,5.0,False,0.25,True,35,11.611944675445557,39.57,139,55,84,
umeh_tsugma khyug_high quality,umeh_tsugma khyug_high quality - page 1,Ume_Petsuk,layout,0.8,2.0,5.0,False,0.5,True,35,11.613659381866455,39.57,139,55,84,
umeh_tsugma khyug_high quality,umeh_tsugma khyug_high quality - page 1,Ume_Petsuk,layout,0.8,2.0,5.0,False,0.9,True,35,13.137038469314575,39.57,139,55,84,
umeh_tsugma khyug_high quality,umeh_tsugma khyug_high quality - page 1,Ume_Petsuk,layout,0.8,2.5,2.5,True,0.1,True,8,8.408970832824707,52.89,225,119,106,
umeh_tsugma khyug_high quality,umeh_tsugma khyug_high quality - page 1,Ume_Petsuk,layout,0.8,2.5,2.5,True,0.25,True,8,8.564303636550903,52.89,225,119,106,
umeh_tsugma khyug_high quality,umeh_tsugma khyug_high quality - page 1,Ume_Petsuk,layout,0.8,2.5,2.5,True,0.5,True,8,8.396985054016113,52.89,225,119,106,
umeh_tsugma khyug_high quality,umeh_tsugma khyug_high quality - page 1,Ume_Petsuk,layout,0.8,2.5,2.5,True,0.9,True,8,8.28624701499939,52.89,225,119,106,
umeh_tsugma khyug_high quality,umeh_tsugma khyug_high quality - page 1,Ume_Petsuk,layout,0.8,2.5,2.5,False,0.1,True,35,14.435060024261475,32.04,181,58,123,
umeh_tsugma khyug_high quality,umeh_tsugma khyug_high quality - page 1,Ume_Petsuk,layout,0.8,2.5,2.5,False,0.25,True,35,13.984091758728027,32.04,181,58,123,
umeh_tsugma khyug_high quality,umeh_tsugma khyug_high quality - page 1,Ume_Petsuk,layout,0.8,2.5,2.5,False,0.5,True,35,13.793468713760376,32.04,181,58,123,
umeh_tsugma khyug_high quality,umeh_tsugma khyug_high quality - page 1,Ume_Petsuk,layout,0.8,2.5,2.5,False,0.9,True,35,14.505740880966187,32.04,181,58,123,
umeh_tsugma khyug_high quality,umeh_tsugma khyug_high quality - page 1,Ume_Petsuk,layout,0.8,2.5,3.5,True,0.1,True,8,7.757427453994751,47.83,207,99,108,
umeh_tsugma khyug_high quality,umeh_tsugma khyug_high quality - page 1,Ume_Petsuk,layout,0.8,2.5,3.5,True,0.25,True,8,7.710456848144531,47.83,207,99,108,
umeh_tsugma khyug_high quality,umeh_tsugma khyug_high quality - page 1,Ume_Petsuk,layout,0.8,2.5,3.5,True,0.5,True,8,7.716724634170532,47.83,207,99,108,
umeh_tsugma khyug_high quality,umeh_tsugma khyug_high quality - page 1,Ume_Petsuk,layout,0.8,2.5,3.5,True,0.9,True,8,7.754387855529785,47.83,207,99,108,
umeh_tsugma khyug_high quality,umeh_tsugma khyug_high quality - page 1,Ume_Petsuk,layout,0.8,2.5,3.5,False,0.1,True,35,12.129639148712158,46.53,202,94,108,
umeh_tsugma khyug_high quality,umeh_tsugma khyug_high quality - page 1,Ume_Petsuk,layout,0.8,2.5,3.5,False,0.25,True,35,12.141963005065918,46.53,202,94,108,
umeh_tsugma khyug_high quality,umeh_tsugma khyug_high quality - page 1,Ume_Petsuk,layout,0.8,2.5,3.5,False,0.5,True,35,12.103575706481934,46.53,202,94,108,
umeh_tsugma khyug_high quality,umeh_tsugma khyug_high quality - page 1,Ume_Petsuk,layout,0.8,2.5,3.5,False,0.9,True,35,12.149818420410156,46.53,202,94,108,
umeh_tsugma khyug_high quality,umeh_tsugma khyug_high quality - page 1,Ume_Petsuk,layout,0.8,2.5,4.0,True,0.1,True,8,8.167692422866821,46.62,148,69,79,
umeh_tsugma khyug_high quality,umeh_tsugma khyug_high quality - page 1,Ume_Petsuk,layout,0.8,2.5,4.0,True,0.25,True,8,7.660501480102539,46.62,148,69,79,
umeh_tsugma khyug_high quality,umeh_tsugma khyug_high quality - page 1,Ume_Petsuk,layout,0.8,2.5,4.0,True,0.5,True,8,7.650336742401123,46.62,148,69,79,
umeh_tsugma khyug_high quality,umeh_tsugma khyug_high quality - page 1,Ume_Petsuk,layout,0.8,2.5,4.0,True,0.9,True,8,7.704507350921631,46.62,148,69,79,
umeh_tsugma khyug_high quality,umeh_tsugma khyug_high quality - page 1,Ume_Petsuk,layout,0.8,2.5,4.0,False,0.1,True,35,12.366433143615723,48.88,178,87,91,
umeh_tsugma khyug_high quality,umeh_tsugma khyug_high quality - page 1,Ume_Petsuk,layout,0.8,2.5,4.0,False,0.25,True,35,11.812955141067505,48.88,178,87,91,
umeh_tsugma khyug_high quality,umeh_tsugma khyug_high quality - page 1,Ume_Petsuk,layout,0.8,2.5,4.0,False,0.5,True,35,11.943420648574829,48.88,178,87,91,
umeh_tsugma khyug_high quality,umeh_tsugma khyug_high quality - page 1,Ume_Petsuk,layout,0.8,2.5,4.0,False,0.9,True,35,12.570172548294067,48.88,178,87,91,
umeh_tsugma khyug_high quality,umeh_tsugma khyug_high quality - page 1,Ume_Petsuk,layout,0.8,2.5,5.0,True,0.1,True,8,6.5847015380859375,31.48,54,17,37,
umeh_tsugma khyug_high quality,umeh_tsugma khyug_high quality - page 1,Ume_Petsuk,layout,0.8,2.5,5.0,True,0.25,True,8,7.029515981674194,31.48,54,17,37,
umeh_tsugma khyug_high quality,umeh_tsugma khyug_high quality - page 1,Ume_Petsuk,layout,0.8,2.5,5.0,True,0.5,True,8,6.633889436721802,31.48,54,17,37,
umeh_tsugma khyug_high quality,umeh_tsugma khyug_high quality - page 1,Ume_Petsuk,layout,0.8,2.5,5.0,True,0.9,True,8,6.647706985473633,31.48,54,17,37,
umeh_tsugma khyug_high quality,umeh_tsugma khyug_high quality - page 1,Ume_Petsuk,layout,0.8,2.5,5.0,False,0.1,True,35,11.76196575164795,46.36,151,70,81,
umeh_tsugma khyug_high quality,umeh_tsugma khyug_high quality - page 1,Ume_Petsuk,layout,0.8,2.5,5.0,False,0.25,True,35,12.050751209259033,46.36,151,70,81,
umeh_tsugma khyug_high quality,umeh_tsugma khyug_high quality - page 1,Ume_Petsuk,layout,0.8,2.5,5.0,False,0.5,True,35,11.714395761489868,46.36,151,70,81,
umeh_tsugma khyug_high quality,umeh_tsugma khyug_high quality - page 1,Ume_Petsuk,layout,0.8,2.5,5.0,False,0.9,True,35,11.80098843574524,46.36,151,70,81,
umeh_tsugma khyug_high quality,umeh_tsugma khyug_high quality - page 1,Ume_Petsuk,layout,0.8,3.0,2.5,True,0.1,True,8,8.528190851211548,53.33,225,120,105,
umeh_tsugma khyug_high quality,umeh_tsugma khyug_high quality - page 1,Ume_Petsuk,layout,0.8,3.0,2.5,True,0.25,True,8,8.529688835144043,53.33,225,120,105,
umeh_tsugma khyug_high quality,umeh_tsugma khyug_high quality - page 1,Ume_Petsuk,layout,0.8,3.0,2.5,True,0.5,True,8,8.554523706436157,53.33,225,120,105,
umeh_tsugma khyug_high quality,umeh_tsugma khyug_high quality - page 1,Ume_Petsuk,layout,0.8,3.0,2.5,True,0.9,True,8,8.50148057937622,53.33,225,120,105,
umeh_tsugma khyug_high quality,umeh_tsugma khyug_high quality - page 1,Ume_Petsuk,layout,0.8,3.0,2.5,False,0.1,True,35,14.050622940063477,32.6,181,59,122,
umeh_tsugma khyug_high quality,umeh_tsugma khyug_high quality - page 1,Ume_Petsuk,layout,0.8,3.0,2.5,False,0.25,True,35,14.10378909111023,32.6,181,59,122,
umeh_tsugma khyug_high quality,umeh_tsugma khyug_high quality - page 1,Ume_Petsuk,layout,0.8,3.0,2.5,False,0.5,True,35,14.48269534111023,32.6,181,59,122,
umeh_tsugma khyug_high quality,umeh_tsugma khyug_high quality - page 1,Ume_Petsuk,layout,0.8,3.0,2.5,False,0.9,True,35,14.176332950592041,32.6,181,59,122,
umeh_tsugma khyug_high quality,umeh_tsugma khyug_high quality - page 1,Ume_Petsuk,layout,0.8,3.0,3.5,True,0.1,True,8,7.908915042877197,48.08,208,100,108,
umeh_tsugma khyug_high quality,umeh_tsugma khyug_high quality - page 1,Ume_Petsuk,layout,0.8,3.0,3.5,True,0.25,True,8,7.955444812774658,48.08,208,100,108,
umeh_tsugma khyug_high quality,umeh_tsugma khyug_high quality - page 1,Ume_Petsuk,layout,0.8,3.0,3.5,True,0.5,True,8,7.936826229095459,48.08,208,100,108,
umeh_tsugma khyug_high quality,umeh_tsugma khyug_high quality - page 1,Ume_Petsuk,layout,0.8,3.0,3.5,True,0.9,True,8,7.974316596984863,48.08,208,100,108,
umeh_tsugma khyug_high quality,umeh_tsugma khyug_high quality - page 1,Ume_Petsuk,layout,0.8,3.0,3.5,False,0.1,True,35,12.392807006835938,47.03,202,95,107,
umeh_tsugma khyug_high quality,umeh_tsugma khyug_high quality - page 1,Ume_Petsuk,layout,0.8,3.0,3.5,False,0.25,True,35,15.355193376541138,47.03,202,95,107,
umeh_tsugma khyug_high quality,umeh_tsugma khyug_high quality - page 1,Ume_Petsuk,layout,0.8,3.0,3.5,False,0.5,True,35,12.792216300964355,47.03,202,95,107,
umeh_tsugma khyug_high quality,umeh_tsugma khyug_high quality - page 1,Ume_Petsuk,layout,0.8,3.0,3.5,False,0.9,True,35,12.445010900497437,47.03,202,95,107,
umeh_tsugma khyug_high quality,umeh_tsugma khyug_high quality - page 1,Ume_Petsuk,layout,0.8,3.0,4.0,True,0.1,True,8,7.925659894943237,46.98,149,70,79,
umeh_tsugma khyug_high quality,umeh_tsugma khyug_high quality - page 1,Ume_Petsuk,layout,0.8,3.0,4.0,True,0.25,True,8,8.341052055358887,46.98,149,70,79,
umeh_tsugma khyug_high quality,umeh_tsugma khyug_high quality - page 1,Ume_Petsuk,layout,0.8,3.0,4.0,True,0.5,True,8,7.914628744125366,46.98,149,70,79,
umeh_tsugma khyug_high quality,umeh_tsugma khyug_high quality - page 1,Ume_Petsuk,layout,0.8,3.0,4.0,True,0.9,True,8,7.910452842712402,46.98,149,70,79,
umeh_tsugma khyug_high quality,umeh_tsugma khyug_high quality - page 1,Ume_Petsuk,layout,0.8,3.0,4.0,False,0.1,True,35,12.024592161178589,49.44,178,88,90,
umeh_tsugma khyug_high quality,umeh_tsugma khyug_high quality - page 1,Ume_Petsuk,layout,0.8,3.0,4.0,False,0.25,True,35,12.01971435546875,49.44,178,88,90,
umeh_tsugma khyug_high quality,umeh_tsugma khyug_high quality - page 1,Ume_Petsuk,layout,0.8,3.0,4.0,False,0.5,True,35,12.200937986373901,49.44,178,88,90,
umeh_tsugma khyug_high quality,umeh_tsugma khyug_high quality - page 1,Ume_Petsuk,layout,0.8,3.0,4.0,False,0.9,True,35,12.099271774291992,49.44,178,88,90,
umeh_tsugma khyug_high quality,umeh_tsugma khyug_high quality - page 1,Ume_Petsuk,layout,0.8,3.0,5.0,True,0.1,True,8,6.7792229652404785,31.48,54,17,37,
umeh_tsugma khyug_high quality,umeh_tsugma khyug_high quality - page 1,Ume_Petsuk,layout,0.8,3.0,5.0,True,0.25,True,8,6.834473609924316,31.48,54,17,37,
umeh_tsugma khyug_high quality,umeh_tsugma khyug_high quality - page 1,Ume_Petsuk,layout,0.8,3.0,5.0,True,0.5,True,8,6.856787443161011,31.48,54,17,37,
umeh_tsugma khyug_high quality,umeh_tsugma khyug_high quality - page 1,Ume_Petsuk,layout,0.8,3.0,5.0,True,0.9,True,8,7.206225395202637,31.48,54,17,37,
umeh_tsugma khyug_high quality,umeh_tsugma khyug_high quality - page 1,Ume_Petsuk,layout,0.8,3.0,5.0,False,0.1,True,35,11.863797664642334,46.36,151,70,81,
umeh_tsugma khyug_high quality,umeh_tsugma khyug_high quality - page 1,Ume_Petsuk,layout,0.8,3.0,5.0,False,0.25,True,35,11.875465869903564,46.36,151,70,81,
umeh_tsugma khyug_high quality,umeh_tsugma khyug_high quality - page 1,Ume_Petsuk,layout,0.8,3.0,5.0,False,0.5,True,35,11.99198293685913,46.36,151,70,81,
umeh_tsugma khyug_high quality,umeh_tsugma khyug_high quality - page 1,Ume_Petsuk,layout,0.8,3.0,5.0,False,0.9,True,35,14.204351902008057,46.36,151,70,81,
umeh_tsugma khyug_high quality,umeh_tsugma khyug_high quality - page 1,Ume_Petsuk,layout,0.9,2.0,2.5,True,0.1,True,8,8.073652505874634,52.89,225,119,106,
umeh_tsugma khyug_high quality,umeh_tsugma khyug_high quality - page 1,Ume_Petsuk,layout,0.9,2.0,2.5,True,0.25,True,8,8.053046226501465,52.89,225,119,106,
umeh_tsugma khyug_high quality,umeh_tsugma khyug_high quality - page 1,Ume_Petsuk,layout,0.9,2.0,2.5,True,0.5,True,8,8.06322169303894,52.89,225,119,106,
umeh_tsugma khyug_high quality,umeh_tsugma khyug_high quality - page 1,Ume_Petsuk,layout,0.9,2.0,2.5,True,0.9,True,8,8.098976373672485,52.89,225,119,106,
umeh_tsugma khyug_high quality,umeh_tsugma khyug_high quality - page 1,Ume_Petsuk,layout,0.9,2.0,2.5,False,0.1,True,35,13.631335973739624,32.22,180,58,122,
umeh_tsugma khyug_high quality,umeh_tsugma khyug_high quality - page 1,Ume_Petsuk,layout,0.9,2.0,2.5,False,0.25,True,35,13.6649649143219,32.22,180,58,122,
umeh_tsugma khyug_high quality,umeh_tsugma khyug_high quality - page 1,Ume_Petsuk,layout,0.9,2.0,2.5,False,0.5,True,35,13.640919208526611,32.22,180,58,122,
umeh_tsugma khyug_high quality,umeh_tsugma khyug_high quality - page 1,Ume_Petsuk,layout,0.9,2.0,2.5,False,0.9,True,35,13.609423875808716,32.22,180,58,122,
umeh_tsugma khyug_high quality,umeh_tsugma khyug_high quality - page 1,Ume_Petsuk,layout,0.9,2.0,3.5,True,0.1,True,8,7.98103928565979,47.83,207,99,108,
umeh_tsugma khyug_high quality,umeh_tsugma khyug_high quality - page 1,Ume_Petsuk,layout,0.9,2.0,3.5,True,0.25,True,8,7.515146493911743,47.83,207,99,108,
umeh_tsugma khyug_high quality,umeh_tsugma khyug_high quality - page 1,Ume_Petsuk,layout,0.9,2.0,3.5,True,0.5,True,8,7.528024196624756,47.83,207,99,108,
umeh_tsugma khyug_high quality,umeh_tsugma khyug_high quality - page 1,Ume_Petsuk,layout,0.9,2.0,3.5,True,0.9,True,8,7.6162402629852295,47.83,207,99,108,
umeh_tsugma khyug_high quality,umeh_tsugma khyug_high quality - page 1,Ume_Petsuk,layout,0.9,2.0,3.5,False,0.1,True,35,12.017070293426514,46.53,202,94,108,
umeh_tsugma khyug_high quality,umeh_tsugma khyug_high quality - page 1,Ume_Petsuk,layout,0.9,2.0,3.5,False,0.25,True,35,11.946080446243286,46.53,202,94,108,
umeh_tsugma khyug_high quality,umeh_tsugma khyug_high quality - page 1,Ume_Petsuk,layout,0.9,2.0,3.5,False,0.5,True,35,13.137165069580078,46.53,202,94,108,
umeh_tsugma khyug_high quality,umeh_tsugma khyug_high quality - page 1,Ume_Petsuk,layout,0.9,2.0,3.5,False,0.9,True,35,11.917211771011353,46.53,202,94,108,
umeh_tsugma khyug_high quality,umeh_tsugma khyug_high quality - page 1,Ume_Petsuk,layout,0.9,2.0,4.0,True,0.1,True,8,7.553480386734009,46.62,148,69,79,
umeh_tsugma khyug_high quality,umeh_tsugma khyug_high quality - page 1,Ume_Petsuk,layout,0.9,2.0,4.0,True,0.25,True,8,7.559120178222656,46.62,148,69,79,
umeh_tsugma khyug_high quality,umeh_tsugma khyug_high quality - page 1,Ume_Petsuk,layout,0.9,2.0,4.0,True,0.5,True,8,8.161468744277954,46.62,148,69,79,
umeh_tsugma khyug_high quality,umeh_tsugma khyug_high quality - page 1,Ume_Petsuk,layout,0.9,2.0,4.0,True,0.9,True,8,7.820083141326904,46.62,148,69,79,
umeh_tsugma khyug_high quality,umeh_tsugma khyug_high quality - page 1,Ume_Petsuk,layout,0.9,2.0,4.0,False,0.1,True,35,11.702238321304321,48.88,178,87,91,
umeh_tsugma khyug_high quality,umeh_tsugma khyug_high quality - page 1,Ume_Petsuk,layout,0.9,2.0,4.0,False,0.25,True,35,11.63943099975586,48.88,178,87,91,
umeh_tsugma khyug_high quality,umeh_tsugma khyug_high quality - page 1,Ume_Petsuk,layout,0.9,2.0,4.0,False,0.5,True,35,11.727723836898804,48.88,178,87,91,
umeh_tsugma khyug_high quality,umeh_tsugma khyug_high quality - page 1,Ume_Petsuk,layout,0.9,2.0,4.0,False,0.9,True,35,11.646384954452515,48.88,178,87,91,
umeh_tsugma khyug_high quality,umeh_tsugma khyug_high quality - page 1,Ume_Petsuk,layout,0.9,2.0,5.0,True,0.1,True,8,6.496421575546265,41.18,51,21,30,
umeh_tsugma khyug_high quality,umeh_tsugma khyug_high quality - page 1,Ume_Petsuk,layout,0.9,2.0,5.0,True,0.25,True,8,6.489307165145874,41.18,51,21,30,
umeh_tsugma khyug_high quality,umeh_tsugma khyug_high quality - page 1,Ume_Petsuk,layout,0.9,2.0,5.0,True,0.5,True,8,6.50837779045105,41.18,51,21,30,
umeh_tsugma khyug_high quality,umeh_tsugma khyug_high quality - page 1,Ume_Petsuk,layout,0.9,2.0,5.0,True,0.9,True,8,6.61631178855896,41.18,51,21,30,
umeh_tsugma khyug_high quality,umeh_tsugma khyug_high quality - page 1,Ume_Petsuk,layout,0.9,2.0,5.0,False,0.1,True,35,11.730082988739014,39.57,139,55,84,
umeh_tsugma khyug_high quality,umeh_tsugma khyug_high quality - page 1,Ume_Petsuk,layout,0.9,2.0,5.0,False,0.25,True,35,11.650424718856812,39.57,139,55,84,
umeh_tsugma khyug_high quality,umeh_tsugma khyug_high quality - page 1,Ume_Petsuk,layout,0.9,2.0,5.0,False,0.5,True,35,12.036028146743774,39.57,139,55,84,
umeh_tsugma khyug_high quality,umeh_tsugma khyug_high quality - page 1,Ume_Petsuk,layout,0.9,2.0,5.0,False,0.9,True,35,11.588880062103271,39.57,139,55,84,
umeh_tsugma khyug_high quality,umeh_tsugma khyug_high quality - page 1,Ume_Petsuk,layout,0.9,2.5,2.5,True,0.1,True,8,8.235507249832153,52.89,225,119,106,
umeh_tsugma khyug_high quality,umeh_tsugma khyug_high quality - page 1,Ume_Petsuk,layout,0.9,2.5,2.5,True,0.25,True,8,8.236577987670898,52.89,225,119,106,
umeh_tsugma khyug_high quality,umeh_tsugma khyug_high quality - page 1,Ume_Petsuk,layout,0.9,2.5,2.5,True,0.5,True,8,8.266566753387451,52.89,225,119,106,
umeh_tsugma khyug_high quality,umeh_tsugma khyug_high quality - page 1,Ume_Petsuk,layout,0.9,2.5,2.5,True,0.9,True,8,8.244530200958252,52.89,225,119,106,
umeh_tsugma khyug_high quality,umeh_tsugma khyug_high quality - page 1,Ume_Petsuk,layout,0.9,2.5,2.5,False,0.1,True,35,13.887272119522095,32.04,181,58,123,
umeh_tsugma khyug_high quality,umeh_tsugma khyug_high quality - page 1,Ume_Petsuk,layout,0.9,2.5,2.5,False,0.25,True,35,13.779924869537354,32.04,181,58,123,
umeh_tsugma khyug_high quality,umeh_tsugma khyug_high quality - page 1,Ume_Petsuk,layout,0.9,2.5,2.5,False,0.5,True,35,13.78523063659668,32.04,181,58,123,
umeh_tsugma khyug_high quality,umeh_tsugma khyug_high quality - page 1,Ume_Petsuk,layout,0.9,2.5,2.5,False,0.9,True,35,13.826199293136597,32.04,181,58,123,
umeh_tsugma khyug_high quality,umeh_tsugma khyug_high quality - page 1,Ume_Petsuk,layout,0.9,2.5,3.5,True,0.1,True,8,7.792223691940308,47.83,207,99,108,
umeh_tsugma khyug_high quality,umeh_tsugma khyug_high quality - page 1,Ume_Petsuk,layout,0.9,2.5,3.5,True,0.25,True,8,7.79330587387085,47.83,207,99,108,
umeh_tsugma khyug_high quality,umeh_tsugma khyug_high quality - page 1,Ume_Petsuk,layout,0.9,2.5,3.5,True,0.5,True,8,7.744464874267578,47.83,207,99,108,
umeh_tsugma khyug_high quality,umeh_tsugma khyug_high quality - page 1,Ume_Petsuk,layout,0.9,2.5,3.5,True,0.9,True,8,8.463285446166992,47.83,207,99,108,
umeh_tsugma khyug_high quality,umeh_tsugma khyug_high quality - page 1,Ume_Petsuk,layout,0.9,2.5,3.5,False,0.1,True,35,12.207466840744019,46.53,202,94,108,
umeh_tsugma khyug_high quality,umeh_tsugma khyug_high quality - page 1,Ume_Petsuk,layout,0.9,2.5,3.5,False,0.25,True,35,12.173429489135742,46.53,202,94,108,
umeh_tsugma khyug_high quality,umeh_tsugma khyug_high quality - page 1,Ume_Petsuk,layout,0.9,2.5,3.5,False,0.5,True,35,12.190481662750244,46.53,202,94,108,
umeh_tsugma khyug_high quality,umeh_tsugma khyug_high quality - page 1,Ume_Petsuk,layout,0.9,2.5,3.5,False,0.9,True,35,12.130660772323608,46.53,202,94,108,
umeh_tsugma khyug_high quality,umeh_tsugma khyug_high quality - page 1,Ume_Petsuk,layout,0.9,2.5,4.0,True,0.1,True,8,7.719588994979858,46.62,148,69,79,
umeh_tsugma khyug_high quality,umeh_tsugma khyug_high quality - page 1,Ume_Petsuk,layout,0.9,2.5,4.0,True,0.25,True,8,7.784919738769531,46.62,148,69,79,
umeh_tsugma khyug_high quality,umeh_tsugma khyug_high quality - page 1,Ume_Petsuk,layout,0.9,2.5,4.0,True,0.5,True,8,7.711023569107056,46.62,148,69,79,
umeh_tsugma khyug_high quality,umeh_tsugma khyug_high quality - page 1,Ume_Petsuk,layout,0.9,2.5,4.0,True,0.9,True,8,8.098057746887207,46.62,148,69,79,
umeh_tsugma khyug_high quality,umeh_tsugma khyug_high quality - page 1,Ume_Petsuk,layout,0.9,2.5,4.0,False,0.1,True,35,11.86112093925476,48.88,178,87,91,
umeh_tsugma khyug_high quality,umeh_tsugma khyug_high quality - page 1,Ume_Petsuk,layout,0.9,2.5,4.0,False,0.25,True,35,11.863344192504883,48.88,178,87,91,
umeh_tsugma khyug_high quality,umeh_tsugma khyug_high quality - page 1,Ume_Petsuk,layout,0.9,2.5,4.0,False,0.5,True,35,11.809515476226807,48.88,178,87,91,
umeh_tsugma khyug_high quality,umeh_tsugma khyug_high quality - page 1,Ume_Petsuk,layout,0.9,2.5,4.0,False,0.9,True,35,11.863674402236938,48.88,178,87,91,
umeh_tsugma khyug_high quality,umeh_tsugma khyug_high quality - page 1,Ume_Petsuk,layout,0.9,2.5,5.0,True,0.1,True,8,6.680386304855347,31.48,54,17,37,
umeh_tsugma khyug_high quality,umeh_tsugma khyug_high quality - page 1,Ume_Petsuk,layout,0.9,2.5,5.0,True,0.25,True,8,6.622737407684326,31.48,54,17,37,
umeh_tsugma khyug_high quality,umeh_tsugma khyug_high quality - page 1,Ume_Petsuk,layout,0.9,2.5,5.0,True,0.5,True,8,6.573745012283325,31.48,54,17,37,
umeh_tsugma khyug_high quality,umeh_tsugma khyug_high quality - page 1,Ume_Petsuk,layout,0.9,2.5,5.0,True,0.9,True,8,6.7187981605529785,31.48,54,17,37,
umeh_tsugma khyug_high quality,umeh_tsugma khyug_high quality - page 1,Ume_Petsuk,layout,0.9,2.5,5.0,False,0.1,True,35,11.672197818756104,46.36,151,70,81,
umeh_tsugma khyug_high quality,umeh_tsugma khyug_high quality - page 1,Ume_Petsuk,layout,0.9,2.5,5.0,False,0.25,True,35,11.64429259300232,46.36,151,70,81,
umeh_tsugma khyug_high quality,umeh_tsugma khyug_high quality - page 1,Ume_Petsuk,layout,0.9,2.5,5.0,False,0.5,True,35,11.597482204437256,46.36,151,70,81,
umeh_tsugma khyug_high quality,umeh_tsugma khyug_high quality - page 1,Ume_Petsuk,layout,0.9,2.5,5.0,False,0.9,True,35,11.98098087310791,46.36,151,70,81,
umeh_tsugma khyug_high quality,umeh_tsugma khyug_high quality - page 1,Ume_Petsuk,layout,0.9,3.0,2.5,True,0.1,True,8,8.468632936477661,53.33,225,120,105,
umeh_tsugma khyug_high quality,umeh_tsugma khyug_high quality - page 1,Ume_Petsuk,layout,0.9,3.0,2.5,True,0.25,True,8,8.478635787963867,53.33,225,120,105,
umeh_tsugma khyug_high quality,umeh_tsugma khyug_high quality - page 1,Ume_Petsuk,layout,0.9,3.0,2.5,True,0.5,True,8,8.898783445358276,53.33,225,120,105,
umeh_tsugma khyug_high quality,umeh_tsugma khyug_high quality - page 1,Ume_Petsuk,layout,0.9,3.0,2.5,True,0.9,True,8,8.472893238067627,53.33,225,120,105,
umeh_tsugma khyug_high quality,umeh_tsugma khyug_high quality - page 1,Ume_Petsuk,layout,0.9,3.0,2.5,False,0.1,True,35,13.973024368286133,32.6,181,59,122,
umeh_tsugma khyug_high quality,umeh_tsugma khyug_high quality - page 1,Ume_Petsuk,layout,0.9,3.0,2.5,False,0.25,True,35,14.055177688598633,32.6,181,59,122,
umeh_tsugma khyug_high quality,umeh_tsugma khyug_high quality - page 1,Ume_Petsuk,layout,0.9,3.0,2.5,False,0.5,True,35,14.182966709136963,32.6,181,59,122,
umeh_tsugma khyug_high quality,umeh_tsugma khyug_high quality - page 1,Ume_Petsuk,layout,0.9,3.0,2.5,False,0.9,True,35,14.039242029190063,32.6,181,59,122,
umeh_tsugma khyug_high quality,umeh_tsugma khyug_high quality - page 1,Ume_Petsuk,layout,0.9,3.0,3.5,True,0.1,True,8,7.913686990737915,48.08,208,100,108,
umeh_tsugma khyug_high quality,umeh_tsugma khyug_high quality - page 1,Ume_Petsuk,layout,0.9,3.0,3.5,True,0.25,True,8,7.88973069190979,48.08,208,100,108,
umeh_tsugma khyug_high quality,umeh_tsugma khyug_high quality - page 1,Ume_Petsuk,layout,0.9,3.0,3.5,True,0.5,True,8,10.42048192024231,48.08,208,100,108,
umeh_tsugma khyug_high quality,umeh_tsugma khyug_high quality - page 1,Ume_Petsuk,layout,0.9,3.0,3.5,True,0.9,True,8,9.845833778381348,48.08,208,100,108,
umeh_tsugma khyug_high quality,umeh_tsugma khyug_high quality - page 1,Ume_Petsuk,layout,0.9,3.0,3.5,False,0.1,True,35,12.400959730148315,47.03,202,95,107,
umeh_tsugma khyug_high quality,umeh_tsugma khyug_high quality - page 1,Ume_Petsuk,layout,0.9,3.0,3.5,False,0.25,True,35,12.75585150718689,47.03,202,95,107,
umeh_tsugma khyug_high quality,umeh_tsugma khyug_high quality - page 1,Ume_Petsuk,layout,0.9,3.0,3.5,False,0.5,True,35,12.277409791946411,47.03,202,95,107,
umeh_tsugma khyug_high quality,umeh_tsugma khyug_high quality - page 1,Ume_Petsuk,layout,0.9,3.0,3.5,False,0.9,True,35,12.371624946594238,47.03,202,95,107,
umeh_tsugma khyug_high quality,umeh_tsugma khyug_high quality - page 1,Ume_Petsuk,layout,0.9,3.0,4.0,True,0.1,True,8,7.848689079284668,46.98,149,70,79,
umeh_tsugma khyug_high quality,umeh_tsugma khyug_high quality - page 1,Ume_Petsuk,layout,0.9,3.0,4.0,True,0.25,True,8,7.901829242706299,46.98,149,70,79,
umeh_tsugma khyug_high quality,umeh_tsugma khyug_high quality - page 1,Ume_Petsuk,layout,0.9,3.0,4.0,True,0.5,True,8,7.990414619445801,46.98,149,70,79,
umeh_tsugma khyug_high quality,umeh_tsugma khyug_high quality - page 1,Ume_Petsuk,layout,0.9,3.0,4.0,True,0.9,True,8,7.902332067489624,46.98,149,70,79,
umeh_tsugma khyug_high quality,umeh_tsugma khyug_high quality - page 1,Ume_Petsuk,layout,0.9,3.0,4.0,False,0.1,True,35,12.001482486724854,49.44,178,88,90,
umeh_tsugma khyug_high quality,umeh_tsugma khyug_high quality - page 1,Ume_Petsuk,layout,0.9,3.0,4.0,False,0.25,True,35,12.094386577606201,49.44,178,88,90,
umeh_tsugma khyug_high quality,umeh_tsugma khyug_high quality - page 1,Ume_Petsuk,layout,0.9,3.0,4.0,False,0.5,True,35,13.954094171524048,49.44,178,88,90,
umeh_tsugma khyug_high quality,umeh_tsugma khyug_high quality - page 1,Ume_Petsuk,layout,0.9,3.0,4.0,False,0.9,True,35,12.49549651145935,49.44,178,88,90,
umeh_tsugma khyug_high quality,umeh_tsugma khyug_high quality - page 1,Ume_Petsuk,layout,0.9,3.0,5.0,True,0.1,True,8,6.786478281021118,31.48,54,17,37,
umeh_tsugma khyug_high quality,umeh_tsugma khyug_high quality - page 1,Ume_Petsuk,layout,0.9,3.0,5.0,True,0.25,True,8,6.7457945346832275,31.48,54,17,37,
umeh_tsugma khyug_high quality,umeh_tsugma khyug_high quality - page 1,Ume_Petsuk,layout,0.9,3.0,5.0,True,0.5,True,8,6.743134498596191,31.48,54,17,37,
umeh_tsugma khyug_high quality,umeh_tsugma khyug_high quality - page 1,Ume_Petsuk,layout,0.9,3.0,5.0,True,0.9,True,8,6.8048224449157715,31.48,54,17,37,
umeh_tsugma khyug_high quality,umeh_tsugma khyug_high quality - page 1,Ume_Petsuk,layout,0.9,3.0,5.0,False,0.1,True,35,11.825379848480225,46.36,151,70,81,
umeh_tsugma khyug_high quality,umeh_tsugma khyug_high quality - page 1,Ume_Petsuk,layout,0.9,3.0,5.0,False,0.25,True,35,11.801199674606323,46.36,151,70,81,
umeh_tsugma khyug_high quality,umeh_tsugma khyug_high quality - page 1,Ume_Petsuk,layout,0.9,3.0,5.0,False,0.5,True,35,12.08426547050476,46.36,151,70,81,
umeh_tsugma khyug_high quality,umeh_tsugma khyug_high quality - page 1,Ume_Petsuk,layout,0.9,3.0,5.0,False,0.9,True,35,13.734641313552856,46.36,151,70,81,
umeh_tsugma khyug_high quality,umeh_tsugma khyug_high quality - page 1,Modern,line,0.7,2.0,2.5,True,0.1,False,0,2.9838359355926514,0.0,0,0,0,Line processing failed: 'list' object cannot be interpreted as an integer
umeh_tsugma khyug_high quality,umeh_tsugma khyug_high quality - page 1,Modern,line,0.7,2.0,2.5,True,0.25,False,0,2.805307149887085,0.0,0,0,0,Line processing failed: 'list' object cannot be interpreted as an integer
umeh_tsugma khyug_high quality,umeh_tsugma khyug_high quality - page 1,Modern,line,0.7,2.0,2.5,True,0.5,True,9,17.6718270778656,51.52,132,68,64,
umeh_tsugma khyug_high quality,umeh_tsugma khyug_high quality - page 1,Modern,line,0.7,2.0,2.5,True,0.9,True,9,17.520752906799316,51.52,132,68,64,
umeh_tsugma khyug_high quality,umeh_tsugma khyug_high quality - page 1,Modern,line,0.7,2.0,2.5,False,0.1,False,0,2.691690444946289,0.0,0,0,0,Line processing failed: 'list' object cannot be interpreted as an integer
umeh_tsugma khyug_high quality,umeh_tsugma khyug_high quality - page 1,Modern,line,0.7,2.0,2.5,False,0.25,False,0,2.6911792755126953,0.0,0,0,0,Line processing failed: 'list' object cannot be interpreted as an integer
umeh_tsugma khyug_high quality,umeh_tsugma khyug_high quality - page 1,Modern,line,0.7,2.0,2.5,False,0.5,True,15,17.1657772064209,52.0,125,65,60,
umeh_tsugma khyug_high quality,umeh_tsugma khyug_high quality - page 1,Modern,line,0.7,2.0,2.5,False,0.9,True,15,16.747699975967407,52.0,125,65,60,
umeh_tsugma khyug_high quality,umeh_tsugma khyug_high quality - page 1,Modern,line,0.7,2.0,3.5,True,0.1,False,0,2.6856627464294434,0.0,0,0,0,Line processing failed: 'list' object cannot be interpreted as an integer
umeh_tsugma khyug_high quality,umeh_tsugma khyug_high quality - page 1,Modern,line,0.7,2.0,3.5,True,0.25,False,0,2.700713634490967,0.0,0,0,0,Line processing failed: 'list' object cannot be interpreted as an integer
umeh_tsugma khyug_high quality,umeh_tsugma khyug_high quality - page 1,Modern,line,0.7,2.0,3.5,True,0.5,True,9,13.91327953338623,46.02,113,52,61,
umeh_tsugma khyug_high quality,umeh_tsugma khyug_high quality - page 1,Modern,line,0.7,2.0,3.5,True,0.9,True,9,13.90733814239502,46.02,113,52,61,
umeh_tsugma khyug_high quality,umeh_tsugma khyug_high quality - page 1,Modern,line,0.7,2.0,3.5,False,0.1,False,0,2.6990041732788086,0.0,0,0,0,Line processing failed: 'list' object cannot be interpreted as an integer
umeh_tsugma khyug_high quality,umeh_tsugma khyug_high quality - page 1,Modern,line,0.7,2.0,3.5,False,0.25,False,0,2.691770315170288,0.0,0,0,0,Line processing failed: 'list' object cannot be interpreted as an integer
umeh_tsugma khyug_high quality,umeh_tsugma khyug_high quality - page 1,Modern,line,0.7,2.0,3.5,False,0.5,True,15,13.405748844146729,44.0,100,44,56,
umeh_tsugma khyug_high quality,umeh_tsugma khyug_high quality - page 1,Modern,line,0.7,2.0,3.5,False,0.9,True,15,13.369782209396362,44.0,100,44,56,
umeh_tsugma khyug_high quality,umeh_tsugma khyug_high quality - page 1,Modern,line,0.7,2.0,4.0,True,0.1,False,0,2.6943325996398926,0.0,0,0,0,Line processing failed: 'list' object cannot be interpreted as an integer
umeh_tsugma khyug_high quality,umeh_tsugma khyug_high quality - page 1,Modern,line,0.7,2.0,4.0,True,0.25,False,0,2.7849459648132324,0.0,0,0,0,Line processing failed: 'list' object cannot be interpreted as an integer
umeh_tsugma khyug_high quality,umeh_tsugma khyug_high quality - page 1,Modern,line,0.7,2.0,4.0,True,0.5,True,9,14.354104280471802,52.29,109,57,52,
umeh_tsugma khyug_high quality,umeh_tsugma khyug_high quality - page 1,Modern,line,0.7,2.0,4.0,True,0.9,True,9,13.891174793243408,52.29,109,57,52,
umeh_tsugma khyug_high quality,umeh_tsugma khyug_high quality - page 1,Modern,line,0.7,2.0,4.0,False,0.1,False,0,2.6917717456817627,0.0,0,0,0,Line processing failed: 'list' object cannot be interpreted as an integer
umeh_tsugma khyug_high quality,umeh_tsugma khyug_high quality - page 1,Modern,line,0.7,2.0,4.0,False,0.25,False,0,2.6994123458862305,0.0,0,0,0,Line processing failed: 'list' object cannot be interpreted as an integer
umeh_tsugma khyug_high quality,umeh_tsugma khyug_high quality - page 1,Modern,line,0.7,2.0,4.0,False,0.5,True,15,13.359010457992554,47.25,91,43,48,
umeh_tsugma khyug_high quality,umeh_tsugma khyug_high quality - page 1,Modern,line,0.7,2.0,4.0,False,0.9,True,15,13.894693851470947,47.25,91,43,48,
umeh_tsugma khyug_high quality,umeh_tsugma khyug_high quality - page 1,Modern,line,0.7,2.0,5.0,True,0.1,False,0,2.6972062587738037,0.0,0,0,0,Line processing failed: 'list' object cannot be interpreted as an integer
umeh_tsugma khyug_high quality,umeh_tsugma khyug_high quality - page 1,Modern,line,0.7,2.0,5.0,True,0.25,False,0,2.73431134223938,0.0,0,0,0,Line processing failed: 'list' object cannot be interpreted as an integer
umeh_tsugma khyug_high quality,umeh_tsugma khyug_high quality - page 1,Modern,line,0.7,2.0,5.0,True,0.5,True,9,11.152308940887451,52.13,94,49,45,
umeh_tsugma khyug_high quality,umeh_tsugma khyug_high quality - page 1,Modern,line,0.7,2.0,5.0,True,0.9,True,9,11.177892208099365,52.13,94,49,45,
umeh_tsugma khyug_high quality,umeh_tsugma khyug_high quality - page 1,Modern,line,0.7,2.0,5.0,False,0.1,False,0,2.6918230056762695,0.0,0,0,0,Line processing failed: 'list' object cannot be interpreted as an integer
umeh_tsugma khyug_high quality,umeh_tsugma khyug_high quality - page 1,Modern,line,0.7,2.0,5.0,False,0.25,False,0,2.6921207904815674,0.0,0,0,0,Line processing failed: 'list' object cannot be interpreted as an integer
umeh_tsugma khyug_high quality,umeh_tsugma khyug_high quality - page 1,Modern,line,0.7,2.0,5.0,False,0.5,True,15,10.77297329902649,49.4,83,41,42,
umeh_tsugma khyug_high quality,umeh_tsugma khyug_high quality - page 1,Modern,line,0.7,2.0,5.0,False,0.9,True,15,11.297827959060669,49.4,83,41,42,
umeh_tsugma khyug_high quality,umeh_tsugma khyug_high quality - page 1,Modern,line,0.7,2.5,2.5,True,0.1,False,0,2.699620008468628,0.0,0,0,0,Line processing failed: 'list' object cannot be interpreted as an integer
umeh_tsugma khyug_high quality,umeh_tsugma khyug_high quality - page 1,Modern,line,0.7,2.5,2.5,True,0.25,False,0,2.7106637954711914,0.0,0,0,0,Line processing failed: 'list' object cannot be interpreted as an integer
umeh_tsugma khyug_high quality,umeh_tsugma khyug_high quality - page 1,Modern,line,0.7,2.5,2.5,True,0.5,True,9,18.15474247932434,51.52,132,68,64,
umeh_tsugma khyug_high quality,umeh_tsugma khyug_high quality - page 1,Modern,line,0.7,2.5,2.5,True,0.9,True,9,18.168664932250977,51.52,132,68,64,
umeh_tsugma khyug_high quality,umeh_tsugma khyug_high quality - page 1,Modern,line,0.7,2.5,2.5,False,0.1,False,0,2.711469888687134,0.0,0,0,0,Line processing failed: 'list' object cannot be interpreted as an integer
umeh_tsugma khyug_high quality,umeh_tsugma khyug_high quality - page 1,Modern,line,0.7,2.5,2.5,False,0.25,False,0,2.702873945236206,0.0,0,0,0,Line processing failed: 'list' object cannot be interpreted as an integer
umeh_tsugma khyug_high quality,umeh_tsugma khyug_high quality - page 1,Modern,line,0.7,2.5,2.5,False,0.5,True,15,17.0256929397583,52.0,125,65,60,
umeh_tsugma khyug_high quality,umeh_tsugma khyug_high quality - page 1,Modern,line,0.7,2.5,2.5,False,0.9,True,15,16.937135219573975,52.0,125,65,60,
umeh_tsugma khyug_high quality,umeh_tsugma khyug_high quality - page 1,Modern,line,0.7,2.5,3.5,True,0.1,False,0,2.6952004432678223,0.0,0,0,0,Line processing failed: 'list' object cannot be interpreted as an integer
umeh_tsugma khyug_high quality,umeh_tsugma khyug_high quality - page 1,Modern,line,0.7,2.5,3.5,True,0.25,False,0,2.7064948081970215,0.0,0,0,0,Line processing failed: 'list' object cannot be interpreted as an integer
umeh_tsugma khyug_high quality,umeh_tsugma khyug_high quality - page 1,Modern,line,0.7,2.5,3.5,True,0.5,True,9,14.181097507476807,46.02,113,52,61,
umeh_tsugma khyug_high quality,umeh_tsugma khyug_high quality - page 1,Modern,line,0.7,2.5,3.5,True,0.9,True,9,14.730018138885498,46.02,113,52,61,
umeh_tsugma khyug_high quality,umeh_tsugma khyug_high quality - page 1,Modern,line,0.7,2.5,3.5,False,0.1,False,0,2.711738348007202,0.0,0,0,0,Line processing failed: 'list' object cannot be interpreted as an integer
umeh_tsugma khyug_high quality,umeh_tsugma khyug_high quality - page 1,Modern,line,0.7,2.5,3.5,False,0.25,False,0,2.723289966583252,0.0,0,0,0,Line processing failed: 'list' object cannot be interpreted as an integer
umeh_tsugma khyug_high quality,umeh_tsugma khyug_high quality - page 1,Modern,line,0.7,2.5,3.5,False,0.5,True,15,13.565930843353271,44.0,100,44,56,
umeh_tsugma khyug_high quality,umeh_tsugma khyug_high quality - page 1,Modern,line,0.7,2.5,3.5,False,0.9,True,15,14.03548288345337,44.0,100,44,56,
umeh_tsugma khyug_high quality,umeh_tsugma khyug_high quality - page 1,Modern,line,0.7,2.5,4.0,True,0.1,False,0,2.7931153774261475,0.0,0,0,0,Line processing failed: 'list' object cannot be interpreted as an integer
umeh_tsugma khyug_high quality,umeh_tsugma khyug_high quality - page 1,Modern,line,0.7,2.5,4.0,True,0.25,False,0,2.7088570594787598,0.0,0,0,0,Line processing failed: 'list' object cannot be interpreted as an integer
umeh_tsugma khyug_high quality,umeh_tsugma khyug_high quality - page 1,Modern,line,0.7,2.5,4.0,True,0.5,True,9,14.130724430084229,52.29,109,57,52,
umeh_tsugma khyug_high quality,umeh_tsugma khyug_high quality - page 1,Modern,line,0.7,2.5,4.0,True,0.9,True,9,14.096666812896729,52.29,109,57,52,
umeh_tsugma khyug_high quality,umeh_tsugma khyug_high quality - page 1,Modern,line,0.7,2.5,4.0,False,0.1,False,0,2.6995792388916016,0.0,0,0,0,Line processing failed: 'list' object cannot be interpreted as an integer
umeh_tsugma khyug_high quality,umeh_tsugma khyug_high quality - page 1,Modern,line,0.7,2.5,4.0,False,0.25,False,0,2.6895594596862793,0.0,0,0,0,Line processing failed: 'list' object cannot be interpreted as an integer
umeh_tsugma khyug_high quality,umeh_tsugma khyug_high quality - page 1,Modern,line,0.7,2.5,4.0,False,0.5,True,15,14.034894704818726,47.25,91,43,48,
umeh_tsugma khyug_high quality,umeh_tsugma khyug_high quality - page 1,Modern,line,0.7,2.5,4.0,False,0.9,True,15,13.639513492584229,47.25,91,43,48,
umeh_tsugma khyug_high quality,umeh_tsugma khyug_high quality - page 1,Modern,line,0.7,2.5,5.0,True,0.1,False,0,2.690708875656128,0.0,0,0,0,Line processing failed: 'list' object cannot be interpreted as an integer
umeh_tsugma khyug_high quality,umeh_tsugma khyug_high quality - page 1,Modern,line,0.7,2.5,5.0,True,0.25,False,0,2.7007646560668945,0.0,0,0,0,Line processing failed: 'list' object cannot be interpreted as an integer
umeh_tsugma khyug_high quality,umeh_tsugma khyug_high quality - page 1,Modern,line,0.7,2.5,5.0,True,0.5,True,9,11.76769757270813,49.47,95,47,48,
umeh_tsugma khyug_high quality,umeh_tsugma khyug_high quality - page 1,Modern,line,0.7,2.5,5.0,True,0.9,True,9,12.38696002960205,49.47,95,47,48,
umeh_tsugma khyug_high quality,umeh_tsugma khyug_high quality - page 1,Modern,line,0.7,2.5,5.0,False,0.1,False,0,2.6922783851623535,0.0,0,0,0,Line processing failed: 'list' object cannot be interpreted as an integer
umeh_tsugma khyug_high quality,umeh_tsugma khyug_high quality - page 1,Modern,line,0.7,2.5,5.0,False,0.25,False,0,2.7367589473724365,0.0,0,0,0,Line processing failed: 'list' object cannot be interpreted as an integer
umeh_tsugma khyug_high quality,umeh_tsugma khyug_high quality - page 1,Modern,line,0.7,2.5,5.0,False,0.5,True,15,12.005874156951904,47.56,82,39,43,
umeh_tsugma khyug_high quality,umeh_tsugma khyug_high quality - page 1,Modern,line,0.7,2.5,5.0,False,0.9,True,15,11.217012882232666,47.56,82,39,43,
umeh_tsugma khyug_high quality,umeh_tsugma khyug_high quality - page 1,Modern,line,0.7,3.0,2.5,True,0.1,False,0,2.701347589492798,0.0,0,0,0,Line processing failed: 'list' object cannot be interpreted as an integer
umeh_tsugma khyug_high quality,umeh_tsugma khyug_high quality - page 1,Modern,line,0.7,3.0,2.5,True,0.25,False,0,2.6983399391174316,0.0,0,0,0,Line processing failed: 'list' object cannot be interpreted as an integer
umeh_tsugma khyug_high quality,umeh_tsugma khyug_high quality - page 1,Modern,line,0.7,3.0,2.5,True,0.5,True,9,17.787654399871826,51.91,131,68,63,
umeh_tsugma khyug_high quality,umeh_tsugma khyug_high quality - page 1,Modern,line,0.7,3.0,2.5,True,0.9,True,9,17.86338758468628,51.91,131,68,63,
umeh_tsugma khyug_high quality,umeh_tsugma khyug_high quality - page 1,Modern,line,0.7,3.0,2.5,False,0.1,False,0,2.6875247955322266,0.0,0,0,0,Line processing failed: 'list' object cannot be interpreted as an integer
umeh_tsugma khyug_high quality,umeh_tsugma khyug_high quality - page 1,Modern,line,0.7,3.0,2.5,False,0.25,False,0,2.6973092555999756,0.0,0,0,0,Line processing failed: 'list' object cannot be interpreted as an integer
umeh_tsugma khyug_high quality,umeh_tsugma khyug_high quality - page 1,Modern,line,0.7,3.0,2.5,False,0.5,True,15,17.57033061981201,52.42,124,65,59,
umeh_tsugma khyug_high quality,umeh_tsugma khyug_high quality - page 1,Modern,line,0.7,3.0,2.5,False,0.9,True,15,17.089092016220093,52.42,124,65,59,
umeh_tsugma khyug_high quality,umeh_tsugma khyug_high quality - page 1,Modern,line,0.7,3.0,3.5,True,0.1,False,0,2.6876466274261475,0.0,0,0,0,Line processing failed: 'list' object cannot be interpreted as an integer
umeh_tsugma khyug_high quality,umeh_tsugma khyug_high quality - page 1,Modern,line,0.7,3.0,3.5,True,0.25,False,0,2.6957874298095703,0.0,0,0,0,Line processing failed: 'list' object cannot be interpreted as an integer
umeh_tsugma khyug_high quality,umeh_tsugma khyug_high quality - page 1,Modern,line,0.7,3.0,3.5,True,0.5,True,9,14.2234947681427,45.54,112,51,61,
umeh_tsugma khyug_high quality,umeh_tsugma khyug_high quality - page 1,Modern,line,0.7,3.0,3.5,True,0.9,True,9,14.303663730621338,45.54,112,51,61,
umeh_tsugma khyug_high quality,umeh_tsugma khyug_high quality - page 1,Modern,line,0.7,3.0,3.5,False,0.1,False,0,2.6918015480041504,0.0,0,0,0,Line processing failed: 'list' object cannot be interpreted as an integer
umeh_tsugma khyug_high quality,umeh_tsugma khyug_high quality - page 1,Modern,line,0.7,3.0,3.5,False,0.25,False,0,2.79901123046875,0.0,0,0,0,Line processing failed: 'list' object cannot be interpreted as an integer
umeh_tsugma khyug_high quality,umeh_tsugma khyug_high quality - page 1,Modern,line,0.7,3.0,3.5,False,0.5,True,15,13.745242595672607,43.43,99,43,56,
umeh_tsugma khyug_high quality,umeh_tsugma khyug_high quality - page 1,Modern,line,0.7,3.0,3.5,False,0.9,True,15,13.779872179031372,43.43,99,43,56,
umeh_tsugma khyug_high quality,umeh_tsugma khyug_high quality - page 1,Modern,line,0.7,3.0,4.0,True,0.1,False,0,2.6933553218841553,0.0,0,0,0,Line processing failed: 'list' object cannot be interpreted as an integer
umeh_tsugma khyug_high quality,umeh_tsugma khyug_high quality - page 1,Modern,line,0.7,3.0,4.0,True,0.25,False,0,2.7133524417877197,0.0,0,0,0,Line processing failed: 'list' object cannot be interpreted as an integer
umeh_tsugma khyug_high quality,umeh_tsugma khyug_high quality - page 1,Modern,line,0.7,3.0,4.0,True,0.5,True,9,14.222824573516846,51.85,108,56,52,
umeh_tsugma khyug_high quality,umeh_tsugma khyug_high quality - page 1,Modern,line,0.7,3.0,4.0,True,0.9,True,9,14.23185133934021,51.85,108,56,52,
umeh_tsugma khyug_high quality,umeh_tsugma khyug_high quality - page 1,Modern,line,0.7,3.0,4.0,False,0.1,False,0,2.69408917427063,0.0,0,0,0,Line processing failed: 'list' object cannot be interpreted as an integer
umeh_tsugma khyug_high quality,umeh_tsugma khyug_high quality - page 1,Modern,line,0.7,3.0,4.0,False,0.25,False,0,2.6933000087738037,0.0,0,0,0,Line processing failed: 'list' object cannot be interpreted as an integer
umeh_tsugma khyug_high quality,umeh_tsugma khyug_high quality - page 1,Modern,line,0.7,3.0,4.0,False,0.5,True,15,14.253892660140991,46.67,90,42,48,
umeh_tsugma khyug_high quality,umeh_tsugma khyug_high quality - page 1,Modern,line,0.7,3.0,4.0,False,0.9,True,15,14.208458423614502,46.67,90,42,48,
umeh_tsugma khyug_high quality,umeh_tsugma khyug_high quality - page 1,Modern,line,0.7,3.0,5.0,True,0.1,False,0,2.7788100242614746,0.0,0,0,0,Line processing failed: 'list' object cannot be interpreted as an integer
umeh_tsugma khyug_high quality,umeh_tsugma khyug_high quality - page 1,Modern,line,0.7,3.0,5.0,True,0.25,False,0,2.69388747215271,0.0,0,0,0,Line processing failed: 'list' object cannot be interpreted as an integer
umeh_tsugma khyug_high quality,umeh_tsugma khyug_high quality - page 1,Modern,line,0.7,3.0,5.0,True,0.5,True,9,11.723008871078491,49.47,95,47,48,
umeh_tsugma khyug_high quality,umeh_tsugma khyug_high quality - page 1,Modern,line,0.7,3.0,5.0,True,0.9,True,9,11.711527109146118,49.47,95,47,48,
umeh_tsugma khyug_high quality,umeh_tsugma khyug_high quality - page 1,Modern,line,0.7,3.0,5.0,False,0.1,False,0,2.778224468231201,0.0,0,0,0,Line processing failed: 'list' object cannot be interpreted as an integer
umeh_tsugma khyug_high quality,umeh_tsugma khyug_high quality - page 1,Modern,line,0.7,3.0,5.0,False,0.25,False,0,2.700904607772827,0.0,0,0,0,Line processing failed: 'list' object cannot be interpreted as an integer
umeh_tsugma khyug_high quality,umeh_tsugma khyug_high quality - page 1,Modern,line,0.7,3.0,5.0,False,0.5,True,15,11.314427375793457,47.56,82,39,43,
umeh_tsugma khyug_high quality,umeh_tsugma khyug_high quality - page 1,Modern,line,0.7,3.0,5.0,False,0.9,True,15,11.736736297607422,47.56,82,39,43,
umeh_tsugma khyug_high quality,umeh_tsugma khyug_high quality - page 1,Modern,line,0.8,2.0,2.5,True,0.1,False,0,2.6938793659210205,0.0,0,0,0,Line processing failed: 'list' object cannot be interpreted as an integer
umeh_tsugma khyug_high quality,umeh_tsugma khyug_high quality - page 1,Modern,line,0.8,2.0,2.5,True,0.25,False,0,2.7860774993896484,0.0,0,0,0,Line processing failed: 'list' object cannot be interpreted as an integer
umeh_tsugma khyug_high quality,umeh_tsugma khyug_high quality - page 1,Modern,line,0.8,2.0,2.5,True,0.5,True,9,17.714890480041504,51.52,132,68,64,
umeh_tsugma khyug_high quality,umeh_tsugma khyug_high quality - page 1,Modern,line,0.8,2.0,2.5,True,0.9,True,9,17.410812616348267,51.52,132,68,64,
umeh_tsugma khyug_high quality,umeh_tsugma khyug_high quality - page 1,Modern,line,0.8,2.0,2.5,False,0.1,False,0,2.6991794109344482,0.0,0,0,0,Line processing failed: 'list' object cannot be interpreted as an integer
umeh_tsugma khyug_high quality,umeh_tsugma khyug_high quality - page 1,Modern,line,0.8,2.0,2.5,False,0.25,False,0,2.7382304668426514,0.0,0,0,0,Line processing failed: 'list' object cannot be interpreted as an integer
umeh_tsugma khyug_high quality,umeh_tsugma khyug_high quality - page 1,Modern,line,0.8,2.0,2.5,False,0.5,True,15,16.714731216430664,52.0,125,65,60,
umeh_tsugma khyug_high quality,umeh_tsugma khyug_high quality - page 1,Modern,line,0.8,2.0,2.5,False,0.9,True,15,16.955459356307983,52.0,125,65,60,
umeh_tsugma khyug_high quality,umeh_tsugma khyug_high quality - page 1,Modern,line,0.8,2.0,3.5,True,0.1,False,0,2.693016290664673,0.0,0,0,0,Line processing failed: 'list' object cannot be interpreted as an integer
umeh_tsugma khyug_high quality,umeh_tsugma khyug_high quality - page 1,Modern,line,0.8,2.0,3.5,True,0.25,False,0,2.6931493282318115,0.0,0,0,0,Line processing failed: 'list' object cannot be interpreted as an integer
umeh_tsugma khyug_high quality,umeh_tsugma khyug_high quality - page 1,Modern,line,0.8,2.0,3.5,True,0.5,True,9,13.98237419128418,46.02,113,52,61,
umeh_tsugma khyug_high quality,umeh_tsugma khyug_high quality - page 1,Modern,line,0.8,2.0,3.5,True,0.9,True,9,14.14026403427124,46.02,113,52,61,
umeh_tsugma khyug_high quality,umeh_tsugma khyug_high quality - page 1,Modern,line,0.8,2.0,3.5,False,0.1,False,0,4.612110614776611,0.0,0,0,0,Line processing failed: 'list' object cannot be interpreted as an integer
umeh_tsugma khyug_high quality,umeh_tsugma khyug_high quality - page 1,Modern,line,0.8,2.0,3.5,False,0.25,False,0,4.610764265060425,0.0,0,0,0,Line processing failed: 'list' object cannot be interpreted as an integer
umeh_tsugma khyug_high quality,umeh_tsugma khyug_high quality - page 1,Modern,line,0.8,2.0,3.5,False,0.5,True,15,15.407002687454224,44.0,100,44,56,
umeh_tsugma khyug_high quality,umeh_tsugma khyug_high quality - page 1,Modern,line,0.8,2.0,3.5,False,0.9,True,15,14.446668863296509,44.0,100,44,56,
umeh_tsugma khyug_high quality,umeh_tsugma khyug_high quality - page 1,Modern,line,0.8,2.0,4.0,True,0.1,False,0,2.6930108070373535,0.0,0,0,0,Line processing failed: 'list' object cannot be interpreted as an integer
umeh_tsugma khyug_high quality,umeh_tsugma khyug_high quality - page 1,Modern,line,0.8,2.0,4.0,True,0.25,False,0,2.709259510040283,0.0,0,0,0,Line processing failed: 'list' object cannot be interpreted as an integer
umeh_tsugma khyug_high quality,umeh_tsugma khyug_high quality - page 1,Modern,line,0.8,2.0,4.0,True,0.5,True,9,13.964370727539062,52.29,109,57,52,
umeh_tsugma khyug_high quality,umeh_tsugma khyug_high quality - page 1,Modern,line,0.8,2.0,4.0,True,0.9,True,9,13.985652446746826,52.29,109,57,52,
umeh_tsugma khyug_high quality,umeh_tsugma khyug_high quality - page 1,Modern,line,0.8,2.0,4.0,False,0.1,False,0,2.6873927116394043,0.0,0,0,0,Line processing failed: 'list' object cannot be interpreted as an integer
umeh_tsugma khyug_high quality,umeh_tsugma khyug_high quality - page 1,Modern,line,0.8,2.0,4.0,False,0.25,False,0,2.6916027069091797,0.0,0,0,0,Line processing failed: 'list' object cannot be interpreted as an integer
umeh_tsugma khyug_high quality,umeh_tsugma khyug_high quality - page 1,Modern,line,0.8,2.0,4.0,False,0.5,True,15,13.833044290542603,47.25,91,43,48,
umeh_tsugma khyug_high quality,umeh_tsugma khyug_high quality - page 1,Modern,line,0.8,2.0,4.0,False,0.9,True,15,13.41737675666809,47.25,91,43,48,
umeh_tsugma khyug_high quality,umeh_tsugma khyug_high quality - page 1,Modern,line,0.8,2.0,5.0,True,0.1,False,0,2.6912522315979004,0.0,0,0,0,Line processing failed: 'list' object cannot be interpreted as an integer
umeh_tsugma khyug_high quality,umeh_tsugma khyug_high quality - page 1,Modern,line,0.8,2.0,5.0,True,0.25,False,0,2.804833173751831,0.0,0,0,0,Line processing failed: 'list' object cannot be interpreted as an integer
umeh_tsugma khyug_high quality,umeh_tsugma khyug_high quality - page 1,Modern,line,0.8,2.0,5.0,True,0.5,True,9,11.205204725265503,52.13,94,49,45,
umeh_tsugma khyug_high quality,umeh_tsugma khyug_high quality - page 1,Modern,line,0.8,2.0,5.0,True,0.9,True,9,11.373220682144165,52.13,94,49,45,
umeh_tsugma khyug_high quality,umeh_tsugma khyug_high quality - page 1,Modern,line,0.8,2.0,5.0,False,0.1,False,0,4.601325035095215,0.0,0,0,0,Line processing failed: 'list' object cannot be interpreted as an integer
umeh_tsugma khyug_high quality,umeh_tsugma khyug_high quality - page 1,Modern,line,0.8,2.0,5.0,False,0.25,False,0,4.595647096633911,0.0,0,0,0,Line processing failed: 'list' object cannot be interpreted as an integer
umeh_tsugma khyug_high quality,umeh_tsugma khyug_high quality - page 1,Modern,line,0.8,2.0,5.0,False,0.5,True,15,14.159080505371094,49.4,83,41,42,
umeh_tsugma khyug_high quality,umeh_tsugma khyug_high quality - page 1,Modern,line,0.8,2.0,5.0,False,0.9,True,15,10.889718055725098,49.4,83,41,42,
umeh_tsugma khyug_high quality,umeh_tsugma khyug_high quality - page 1,Modern,line,0.8,2.5,2.5,True,0.1,False,0,2.7097411155700684,0.0,0,0,0,Line processing failed: 'list' object cannot be interpreted as an integer
umeh_tsugma khyug_high quality,umeh_tsugma khyug_high quality - page 1,Modern,line,0.8,2.5,2.5,True,0.25,False,0,2.734154462814331,0.0,0,0,0,Line processing failed: 'list' object cannot be interpreted as an integer
umeh_tsugma khyug_high quality,umeh_tsugma khyug_high quality - page 1,Modern,line,0.8,2.5,2.5,True,0.5,True,9,17.986067295074463,51.52,132,68,64,
umeh_tsugma khyug_high quality,umeh_tsugma khyug_high quality - page 1,Modern,line,0.8,2.5,2.5,True,0.9,True,9,17.607807636260986,51.52,132,68,64,
umeh_tsugma khyug_high quality,umeh_tsugma khyug_high quality - page 1,Modern,line,0.8,2.5,2.5,False,0.1,False,0,2.694887161254883,0.0,0,0,0,Line processing failed: 'list' object cannot be interpreted as an integer
umeh_tsugma khyug_high quality,umeh_tsugma khyug_high quality - page 1,Modern,line,0.8,2.5,2.5,False,0.25,False,0,2.699537992477417,0.0,0,0,0,Line processing failed: 'list' object cannot be interpreted as an integer
umeh_tsugma khyug_high quality,umeh_tsugma khyug_high quality - page 1,Modern,line,0.8,2.5,2.5,False,0.5,True,15,19.30001711845398,52.0,125,65,60,
umeh_tsugma khyug_high quality,umeh_tsugma khyug_high quality - page 1,Modern,line,0.8,2.5,2.5,False,0.9,True,15,16.91762089729309,52.0,125,65,60,
umeh_tsugma khyug_high quality,umeh_tsugma khyug_high quality - page 1,Modern,line,0.8,2.5,3.5,True,0.1,False,0,2.7581629753112793,0.0,0,0,0,Line processing failed: 'list' object cannot be interpreted as an integer
umeh_tsugma khyug_high quality,umeh_tsugma khyug_high quality - page 1,Modern,line,0.8,2.5,3.5,True,0.25,False,0,2.6964852809906006,0.0,0,0,0,Line processing failed: 'list' object cannot be interpreted as an integer
umeh_tsugma khyug_high quality,umeh_tsugma khyug_high quality - page 1,Modern,line,0.8,2.5,3.5,True,0.5,True,9,14.257555961608887,46.02,113,52,61,
umeh_tsugma khyug_high quality,umeh_tsugma khyug_high quality - page 1,Modern,line,0.8,2.5,3.5,True,0.9,True,9,14.096935987472534,46.02,113,52,61,
umeh_tsugma khyug_high quality,umeh_tsugma khyug_high quality - page 1,Modern,line,0.8,2.5,3.5,False,0.1,False,0,2.7051150798797607,0.0,0,0,0,Line processing failed: 'list' object cannot be interpreted as an integer
umeh_tsugma khyug_high quality,umeh_tsugma khyug_high quality - page 1,Modern,line,0.8,2.5,3.5,False,0.25,False,0,2.7095725536346436,0.0,0,0,0,Line processing failed: 'list' object cannot be interpreted as an integer
umeh_tsugma khyug_high quality,umeh_tsugma khyug_high quality - page 1,Modern,line,0.8,2.5,3.5,False,0.5,True,15,13.615267038345337,44.0,100,44,56,
umeh_tsugma khyug_high quality,umeh_tsugma khyug_high quality - page 1,Modern,line,0.8,2.5,3.5,False,0.9,True,15,13.627864122390747,44.0,100,44,56,
umeh_tsugma khyug_high quality,umeh_tsugma khyug_high quality - page 1,Modern,line,0.8,2.5,4.0,True,0.1,False,0,2.701782464981079,0.0,0,0,0,Line processing failed: 'list' object cannot be interpreted as an integer
umeh_tsugma khyug_high quality,umeh_tsugma khyug_high quality - page 1,Modern,line,0.8,2.5,4.0,True,0.25,False,0,2.699681043624878,0.0,0,0,0,Line processing failed: 'list' object cannot be interpreted as an integer
umeh_tsugma khyug_high quality,umeh_tsugma khyug_high quality - page 1,Modern,line,0.8,2.5,4.0,True,0.5,True,9,14.08174991607666,52.29,109,57,52,
umeh_tsugma khyug_high quality,umeh_tsugma khyug_high quality - page 1,Modern,line,0.8,2.5,4.0,True,0.9,True,9,14.56590485572815,52.29,109,57,52,
umeh_tsugma khyug_high quality,umeh_tsugma khyug_high quality - page 1,Modern,line,0.8,2.5,4.0,False,0.1,False,0,2.7425999641418457,0.0,0,0,0,Line processing failed: 'list' object cannot be interpreted as an integer
umeh_tsugma khyug_high quality,umeh_tsugma khyug_high quality - page 1,Modern,line,0.8,2.5,4.0,False,0.25,False,0,2.692228317260742,0.0,0,0,0,Line processing failed: 'list' object cannot be interpreted as an integer
umeh_tsugma khyug_high quality,umeh_tsugma khyug_high quality - page 1,Modern,line,0.8,2.5,4.0,False,0.5,True,15,13.629596948623657,47.25,91,43,48,
umeh_tsugma khyug_high quality,umeh_tsugma khyug_high quality - page 1,Modern,line,0.8,2.5,4.0,False,0.9,True,15,16.29168391227722,47.25,91,43,48,
umeh_tsugma khyug_high quality,umeh_tsugma khyug_high quality - page 1,Modern,line,0.8,2.5,5.0,True,0.1,False,0,2.691411256790161,0.0,0,0,0,Line processing failed: 'list' object cannot be interpreted as an integer
umeh_tsugma khyug_high quality,umeh_tsugma khyug_high quality - page 1,Modern,line,0.8,2.5,5.0,True,0.25,False,0,2.790764570236206,0.0,0,0,0,Line processing failed: 'list' object cannot be interpreted as an integer
umeh_tsugma khyug_high quality,umeh_tsugma khyug_high quality - page 1,Modern,line,0.8,2.5,5.0,True,0.5,True,9,11.554382562637329,49.47,95,47,48,
umeh_tsugma khyug_high quality,umeh_tsugma khyug_high quality - page 1,Modern,line,0.8,2.5,5.0,True,0.9,True,9,11.601192474365234,49.47,95,47,48,
umeh_tsugma khyug_high quality,umeh_tsugma khyug_high quality - page 1,Modern,line,0.8,2.5,5.0,False,0.1,False,0,2.6966261863708496,0.0,0,0,0,Line processing failed: 'list' object cannot be interpreted as an integer
umeh_tsugma khyug_high quality,umeh_tsugma khyug_high quality - page 1,Modern,line,0.8,2.5,5.0,False,0.25,False,0,2.699645519256592,0.0,0,0,0,Line processing failed: 'list' object cannot be interpreted as an integer
umeh_tsugma khyug_high quality,umeh_tsugma khyug_high quality - page 1,Modern,line,0.8,2.5,5.0,False,0.5,True,15,11.275856494903564,47.56,82,39,43,
umeh_tsugma khyug_high quality,umeh_tsugma khyug_high quality - page 1,Modern,line,0.8,2.5,5.0,False,0.9,True,15,11.622588634490967,47.56,82,39,43,
umeh_tsugma khyug_high quality,umeh_tsugma khyug_high quality - page 1,Modern,line,0.8,3.0,2.5,True,0.1,False,0,2.6862642765045166,0.0,0,0,0,Line processing failed: 'list' object cannot be interpreted as an integer
umeh_tsugma khyug_high quality,umeh_tsugma khyug_high quality - page 1,Modern,line,0.8,3.0,2.5,True,0.25,False,0,2.6946284770965576,0.0,0,0,0,Line processing failed: 'list' object cannot be interpreted as an integer
umeh_tsugma khyug_high quality,umeh_tsugma khyug_high quality - page 1,Modern,line,0.8,3.0,2.5,True,0.5,True,9,17.85254192352295,51.91,131,68,63,
umeh_tsugma khyug_high quality,umeh_tsugma khyug_high quality - page 1,Modern,line,0.8,3.0,2.5,True,0.9,True,9,17.870665550231934,51.91,131,68,63,
umeh_tsugma khyug_high quality,umeh_tsugma khyug_high quality - page 1,Modern,line,0.8,3.0,2.5,False,0.1,False,0,2.6822822093963623,0.0,0,0,0,Line processing failed: 'list' object cannot be interpreted as an integer
umeh_tsugma khyug_high quality,umeh_tsugma khyug_high quality - page 1,Modern,line,0.8,3.0,2.5,False,0.25,False,0,2.6904525756835938,0.0,0,0,0,Line processing failed: 'list' object cannot be interpreted as an integer
umeh_tsugma khyug_high quality,umeh_tsugma khyug_high quality - page 1,Modern,line,0.8,3.0,2.5,False,0.5,True,15,17.24218201637268,52.42,124,65,59,
umeh_tsugma khyug_high quality,umeh_tsugma khyug_high quality - page 1,Modern,line,0.8,3.0,2.5,False,0.9,True,15,17.64177942276001,52.42,124,65,59,
umeh_tsugma khyug_high quality,umeh_tsugma khyug_high quality - page 1,Modern,line,0.8,3.0,3.5,True,0.1,False,0,2.6956558227539062,0.0,0,0,0,Line processing failed: 'list' object cannot be interpreted as an integer
umeh_tsugma khyug_high quality,umeh_tsugma khyug_high quality - page 1,Modern,line,0.8,3.0,3.5,True,0.25,False,0,2.6977319717407227,0.0,0,0,0,Line processing failed: 'list' object cannot be interpreted as an integer
umeh_tsugma khyug_high quality,umeh_tsugma khyug_high quality - page 1,Modern,line,0.8,3.0,3.5,True,0.5,True,9,14.35968828201294,45.54,112,51,61,
umeh_tsugma khyug_high quality,umeh_tsugma khyug_high quality - page 1,Modern,line,0.8,3.0,3.5,True,0.9,True,9,13.891707420349121,45.54,112,51,61,
umeh_tsugma khyug_high quality,umeh_tsugma khyug_high quality - page 1,Modern,line,0.8,3.0,3.5,False,0.1,False,0,2.6830227375030518,0.0,0,0,0,Line processing failed: 'list' object cannot be interpreted as an integer
umeh_tsugma khyug_high quality,umeh_tsugma khyug_high quality - page 1,Modern,line,0.8,3.0,3.5,False,0.25,False,0,2.6993024349212646,0.0,0,0,0,Line processing failed: 'list' object cannot be interpreted as an integer
umeh_tsugma khyug_high quality,umeh_tsugma khyug_high quality - page 1,Modern,line,0.8,3.0,3.5,False,0.5,True,15,14.190254926681519,43.43,99,43,56,
umeh_tsugma khyug_high quality,umeh_tsugma khyug_high quality - page 1,Modern,line,0.8,3.0,3.5,False,0.9,True,15,14.360801219940186,43.43,99,43,56,
umeh_tsugma khyug_high quality,umeh_tsugma khyug_high quality - page 1,Modern,line,0.8,3.0,4.0,True,0.1,False,0,2.7094502449035645,0.0,0,0,0,Line processing failed: 'list' object cannot be interpreted as an integer
umeh_tsugma khyug_high quality,umeh_tsugma khyug_high quality - page 1,Modern,line,0.8,3.0,4.0,True,0.25,False,0,2.7016499042510986,0.0,0,0,0,Line processing failed: 'list' object cannot be interpreted as an integer
umeh_tsugma khyug_high quality,umeh_tsugma khyug_high quality - page 1,Modern,line,0.8,3.0,4.0,True,0.5,True,9,14.186399221420288,51.85,108,56,52,
umeh_tsugma khyug_high quality,umeh_tsugma khyug_high quality - page 1,Modern,line,0.8,3.0,4.0,True,0.9,True,9,14.223949193954468,51.85,108,56,52,
umeh_tsugma khyug_high quality,umeh_tsugma khyug_high quality - page 1,Modern,line,0.8,3.0,4.0,False,0.1,False,0,2.689030885696411,0.0,0,0,0,Line processing failed: 'list' object cannot be interpreted as an integer
umeh_tsugma khyug_high quality,umeh_tsugma khyug_high quality - page 1,Modern,line,0.8,3.0,4.0,False,0.25,False,0,2.6952285766601562,0.0,0,0,0,Line processing failed: 'list' object cannot be interpreted as an integer
umeh_tsugma khyug_high quality,umeh_tsugma khyug_high quality - page 1,Modern,line,0.8,3.0,4.0,False,0.5,True,15,14.807092189788818,46.67,90,42,48,
umeh_tsugma khyug_high quality,umeh_tsugma khyug_high quality - page 1,Modern,line,0.8,3.0,4.0,False,0.9,True,15,15.699963092803955,46.67,90,42,48,
umeh_tsugma khyug_high quality,umeh_tsugma khyug_high quality - page 1,Modern,line,0.8,3.0,5.0,True,0.1,False,0,2.7017316818237305,0.0,0,0,0,Line processing failed: 'list' object cannot be interpreted as an integer
umeh_tsugma khyug_high quality,umeh_tsugma khyug_high quality - page 1,Modern,line,0.8,3.0,5.0,True,0.25,False,0,2.7151153087615967,0.0,0,0,0,Line processing failed: 'list' object cannot be interpreted as an integer
umeh_tsugma khyug_high quality,umeh_tsugma khyug_high quality - page 1,Modern,line,0.8,3.0,5.0,True,0.5,True,9,11.779056310653687,49.47,95,47,48,
umeh_tsugma khyug_high quality,umeh_tsugma khyug_high quality - page 1,Modern,line,0.8,3.0,5.0,True,0.9,True,9,11.745572566986084,49.47,95,47,48,
umeh_tsugma khyug_high quality,umeh_tsugma khyug_high quality - page 1,Modern,line,0.8,3.0,5.0,False,0.1,False,0,2.696049928665161,0.0,0,0,0,Line processing failed: 'list' object cannot be interpreted as an integer
umeh_tsugma khyug_high quality,umeh_tsugma khyug_high quality - page 1,Modern,line,0.8,3.0,5.0,False,0.25,False,0,2.6974804401397705,0.0,0,0,0,Line processing failed: 'list' object cannot be interpreted as an integer
umeh_tsugma khyug_high quality,umeh_tsugma khyug_high quality - page 1,Modern,line,0.8,3.0,5.0,False,0.5,True,15,11.777706384658813,47.56,82,39,43,
umeh_tsugma khyug_high quality,umeh_tsugma khyug_high quality - page 1,Modern,line,0.8,3.0,5.0,False,0.9,True,15,11.390822649002075,47.56,82,39,43,
umeh_tsugma khyug_high quality,umeh_tsugma khyug_high quality - page 1,Modern,line,0.9,2.0,2.5,True,0.1,False,0,2.6970582008361816,0.0,0,0,0,Line processing failed: 'list' object cannot be interpreted as an integer
umeh_tsugma khyug_high quality,umeh_tsugma khyug_high quality - page 1,Modern,line,0.9,2.0,2.5,True,0.25,False,0,2.6979851722717285,0.0,0,0,0,Line processing failed: 'list' object cannot be interpreted as an integer
umeh_tsugma khyug_high quality,umeh_tsugma khyug_high quality - page 1,Modern,line,0.9,2.0,2.5,True,0.5,True,9,17.46086597442627,51.52,132,68,64,
umeh_tsugma khyug_high quality,umeh_tsugma khyug_high quality - page 1,Modern,line,0.9,2.0,2.5,True,0.9,True,9,17.428253412246704,51.52,132,68,64,
umeh_tsugma khyug_high quality,umeh_tsugma khyug_high quality - page 1,Modern,line,0.9,2.0,2.5,False,0.1,False,0,2.685955047607422,0.0,0,0,0,Line processing failed: 'list' object cannot be interpreted as an integer
umeh_tsugma khyug_high quality,umeh_tsugma khyug_high quality - page 1,Modern,line,0.9,2.0,2.5,False,0.25,False,0,3.155325412750244,0.0,0,0,0,Line processing failed: 'list' object cannot be interpreted as an integer
umeh_tsugma khyug_high quality,umeh_tsugma khyug_high quality - page 1,Modern,line,0.9,2.0,2.5,False,0.5,True,15,17.24145483970642,52.0,125,65,60,
umeh_tsugma khyug_high quality,umeh_tsugma khyug_high quality - page 1,Modern,line,0.9,2.0,2.5,False,0.9,True,15,16.803686141967773,52.0,125,65,60,
umeh_tsugma khyug_high quality,umeh_tsugma khyug_high quality - page 1,Modern,line,0.9,2.0,3.5,True,0.1,False,0,2.690080165863037,0.0,0,0,0,Line processing failed: 'list' object cannot be interpreted as an integer
umeh_tsugma khyug_high quality,umeh_tsugma khyug_high quality - page 1,Modern,line,0.9,2.0,3.5,True,0.25,False,0,2.6910226345062256,0.0,0,0,0,Line processing failed: 'list' object cannot be interpreted as an integer
umeh_tsugma khyug_high quality,umeh_tsugma khyug_high quality - page 1,Modern,line,0.9,2.0,3.5,True,0.5,True,9,13.942810297012329,46.02,113,52,61,
umeh_tsugma khyug_high quality,umeh_tsugma khyug_high quality - page 1,Modern,line,0.9,2.0,3.5,True,0.9,True,9,13.920237302780151,46.02,113,52,61,
umeh_tsugma khyug_high quality,umeh_tsugma khyug_high quality - page 1,Modern,line,0.9,2.0,3.5,False,0.1,False,0,2.6887364387512207,0.0,0,0,0,Line processing failed: 'list' object cannot be interpreted as an integer
umeh_tsugma khyug_high quality,umeh_tsugma khyug_high quality - page 1,Modern,line,0.9,2.0,3.5,False,0.25,False,0,2.6958460807800293,0.0,0,0,0,Line processing failed: 'list' object cannot be interpreted as an integer
umeh_tsugma khyug_high quality,umeh_tsugma khyug_high quality - page 1,Modern,line,0.9,2.0,3.5,False,0.5,True,15,13.464194774627686,44.0,100,44,56,
umeh_tsugma khyug_high quality,umeh_tsugma khyug_high quality - page 1,Modern,line,0.9,2.0,3.5,False,0.9,True,15,13.80571722984314,44.0,100,44,56,
umeh_tsugma khyug_high quality,umeh_tsugma khyug_high quality - page 1,Modern,line,0.9,2.0,4.0,True,0.1,False,0,2.692199945449829,0.0,0,0,0,Line processing failed: 'list' object cannot be interpreted as an integer
umeh_tsugma khyug_high quality,umeh_tsugma khyug_high quality - page 1,Modern,line,0.9,2.0,4.0,True,0.25,False,0,4.608098983764648,0.0,0,0,0,Line processing failed: 'list' object cannot be interpreted as an integer
umeh_tsugma khyug_high quality,umeh_tsugma khyug_high quality - page 1,Modern,line,0.9,2.0,4.0,True,0.5,True,9,14.076209306716919,52.29,109,57,52,
umeh_tsugma khyug_high quality,umeh_tsugma khyug_high quality - page 1,Modern,line,0.9,2.0,4.0,True,0.9,True,9,13.986287832260132,52.29,109,57,52,
umeh_tsugma khyug_high quality,umeh_tsugma khyug_high quality - page 1,Modern,line,0.9,2.0,4.0,False,0.1,False,0,2.7070722579956055,0.0,0,0,0,Line processing failed: 'list' object cannot be interpreted as an integer
umeh_tsugma khyug_high quality,umeh_tsugma khyug_high quality - page 1,Modern,line,0.9,2.0,4.0,False,0.25,False,0,2.6905882358551025,0.0,0,0,0,Line processing failed: 'list' object cannot be interpreted as an integer
umeh_tsugma khyug_high quality,umeh_tsugma khyug_high quality - page 1,Modern,line,0.9,2.0,4.0,False,0.5,True,15,13.959054470062256,47.25,91,43,48,
umeh_tsugma khyug_high quality,umeh_tsugma khyug_high quality - page 1,Modern,line,0.9,2.0,4.0,False,0.9,True,15,13.431047201156616,47.25,91,43,48,
umeh_tsugma khyug_high quality,umeh_tsugma khyug_high quality - page 1,Modern,line,0.9,2.0,5.0,True,0.1,False,0,2.6941254138946533,0.0,0,0,0,Line processing failed: 'list' object cannot be interpreted as an integer
umeh_tsugma khyug_high quality,umeh_tsugma khyug_high quality - page 1,Modern,line,0.9,2.0,5.0,True,0.25,False,0,2.7311270236968994,0.0,0,0,0,Line processing failed: 'list' object cannot be interpreted as an integer
umeh_tsugma khyug_high quality,umeh_tsugma khyug_high quality - page 1,Modern,line,0.9,2.0,5.0,True,0.5,True,9,11.123940706253052,52.13,94,49,45,
umeh_tsugma khyug_high quality,umeh_tsugma khyug_high quality - page 1,Modern,line,0.9,2.0,5.0,True,0.9,True,9,11.196206092834473,52.13,94,49,45,
umeh_tsugma khyug_high quality,umeh_tsugma khyug_high quality - page 1,Modern,line,0.9,2.0,5.0,False,0.1,False,0,2.700080394744873,0.0,0,0,0,Line processing failed: 'list' object cannot be interpreted as an integer
umeh_tsugma khyug_high quality,umeh_tsugma khyug_high quality - page 1,Modern,line,0.9,2.0,5.0,False,0.25,False,0,2.693790912628174,0.0,0,0,0,Line processing failed: 'list' object cannot be interpreted as an integer
umeh_tsugma khyug_high quality,umeh_tsugma khyug_high quality - page 1,Modern,line,0.9,2.0,5.0,False,0.5,True,15,13.100571393966675,49.4,83,41,42,
umeh_tsugma khyug_high quality,umeh_tsugma khyug_high quality - page 1,Modern,line,0.9,2.0,5.0,False,0.9,True,15,10.81971788406372,49.4,83,41,42,
umeh_tsugma khyug_high quality,umeh_tsugma khyug_high quality - page 1,Modern,line,0.9,2.5,2.5,True,0.1,False,0,2.6897802352905273,0.0,0,0,0,Line processing failed: 'list' object cannot be interpreted as an integer
umeh_tsugma khyug_high quality,umeh_tsugma khyug_high quality - page 1,Modern,line,0.9,2.5,2.5,True,0.25,False,0,2.6989896297454834,0.0,0,0,0,Line processing failed: 'list' object cannot be interpreted as an integer
umeh_tsugma khyug_high quality,umeh_tsugma khyug_high quality - page 1,Modern,line,0.9,2.5,2.5,True,0.5,True,9,17.841773748397827,51.52,132,68,64,
umeh_tsugma khyug_high quality,umeh_tsugma khyug_high quality - page 1,Modern,line,0.9,2.5,2.5,True,0.9,True,9,17.63413429260254,51.52,132,68,64,
umeh_tsugma khyug_high quality,umeh_tsugma khyug_high quality - page 1,Modern,line,0.9,2.5,2.5,False,0.1,False,0,2.700754165649414,0.0,0,0,0,Line processing failed: 'list' object cannot be interpreted as an integer
umeh_tsugma khyug_high quality,umeh_tsugma khyug_high quality - page 1,Modern,line,0.9,2.5,2.5,False,0.25,False,0,2.6993274688720703,0.0,0,0,0,Line processing failed: 'list' object cannot be interpreted as an integer
umeh_tsugma khyug_high quality,umeh_tsugma khyug_high quality - page 1,Modern,line,0.9,2.5,2.5,False,0.5,True,15,17.401596069335938,52.0,125,65,60,
umeh_tsugma khyug_high quality,umeh_tsugma khyug_high quality - page 1,Modern,line,0.9,2.5,2.5,False,0.9,True,15,16.89469885826111,52.0,125,65,60,
umeh_tsugma khyug_high quality,umeh_tsugma khyug_high quality - page 1,Modern,line,0.9,2.5,3.5,True,0.1,False,0,2.745527505874634,0.0,0,0,0,Line processing failed: 'list' object cannot be interpreted as an integer
umeh_tsugma khyug_high quality,umeh_tsugma khyug_high quality - page 1,Modern,line,0.9,2.5,3.5,True,0.25,False,0,2.702549457550049,0.0,0,0,0,Line processing failed: 'list' object cannot be interpreted as an integer
umeh_tsugma khyug_high quality,umeh_tsugma khyug_high quality - page 1,Modern,line,0.9,2.5,3.5,True,0.5,True,9,14.18692660331726,46.02,113,52,61,
umeh_tsugma khyug_high quality,umeh_tsugma khyug_high quality - page 1,Modern,line,0.9,2.5,3.5,True,0.9,True,9,14.066516160964966,46.02,113,52,61,
umeh_tsugma khyug_high quality,umeh_tsugma khyug_high quality - page 1,Modern,line,0.9,2.5,3.5,False,0.1,False,0,2.7014286518096924,0.0,0,0,0,Line processing failed: 'list' object cannot be interpreted as an integer
umeh_tsugma khyug_high quality,umeh_tsugma khyug_high quality - page 1,Modern,line,0.9,2.5,3.5,False,0.25,False,0,4.61213493347168,0.0,0,0,0,Line processing failed: 'list' object cannot be interpreted as an integer
umeh_tsugma khyug_high quality,umeh_tsugma khyug_high quality - page 1,Modern,line,0.9,2.5,3.5,False,0.5,True,15,15.484455108642578,44.0,100,44,56,
umeh_tsugma khyug_high quality,umeh_tsugma khyug_high quality - page 1,Modern,line,0.9,2.5,3.5,False,0.9,True,15,13.600575923919678,44.0,100,44,56,
umeh_tsugma khyug_high quality,umeh_tsugma khyug_high quality - page 1,Modern,line,0.9,2.5,4.0,True,0.1,False,0,2.8177073001861572,0.0,0,0,0,Line processing failed: 'list' object cannot be interpreted as an integer
umeh_tsugma khyug_high quality,umeh_tsugma khyug_high quality - page 1,Modern,line,0.9,2.5,4.0,True,0.25,False,0,2.6920409202575684,0.0,0,0,0,Line processing failed: 'list' object cannot be interpreted as an integer
umeh_tsugma khyug_high quality,umeh_tsugma khyug_high quality - page 1,Modern,line,0.9,2.5,4.0,True,0.5,True,9,14.145180702209473,52.29,109,57,52,
umeh_tsugma khyug_high quality,umeh_tsugma khyug_high quality - page 1,Modern,line,0.9,2.5,4.0,True,0.9,True,9,14.486353874206543,52.29,109,57,52,
umeh_tsugma khyug_high quality,umeh_tsugma khyug_high quality - page 1,Modern,line,0.9,2.5,4.0,False,0.1,False,0,2.701205015182495,0.0,0,0,0,Line processing failed: 'list' object cannot be interpreted as an integer
umeh_tsugma khyug_high quality,umeh_tsugma khyug_high quality - page 1,Modern,line,0.9,2.5,4.0,False,0.25,False,0,2.7013139724731445,0.0,0,0,0,Line processing failed: 'list' object cannot be interpreted as an integer
umeh_tsugma khyug_high quality,umeh_tsugma khyug_high quality - page 1,Modern,line,0.9,2.5,4.0,False,0.5,True,15,13.627390384674072,47.25,91,43,48,
umeh_tsugma khyug_high quality,umeh_tsugma khyug_high quality - page 1,Modern,line,0.9,2.5,4.0,False,0.9,True,15,14.059408903121948,47.25,91,43,48,
umeh_tsugma khyug_high quality,umeh_tsugma khyug_high quality - page 1,Modern,line,0.9,2.5,5.0,True,0.1,False,0,2.781137228012085,0.0,0,0,0,Line processing failed: 'list' object cannot be interpreted as an integer
umeh_tsugma khyug_high quality,umeh_tsugma khyug_high quality - page 1,Modern,line,0.9,2.5,5.0,True,0.25,False,0,2.6987721920013428,0.0,0,0,0,Line processing failed: 'list' object cannot be interpreted as an integer
umeh_tsugma khyug_high quality,umeh_tsugma khyug_high quality - page 1,Modern,line,0.9,2.5,5.0,True,0.5,True,9,11.53640365600586,49.47,95,47,48,
umeh_tsugma khyug_high quality,umeh_tsugma khyug_high quality - page 1,Modern,line,0.9,2.5,5.0,True,0.9,True,9,11.589207172393799,49.47,95,47,48,
umeh_tsugma khyug_high quality,umeh_tsugma khyug_high quality - page 1,Modern,line,0.9,2.5,5.0,False,0.1,False,0,2.6957814693450928,0.0,0,0,0,Line processing failed: 'list' object cannot be interpreted as an integer
umeh_tsugma khyug_high quality,umeh_tsugma khyug_high quality - page 1,Modern,line,0.9,2.5,5.0,False,0.25,False,0,2.696894645690918,0.0,0,0,0,Line processing failed: 'list' object cannot be interpreted as an integer
umeh_tsugma khyug_high quality,umeh_tsugma khyug_high quality - page 1,Modern,line,0.9,2.5,5.0,False,0.5,True,15,11.196056127548218,47.56,82,39,43,
umeh_tsugma khyug_high quality,umeh_tsugma khyug_high quality - page 1,Modern,line,0.9,2.5,5.0,False,0.9,True,15,11.677932500839233,47.56,82,39,43,
umeh_tsugma khyug_high quality,umeh_tsugma khyug_high quality - page 1,Modern,line,0.9,3.0,2.5,True,0.1,False,0,2.6935253143310547,0.0,0,0,0,Line processing failed: 'list' object cannot be interpreted as an integer
umeh_tsugma khyug_high quality,umeh_tsugma khyug_high quality - page 1,Modern,line,0.9,3.0,2.5,True,0.25,False,0,2.7246525287628174,0.0,0,0,0,Line processing failed: 'list' object cannot be interpreted as an integer
umeh_tsugma khyug_high quality,umeh_tsugma khyug_high quality - page 1,Modern,line,0.9,3.0,2.5,True,0.5,True,9,17.83045768737793,51.91,131,68,63,
umeh_tsugma khyug_high quality,umeh_tsugma khyug_high quality - page 1,Modern,line,0.9,3.0,2.5,True,0.9,True,9,17.884324073791504,51.91,131,68,63,
umeh_tsugma khyug_high quality,umeh_tsugma khyug_high quality - page 1,Modern,line,0.9,3.0,2.5,False,0.1,False,0,2.6906402111053467,0.0,0,0,0,Line processing failed: 'list' object cannot be interpreted as an integer
umeh_tsugma khyug_high quality,umeh_tsugma khyug_high quality - page 1,Modern,line,0.9,3.0,2.5,False,0.25,False,0,2.7554214000701904,0.0,0,0,0,Line processing failed: 'list' object cannot be interpreted as an integer
umeh_tsugma khyug_high quality,umeh_tsugma khyug_high quality - page 1,Modern,line,0.9,3.0,2.5,False,0.5,True,15,17.17442297935486,52.42,124,65,59,
umeh_tsugma khyug_high quality,umeh_tsugma khyug_high quality - page 1,Modern,line,0.9,3.0,2.5,False,0.9,True,15,17.698319673538208,52.42,124,65,59,
umeh_tsugma khyug_high quality,umeh_tsugma khyug_high quality - page 1,Modern,line,0.9,3.0,3.5,True,0.1,False,0,2.6949899196624756,0.0,0,0,0,Line processing failed: 'list' object cannot be interpreted as an integer
umeh_tsugma khyug_high quality,umeh_tsugma khyug_high quality - page 1,Modern,line,0.9,3.0,3.5,True,0.25,False,0,2.6959428787231445,0.0,0,0,0,Line processing failed: 'list' object cannot be interpreted as an integer
umeh_tsugma khyug_high quality,umeh_tsugma khyug_high quality - page 1,Modern,line,0.9,3.0,3.5,True,0.5,True,9,14.292102336883545,45.54,112,51,61,
umeh_tsugma khyug_high quality,umeh_tsugma khyug_high quality - page 1,Modern,line,0.9,3.0,3.5,True,0.9,True,9,13.962260484695435,45.54,112,51,61,
umeh_tsugma khyug_high quality,umeh_tsugma khyug_high quality - page 1,Modern,line,0.9,3.0,3.5,False,0.1,False,0,2.695361375808716,0.0,0,0,0,Line processing failed: 'list' object cannot be interpreted as an integer
umeh_tsugma khyug_high quality,umeh_tsugma khyug_high quality - page 1,Modern,line,0.9,3.0,3.5,False,0.25,False,0,2.692909002304077,0.0,0,0,0,Line processing failed: 'list' object cannot be interpreted as an integer
umeh_tsugma khyug_high quality,umeh_tsugma khyug_high quality - page 1,Modern,line,0.9,3.0,3.5,False,0.5,True,15,14.148220539093018,43.43,99,43,56,
umeh_tsugma khyug_high quality,umeh_tsugma khyug_high quality - page 1,Modern,line,0.9,3.0,3.5,False,0.9,True,15,13.837262153625488,43.43,99,43,56,
umeh_tsugma khyug_high quality,umeh_tsugma khyug_high quality - page 1,Modern,line,0.9,3.0,4.0,True,0.1,False,0,2.702409029006958,0.0,0,0,0,Line processing failed: 'list' object cannot be interpreted as an integer
umeh_tsugma khyug_high quality,umeh_tsugma khyug_high quality - page 1,Modern,line,0.9,3.0,4.0,True,0.25,False,0,2.6959829330444336,0.0,0,0,0,Line processing failed: 'list' object cannot be interpreted as an integer
umeh_tsugma khyug_high quality,umeh_tsugma khyug_high quality - page 1,Modern,line,0.9,3.0,4.0,True,0.5,True,9,14.516873598098755,51.85,108,56,52,
umeh_tsugma khyug_high quality,umeh_tsugma khyug_high quality - page 1,Modern,line,0.9,3.0,4.0,True,0.9,True,9,14.293970108032227,51.85,108,56,52,
umeh_tsugma khyug_high quality,umeh_tsugma khyug_high quality - page 1,Modern,line,0.9,3.0,4.0,False,0.1,False,0,2.7067995071411133,0.0,0,0,0,Line processing failed: 'list' object cannot be interpreted as an integer
umeh_tsugma khyug_high quality,umeh_tsugma khyug_high quality - page 1,Modern,line,0.9,3.0,4.0,False,0.25,False,0,2.761369466781616,0.0,0,0,0,Line processing failed: 'list' object cannot be interpreted as an integer
umeh_tsugma khyug_high quality,umeh_tsugma khyug_high quality - page 1,Modern,line,0.9,3.0,4.0,False,0.5,True,15,14.25575065612793,46.67,90,42,48,
umeh_tsugma khyug_high quality,umeh_tsugma khyug_high quality - page 1,Modern,line,0.9,3.0,4.0,False,0.9,True,15,13.885405778884888,46.67,90,42,48,
umeh_tsugma khyug_high quality,umeh_tsugma khyug_high quality - page 1,Modern,line,0.9,3.0,5.0,True,0.1,False,0,2.6921138763427734,0.0,0,0,0,Line processing failed: 'list' object cannot be interpreted as an integer
umeh_tsugma khyug_high quality,umeh_tsugma khyug_high quality - page 1,Modern,line,0.9,3.0,5.0,True,0.25,False,0,2.695716619491577,0.0,0,0,0,Line processing failed: 'list' object cannot be interpreted as an integer
umeh_tsugma khyug_high quality,umeh_tsugma khyug_high quality - page 1,Modern,line,0.9,3.0,5.0,True,0.5,True,9,11.763155698776245,49.47,95,47,48,
umeh_tsugma khyug_high quality,umeh_tsugma khyug_high quality - page 1,Modern,line,0.9,3.0,5.0,True,0.9,True,9,11.773636102676392,49.47,95,47,48,
umeh_tsugma khyug_high quality,umeh_tsugma khyug_high quality - page 1,Modern,line,0.9,3.0,5.0,False,0.1,False,0,2.699092149734497,0.0,0,0,0,Line processing failed: 'list' object cannot be interpreted as an integer
umeh_tsugma khyug_high quality,umeh_tsugma khyug_high quality - page 1,Modern,line,0.9,3.0,5.0,False,0.25,False,0,2.69864559173584,0.0,0,0,0,Line processing failed: 'list' object cannot be interpreted as an integer
umeh_tsugma khyug_high quality,umeh_tsugma khyug_high quality - page 1,Modern,line,0.9,3.0,5.0,False,0.5,True,15,11.882286071777344,47.56,82,39,43,
umeh_tsugma khyug_high quality,umeh_tsugma khyug_high quality - page 1,Modern,line,0.9,3.0,5.0,False,0.9,True,15,11.414469242095947,47.56,82,39,43,
umeh_tsugma khyug_high quality,umeh_tsugma khyug_high quality - page 1,Modern,layout,0.7,2.0,2.5,True,0.1,True,8,14.526227951049805,39.52,124,49,75,
umeh_tsugma khyug_high quality,umeh_tsugma khyug_high quality - page 1,Modern,layout,0.7,2.0,2.5,True,0.25,True,8,13.926963090896606,39.52,124,49,75,
umeh_tsugma khyug_high quality,umeh_tsugma khyug_high quality - page 1,Modern,layout,0.7,2.0,2.5,True,0.5,True,8,14.705609560012817,39.52,124,49,75,
umeh_tsugma khyug_high quality,umeh_tsugma khyug_high quality - page 1,Modern,layout,0.7,2.0,2.5,True,0.9,True,8,16.158734798431396,39.52,124,49,75,
umeh_tsugma khyug_high quality,umeh_tsugma khyug_high quality - page 1,Modern,layout,0.7,2.0,2.5,False,0.1,True,35,16.070554971694946,61.76,136,84,52,
umeh_tsugma khyug_high quality,umeh_tsugma khyug_high quality - page 1,Modern,layout,0.7,2.0,2.5,False,0.25,True,35,15.604466676712036,61.76,136,84,52,
umeh_tsugma khyug_high quality,umeh_tsugma khyug_high quality - page 1,Modern,layout,0.7,2.0,2.5,False,0.5,True,35,16.0979745388031,61.76,136,84,52,
umeh_tsugma khyug_high quality,umeh_tsugma khyug_high quality - page 1,Modern,layout,0.7,2.0,2.5,False,0.9,True,35,15.588836193084717,61.76,136,84,52,
umeh_tsugma khyug_high quality,umeh_tsugma khyug_high quality - page 1,Modern,layout,0.7,2.0,3.5,True,0.1,True,8,11.571249008178711,37.17,113,42,71,
umeh_tsugma khyug_high quality,umeh_tsugma khyug_high quality - page 1,Modern,layout,0.7,2.0,3.5,True,0.25,True,8,11.639204025268555,37.17,113,42,71,
umeh_tsugma khyug_high quality,umeh_tsugma khyug_high quality - page 1,Modern,layout,0.7,2.0,3.5,True,0.5,True,8,11.635727167129517,37.17,113,42,71,
umeh_tsugma khyug_high quality,umeh_tsugma khyug_high quality - page 1,Modern,layout,0.7,2.0,3.5,True,0.9,True,8,11.617309331893921,37.17,113,42,71,
umeh_tsugma khyug_high quality,umeh_tsugma khyug_high quality - page 1,Modern,layout,0.7,2.0,3.5,False,0.1,True,35,15.155046939849854,42.72,103,44,59,
umeh_tsugma khyug_high quality,umeh_tsugma khyug_high quality - page 1,Modern,layout,0.7,2.0,3.5,False,0.25,True,35,14.649027347564697,42.72,103,44,59,
umeh_tsugma khyug_high quality,umeh_tsugma khyug_high quality - page 1,Modern,layout,0.7,2.0,3.5,False,0.5,True,35,15.079339027404785,42.72,103,44,59,
umeh_tsugma khyug_high quality,umeh_tsugma khyug_high quality - page 1,Modern,layout,0.7,2.0,3.5,False,0.9,True,35,14.584746360778809,42.72,103,44,59,
umeh_tsugma khyug_high quality,umeh_tsugma khyug_high quality - page 1,Modern,layout,0.7,2.0,4.0,True,0.1,True,8,12.045325994491577,42.0,100,42,58,
umeh_tsugma khyug_high quality,umeh_tsugma khyug_high quality - page 1,Modern,layout,0.7,2.0,4.0,True,0.25,True,8,11.673160552978516,42.0,100,42,58,
umeh_tsugma khyug_high quality,umeh_tsugma khyug_high quality - page 1,Modern,layout,0.7,2.0,4.0,True,0.5,True,8,11.68767762184143,42.0,100,42,58,
umeh_tsugma khyug_high quality,umeh_tsugma khyug_high quality - page 1,Modern,layout,0.7,2.0,4.0,True,0.9,True,8,11.737974882125854,42.0,100,42,58,
umeh_tsugma khyug_high quality,umeh_tsugma khyug_high quality - page 1,Modern,layout,0.7,2.0,4.0,False,0.1,True,35,14.303212642669678,41.94,93,39,54,
umeh_tsugma khyug_high quality,umeh_tsugma khyug_high quality - page 1,Modern,layout,0.7,2.0,4.0,False,0.25,True,35,14.343597888946533,41.94,93,39,54,
umeh_tsugma khyug_high quality,umeh_tsugma khyug_high quality - page 1,Modern,layout,0.7,2.0,4.0,False,0.5,True,35,14.019087076187134,41.94,93,39,54,
umeh_tsugma khyug_high quality,umeh_tsugma khyug_high quality - page 1,Modern,layout,0.7,2.0,4.0,False,0.9,True,35,14.439815521240234,41.94,93,39,54,
umeh_tsugma khyug_high quality,umeh_tsugma khyug_high quality - page 1,Modern,layout,0.7,2.0,5.0,True,0.1,True,8,10.967633962631226,48.81,84,41,43,
umeh_tsugma khyug_high quality,umeh_tsugma khyug_high quality - page 1,Modern,layout,0.7,2.0,5.0,True,0.25,True,8,10.70974349975586,48.81,84,41,43,
umeh_tsugma khyug_high quality,umeh_tsugma khyug_high quality - page 1,Modern,layout,0.7,2.0,5.0,True,0.5,True,8,10.77150273323059,48.81,84,41,43,
umeh_tsugma khyug_high quality,umeh_tsugma khyug_high quality - page 1,Modern,layout,0.7,2.0,5.0,True,0.9,True,8,10.748352289199829,48.81,84,41,43,
umeh_tsugma khyug_high quality,umeh_tsugma khyug_high quality - page 1,Modern,layout,0.7,2.0,5.0,False,0.1,True,35,14.183912754058838,40.96,83,34,49,
umeh_tsugma khyug_high quality,umeh_tsugma khyug_high quality - page 1,Modern,layout,0.7,2.0,5.0,False,0.25,True,35,14.314339876174927,40.96,83,34,49,
umeh_tsugma khyug_high quality,umeh_tsugma khyug_high quality - page 1,Modern,layout,0.7,2.0,5.0,False,0.5,True,35,14.15423035621643,40.96,83,34,49,
umeh_tsugma khyug_high quality,umeh_tsugma khyug_high quality - page 1,Modern,layout,0.7,2.0,5.0,False,0.9,True,35,14.162921667098999,40.96,83,34,49,
umeh_tsugma khyug_high quality,umeh_tsugma khyug_high quality - page 1,Modern,layout,0.7,2.5,2.5,True,0.1,True,8,14.139679193496704,39.52,124,49,75,
umeh_tsugma khyug_high quality,umeh_tsugma khyug_high quality - page 1,Modern,layout,0.7,2.5,2.5,True,0.25,True,8,14.473784685134888,39.52,124,49,75,
umeh_tsugma khyug_high quality,umeh_tsugma khyug_high quality - page 1,Modern,layout,0.7,2.5,2.5,True,0.5,True,8,14.444031238555908,39.52,124,49,75,
umeh_tsugma khyug_high quality,umeh_tsugma khyug_high quality - page 1,Modern,layout,0.7,2.5,2.5,True,0.9,True,8,14.00097370147705,39.52,124,49,75,
umeh_tsugma khyug_high quality,umeh_tsugma khyug_high quality - page 1,Modern,layout,0.7,2.5,2.5,False,0.1,True,35,16.216268301010132,61.76,136,84,52,
umeh_tsugma khyug_high quality,umeh_tsugma khyug_high quality - page 1,Modern,layout,0.7,2.5,2.5,False,0.25,True,35,15.75547981262207,61.76,136,84,52,
umeh_tsugma khyug_high quality,umeh_tsugma khyug_high quality - page 1,Modern,layout,0.7,2.5,2.5,False,0.5,True,35,15.747553586959839,61.76,136,84,52,
umeh_tsugma khyug_high quality,umeh_tsugma khyug_high quality - page 1,Modern,layout,0.7,2.5,2.5,False,0.9,True,35,16.14837408065796,61.76,136,84,52,
umeh_tsugma khyug_high quality,umeh_tsugma khyug_high quality - page 1,Modern,layout,0.7,2.5,3.5,True,0.1,True,8,11.712187051773071,37.17,113,42,71,
umeh_tsugma khyug_high quality,umeh_tsugma khyug_high quality - page 1,Modern,layout,0.7,2.5,3.5,True,0.25,True,8,11.800405263900757,37.17,113,42,71,
umeh_tsugma khyug_high quality,umeh_tsugma khyug_high quality - page 1,Modern,layout,0.7,2.5,3.5,True,0.5,True,8,11.770240783691406,37.17,113,42,71,
umeh_tsugma khyug_high quality,umeh_tsugma khyug_high quality - page 1,Modern,layout,0.7,2.5,3.5,True,0.9,True,8,12.189335584640503,37.17,113,42,71,
umeh_tsugma khyug_high quality,umeh_tsugma khyug_high quality - page 1,Modern,layout,0.7,2.5,3.5,False,0.1,True,35,15.271250009536743,42.72,103,44,59,
umeh_tsugma khyug_high quality,umeh_tsugma khyug_high quality - page 1,Modern,layout,0.7,2.5,3.5,False,0.25,True,35,14.830998420715332,42.72,103,44,59,
umeh_tsugma khyug_high quality,umeh_tsugma khyug_high quality - page 1,Modern,layout,0.7,2.5,3.5,False,0.5,True,35,15.264890909194946,42.72,103,44,59,
umeh_tsugma khyug_high quality,umeh_tsugma khyug_high quality - page 1,Modern,layout,0.7,2.5,3.5,False,0.9,True,35,14.830811023712158,42.72,103,44,59,
umeh_tsugma khyug_high quality,umeh_tsugma khyug_high quality - page 1,Modern,layout,0.7,2.5,4.0,True,0.1,True,8,12.318599700927734,42.0,100,42,58,
umeh_tsugma khyug_high quality,umeh_tsugma khyug_high quality - page 1,Modern,layout,0.7,2.5,4.0,True,0.25,True,8,12.209495067596436,42.0,100,42,58,
umeh_tsugma khyug_high quality,umeh_tsugma khyug_high quality - page 1,Modern,layout,0.7,2.5,4.0,True,0.5,True,8,12.118079423904419,42.0,100,42,58,
umeh_tsugma khyug_high quality,umeh_tsugma khyug_high quality - page 1,Modern,layout,0.7,2.5,4.0,True,0.9,True,8,11.897514581680298,42.0,100,42,58,
umeh_tsugma khyug_high quality,umeh_tsugma khyug_high quality - page 1,Modern,layout,0.7,2.5,4.0,False,0.1,True,35,14.96514344215393,41.94,93,39,54,
umeh_tsugma khyug_high quality,umeh_tsugma khyug_high quality - page 1,Modern,layout,0.7,2.5,4.0,False,0.25,True,35,14.53296709060669,41.94,93,39,54,
umeh_tsugma khyug_high quality,umeh_tsugma khyug_high quality - page 1,Modern,layout,0.7,2.5,4.0,False,0.5,True,35,14.168766498565674,41.94,93,39,54,
umeh_tsugma khyug_high quality,umeh_tsugma khyug_high quality - page 1,Modern,layout,0.7,2.5,4.0,False,0.9,True,35,14.513472318649292,41.94,93,39,54,
umeh_tsugma khyug_high quality,umeh_tsugma khyug_high quality - page 1,Modern,layout,0.7,2.5,5.0,True,0.1,True,8,10.947945833206177,54.76,84,46,38,
umeh_tsugma khyug_high quality,umeh_tsugma khyug_high quality - page 1,Modern,layout,0.7,2.5,5.0,True,0.25,True,8,11.595505952835083,54.76,84,46,38,
umeh_tsugma khyug_high quality,umeh_tsugma khyug_high quality - page 1,Modern,layout,0.7,2.5,5.0,True,0.5,True,8,10.963910102844238,54.76,84,46,38,
umeh_tsugma khyug_high quality,umeh_tsugma khyug_high quality - page 1,Modern,layout,0.7,2.5,5.0,True,0.9,True,8,10.600472688674927,54.76,84,46,38,
umeh_tsugma khyug_high quality,umeh_tsugma khyug_high quality - page 1,Modern,layout,0.7,2.5,5.0,False,0.1,True,35,14.406725883483887,48.1,79,38,41,
umeh_tsugma khyug_high quality,umeh_tsugma khyug_high quality - page 1,Modern,layout,0.7,2.5,5.0,False,0.25,True,35,14.853581428527832,48.1,79,38,41,
umeh_tsugma khyug_high quality,umeh_tsugma khyug_high quality - page 1,Modern,layout,0.7,2.5,5.0,False,0.5,True,35,14.442122220993042,48.1,79,38,41,
umeh_tsugma khyug_high quality,umeh_tsugma khyug_high quality - page 1,Modern,layout,0.7,2.5,5.0,False,0.9,True,35,14.424587488174438,48.1,79,38,41,
umeh_tsugma khyug_high quality,umeh_tsugma khyug_high quality - page 1,Modern,layout,0.7,3.0,2.5,True,0.1,True,8,14.4353187084198,39.02,123,48,75,
umeh_tsugma khyug_high quality,umeh_tsugma khyug_high quality - page 1,Modern,layout,0.7,3.0,2.5,True,0.25,True,8,14.78639268875122,39.02,123,48,75,
umeh_tsugma khyug_high quality,umeh_tsugma khyug_high quality - page 1,Modern,layout,0.7,3.0,2.5,True,0.5,True,8,14.376184463500977,39.02,123,48,75,
umeh_tsugma khyug_high quality,umeh_tsugma khyug_high quality - page 1,Modern,layout,0.7,3.0,2.5,True,0.9,True,8,14.769838571548462,39.02,123,48,75,
umeh_tsugma khyug_high quality,umeh_tsugma khyug_high quality - page 1,Modern,layout,0.7,3.0,2.5,False,0.1,True,35,17.87570595741272,62.04,137,85,52,
umeh_tsugma khyug_high quality,umeh_tsugma khyug_high quality - page 1,Modern,layout,0.7,3.0,2.5,False,0.25,True,35,17.08885955810547,62.04,137,85,52,
umeh_tsugma khyug_high quality,umeh_tsugma khyug_high quality - page 1,Modern,layout,0.7,3.0,2.5,False,0.5,True,35,15.828088998794556,62.04,137,85,52,
umeh_tsugma khyug_high quality,umeh_tsugma khyug_high quality - page 1,Modern,layout,0.7,3.0,2.5,False,0.9,True,35,16.32496166229248,62.04,137,85,52,
umeh_tsugma khyug_high quality,umeh_tsugma khyug_high quality - page 1,Modern,layout,0.7,3.0,3.5,True,0.1,True,8,12.027210712432861,36.61,112,41,71,
umeh_tsugma khyug_high quality,umeh_tsugma khyug_high quality - page 1,Modern,layout,0.7,3.0,3.5,True,0.25,True,8,12.012688398361206,36.61,112,41,71,
umeh_tsugma khyug_high quality,umeh_tsugma khyug_high quality - page 1,Modern,layout,0.7,3.0,3.5,True,0.5,True,8,12.05099630355835,36.61,112,41,71,
umeh_tsugma khyug_high quality,umeh_tsugma khyug_high quality - page 1,Modern,layout,0.7,3.0,3.5,True,0.9,True,8,12.109001159667969,36.61,112,41,71,
umeh_tsugma khyug_high quality,umeh_tsugma khyug_high quality - page 1,Modern,layout,0.7,3.0,3.5,False,0.1,True,35,15.318514823913574,42.72,103,44,59,
umeh_tsugma khyug_high quality,umeh_tsugma khyug_high quality - page 1,Modern,layout,0.7,3.0,3.5,False,0.25,True,35,14.875798463821411,42.72,103,44,59,
umeh_tsugma khyug_high quality,umeh_tsugma khyug_high quality - page 1,Modern,layout,0.7,3.0,3.5,False,0.5,True,35,15.336233377456665,42.72,103,44,59,
umeh_tsugma khyug_high quality,umeh_tsugma khyug_high quality - page 1,Modern,layout,0.7,3.0,3.5,False,0.9,True,35,14.907119512557983,42.72,103,44,59,
umeh_tsugma khyug_high quality,umeh_tsugma khyug_high quality - page 1,Modern,layout,0.7,3.0,4.0,True,0.1,True,8,12.057784795761108,41.41,99,41,58,
umeh_tsugma khyug_high quality,umeh_tsugma khyug_high quality - page 1,Modern,layout,0.7,3.0,4.0,True,0.25,True,8,12.743988037109375,41.41,99,41,58,
umeh_tsugma khyug_high quality,umeh_tsugma khyug_high quality - page 1,Modern,layout,0.7,3.0,4.0,True,0.5,True,8,12.149877071380615,41.41,99,41,58,
umeh_tsugma khyug_high quality,umeh_tsugma khyug_high quality - page 1,Modern,layout,0.7,3.0,4.0,True,0.9,True,8,12.199970722198486,41.41,99,41,58,
umeh_tsugma khyug_high quality,umeh_tsugma khyug_high quality - page 1,Modern,layout,0.7,3.0,4.0,False,0.1,True,35,14.765194177627563,41.94,93,39,54,
umeh_tsugma khyug_high quality,umeh_tsugma khyug_high quality - page 1,Modern,layout,0.7,3.0,4.0,False,0.25,True,35,14.586207866668701,41.94,93,39,54,
umeh_tsugma khyug_high quality,umeh_tsugma khyug_high quality - page 1,Modern,layout,0.7,3.0,4.0,False,0.5,True,35,14.761794328689575,41.94,93,39,54,
umeh_tsugma khyug_high quality,umeh_tsugma khyug_high quality - page 1,Modern,layout,0.7,3.0,4.0,False,0.9,True,35,14.821127653121948,41.94,93,39,54,
umeh_tsugma khyug_high quality,umeh_tsugma khyug_high quality - page 1,Modern,layout,0.7,3.0,5.0,True,0.1,True,8,11.265021085739136,54.76,84,46,38,
umeh_tsugma khyug_high quality,umeh_tsugma khyug_high quality - page 1,Modern,layout,0.7,3.0,5.0,True,0.25,True,8,10.838282346725464,54.76,84,46,38,
umeh_tsugma khyug_high quality,umeh_tsugma khyug_high quality - page 1,Modern,layout,0.7,3.0,5.0,True,0.5,True,8,11.188181638717651,54.76,84,46,38,
umeh_tsugma khyug_high quality,umeh_tsugma khyug_high quality - page 1,Modern,layout,0.7,3.0,5.0,True,0.9,True,8,11.19998836517334,54.76,84,46,38,
umeh_tsugma khyug_high quality,umeh_tsugma khyug_high quality - page 1,Modern,layout,0.7,3.0,5.0,False,0.1,True,35,14.692927837371826,48.1,79,38,41,
umeh_tsugma khyug_high quality,umeh_tsugma khyug_high quality - page 1,Modern,layout,0.7,3.0,5.0,False,0.25,True,35,14.645880937576294,48.1,79,38,41,
umeh_tsugma khyug_high quality,umeh_tsugma khyug_high quality - page 1,Modern,layout,0.7,3.0,5.0,False,0.5,True,35,14.67592453956604,48.1,79,38,41,
umeh_tsugma khyug_high quality,umeh_tsugma khyug_high quality - page 1,Modern,layout,0.7,3.0,5.0,False,0.9,True,35,14.669447422027588,48.1,79,38,41,
umeh_tsugma khyug_high quality,umeh_tsugma khyug_high quality - page 1,Modern,layout,0.8,2.0,2.5,True,0.1,True,8,14.14830732345581,39.52,124,49,75,
umeh_tsugma khyug_high quality,umeh_tsugma khyug_high quality - page 1,Modern,layout,0.8,2.0,2.5,True,0.25,True,8,13.968023300170898,39.52,124,49,75,
umeh_tsugma khyug_high quality,umeh_tsugma khyug_high quality - page 1,Modern,layout,0.8,2.0,2.5,True,0.5,True,8,14.203474998474121,39.52,124,49,75,
umeh_tsugma khyug_high quality,umeh_tsugma khyug_high quality - page 1,Modern,layout,0.8,2.0,2.5,True,0.9,True,8,13.755456447601318,39.52,124,49,75,
umeh_tsugma khyug_high quality,umeh_tsugma khyug_high quality - page 1,Modern,layout,0.8,2.0,2.5,False,0.1,True,35,16.55364155769348,61.76,136,84,52,
umeh_tsugma khyug_high quality,umeh_tsugma khyug_high quality - page 1,Modern,layout,0.8,2.0,2.5,False,0.25,True,35,15.771673440933228,61.76,136,84,52,
umeh_tsugma khyug_high quality,umeh_tsugma khyug_high quality - page 1,Modern,layout,0.8,2.0,2.5,False,0.5,True,35,16.014426231384277,61.76,136,84,52,
umeh_tsugma khyug_high quality,umeh_tsugma khyug_high quality - page 1,Modern,layout,0.8,2.0,2.5,False,0.9,True,35,15.568015813827515,61.76,136,84,52,
umeh_tsugma khyug_high quality,umeh_tsugma khyug_high quality - page 1,Modern,layout,0.8,2.0,3.5,True,0.1,True,8,11.655895471572876,37.17,113,42,71,
umeh_tsugma khyug_high quality,umeh_tsugma khyug_high quality - page 1,Modern,layout,0.8,2.0,3.5,True,0.25,True,8,12.059475421905518,37.17,113,42,71,
umeh_tsugma khyug_high quality,umeh_tsugma khyug_high quality - page 1,Modern,layout,0.8,2.0,3.5,True,0.5,True,8,11.672789812088013,37.17,113,42,71,
umeh_tsugma khyug_high quality,umeh_tsugma khyug_high quality - page 1,Modern,layout,0.8,2.0,3.5,True,0.9,True,8,11.628634452819824,37.17,113,42,71,
umeh_tsugma khyug_high quality,umeh_tsugma khyug_high quality - page 1,Modern,layout,0.8,2.0,3.5,False,0.1,True,35,16.150956392288208,42.72,103,44,59,
umeh_tsugma khyug_high quality,umeh_tsugma khyug_high quality - page 1,Modern,layout,0.8,2.0,3.5,False,0.25,True,35,15.022485971450806,42.72,103,44,59,
umeh_tsugma khyug_high quality,umeh_tsugma khyug_high quality - page 1,Modern,layout,0.8,2.0,3.5,False,0.5,True,35,14.62263035774231,42.72,103,44,59,
umeh_tsugma khyug_high quality,umeh_tsugma khyug_high quality - page 1,Modern,layout,0.8,2.0,3.5,False,0.9,True,35,15.071722030639648,42.72,103,44,59,
umeh_tsugma khyug_high quality,umeh_tsugma khyug_high quality - page 1,Modern,layout,0.8,2.0,4.0,True,0.1,True,8,11.692139863967896,42.0,100,42,58,
umeh_tsugma khyug_high quality,umeh_tsugma khyug_high quality - page 1,Modern,layout,0.8,2.0,4.0,True,0.25,True,8,12.175846099853516,42.0,100,42,58,
umeh_tsugma khyug_high quality,umeh_tsugma khyug_high quality - page 1,Modern,layout,0.8,2.0,4.0,True,0.5,True,8,11.640416145324707,42.0,100,42,58,
umeh_tsugma khyug_high quality,umeh_tsugma khyug_high quality - page 1,Modern,layout,0.8,2.0,4.0,True,0.9,True,8,12.22236156463623,42.0,100,42,58,
umeh_tsugma khyug_high quality,umeh_tsugma khyug_high quality - page 1,Modern,layout,0.8,2.0,4.0,False,0.1,True,35,13.950497388839722,41.94,93,39,54,
umeh_tsugma khyug_high quality,umeh_tsugma khyug_high quality - page 1,Modern,layout,0.8,2.0,4.0,False,0.25,True,35,14.254207611083984,41.94,93,39,54,
umeh_tsugma khyug_high quality,umeh_tsugma khyug_high quality - page 1,Modern,layout,0.8,2.0,4.0,False,0.5,True,35,14.30719542503357,41.94,93,39,54,
umeh_tsugma khyug_high quality,umeh_tsugma khyug_high quality - page 1,Modern,layout,0.8,2.0,4.0,False,0.9,True,35,13.919316291809082,41.94,93,39,54,
umeh_tsugma khyug_high quality,umeh_tsugma khyug_high quality - page 1,Modern,layout,0.8,2.0,5.0,True,0.1,True,8,10.689284801483154,48.81,84,41,43,
umeh_tsugma khyug_high quality,umeh_tsugma khyug_high quality - page 1,Modern,layout,0.8,2.0,5.0,True,0.25,True,8,10.64351487159729,48.81,84,41,43,
umeh_tsugma khyug_high quality,umeh_tsugma khyug_high quality - page 1,Modern,layout,0.8,2.0,5.0,True,0.5,True,8,10.629090785980225,48.81,84,41,43,
umeh_tsugma khyug_high quality,umeh_tsugma khyug_high quality - page 1,Modern,layout,0.8,2.0,5.0,True,0.9,True,8,10.67868423461914,48.81,84,41,43,
umeh_tsugma khyug_high quality,umeh_tsugma khyug_high quality - page 1,Modern,layout,0.8,2.0,5.0,False,0.1,True,35,14.124890565872192,40.96,83,34,49,
umeh_tsugma khyug_high quality,umeh_tsugma khyug_high quality - page 1,Modern,layout,0.8,2.0,5.0,False,0.25,True,35,15.003968954086304,40.96,83,34,49,
umeh_tsugma khyug_high quality,umeh_tsugma khyug_high quality - page 1,Modern,layout,0.8,2.0,5.0,False,0.5,True,35,14.610406398773193,40.96,83,34,49,
umeh_tsugma khyug_high quality,umeh_tsugma khyug_high quality - page 1,Modern,layout,0.8,2.0,5.0,False,0.9,True,35,14.105857133865356,40.96,83,34,49,
umeh_tsugma khyug_high quality,umeh_tsugma khyug_high quality - page 1,Modern,layout,0.8,2.5,2.5,True,0.1,True,8,14.109604597091675,39.52,124,49,75,
umeh_tsugma khyug_high quality,umeh_tsugma khyug_high quality - page 1,Modern,layout,0.8,2.5,2.5,True,0.25,True,8,14.611318826675415,39.52,124,49,75,
umeh_tsugma khyug_high quality,umeh_tsugma khyug_high quality - page 1,Modern,layout,0.8,2.5,2.5,True,0.5,True,8,14.037233352661133,39.52,124,49,75,
umeh_tsugma khyug_high quality,umeh_tsugma khyug_high quality - page 1,Modern,layout,0.8,2.5,2.5,True,0.9,True,8,14.448125123977661,39.52,124,49,75,
umeh_tsugma khyug_high quality,umeh_tsugma khyug_high quality - page 1,Modern,layout,0.8,2.5,2.5,False,0.1,True,35,16.089919090270996,61.76,136,84,52,
umeh_tsugma khyug_high quality,umeh_tsugma khyug_high quality - page 1,Modern,layout,0.8,2.5,2.5,False,0.25,True,35,17.602028608322144,61.76,136,84,52,
umeh_tsugma khyug_high quality,umeh_tsugma khyug_high quality - page 1,Modern,layout,0.8,2.5,2.5,False,0.5,True,35,16.13572859764099,61.76,136,84,52,
umeh_tsugma khyug_high quality,umeh_tsugma khyug_high quality - page 1,Modern,layout,0.8,2.5,2.5,False,0.9,True,35,16.207947731018066,61.76,136,84,52,
umeh_tsugma khyug_high quality,umeh_tsugma khyug_high quality - page 1,Modern,layout,0.8,2.5,3.5,True,0.1,True,8,11.775899887084961,37.17,113,42,71,
umeh_tsugma khyug_high quality,umeh_tsugma khyug_high quality - page 1,Modern,layout,0.8,2.5,3.5,True,0.25,True,8,11.756275177001953,37.17,113,42,71,
umeh_tsugma khyug_high quality,umeh_tsugma khyug_high quality - page 1,Modern,layout,0.8,2.5,3.5,True,0.5,True,8,11.722399950027466,37.17,113,42,71,
umeh_tsugma khyug_high quality,umeh_tsugma khyug_high quality - page 1,Modern,layout,0.8,2.5,3.5,True,0.9,True,8,11.779911756515503,37.17,113,42,71,
umeh_tsugma khyug_high quality,umeh_tsugma khyug_high quality - page 1,Modern,layout,0.8,2.5,3.5,False,0.1,True,35,15.235259532928467,42.72,103,44,59,
umeh_tsugma khyug_high quality,umeh_tsugma khyug_high quality - page 1,Modern,layout,0.8,2.5,3.5,False,0.25,True,35,14.792476415634155,42.72,103,44,59,
umeh_tsugma khyug_high quality,umeh_tsugma khyug_high quality - page 1,Modern,layout,0.8,2.5,3.5,False,0.5,True,35,15.25225043296814,42.72,103,44,59,
umeh_tsugma khyug_high quality,umeh_tsugma khyug_high quality - page 1,Modern,layout,0.8,2.5,3.5,False,0.9,True,35,14.775716066360474,42.72,103,44,59,
umeh_tsugma khyug_high quality,umeh_tsugma khyug_high quality - page 1,Modern,layout,0.8,2.5,4.0,True,0.1,True,8,12.292094707489014,42.0,100,42,58,
umeh_tsugma khyug_high quality,umeh_tsugma khyug_high quality - page 1,Modern,layout,0.8,2.5,4.0,True,0.25,True,8,12.129522800445557,42.0,100,42,58,
umeh_tsugma khyug_high quality,umeh_tsugma khyug_high quality - page 1,Modern,layout,0.8,2.5,4.0,True,0.5,True,8,14.101374387741089,42.0,100,42,58,
umeh_tsugma khyug_high quality,umeh_tsugma khyug_high quality - page 1,Modern,layout,0.8,2.5,4.0,True,0.9,True,8,11.965382099151611,42.0,100,42,58,
umeh_tsugma khyug_high quality,umeh_tsugma khyug_high quality - page 1,Modern,layout,0.8,2.5,4.0,False,0.1,True,35,14.915724992752075,41.94,93,39,54,
umeh_tsugma khyug_high quality,umeh_tsugma khyug_high quality - page 1,Modern,layout,0.8,2.5,4.0,False,0.25,True,35,14.620060920715332,41.94,93,39,54,
umeh_tsugma khyug_high quality,umeh_tsugma khyug_high quality - page 1,Modern,layout,0.8,2.5,4.0,False,0.5,True,35,14.175324440002441,41.94,93,39,54,
umeh_tsugma khyug_high quality,umeh_tsugma khyug_high quality - page 1,Modern,layout,0.8,2.5,4.0,False,0.9,True,35,14.561513662338257,41.94,93,39,54,
umeh_tsugma khyug_high quality,umeh_tsugma khyug_high quality - page 1,Modern,layout,0.8,2.5,5.0,True,0.1,True,8,11.028059482574463,54.76,84,46,38,
umeh_tsugma khyug_high quality,umeh_tsugma khyug_high quality - page 1,Modern,layout,0.8,2.5,5.0,True,0.25,True,8,11.007160902023315,54.76,84,46,38,
umeh_tsugma khyug_high quality,umeh_tsugma khyug_high quality - page 1,Modern,layout,0.8,2.5,5.0,True,0.5,True,8,12.348865270614624,54.76,84,46,38,
umeh_tsugma khyug_high quality,umeh_tsugma khyug_high quality - page 1,Modern,layout,0.8,2.5,5.0,True,0.9,True,8,10.59769082069397,54.76,84,46,38,
umeh_tsugma khyug_high quality,umeh_tsugma khyug_high quality - page 1,Modern,layout,0.8,2.5,5.0,False,0.1,True,35,14.48433232307434,48.1,79,38,41,
umeh_tsugma khyug_high quality,umeh_tsugma khyug_high quality - page 1,Modern,layout,0.8,2.5,5.0,False,0.25,True,35,14.428772211074829,48.1,79,38,41,
umeh_tsugma khyug_high quality,umeh_tsugma khyug_high quality - page 1,Modern,layout,0.8,2.5,5.0,False,0.5,True,35,14.477051019668579,48.1,79,38,41,
umeh_tsugma khyug_high quality,umeh_tsugma khyug_high quality - page 1,Modern,layout,0.8,2.5,5.0,False,0.9,True,35,14.477790832519531,48.1,79,38,41,
umeh_tsugma khyug_high quality,umeh_tsugma khyug_high quality - page 1,Modern,layout,0.8,3.0,2.5,True,0.1,True,8,14.777418375015259,39.02,123,48,75,
umeh_tsugma khyug_high quality,umeh_tsugma khyug_high quality - page 1,Modern,layout,0.8,3.0,2.5,True,0.25,True,8,14.703545093536377,39.02,123,48,75,
umeh_tsugma khyug_high quality,umeh_tsugma khyug_high quality - page 1,Modern,layout,0.8,3.0,2.5,True,0.5,True,8,14.272325992584229,39.02,123,48,75,
umeh_tsugma khyug_high quality,umeh_tsugma khyug_high quality - page 1,Modern,layout,0.8,3.0,2.5,True,0.9,True,8,14.694570779800415,39.02,123,48,75,
umeh_tsugma khyug_high quality,umeh_tsugma khyug_high quality - page 1,Modern,layout,0.8,3.0,2.5,False,0.1,True,35,16.972219467163086,62.04,137,85,52,
umeh_tsugma khyug_high quality,umeh_tsugma khyug_high quality - page 1,Modern,layout,0.8,3.0,2.5,False,0.25,True,35,15.81612515449524,62.04,137,85,52,
umeh_tsugma khyug_high quality,umeh_tsugma khyug_high quality - page 1,Modern,layout,0.8,3.0,2.5,False,0.5,True,35,16.29051113128662,62.04,137,85,52,
umeh_tsugma khyug_high quality,umeh_tsugma khyug_high quality - page 1,Modern,layout,0.8,3.0,2.5,False,0.9,True,35,15.908070802688599,62.04,137,85,52,
umeh_tsugma khyug_high quality,umeh_tsugma khyug_high quality - page 1,Modern,layout,0.8,3.0,3.5,True,0.1,True,8,13.168432712554932,36.61,112,41,71,
umeh_tsugma khyug_high quality,umeh_tsugma khyug_high quality - page 1,Modern,layout,0.8,3.0,3.5,True,0.25,True,8,12.482118129730225,36.61,112,41,71,
umeh_tsugma khyug_high quality,umeh_tsugma khyug_high quality - page 1,Modern,layout,0.8,3.0,3.5,True,0.5,True,8,12.051528215408325,36.61,112,41,71,
umeh_tsugma khyug_high quality,umeh_tsugma khyug_high quality - page 1,Modern,layout,0.8,3.0,3.5,True,0.9,True,8,12.071584463119507,36.61,112,41,71,
umeh_tsugma khyug_high quality,umeh_tsugma khyug_high quality - page 1,Modern,layout,0.8,3.0,3.5,False,0.1,True,35,15.049805879592896,42.72,103,44,59,
umeh_tsugma khyug_high quality,umeh_tsugma khyug_high quality - page 1,Modern,layout,0.8,3.0,3.5,False,0.25,True,35,15.422167778015137,42.72,103,44,59,
umeh_tsugma khyug_high quality,umeh_tsugma khyug_high quality - page 1,Modern,layout,0.8,3.0,3.5,False,0.5,True,35,15.17594289779663,42.72,103,44,59,
umeh_tsugma khyug_high quality,umeh_tsugma khyug_high quality - page 1,Modern,layout,0.8,3.0,3.5,False,0.9,True,35,15.306135416030884,42.72,103,44,59,
umeh_tsugma khyug_high quality,umeh_tsugma khyug_high quality - page 1,Modern,layout,0.8,3.0,4.0,True,0.1,True,8,11.995952367782593,41.41,99,41,58,
umeh_tsugma khyug_high quality,umeh_tsugma khyug_high quality - page 1,Modern,layout,0.8,3.0,4.0,True,0.25,True,8,12.45775556564331,41.41,99,41,58,
umeh_tsugma khyug_high quality,umeh_tsugma khyug_high quality - page 1,Modern,layout,0.8,3.0,4.0,True,0.5,True,8,12.03055477142334,41.41,99,41,58,
umeh_tsugma khyug_high quality,umeh_tsugma khyug_high quality - page 1,Modern,layout,0.8,3.0,4.0,True,0.9,True,8,12.140525341033936,41.41,99,41,58,
umeh_tsugma khyug_high quality,umeh_tsugma khyug_high quality - page 1,Modern,layout,0.8,3.0,4.0,False,0.1,True,35,14.694151401519775,41.94,93,39,54,
umeh_tsugma khyug_high quality,umeh_tsugma khyug_high quality - page 1,Modern,layout,0.8,3.0,4.0,False,0.25,True,35,14.309595346450806,41.94,93,39,54,
umeh_tsugma khyug_high quality,umeh_tsugma khyug_high quality - page 1,Modern,layout,0.8,3.0,4.0,False,0.5,True,35,14.711419343948364,41.94,93,39,54,
umeh_tsugma khyug_high quality,umeh_tsugma khyug_high quality - page 1,Modern,layout,0.8,3.0,4.0,False,0.9,True,35,16.640918731689453,41.94,93,39,54,
umeh_tsugma khyug_high quality,umeh_tsugma khyug_high quality - page 1,Modern,layout,0.8,3.0,5.0,True,0.1,True,8,10.788067817687988,54.76,84,46,38,
umeh_tsugma khyug_high quality,umeh_tsugma khyug_high quality - page 1,Modern,layout,0.8,3.0,5.0,True,0.25,True,8,11.263476610183716,54.76,84,46,38,
umeh_tsugma khyug_high quality,umeh_tsugma khyug_high quality - page 1,Modern,layout,0.8,3.0,5.0,True,0.5,True,8,11.573926448822021,54.76,84,46,38,
umeh_tsugma khyug_high quality,umeh_tsugma khyug_high quality - page 1,Modern,layout,0.8,3.0,5.0,True,0.9,True,8,11.5103018283844,54.76,84,46,38,
umeh_tsugma khyug_high quality,umeh_tsugma khyug_high quality - page 1,Modern,layout,0.8,3.0,5.0,False,0.1,True,35,17.02166724205017,48.1,79,38,41,
umeh_tsugma khyug_high quality,umeh_tsugma khyug_high quality - page 1,Modern,layout,0.8,3.0,5.0,False,0.25,True,35,14.778445959091187,48.1,79,38,41,
umeh_tsugma khyug_high quality,umeh_tsugma khyug_high quality - page 1,Modern,layout,0.8,3.0,5.0,False,0.5,True,35,14.674781084060669,48.1,79,38,41,
umeh_tsugma khyug_high quality,umeh_tsugma khyug_high quality - page 1,Modern,layout,0.8,3.0,5.0,False,0.9,True,35,14.66744089126587,48.1,79,38,41,
umeh_tsugma khyug_high quality,umeh_tsugma khyug_high quality - page 1,Modern,layout,0.9,2.0,2.5,True,0.1,True,8,14.630045413970947,39.52,124,49,75,
umeh_tsugma khyug_high quality,umeh_tsugma khyug_high quality - page 1,Modern,layout,0.9,2.0,2.5,True,0.25,True,8,14.751914262771606,39.52,124,49,75,
umeh_tsugma khyug_high quality,umeh_tsugma khyug_high quality - page 1,Modern,layout,0.9,2.0,2.5,True,0.5,True,8,14.286116123199463,39.52,124,49,75,
umeh_tsugma khyug_high quality,umeh_tsugma khyug_high quality - page 1,Modern,layout,0.9,2.0,2.5,True,0.9,True,8,13.815873622894287,39.52,124,49,75,
umeh_tsugma khyug_high quality,umeh_tsugma khyug_high quality - page 1,Modern,layout,0.9,2.0,2.5,False,0.1,True,35,15.906325817108154,61.76,136,84,52,
umeh_tsugma khyug_high quality,umeh_tsugma khyug_high quality - page 1,Modern,layout,0.9,2.0,2.5,False,0.25,True,35,15.457263231277466,61.76,136,84,52,
umeh_tsugma khyug_high quality,umeh_tsugma khyug_high quality - page 1,Modern,layout,0.9,2.0,2.5,False,0.5,True,35,16.012062549591064,61.76,136,84,52,
umeh_tsugma khyug_high quality,umeh_tsugma khyug_high quality - page 1,Modern,layout,0.9,2.0,2.5,False,0.9,True,35,15.502612829208374,61.76,136,84,52,
umeh_tsugma khyug_high quality,umeh_tsugma khyug_high quality - page 1,Modern,layout,0.9,2.0,3.5,True,0.1,True,8,11.627223491668701,37.17,113,42,71,
umeh_tsugma khyug_high quality,umeh_tsugma khyug_high quality - page 1,Modern,layout,0.9,2.0,3.5,True,0.25,True,8,11.591326713562012,37.17,113,42,71,
umeh_tsugma khyug_high quality,umeh_tsugma khyug_high quality - page 1,Modern,layout,0.9,2.0,3.5,True,0.5,True,8,12.097533941268921,37.17,113,42,71,
umeh_tsugma khyug_high quality,umeh_tsugma khyug_high quality - page 1,Modern,layout,0.9,2.0,3.5,True,0.9,True,8,11.663134813308716,37.17,113,42,71,
umeh_tsugma khyug_high quality,umeh_tsugma khyug_high quality - page 1,Modern,layout,0.9,2.0,3.5,False,0.1,True,35,14.716486692428589,42.72,103,44,59,
umeh_tsugma khyug_high quality,umeh_tsugma khyug_high quality - page 1,Modern,layout,0.9,2.0,3.5,False,0.25,True,35,15.14401626586914,42.72,103,44,59,
umeh_tsugma khyug_high quality,umeh_tsugma khyug_high quality - page 1,Modern,layout,0.9,2.0,3.5,False,0.5,True,35,14.731025457382202,42.72,103,44,59,
umeh_tsugma khyug_high quality,umeh_tsugma khyug_high quality - page 1,Modern,layout,0.9,2.0,3.5,False,0.9,True,35,15.043595314025879,42.72,103,44,59,
umeh_tsugma khyug_high quality,umeh_tsugma khyug_high quality - page 1,Modern,layout,0.9,2.0,4.0,True,0.1,True,8,11.744518280029297,42.0,100,42,58,
umeh_tsugma khyug_high quality,umeh_tsugma khyug_high quality - page 1,Modern,layout,0.9,2.0,4.0,True,0.25,True,8,11.759041547775269,42.0,100,42,58,
umeh_tsugma khyug_high quality,umeh_tsugma khyug_high quality - page 1,Modern,layout,0.9,2.0,4.0,True,0.5,True,8,11.779613971710205,42.0,100,42,58,
umeh_tsugma khyug_high quality,umeh_tsugma khyug_high quality - page 1,Modern,layout,0.9,2.0,4.0,True,0.9,True,8,13.692529916763306,42.0,100,42,58,
umeh_tsugma khyug_high quality,umeh_tsugma khyug_high quality - page 1,Modern,layout,0.9,2.0,4.0,False,0.1,True,35,15.243905067443848,41.94,93,39,54,
umeh_tsugma khyug_high quality,umeh_tsugma khyug_high quality - page 1,Modern,layout,0.9,2.0,4.0,False,0.25,True,35,14.364319324493408,41.94,93,39,54,
umeh_tsugma khyug_high quality,umeh_tsugma khyug_high quality - page 1,Modern,layout,0.9,2.0,4.0,False,0.5,True,35,14.421323776245117,41.94,93,39,54,
umeh_tsugma khyug_high quality,umeh_tsugma khyug_high quality - page 1,Modern,layout,0.9,2.0,4.0,False,0.9,True,35,14.017500400543213,41.94,93,39,54,
umeh_tsugma khyug_high quality,umeh_tsugma khyug_high quality - page 1,Modern,layout,0.9,2.0,5.0,True,0.1,True,8,10.953855752944946,48.81,84,41,43,
umeh_tsugma khyug_high quality,umeh_tsugma khyug_high quality - page 1,Modern,layout,0.9,2.0,5.0,True,0.25,True,8,12.200781106948853,48.81,84,41,43,
umeh_tsugma khyug_high quality,umeh_tsugma khyug_high quality - page 1,Modern,layout,0.9,2.0,5.0,True,0.5,True,8,11.76870322227478,48.81,84,41,43,
umeh_tsugma khyug_high quality,umeh_tsugma khyug_high quality - page 1,Modern,layout,0.9,2.0,5.0,True,0.9,True,8,10.67592191696167,48.81,84,41,43,
umeh_tsugma khyug_high quality,umeh_tsugma khyug_high quality - page 1,Modern,layout,0.9,2.0,5.0,False,0.1,True,35,14.197932958602905,40.96,83,34,49,
umeh_tsugma khyug_high quality,umeh_tsugma khyug_high quality - page 1,Modern,layout,0.9,2.0,5.0,False,0.25,True,35,14.0959951877594,40.96,83,34,49,
umeh_tsugma khyug_high quality,umeh_tsugma khyug_high quality - page 1,Modern,layout,0.9,2.0,5.0,False,0.5,True,35,14.093631505966187,40.96,83,34,49,
umeh_tsugma khyug_high quality,umeh_tsugma khyug_high quality - page 1,Modern,layout,0.9,2.0,5.0,False,0.9,True,35,14.124032497406006,40.96,83,34,49,
umeh_tsugma khyug_high quality,umeh_tsugma khyug_high quality - page 1,Modern,layout,0.9,2.5,2.5,True,0.1,True,8,14.08496642112732,39.52,124,49,75,
umeh_tsugma khyug_high quality,umeh_tsugma khyug_high quality - page 1,Modern,layout,0.9,2.5,2.5,True,0.25,True,8,14.579310894012451,39.52,124,49,75,
umeh_tsugma khyug_high quality,umeh_tsugma khyug_high quality - page 1,Modern,layout,0.9,2.5,2.5,True,0.5,True,8,16.59580636024475,39.52,124,49,75,
umeh_tsugma khyug_high quality,umeh_tsugma khyug_high quality - page 1,Modern,layout,0.9,2.5,2.5,True,0.9,True,8,14.111857414245605,39.52,124,49,75,
umeh_tsugma khyug_high quality,umeh_tsugma khyug_high quality - page 1,Modern,layout,0.9,2.5,2.5,False,0.1,True,35,16.270453929901123,61.76,136,84,52,
umeh_tsugma khyug_high quality,umeh_tsugma khyug_high quality - page 1,Modern,layout,0.9,2.5,2.5,False,0.25,True,35,15.781858444213867,61.76,136,84,52,
umeh_tsugma khyug_high quality,umeh_tsugma khyug_high quality - page 1,Modern,layout,0.9,2.5,2.5,False,0.5,True,35,15.765241861343384,61.76,136,84,52,
umeh_tsugma khyug_high quality,umeh_tsugma khyug_high quality - page 1,Modern,layout,0.9,2.5,2.5,False,0.9,True,35,16.2063410282135,61.76,136,84,52,
umeh_tsugma khyug_high quality,umeh_tsugma khyug_high quality - page 1,Modern,layout,0.9,2.5,3.5,True,0.1,True,8,11.810691595077515,37.17,113,42,71,
umeh_tsugma khyug_high quality,umeh_tsugma khyug_high quality - page 1,Modern,layout,0.9,2.5,3.5,True,0.25,True,8,11.979798555374146,37.17,113,42,71,
umeh_tsugma khyug_high quality,umeh_tsugma khyug_high quality - page 1,Modern,layout,0.9,2.5,3.5,True,0.5,True,8,11.780460357666016,37.17,113,42,71,
umeh_tsugma khyug_high quality,umeh_tsugma khyug_high quality - page 1,Modern,layout,0.9,2.5,3.5,True,0.9,True,8,11.81126618385315,37.17,113,42,71,
umeh_tsugma khyug_high quality,umeh_tsugma khyug_high quality - page 1,Modern,layout,0.9,2.5,3.5,False,0.1,True,35,15.204605340957642,42.72,103,44,59,
umeh_tsugma khyug_high quality,umeh_tsugma khyug_high quality - page 1,Modern,layout,0.9,2.5,3.5,False,0.25,True,35,14.853722095489502,42.72,103,44,59,
umeh_tsugma khyug_high quality,umeh_tsugma khyug_high quality - page 1,Modern,layout,0.9,2.5,3.5,False,0.5,True,35,15.182531595230103,42.72,103,44,59,
umeh_tsugma khyug_high quality,umeh_tsugma khyug_high quality - page 1,Modern,layout,0.9,2.5,3.5,False,0.9,True,35,14.799132823944092,42.72,103,44,59,
umeh_tsugma khyug_high quality,umeh_tsugma khyug_high quality - page 1,Modern,layout,0.9,2.5,4.0,True,0.1,True,8,12.762876510620117,42.0,100,42,58,
umeh_tsugma khyug_high quality,umeh_tsugma khyug_high quality - page 1,Modern,layout,0.9,2.5,4.0,True,0.25,True,8,11.97314453125,42.0,100,42,58,
umeh_tsugma khyug_high quality,umeh_tsugma khyug_high quality - page 1,Modern,layout,0.9,2.5,4.0,True,0.5,True,8,12.121449947357178,42.0,100,42,58,
umeh_tsugma khyug_high quality,umeh_tsugma khyug_high quality - page 1,Modern,layout,0.9,2.5,4.0,True,0.9,True,8,11.913453578948975,42.0,100,42,58,
umeh_tsugma khyug_high quality,umeh_tsugma khyug_high quality - page 1,Modern,layout,0.9,2.5,4.0,False,0.1,True,35,14.55109691619873,41.94,93,39,54,
umeh_tsugma khyug_high quality,umeh_tsugma khyug_high quality - page 1,Modern,layout,0.9,2.5,4.0,False,0.25,True,35,14.563537359237671,41.94,93,39,54,
umeh_tsugma khyug_high quality,umeh_tsugma khyug_high quality - page 1,Modern,layout,0.9,2.5,4.0,False,0.5,True,35,14.232071876525879,41.94,93,39,54,
umeh_tsugma khyug_high quality,umeh_tsugma khyug_high quality - page 1,Modern,layout,0.9,2.5,4.0,False,0.9,True,35,14.576666593551636,41.94,93,39,54,
umeh_tsugma khyug_high quality,umeh_tsugma khyug_high quality - page 1,Modern,layout,0.9,2.5,5.0,True,0.1,True,8,11.473304986953735,54.76,84,46,38,
umeh_tsugma khyug_high quality,umeh_tsugma khyug_high quality - page 1,Modern,layout,0.9,2.5,5.0,True,0.25,True,8,11.04763412475586,54.76,84,46,38,
umeh_tsugma khyug_high quality,umeh_tsugma khyug_high quality - page 1,Modern,layout,0.9,2.5,5.0,True,0.5,True,8,11.098073482513428,54.76,84,46,38,
umeh_tsugma khyug_high quality,umeh_tsugma khyug_high quality - page 1,Modern,layout,0.9,2.5,5.0,True,0.9,True,8,10.662742614746094,54.76,84,46,38,
umeh_tsugma khyug_high quality,umeh_tsugma khyug_high quality - page 1,Modern,layout,0.9,2.5,5.0,False,0.1,True,35,14.452680587768555,48.1,79,38,41,
umeh_tsugma khyug_high quality,umeh_tsugma khyug_high quality - page 1,Modern,layout,0.9,2.5,5.0,False,0.25,True,35,14.888942003250122,48.1,79,38,41,
umeh_tsugma khyug_high quality,umeh_tsugma khyug_high quality - page 1,Modern,layout,0.9,2.5,5.0,False,0.5,True,35,14.478571653366089,48.1,79,38,41,
umeh_tsugma khyug_high quality,umeh_tsugma khyug_high quality - page 1,Modern,layout,0.9,2.5,5.0,False,0.9,True,35,14.50911545753479,48.1,79,38,41,
umeh_tsugma khyug_high quality,umeh_tsugma khyug_high quality - page 1,Modern,layout,0.9,3.0,2.5,True,0.1,True,8,14.340290069580078,39.02,123,48,75,
umeh_tsugma khyug_high quality,umeh_tsugma khyug_high quality - page 1,Modern,layout,0.9,3.0,2.5,True,0.25,True,8,14.683995246887207,39.02,123,48,75,
umeh_tsugma khyug_high quality,umeh_tsugma khyug_high quality - page 1,Modern,layout,0.9,3.0,2.5,True,0.5,True,8,14.25163745880127,39.02,123,48,75,
umeh_tsugma khyug_high quality,umeh_tsugma khyug_high quality - page 1,Modern,layout,0.9,3.0,2.5,True,0.9,True,8,14.724551439285278,39.02,123,48,75,
umeh_tsugma khyug_high quality,umeh_tsugma khyug_high quality - page 1,Modern,layout,0.9,3.0,2.5,False,0.1,True,35,15.874220848083496,62.04,137,85,52,
umeh_tsugma khyug_high quality,umeh_tsugma khyug_high quality - page 1,Modern,layout,0.9,3.0,2.5,False,0.25,True,35,16.363544464111328,62.04,137,85,52,
umeh_tsugma khyug_high quality,umeh_tsugma khyug_high quality - page 1,Modern,layout,0.9,3.0,2.5,False,0.5,True,35,15.976294994354248,62.04,137,85,52,
umeh_tsugma khyug_high quality,umeh_tsugma khyug_high quality - page 1,Modern,layout,0.9,3.0,2.5,False,0.9,True,35,16.489798545837402,62.04,137,85,52,
umeh_tsugma khyug_high quality,umeh_tsugma khyug_high quality - page 1,Modern,layout,0.9,3.0,3.5,True,0.1,True,8,12.074044704437256,36.61,112,41,71,
umeh_tsugma khyug_high quality,umeh_tsugma khyug_high quality - page 1,Modern,layout,0.9,3.0,3.5,True,0.25,True,8,12.19874906539917,36.61,112,41,71,
umeh_tsugma khyug_high quality,umeh_tsugma khyug_high quality - page 1,Modern,layout,0.9,3.0,3.5,True,0.5,True,8,12.09324026107788,36.61,112,41,71,
umeh_tsugma khyug_high quality,umeh_tsugma khyug_high quality - page 1,Modern,layout,0.9,3.0,3.5,True,0.9,True,8,12.144032716751099,36.61,112,41,71,
umeh_tsugma khyug_high quality,umeh_tsugma khyug_high quality - page 1,Modern,layout,0.9,3.0,3.5,False,0.1,True,35,15.46234130859375,42.72,103,44,59,
umeh_tsugma khyug_high quality,umeh_tsugma khyug_high quality - page 1,Modern,layout,0.9,3.0,3.5,False,0.25,True,35,14.994343280792236,42.72,103,44,59,
umeh_tsugma khyug_high quality,umeh_tsugma khyug_high quality - page 1,Modern,layout,0.9,3.0,3.5,False,0.5,True,35,15.463095664978027,42.72,103,44,59,
umeh_tsugma khyug_high quality,umeh_tsugma khyug_high quality - page 1,Modern,layout,0.9,3.0,3.5,False,0.9,True,35,15.010040044784546,42.72,103,44,59,
umeh_tsugma khyug_high quality,umeh_tsugma khyug_high quality - page 1,Modern,layout,0.9,3.0,4.0,True,0.1,True,8,12.226203441619873,41.41,99,41,58,
umeh_tsugma khyug_high quality,umeh_tsugma khyug_high quality - page 1,Modern,layout,0.9,3.0,4.0,True,0.25,True,8,12.530710935592651,41.41,99,41,58,
umeh_tsugma khyug_high quality,umeh_tsugma khyug_high quality - page 1,Modern,layout,0.9,3.0,4.0,True,0.5,True,8,12.140789031982422,41.41,99,41,58,
umeh_tsugma khyug_high quality,umeh_tsugma khyug_high quality - page 1,Modern,layout,0.9,3.0,4.0,True,0.9,True,8,12.128415822982788,41.41,99,41,58,
umeh_tsugma khyug_high quality,umeh_tsugma khyug_high quality - page 1,Modern,layout,0.9,3.0,4.0,False,0.1,True,35,17.31948471069336,41.94,93,39,54,
umeh_tsugma khyug_high quality,umeh_tsugma khyug_high quality - page 1,Modern,layout,0.9,3.0,4.0,False,0.25,True,35,14.380839109420776,41.94,93,39,54,
umeh_tsugma khyug_high quality,umeh_tsugma khyug_high quality - page 1,Modern,layout,0.9,3.0,4.0,False,0.5,True,35,14.661054849624634,41.94,93,39,54,
umeh_tsugma khyug_high quality,umeh_tsugma khyug_high quality - page 1,Modern,layout,0.9,3.0,4.0,False,0.9,True,35,14.701077461242676,41.94,93,39,54,
umeh_tsugma khyug_high quality,umeh_tsugma khyug_high quality - page 1,Modern,layout,0.9,3.0,5.0,True,0.1,True,8,11.131224632263184,54.76,84,46,38,
umeh_tsugma khyug_high quality,umeh_tsugma khyug_high quality - page 1,Modern,layout,0.9,3.0,5.0,True,0.25,True,8,10.815726280212402,54.76,84,46,38,
umeh_tsugma khyug_high quality,umeh_tsugma khyug_high quality - page 1,Modern,layout,0.9,3.0,5.0,True,0.5,True,8,11.159354209899902,54.76,84,46,38,
umeh_tsugma khyug_high quality,umeh_tsugma khyug_high quality - page 1,Modern,layout,0.9,3.0,5.0,True,0.9,True,8,11.277615785598755,54.76,84,46,38,
umeh_tsugma khyug_high quality,umeh_tsugma khyug_high quality - page 1,Modern,layout,0.9,3.0,5.0,False,0.1,True,35,14.661402463912964,48.1,79,38,41,
umeh_tsugma khyug_high quality,umeh_tsugma khyug_high quality - page 1,Modern,layout,0.9,3.0,5.0,False,0.25,True,35,14.642452955245972,48.1,79,38,41,
umeh_tsugma khyug_high quality,umeh_tsugma khyug_high quality - page 1,Modern,layout,0.9,3.0,5.0,False,0.5,True,35,14.668703317642212,48.1,79,38,41,
umeh_tsugma khyug_high quality,umeh_tsugma khyug_high quality - page 1,Modern,layout,0.9,3.0,5.0,False,0.9,True,35,14.68131136894226,48.1,79,38,41,
umeh_tsugma khyug_high quality,umeh_tsugma khyug_high quality - page 2,Ume_Druma,line,0.7,2.5,2.5,True,0.1,True,9,9.89803957939148,58.06,62,36,26,
umeh_tsugma khyug_high quality,umeh_tsugma khyug_high quality - page 2,Ume_Druma,line,0.7,2.5,2.5,False,0.1,True,18,10.190400123596191,59.02,61,36,25,
umeh_tsugma khyug_high quality,umeh_tsugma khyug_high quality - page 2,Ume_Druma,line,0.7,2.5,3.5,True,0.1,True,9,8.220613241195679,55.22,67,37,30,
umeh_tsugma khyug_high quality,umeh_tsugma khyug_high quality - page 2,Ume_Druma,line,0.7,2.5,3.5,False,0.1,True,18,10.6881582736969,51.52,66,34,32,
umeh_tsugma khyug_high quality,umeh_tsugma khyug_high quality - page 2,Ume_Druma,line,0.7,3.0,2.5,True,0.1,True,9,8.328569650650024,58.06,62,36,26,
umeh_tsugma khyug_high quality,umeh_tsugma khyug_high quality - page 2,Ume_Druma,line,0.7,3.0,2.5,False,0.1,True,18,10.980257511138916,59.02,61,36,25,
umeh_tsugma khyug_high quality,umeh_tsugma khyug_high quality - page 2,Ume_Druma,line,0.7,3.0,3.5,True,0.1,True,9,8.959270000457764,55.22,67,37,30,
umeh_tsugma khyug_high quality,umeh_tsugma khyug_high quality - page 2,Ume_Druma,line,0.7,3.0,3.5,False,0.1,True,18,11.089857578277588,51.52,66,34,32,
umeh_tsugma khyug_high quality,umeh_tsugma khyug_high quality - page 2,Ume_Druma,layout,0.7,2.5,2.5,True,0.1,True,3,7.434894561767578,57.63,59,34,25,
umeh_tsugma khyug_high quality,umeh_tsugma khyug_high quality - page 2,Ume_Druma,layout,0.7,2.5,2.5,False,0.1,True,14,11.041348218917847,35.19,54,19,35,
umeh_tsugma khyug_high quality,umeh_tsugma khyug_high quality - page 2,Ume_Druma,layout,0.7,2.5,3.5,True,0.1,True,3,7.394017219543457,55.38,65,36,29,
umeh_tsugma khyug_high quality,umeh_tsugma khyug_high quality - page 2,Ume_Druma,layout,0.7,2.5,3.5,False,0.1,True,14,10.039237260818481,46.97,66,31,35,
umeh_tsugma khyug_high quality,umeh_tsugma khyug_high quality - page 2,Ume_Druma,layout,0.7,3.0,2.5,True,0.1,True,3,7.948476791381836,51.61,62,32,30,
umeh_tsugma khyug_high quality,umeh_tsugma khyug_high quality - page 2,Ume_Druma,layout,0.7,3.0,2.5,False,0.1,True,14,10.982773542404175,35.85,53,19,34,
umeh_tsugma khyug_high quality,umeh_tsugma khyug_high quality - page 2,Ume_Druma,layout,0.7,3.0,3.5,True,0.1,True,3,8.226480484008789,50.0,68,34,34,
umeh_tsugma khyug_high quality,umeh_tsugma khyug_high quality - page 2,Ume_Druma,layout,0.7,3.0,3.5,False,0.1,True,14,10.611477375030518,46.15,65,30,35,
umeh_tsugma khyug_high quality,umeh_tsugma khyug_high quality - page 2,Ume_Petsuk,line,0.7,2.5,2.5,True,0.1,True,9,9.550933361053467,55.38,65,36,29,
umeh_tsugma khyug_high quality,umeh_tsugma khyug_high quality - page 2,Ume_Petsuk,line,0.7,2.5,2.5,False,0.1,True,18,11.742418766021729,57.63,59,34,25,
umeh_tsugma khyug_high quality,umeh_tsugma khyug_high quality - page 2,Ume_Petsuk,line,0.7,2.5,3.5,True,0.1,True,9,9.044346570968628,46.03,63,29,34,
umeh_tsugma khyug_high quality,umeh_tsugma khyug_high quality - page 2,Ume_Petsuk,line,0.7,2.5,3.5,False,0.1,True,18,11.16044306755066,46.03,63,29,34,
umeh_tsugma khyug_high quality,umeh_tsugma khyug_high quality - page 2,Ume_Petsuk,line,0.7,3.0,2.5,True,0.1,True,9,9.736961364746094,55.38,65,36,29,
umeh_tsugma khyug_high quality,umeh_tsugma khyug_high quality - page 2,Ume_Petsuk,line,0.7,3.0,2.5,False,0.1,True,18,11.902962684631348,57.63,59,34,25,
umeh_tsugma khyug_high quality,umeh_tsugma khyug_high quality - page 2,Ume_Petsuk,line,0.7,3.0,3.5,True,0.1,True,9,9.577981948852539,46.03,63,29,34,
umeh_tsugma khyug_high quality,umeh_tsugma khyug_high quality - page 2,Ume_Petsuk,line,0.7,3.0,3.5,False,0.1,True,18,11.647956609725952,46.03,63,29,34,
umeh_tsugma khyug_high quality,umeh_tsugma khyug_high quality - page 2,Ume_Petsuk,layout,0.7,2.5,2.5,True,0.1,True,3,8.048054695129395,51.67,60,31,29,
umeh_tsugma khyug_high quality,umeh_tsugma khyug_high quality - page 2,Ume_Petsuk,layout,0.7,2.5,2.5,False,0.1,True,14,12.700372695922852,36.21,58,21,37,
umeh_tsugma khyug_high quality,umeh_tsugma khyug_high quality - page 2,Ume_Petsuk,layout,0.7,2.5,3.5,True,0.1,True,3,7.721487998962402,40.91,66,27,39,
umeh_tsugma khyug_high quality,umeh_tsugma khyug_high quality - page 2,Ume_Petsuk,layout,0.7,2.5,3.5,False,0.1,True,14,11.27937626838684,44.78,67,30,37,
umeh_tsugma khyug_high quality,umeh_tsugma khyug_high quality - page 2,Ume_Petsuk,layout,0.7,3.0,2.5,True,0.1,True,3,8.793169736862183,50.0,62,31,31,
umeh_tsugma khyug_high quality,umeh_tsugma khyug_high quality - page 2,Ume_Petsuk,layout,0.7,3.0,2.5,False,0.1,True,14,13.20654821395874,35.59,59,21,38,
umeh_tsugma khyug_high quality,umeh_tsugma khyug_high quality - page 2,Ume_Petsuk,layout,0.7,3.0,3.5,True,0.1,True,3,8.7443208694458,41.79,67,28,39,
umeh_tsugma khyug_high quality,umeh_tsugma khyug_high quality - page 2,Ume_Petsuk,layout,0.7,3.0,3.5,False,0.1,True,14,9.834301233291626,42.65,68,29,39,
umeh_tsugma khyug_high quality,umeh_tsugma khyug_high quality - page 2,Modern,line,0.7,2.5,2.5,True,0.1,True,9,12.306595802307129,54.17,72,39,33,
umeh_tsugma khyug_high quality,umeh_tsugma khyug_high quality - page 2,Modern,line,0.7,2.5,2.5,False,0.1,True,18,12.56102466583252,50.79,63,32,31,
umeh_tsugma khyug_high quality,umeh_tsugma khyug_high quality - page 2,Modern,line,0.7,2.5,3.5,True,0.1,True,9,10.313430309295654,49.12,57,28,29,
umeh_tsugma khyug_high quality,umeh_tsugma khyug_high quality - page 2,Modern,line,0.7,2.5,3.5,False,0.1,True,18,10.667273759841919,48.98,49,24,25,
umeh_tsugma khyug_high quality,umeh_tsugma khyug_high quality - page 2,Modern,line,0.7,3.0,2.5,True,0.1,True,9,11.254594087600708,54.29,70,38,32,
umeh_tsugma khyug_high quality,umeh_tsugma khyug_high quality - page 2,Modern,line,0.7,3.0,2.5,False,0.1,True,18,12.172518730163574,50.82,61,31,30,
umeh_tsugma khyug_high quality,umeh_tsugma khyug_high quality - page 2,Modern,line,0.7,3.0,3.5,True,0.1,True,9,10.517896175384521,49.12,57,28,29,
umeh_tsugma khyug_high quality,umeh_tsugma khyug_high quality - page 2,Modern,line,0.7,3.0,3.5,False,0.1,True,18,10.891407489776611,48.98,49,24,25,
umeh_tsugma khyug_high quality,umeh_tsugma khyug_high quality - page 2,Modern,layout,0.7,2.5,2.5,True,0.1,True,3,7.863409042358398,43.86,57,25,32,
umeh_tsugma khyug_high quality,umeh_tsugma khyug_high quality - page 2,Modern,layout,0.7,2.5,2.5,False,0.1,True,14,8.955269813537598,46.34,41,19,22,
umeh_tsugma khyug_high quality,umeh_tsugma khyug_high quality - page 2,Modern,layout,0.7,2.5,3.5,True,0.1,True,3,6.983321666717529,38.46,39,15,24,
umeh_tsugma khyug_high quality,umeh_tsugma khyug_high quality - page 2,Modern,layout,0.7,2.5,3.5,False,0.1,True,14,7.935766935348511,46.15,39,18,21,
umeh_tsugma khyug_high quality,umeh_tsugma khyug_high quality - page 2,Modern,layout,0.7,3.0,2.5,True,0.1,True,3,9.261409521102905,43.86,57,25,32,
umeh_tsugma khyug_high quality,umeh_tsugma khyug_high quality - page 2,Modern,layout,0.7,3.0,2.5,False,0.1,True,14,10.747610092163086,42.11,38,16,22,
umeh_tsugma khyug_high quality,umeh_tsugma khyug_high quality - page 2,Modern,layout,0.7,3.0,3.5,True,0.1,True,3,7.148834943771362,39.47,38,15,23,
umeh_tsugma khyug_high quality,umeh_tsugma khyug_high quality - page 2,Modern,layout,0.7,3.0,3.5,False,0.1,True,14,8.063636302947998,43.59,39,17,22,
umeh_tsugma khyug_high quality,umeh_tsugma khyug_high quality - page 3,Ume_Druma,line,0.7,2.5,2.5,True,0.1,True,4,3.988247871398926,80.95,21,17,4,
umeh_tsugma khyug_high quality,umeh_tsugma khyug_high quality - page 3,Ume_Druma,line,0.7,2.5,2.5,False,0.1,True,5,6.274923801422119,55.56,18,10,8,
umeh_tsugma khyug_high quality,umeh_tsugma khyug_high quality - page 3,Ume_Druma,line,0.7,2.5,3.5,True,0.1,True,4,4.744874715805054,64.29,14,9,5,
umeh_tsugma khyug_high quality,umeh_tsugma khyug_high quality - page 3,Ume_Druma,line,0.7,2.5,3.5,False,0.1,True,5,3.901674270629883,53.33,15,8,7,
umeh_tsugma khyug_high quality,umeh_tsugma khyug_high quality - page 3,Ume_Druma,line,0.7,3.0,2.5,True,0.1,True,4,4.088514804840088,80.95,21,17,4,
umeh_tsugma khyug_high quality,umeh_tsugma khyug_high quality - page 3,Ume_Druma,line,0.7,3.0,2.5,False,0.1,True,5,4.264031410217285,55.56,18,10,8,
umeh_tsugma khyug_high quality,umeh_tsugma khyug_high quality - page 3,Ume_Druma,line,0.7,3.0,3.5,True,0.1,True,4,3.881159543991089,69.23,13,9,4,
umeh_tsugma khyug_high quality,umeh_tsugma khyug_high quality - page 3,Ume_Druma,line,0.7,3.0,3.5,False,0.1,True,5,4.336012840270996,57.14,14,8,6,
umeh_tsugma khyug_high quality,umeh_tsugma khyug_high quality - page 3,Ume_Druma,layout,0.7,2.5,2.5,True,0.1,True,1,3.549621343612671,63.64,11,7,4,
umeh_tsugma khyug_high quality,umeh_tsugma khyug_high quality - page 3,Ume_Druma,layout,0.7,2.5,2.5,False,0.1,True,3,4.079922437667847,57.14,14,8,6,
umeh_tsugma khyug_high quality,umeh_tsugma khyug_high quality - page 3,Ume_Druma,layout,0.7,2.5,3.5,True,0.1,True,1,3.525022268295288,54.55,11,6,5,
umeh_tsugma khyug_high quality,umeh_tsugma khyug_high quality - page 3,Ume_Druma,layout,0.7,2.5,3.5,False,0.1,True,3,3.895474433898926,60.0,10,6,4,
umeh_tsugma khyug_high quality,umeh_tsugma khyug_high quality - page 3,Ume_Druma,layout,0.7,3.0,2.5,True,0.1,True,1,3.592846393585205,75.0,16,12,4,
umeh_tsugma khyug_high quality,umeh_tsugma khyug_high quality - page 3,Ume_Druma,layout,0.7,3.0,2.5,False,0.1,True,3,4.239724397659302,71.43,14,10,4,
umeh_tsugma khyug_high quality,umeh_tsugma khyug_high quality - page 3,Ume_Druma,layout,0.7,3.0,3.5,True,0.1,True,1,3.5570263862609863,75.0,16,12,4,
umeh_tsugma khyug_high quality,umeh_tsugma khyug_high quality - page 3,Ume_Druma,layout,0.7,3.0,3.5,False,0.1,True,3,4.219074010848999,63.64,11,7,4,
umeh_tsugma khyug_high quality,umeh_tsugma khyug_high quality - page 3,Ume_Petsuk,line,0.7,2.5,2.5,True,0.1,True,4,4.432842969894409,25.0,8,2,6,
umeh_tsugma khyug_high quality,umeh_tsugma khyug_high quality - page 3,Ume_Petsuk,line,0.7,2.5,2.5,False,0.1,True,5,4.710706472396851,43.75,16,7,9,
umeh_tsugma khyug_high quality,umeh_tsugma khyug_high quality - page 3,Ume_Petsuk,line,0.7,2.5,3.5,True,0.1,True,4,3.959754467010498,71.43,14,10,4,
umeh_tsugma khyug_high quality,umeh_tsugma khyug_high quality - page 3,Ume_Petsuk,line,0.7,2.5,3.5,False,0.1,True,5,4.214950084686279,61.54,13,8,5,
umeh_tsugma khyug_high quality,umeh_tsugma khyug_high quality - page 3,Ume_Petsuk,line,0.7,3.0,2.5,True,0.1,True,4,4.56246542930603,12.5,8,1,7,
umeh_tsugma khyug_high quality,umeh_tsugma khyug_high quality - page 3,Ume_Petsuk,line,0.7,3.0,2.5,False,0.1,True,5,4.848213195800781,47.06,17,8,9,
umeh_tsugma khyug_high quality,umeh_tsugma khyug_high quality - page 3,Ume_Petsuk,line,0.7,3.0,3.5,True,0.1,True,4,4.177583932876587,71.43,14,10,4,
umeh_tsugma khyug_high quality,umeh_tsugma khyug_high quality - page 3,Ume_Petsuk,line,0.7,3.0,3.5,False,0.1,True,5,4.416275978088379,61.54,13,8,5,
umeh_tsugma khyug_high quality,umeh_tsugma khyug_high quality - page 3,Ume_Petsuk,layout,0.7,2.5,2.5,True,0.1,True,1,3.8322842121124268,69.23,13,9,4,
umeh_tsugma khyug_high quality,umeh_tsugma khyug_high quality - page 3,Ume_Petsuk,layout,0.7,2.5,2.5,False,0.1,True,3,4.3157875537872314,71.43,14,10,4,
umeh_tsugma khyug_high quality,umeh_tsugma khyug_high quality - page 3,Ume_Petsuk,layout,0.7,2.5,3.5,True,0.1,True,1,3.6073145866394043,53.85,13,7,6,
umeh_tsugma khyug_high quality,umeh_tsugma khyug_high quality - page 3,Ume_Petsuk,layout,0.7,2.5,3.5,False,0.1,True,3,4.053814649581909,69.23,13,9,4,
umeh_tsugma khyug_high quality,umeh_tsugma khyug_high quality - page 3,Ume_Petsuk,layout,0.7,3.0,2.5,True,0.1,True,1,3.7539985179901123,57.14,14,8,6,
umeh_tsugma khyug_high quality,umeh_tsugma khyug_high quality - page 3,Ume_Petsuk,layout,0.7,3.0,2.5,False,0.1,True,3,4.519976854324341,64.29,14,9,5,
umeh_tsugma khyug_high quality,umeh_tsugma khyug_high quality - page 3,Ume_Petsuk,layout,0.7,3.0,3.5,True,0.1,True,1,3.7770371437072754,57.14,14,8,6,
umeh_tsugma khyug_high quality,umeh_tsugma khyug_high quality - page 3,Ume_Petsuk,layout,0.7,3.0,3.5,False,0.1,True,3,4.254038333892822,69.23,13,9,4,
umeh_tsugma khyug_high quality,umeh_tsugma khyug_high quality - page 3,Modern,line,0.7,2.5,2.5,True,0.1,True,4,4.546668291091919,53.85,13,7,6,
umeh_tsugma khyug_high quality,umeh_tsugma khyug_high quality - page 3,Modern,line,0.7,2.5,2.5,False,0.1,True,5,4.684083700180054,77.78,9,7,2,
umeh_tsugma khyug_high quality,umeh_tsugma khyug_high quality - page 3,Modern,line,0.7,2.5,3.5,True,0.1,True,4,4.413378477096558,40.0,10,4,6,
umeh_tsugma khyug_high quality,umeh_tsugma khyug_high quality - page 3,Modern,line,0.7,2.5,3.5,False,0.1,True,5,4.546802997589111,58.33,12,7,5,
umeh_tsugma khyug_high quality,umeh_tsugma khyug_high quality - page 3,Modern,line,0.7,3.0,2.5,True,0.1,True,4,4.756223201751709,53.85,13,7,6,
umeh_tsugma khyug_high quality,umeh_tsugma khyug_high quality - page 3,Modern,line,0.7,3.0,2.5,False,0.1,True,5,5.282702445983887,77.78,9,7,2,
umeh_tsugma khyug_high quality,umeh_tsugma khyug_high quality - page 3,Modern,line,0.7,3.0,3.5,True,0.1,True,4,4.558812141418457,45.45,11,5,6,
umeh_tsugma khyug_high quality,umeh_tsugma khyug_high quality - page 3,Modern,line,0.7,3.0,3.5,False,0.1,True,5,4.767428398132324,61.54,13,8,5,
umeh_tsugma khyug_high quality,umeh_tsugma khyug_high quality - page 3,Modern,layout,0.7,2.5,2.5,True,0.1,True,1,3.9697725772857666,27.27,11,3,8,
umeh_tsugma khyug_high quality,umeh_tsugma khyug_high quality - page 3,Modern,layout,0.7,2.5,2.5,False,0.1,True,3,4.386110067367554,33.33,9,3,6,
umeh_tsugma khyug_high quality,umeh_tsugma khyug_high quality - page 3,Modern,layout,0.7,2.5,3.5,True,0.1,True,1,4.0214807987213135,10.0,10,1,9,
umeh_tsugma khyug_high quality,umeh_tsugma khyug_high quality - page 3,Modern,layout,0.7,2.5,3.5,False,0.1,True,3,4.259473562240601,36.36,11,4,7,
umeh_tsugma khyug_high quality,umeh_tsugma khyug_high quality - page 3,Modern,layout,0.7,3.0,2.5,True,0.1,True,1,3.97515869140625,46.15,13,6,7,
umeh_tsugma khyug_high quality,umeh_tsugma khyug_high quality - page 3,Modern,layout,0.7,3.0,2.5,False,0.1,True,3,4.604799747467041,40.0,10,4,6,
umeh_tsugma khyug_high quality,umeh_tsugma khyug_high quality - page 3,Modern,layout,0.7,3.0,3.5,True,0.1,True,1,3.88354754447937,46.15,13,6,7,
umeh_tsugma khyug_high quality,umeh_tsugma khyug_high quality - page 3,Modern,layout,0.7,3.0,3.5,False,0.1,True,3,4.429330587387085,45.45,11,5,6,
