file_name,image_name,ocr_model_name,line_mode,class_threshold,k_factor,bbox_tolerance,merge_lines,tps_threshold,success,num_lines_detected,processing_time,quality_score,total_tokens,valid_tokens,invalid_tokens,error
umeh_drutsa_high quality,umeh_drutsa_high quality - page 1,Ume_Druma,line,0.7,2.0,2.5,True,0.1,True,15,26.971911191940308,35.94,64,23,41,
umeh_drutsa_high quality,umeh_drutsa_high quality - page 1,Ume_Druma,line,0.7,2.0,2.5,True,0.25,True,15,25.85308027267456,35.94,64,23,41,
umeh_drutsa_high quality,umeh_drutsa_high quality - page 1,Ume_Druma,line,0.7,2.0,2.5,True,0.5,True,15,26.711976051330566,35.94,64,23,41,
umeh_drutsa_high quality,umeh_drutsa_high quality - page 1,Ume_Druma,line,0.7,2.0,2.5,True,0.9,True,15,26.01793909072876,35.94,64,23,41,
umeh_drutsa_high quality,umeh_drutsa_high quality - page 1,Ume_Druma,line,0.7,2.0,2.5,False,0.1,True,22,30.21427083015442,32.04,103,33,70,
umeh_drutsa_high quality,umeh_drutsa_high quality - page 1,Ume_Druma,line,0.7,2.0,2.5,False,0.25,True,22,30.933175563812256,32.04,103,33,70,
umeh_drutsa_high quality,umeh_drutsa_high quality - page 1,Ume_Druma,line,0.7,2.0,2.5,False,0.5,True,22,30.05554938316345,32.04,103,33,70,
umeh_drutsa_high quality,umeh_drutsa_high quality - page 1,Ume_Druma,line,0.7,2.0,2.5,False,0.9,True,22,30.76739454269409,32.04,103,33,70,
umeh_drutsa_high quality,umeh_drutsa_high quality - page 1,Ume_Druma,line,0.7,2.0,3.5,True,0.1,True,15,24.745671033859253,25.0,52,13,39,
umeh_drutsa_high quality,umeh_drutsa_high quality - page 1,Ume_Druma,line,0.7,2.0,3.5,True,0.25,True,15,24.756429195404053,25.0,52,13,39,
umeh_drutsa_high quality,umeh_drutsa_high quality - page 1,Ume_Druma,line,0.7,2.0,3.5,True,0.5,True,15,25.47958779335022,25.0,52,13,39,
umeh_drutsa_high quality,umeh_drutsa_high quality - page 1,Ume_Druma,line,0.7,2.0,3.5,True,0.9,True,15,24.559551239013672,25.0,52,13,39,
umeh_drutsa_high quality,umeh_drutsa_high quality - page 1,Ume_Druma,line,0.7,2.0,3.5,False,0.1,True,22,30.04649829864502,26.44,87,23,64,
umeh_drutsa_high quality,umeh_drutsa_high quality - page 1,Ume_Druma,line,0.7,2.0,3.5,False,0.25,True,22,28.90559411048889,26.44,87,23,64,
umeh_drutsa_high quality,umeh_drutsa_high quality - page 1,Ume_Druma,line,0.7,2.0,3.5,False,0.5,True,22,29.42662811279297,26.44,87,23,64,
umeh_drutsa_high quality,umeh_drutsa_high quality - page 1,Ume_Druma,line,0.7,2.0,3.5,False,0.9,True,22,21.55440664291382,26.44,87,23,64,
umeh_drutsa_high quality,umeh_drutsa_high quality - page 1,Ume_Druma,line,0.7,2.0,4.0,True,0.1,True,15,15.369387865066528,35.56,45,16,29,
umeh_drutsa_high quality,umeh_drutsa_high quality - page 1,Ume_Druma,line,0.7,2.0,4.0,True,0.25,True,15,15.631170511245728,35.56,45,16,29,
umeh_drutsa_high quality,umeh_drutsa_high quality - page 1,Ume_Druma,line,0.7,2.0,4.0,True,0.5,True,15,15.427914381027222,35.56,45,16,29,
umeh_drutsa_high quality,umeh_drutsa_high quality - page 1,Ume_Druma,line,0.7,2.0,4.0,True,0.9,True,15,19.133769035339355,35.56,45,16,29,
umeh_drutsa_high quality,umeh_drutsa_high quality - page 1,Ume_Druma,line,0.7,2.0,4.0,False,0.1,True,22,18.713526248931885,32.94,85,28,57,
umeh_drutsa_high quality,umeh_drutsa_high quality - page 1,Ume_Druma,line,0.7,2.0,4.0,False,0.25,True,22,18.64410352706909,32.94,85,28,57,
umeh_drutsa_high quality,umeh_drutsa_high quality - page 1,Ume_Druma,line,0.7,2.0,4.0,False,0.5,True,22,18.606332778930664,32.94,85,28,57,
umeh_drutsa_high quality,umeh_drutsa_high quality - page 1,Ume_Druma,line,0.7,2.0,4.0,False,0.9,True,22,18.5221905708313,32.94,85,28,57,
umeh_drutsa_high quality,umeh_drutsa_high quality - page 1,Ume_Druma,line,0.7,2.0,5.0,True,0.1,True,15,14.960671424865724,32.43,37,12,25,
umeh_drutsa_high quality,umeh_drutsa_high quality - page 1,Ume_Druma,line,0.7,2.0,5.0,True,0.25,True,15,14.891683101654053,32.43,37,12,25,
umeh_drutsa_high quality,umeh_drutsa_high quality - page 1,Ume_Druma,line,0.7,2.0,5.0,True,0.5,True,15,14.97121238708496,32.43,37,12,25,
umeh_drutsa_high quality,umeh_drutsa_high quality - page 1,Ume_Druma,line,0.7,2.0,5.0,True,0.9,True,15,14.86374831199646,32.43,37,12,25,
umeh_drutsa_high quality,umeh_drutsa_high quality - page 1,Ume_Druma,line,0.7,2.0,5.0,False,0.1,True,22,18.85021424293518,27.54,69,19,50,
umeh_drutsa_high quality,umeh_drutsa_high quality - page 1,Ume_Druma,line,0.7,2.0,5.0,False,0.25,True,22,18.5061936378479,27.54,69,19,50,
umeh_drutsa_high quality,umeh_drutsa_high quality - page 1,Ume_Druma,line,0.7,2.0,5.0,False,0.5,True,22,18.86298871040344,27.54,69,19,50,
umeh_drutsa_high quality,umeh_drutsa_high quality - page 1,Ume_Druma,line,0.7,2.0,5.0,False,0.9,True,22,18.590473175048828,27.54,69,19,50,
umeh_drutsa_high quality,umeh_drutsa_high quality - page 1,Ume_Druma,line,0.7,2.5,2.5,True,0.1,True,15,18.170183658599854,27.87,61,17,44,
umeh_drutsa_high quality,umeh_drutsa_high quality - page 1,Ume_Druma,line,0.7,2.5,2.5,True,0.25,True,15,18.10390901565552,27.87,61,17,44,
umeh_drutsa_high quality,umeh_drutsa_high quality - page 1,Ume_Druma,line,0.7,2.5,2.5,True,0.5,True,15,18.099441289901733,27.87,61,17,44,
umeh_drutsa_high quality,umeh_drutsa_high quality - page 1,Ume_Druma,line,0.7,2.5,2.5,True,0.9,True,15,19.087650299072266,27.87,61,17,44,
umeh_drutsa_high quality,umeh_drutsa_high quality - page 1,Ume_Druma,line,0.7,2.5,2.5,False,0.1,True,22,22.2032368183136,27.0,100,27,73,
umeh_drutsa_high quality,umeh_drutsa_high quality - page 1,Ume_Druma,line,0.7,2.5,2.5,False,0.25,True,22,20.76852869987488,27.0,100,27,73,
umeh_drutsa_high quality,umeh_drutsa_high quality - page 1,Ume_Druma,line,0.7,2.5,2.5,False,0.5,True,22,20.531514167785645,27.0,100,27,73,
umeh_drutsa_high quality,umeh_drutsa_high quality - page 1,Ume_Druma,line,0.7,2.5,2.5,False,0.9,True,22,22.20237755775452,27.0,100,27,73,
umeh_drutsa_high quality,umeh_drutsa_high quality - page 1,Ume_Druma,line,0.7,2.5,3.5,True,0.1,True,15,21.979135990142822,25.0,52,13,39,
umeh_drutsa_high quality,umeh_drutsa_high quality - page 1,Ume_Druma,line,0.7,2.5,3.5,True,0.25,True,15,16.960790395736694,25.0,52,13,39,
umeh_drutsa_high quality,umeh_drutsa_high quality - page 1,Ume_Druma,line,0.7,2.5,3.5,True,0.5,True,15,17.00270700454712,25.0,52,13,39,
umeh_drutsa_high quality,umeh_drutsa_high quality - page 1,Ume_Druma,line,0.7,2.5,3.5,True,0.9,True,15,17.122211933135986,25.0,52,13,39,
umeh_drutsa_high quality,umeh_drutsa_high quality - page 1,Ume_Druma,line,0.7,2.5,3.5,False,0.1,True,22,19.98283839225769,26.44,87,23,64,
umeh_drutsa_high quality,umeh_drutsa_high quality - page 1,Ume_Druma,line,0.7,2.5,3.5,False,0.25,True,22,19.983455657958984,26.44,87,23,64,
umeh_drutsa_high quality,umeh_drutsa_high quality - page 1,Ume_Druma,line,0.7,2.5,3.5,False,0.5,True,22,21.215968370437626,26.44,87,23,64,
umeh_drutsa_high quality,umeh_drutsa_high quality - page 1,Ume_Druma,line,0.7,2.5,3.5,False,0.9,True,22,20.01405930519104,26.44,87,23,64,
umeh_drutsa_high quality,umeh_drutsa_high quality - page 1,Ume_Druma,line,0.7,2.5,4.0,True,0.1,True,15,16.56858777999878,35.56,45,16,29,
umeh_drutsa_high quality,umeh_drutsa_high quality - page 1,Ume_Druma,line,0.7,2.5,4.0,True,0.25,True,15,16.701462984085083,35.56,45,16,29,
umeh_drutsa_high quality,umeh_drutsa_high quality - page 1,Ume_Druma,line,0.7,2.5,4.0,True,0.5,True,15,16.626612424850464,35.56,45,16,29,
umeh_drutsa_high quality,umeh_drutsa_high quality - page 1,Ume_Druma,line,0.7,2.5,4.0,True,0.9,True,15,16.72159218788147,35.56,45,16,29,
umeh_drutsa_high quality,umeh_drutsa_high quality - page 1,Ume_Druma,line,0.7,2.5,4.0,False,0.1,True,22,19.87986660003662,32.94,85,28,57,
umeh_drutsa_high quality,umeh_drutsa_high quality - page 1,Ume_Druma,line,0.7,2.5,4.0,False,0.25,True,22,19.91312861442566,32.94,85,28,57,
umeh_drutsa_high quality,umeh_drutsa_high quality - page 1,Ume_Druma,line,0.7,2.5,4.0,False,0.5,True,22,19.52572274208069,32.94,85,28,57,
umeh_drutsa_high quality,umeh_drutsa_high quality - page 1,Ume_Druma,line,0.7,2.5,4.0,False,0.9,True,22,19.67082142829895,32.94,85,28,57,
umeh_drutsa_high quality,umeh_drutsa_high quality - page 1,Ume_Druma,line,0.7,2.5,5.0,True,0.1,True,15,15.890908241271973,43.59,39,17,22,
umeh_drutsa_high quality,umeh_drutsa_high quality - page 1,Ume_Druma,line,0.7,2.5,5.0,True,0.25,True,15,16.060479402542114,43.59,39,17,22,
umeh_drutsa_high quality,umeh_drutsa_high quality - page 1,Ume_Druma,line,0.7,2.5,5.0,True,0.5,True,15,16.094409704208374,43.59,39,17,22,
umeh_drutsa_high quality,umeh_drutsa_high quality - page 1,Ume_Druma,line,0.7,2.5,5.0,True,0.9,True,15,16.853919506072998,43.59,39,17,22,
umeh_drutsa_high quality,umeh_drutsa_high quality - page 1,Ume_Druma,line,0.7,2.5,5.0,False,0.1,True,22,21.46717000007629,39.73,73,29,44,
umeh_drutsa_high quality,umeh_drutsa_high quality - page 1,Ume_Druma,line,0.7,2.5,5.0,False,0.25,True,22,19.63254404067993,39.73,73,29,44,
umeh_drutsa_high quality,umeh_drutsa_high quality - page 1,Ume_Druma,line,0.7,2.5,5.0,False,0.5,True,22,19.649948120117188,39.73,73,29,44,
umeh_drutsa_high quality,umeh_drutsa_high quality - page 1,Ume_Druma,line,0.7,2.5,5.0,False,0.9,True,22,19.68825626373291,39.73,73,29,44,
umeh_drutsa_high quality,umeh_drutsa_high quality - page 1,Ume_Druma,line,0.7,3.0,2.5,True,0.1,True,15,19.385469675064087,29.82,57,17,40,
umeh_drutsa_high quality,umeh_drutsa_high quality - page 1,Ume_Druma,line,0.7,3.0,2.5,True,0.25,True,15,20.254889011383057,29.82,57,17,40,
umeh_drutsa_high quality,umeh_drutsa_high quality - page 1,Ume_Druma,line,0.7,3.0,2.5,True,0.5,True,15,21.757733821868896,29.82,57,17,40,
umeh_drutsa_high quality,umeh_drutsa_high quality - page 1,Ume_Druma,line,0.7,3.0,2.5,True,0.9,True,15,19.475027799606323,29.82,57,17,40,
umeh_drutsa_high quality,umeh_drutsa_high quality - page 1,Ume_Druma,line,0.7,3.0,2.5,False,0.1,True,22,26.9134418964386,28.12,96,27,69,
umeh_drutsa_high quality,umeh_drutsa_high quality - page 1,Ume_Druma,line,0.7,3.0,2.5,False,0.25,True,22,22.242056131362915,28.12,96,27,69,
umeh_drutsa_high quality,umeh_drutsa_high quality - page 1,Ume_Druma,line,0.7,3.0,2.5,False,0.5,True,22,23.55538296699524,28.12,96,27,69,
umeh_drutsa_high quality,umeh_drutsa_high quality - page 1,Ume_Druma,line,0.7,3.0,2.5,False,0.9,True,22,22.21036171913147,28.12,96,27,69,
umeh_drutsa_high quality,umeh_drutsa_high quality - page 1,Ume_Druma,line,0.7,3.0,3.5,True,0.1,True,15,18.591912746429443,26.53,49,13,36,
umeh_drutsa_high quality,umeh_drutsa_high quality - page 1,Ume_Druma,line,0.7,3.0,3.5,True,0.25,True,15,18.52412176132202,26.53,49,13,36,
umeh_drutsa_high quality,umeh_drutsa_high quality - page 1,Ume_Druma,line,0.7,3.0,3.5,True,0.5,True,15,21.142829418182373,26.53,49,13,36,
umeh_drutsa_high quality,umeh_drutsa_high quality - page 1,Ume_Druma,line,0.7,3.0,3.5,True,0.9,True,15,19.287771940231323,26.53,49,13,36,
umeh_drutsa_high quality,umeh_drutsa_high quality - page 1,Ume_Druma,line,0.7,3.0,3.5,False,0.1,True,22,21.32003903388977,27.38,84,23,61,
umeh_drutsa_high quality,umeh_drutsa_high quality - page 1,Ume_Druma,line,0.7,3.0,3.5,False,0.25,True,22,21.559773206710812,27.38,84,23,61,
umeh_drutsa_high quality,umeh_drutsa_high quality - page 1,Ume_Druma,line,0.7,3.0,3.5,False,0.5,True,22,22.84035611152649,27.38,84,23,61,
umeh_drutsa_high quality,umeh_drutsa_high quality - page 1,Ume_Druma,line,0.7,3.0,3.5,False,0.9,True,22,21.1281578540802,27.38,84,23,61,
umeh_drutsa_high quality,umeh_drutsa_high quality - page 1,Ume_Druma,line,0.7,3.0,4.0,True,0.1,True,15,18.840336799621586,30.95,42,13,29,
umeh_drutsa_high quality,umeh_drutsa_high quality - page 1,Ume_Druma,line,0.7,3.0,4.0,True,0.25,True,15,23.258533239364624,30.95,42,13,29,
umeh_drutsa_high quality,umeh_drutsa_high quality - page 1,Ume_Druma,line,0.7,3.0,4.0,True,0.5,True,15,17.74777889251709,30.95,42,13,29,
umeh_drutsa_high quality,umeh_drutsa_high quality - page 1,Ume_Druma,line,0.7,3.0,4.0,True,0.9,True,15,18.035828113555908,30.95,42,13,29,
umeh_drutsa_high quality,umeh_drutsa_high quality - page 1,Ume_Druma,line,0.7,3.0,4.0,False,0.1,True,22,21.054491996765137,30.49,82,25,57,
umeh_drutsa_high quality,umeh_drutsa_high quality - page 1,Ume_Druma,line,0.7,3.0,4.0,False,0.25,True,22,21.232765913009644,30.49,82,25,57,
umeh_drutsa_high quality,umeh_drutsa_high quality - page 1,Ume_Druma,line,0.7,3.0,4.0,False,0.5,True,22,21.315194845199585,30.49,82,25,57,
umeh_drutsa_high quality,umeh_drutsa_high quality - page 1,Ume_Druma,line,0.7,3.0,4.0,False,0.9,True,22,21.245994567871094,30.49,82,25,57,
umeh_drutsa_high quality,umeh_drutsa_high quality - page 1,Ume_Druma,line,0.7,3.0,5.0,True,0.1,True,15,17.31856346130371,43.59,39,17,22,
umeh_drutsa_high quality,umeh_drutsa_high quality - page 1,Ume_Druma,line,0.7,3.0,5.0,True,0.25,True,15,17.50948214530945,43.59,39,17,22,
umeh_drutsa_high quality,umeh_drutsa_high quality - page 1,Ume_Druma,line,0.7,3.0,5.0,True,0.5,True,15,17.398798942565918,43.59,39,17,22,
umeh_drutsa_high quality,umeh_drutsa_high quality - page 1,Ume_Druma,line,0.7,3.0,5.0,True,0.9,True,15,17.420737743377686,43.59,39,17,22,
umeh_drutsa_high quality,umeh_drutsa_high quality - page 1,Ume_Druma,line,0.7,3.0,5.0,False,0.1,True,22,21.105222702026367,39.73,73,29,44,
umeh_drutsa_high quality,umeh_drutsa_high quality - page 1,Ume_Druma,line,0.7,3.0,5.0,False,0.25,True,22,21.00048279762268,39.73,73,29,44,
umeh_drutsa_high quality,umeh_drutsa_high quality - page 1,Ume_Druma,line,0.7,3.0,5.0,False,0.5,True,22,22.259407997131348,39.73,73,29,44,
umeh_drutsa_high quality,umeh_drutsa_high quality - page 1,Ume_Druma,line,0.7,3.0,5.0,False,0.9,True,22,21.278953790664676,39.73,73,29,44,
umeh_drutsa_high quality,umeh_drutsa_high quality - page 1,Ume_Druma,line,0.8,2.0,2.5,True,0.1,True,15,16.745128393173218,35.94,64,23,41,
umeh_drutsa_high quality,umeh_drutsa_high quality - page 1,Ume_Druma,line,0.8,2.0,2.5,True,0.25,True,15,16.655559062957764,35.94,64,23,41,
umeh_drutsa_high quality,umeh_drutsa_high quality - page 1,Ume_Druma,line,0.8,2.0,2.5,True,0.5,True,15,16.90211582183838,35.94,64,23,41,
umeh_drutsa_high quality,umeh_drutsa_high quality - page 1,Ume_Druma,line,0.8,2.0,2.5,True,0.9,True,15,16.82483220100403,35.94,64,23,41,
umeh_drutsa_high quality,umeh_drutsa_high quality - page 1,Ume_Druma,line,0.8,2.0,2.5,False,0.1,True,22,19.71792221069336,32.04,103,33,70,
umeh_drutsa_high quality,umeh_drutsa_high quality - page 1,Ume_Druma,line,0.8,2.0,2.5,False,0.25,True,22,19.617515802383423,32.04,103,33,70,
umeh_drutsa_high quality,umeh_drutsa_high quality - page 1,Ume_Druma,line,0.8,2.0,2.5,False,0.5,True,22,19.673950672149655,32.04,103,33,70,
umeh_drutsa_high quality,umeh_drutsa_high quality - page 1,Ume_Druma,line,0.8,2.0,2.5,False,0.9,True,22,19.57363724708557,32.04,103,33,70,
umeh_drutsa_high quality,umeh_drutsa_high quality - page 1,Ume_Druma,line,0.8,2.0,3.5,True,0.1,True,15,15.966251611709597,25.0,52,13,39,
umeh_drutsa_high quality,umeh_drutsa_high quality - page 1,Ume_Druma,line,0.8,2.0,3.5,True,0.25,True,15,16.056679010391235,25.0,52,13,39,
umeh_drutsa_high quality,umeh_drutsa_high quality - page 1,Ume_Druma,line,0.8,2.0,3.5,True,0.5,True,15,16.068891763687134,25.0,52,13,39,
umeh_drutsa_high quality,umeh_drutsa_high quality - page 1,Ume_Druma,line,0.8,2.0,3.5,True,0.9,True,15,16.003999710083008,25.0,52,13,39,
umeh_drutsa_high quality,umeh_drutsa_high quality - page 1,Ume_Druma,line,0.8,2.0,3.5,False,0.1,True,22,18.944156408309937,26.44,87,23,64,
umeh_drutsa_high quality,umeh_drutsa_high quality - page 1,Ume_Druma,line,0.8,2.0,3.5,False,0.25,True,22,18.91148591041565,26.44,87,23,64,
umeh_drutsa_high quality,umeh_drutsa_high quality - page 1,Ume_Druma,line,0.8,2.0,3.5,False,0.5,True,22,18.74461460113525,26.44,87,23,64,
umeh_drutsa_high quality,umeh_drutsa_high quality - page 1,Ume_Druma,line,0.8,2.0,3.5,False,0.9,True,22,18.96766209602356,26.44,87,23,64,
umeh_drutsa_high quality,umeh_drutsa_high quality - page 1,Ume_Druma,line,0.8,2.0,4.0,True,0.1,True,15,15.383405685424805,35.56,45,16,29,
umeh_drutsa_high quality,umeh_drutsa_high quality - page 1,Ume_Druma,line,0.8,2.0,4.0,True,0.25,True,15,20.51457715034485,35.56,45,16,29,
umeh_drutsa_high quality,umeh_drutsa_high quality - page 1,Ume_Druma,line,0.8,2.0,4.0,True,0.5,True,15,15.32446312904358,35.56,45,16,29,
umeh_drutsa_high quality,umeh_drutsa_high quality - page 1,Ume_Druma,line,0.8,2.0,4.0,True,0.9,True,15,15.53798007965088,35.56,45,16,29,
umeh_drutsa_high quality,umeh_drutsa_high quality - page 1,Ume_Druma,line,0.8,2.0,4.0,False,0.1,True,22,19.27938199043274,32.94,85,28,57,
umeh_drutsa_high quality,umeh_drutsa_high quality - page 1,Ume_Druma,line,0.8,2.0,4.0,False,0.25,True,22,23.56581425666809,32.94,85,28,57,
umeh_drutsa_high quality,umeh_drutsa_high quality - page 1,Ume_Druma,line,0.8,2.0,4.0,False,0.5,True,22,18.55245590209961,32.94,85,28,57,
umeh_drutsa_high quality,umeh_drutsa_high quality - page 1,Ume_Druma,line,0.8,2.0,4.0,False,0.9,True,22,18.55435848236084,32.94,85,28,57,
umeh_drutsa_high quality,umeh_drutsa_high quality - page 1,Ume_Druma,line,0.8,2.0,5.0,True,0.1,True,15,15.878071546554564,32.43,37,12,25,
umeh_drutsa_high quality,umeh_drutsa_high quality - page 1,Ume_Druma,line,0.8,2.0,5.0,True,0.25,True,15,18.277258157730103,32.43,37,12,25,
umeh_drutsa_high quality,umeh_drutsa_high quality - page 1,Ume_Druma,line,0.8,2.0,5.0,True,0.5,True,15,14.680799722671509,32.43,37,12,25,
umeh_drutsa_high quality,umeh_drutsa_high quality - page 1,Ume_Druma,line,0.8,2.0,5.0,True,0.9,True,15,14.725306034088137,32.43,37,12,25,
umeh_drutsa_high quality,umeh_drutsa_high quality - page 1,Ume_Druma,line,0.8,2.0,5.0,False,0.1,True,22,18.50907731056213,27.54,69,19,50,
umeh_drutsa_high quality,umeh_drutsa_high quality - page 1,Ume_Druma,line,0.8,2.0,5.0,False,0.25,True,22,18.441824436187744,27.54,69,19,50,
umeh_drutsa_high quality,umeh_drutsa_high quality - page 1,Ume_Druma,line,0.8,2.0,5.0,False,0.5,True,22,18.36357808113098,27.54,69,19,50,
umeh_drutsa_high quality,umeh_drutsa_high quality - page 1,Ume_Druma,line,0.8,2.0,5.0,False,0.9,True,22,18.581664085388184,27.54,69,19,50,
umeh_drutsa_high quality,umeh_drutsa_high quality - page 1,Ume_Druma,line,0.8,2.5,2.5,True,0.1,True,15,18.006263494491577,27.87,61,17,44,
umeh_drutsa_high quality,umeh_drutsa_high quality - page 1,Ume_Druma,line,0.8,2.5,2.5,True,0.25,True,15,17.939070224761963,27.87,61,17,44,
umeh_drutsa_high quality,umeh_drutsa_high quality - page 1,Ume_Druma,line,0.8,2.5,2.5,True,0.5,True,15,17.96924376487732,27.87,61,17,44,
umeh_drutsa_high quality,umeh_drutsa_high quality - page 1,Ume_Druma,line,0.8,2.5,2.5,True,0.9,True,15,18.09330368041992,27.87,61,17,44,
umeh_drutsa_high quality,umeh_drutsa_high quality - page 1,Ume_Druma,line,0.8,2.5,2.5,False,0.1,True,22,20.84227561950684,27.0,100,27,73,
umeh_drutsa_high quality,umeh_drutsa_high quality - page 1,Ume_Druma,line,0.8,2.5,2.5,False,0.25,True,22,20.86134076118469,27.0,100,27,73,
umeh_drutsa_high quality,umeh_drutsa_high quality - page 1,Ume_Druma,line,0.8,2.5,2.5,False,0.5,True,22,27.14721703529358,27.0,100,27,73,
umeh_drutsa_high quality,umeh_drutsa_high quality - page 1,Ume_Druma,line,0.8,2.5,2.5,False,0.9,True,22,20.79888415336609,27.0,100,27,73,
umeh_drutsa_high quality,umeh_drutsa_high quality - page 1,Ume_Druma,line,0.8,2.5,3.5,True,0.1,True,15,17.283182621002197,25.0,52,13,39,
umeh_drutsa_high quality,umeh_drutsa_high quality - page 1,Ume_Druma,line,0.8,2.5,3.5,True,0.25,True,15,17.213903665542603,25.0,52,13,39,
umeh_drutsa_high quality,umeh_drutsa_high quality - page 1,Ume_Druma,line,0.8,2.5,3.5,True,0.5,True,15,18.210834980010983,25.0,52,13,39,
umeh_drutsa_high quality,umeh_drutsa_high quality - page 1,Ume_Druma,line,0.8,2.5,3.5,True,0.9,True,15,22.2265567779541,25.0,52,13,39,
umeh_drutsa_high quality,umeh_drutsa_high quality - page 1,Ume_Druma,line,0.8,2.5,3.5,False,0.1,True,22,20.06428337097168,26.44,87,23,64,
umeh_drutsa_high quality,umeh_drutsa_high quality - page 1,Ume_Druma,line,0.8,2.5,3.5,False,0.25,True,22,21.8757483959198,26.44,87,23,64,
umeh_drutsa_high quality,umeh_drutsa_high quality - page 1,Ume_Druma,line,0.8,2.5,3.5,False,0.5,True,22,19.70153951644897,26.44,87,23,64,
umeh_drutsa_high quality,umeh_drutsa_high quality - page 1,Ume_Druma,line,0.8,2.5,3.5,False,0.9,True,22,19.85138750076294,26.44,87,23,64,
umeh_drutsa_high quality,umeh_drutsa_high quality - page 1,Ume_Druma,line,0.8,2.5,4.0,True,0.1,True,15,16.378673791885376,35.56,45,16,29,
umeh_drutsa_high quality,umeh_drutsa_high quality - page 1,Ume_Druma,line,0.8,2.5,4.0,True,0.25,True,15,16.707571029663086,35.56,45,16,29,
umeh_drutsa_high quality,umeh_drutsa_high quality - page 1,Ume_Druma,line,0.8,2.5,4.0,True,0.5,True,15,21.409058570861816,35.56,45,16,29,
umeh_drutsa_high quality,umeh_drutsa_high quality - page 1,Ume_Druma,line,0.8,2.5,4.0,True,0.9,True,15,17.31108593940735,35.56,45,16,29,
umeh_drutsa_high quality,umeh_drutsa_high quality - page 1,Ume_Druma,line,0.8,2.5,4.0,False,0.1,True,22,26.17044448852539,32.94,85,28,57,
umeh_drutsa_high quality,umeh_drutsa_high quality - page 1,Ume_Druma,line,0.8,2.5,4.0,False,0.25,True,22,21.287471771240234,32.94,85,28,57,
umeh_drutsa_high quality,umeh_drutsa_high quality - page 1,Ume_Druma,line,0.8,2.5,4.0,False,0.5,True,22,19.88574743270874,32.94,85,28,57,
umeh_drutsa_high quality,umeh_drutsa_high quality - page 1,Ume_Druma,line,0.8,2.5,4.0,False,0.9,True,22,19.821428060531616,32.94,85,28,57,
umeh_drutsa_high quality,umeh_drutsa_high quality - page 1,Ume_Druma,line,0.8,2.5,5.0,True,0.1,True,15,21.13550877571106,43.59,39,17,22,
umeh_drutsa_high quality,umeh_drutsa_high quality - page 1,Ume_Druma,line,0.8,2.5,5.0,True,0.25,True,15,16.13024067878723,43.59,39,17,22,
umeh_drutsa_high quality,umeh_drutsa_high quality - page 1,Ume_Druma,line,0.8,2.5,5.0,True,0.5,True,15,16.98308539390564,43.59,39,17,22,
umeh_drutsa_high quality,umeh_drutsa_high quality - page 1,Ume_Druma,line,0.8,2.5,5.0,True,0.9,True,15,16.067169904708862,43.59,39,17,22,
umeh_drutsa_high quality,umeh_drutsa_high quality - page 1,Ume_Druma,line,0.8,2.5,5.0,False,0.1,True,22,19.910925149917603,39.73,73,29,44,
umeh_drutsa_high quality,umeh_drutsa_high quality - page 1,Ume_Druma,line,0.8,2.5,5.0,False,0.25,True,22,19.628692865371704,39.73,73,29,44,
umeh_drutsa_high quality,umeh_drutsa_high quality - page 1,Ume_Druma,line,0.8,2.5,5.0,False,0.5,True,22,19.572935581207275,39.73,73,29,44,
umeh_drutsa_high quality,umeh_drutsa_high quality - page 1,Ume_Druma,line,0.8,2.5,5.0,False,0.9,True,22,20.18497061729431,39.73,73,29,44,
umeh_drutsa_high quality,umeh_drutsa_high quality - page 1,Ume_Druma,line,0.8,3.0,2.5,True,0.1,True,15,20.21313714981079,29.82,57,17,40,
umeh_drutsa_high quality,umeh_drutsa_high quality - page 1,Ume_Druma,line,0.8,3.0,2.5,True,0.25,True,15,19.39857149124145,29.82,57,17,40,
umeh_drutsa_high quality,umeh_drutsa_high quality - page 1,Ume_Druma,line,0.8,3.0,2.5,True,0.5,True,15,19.392578840255737,29.82,57,17,40,
umeh_drutsa_high quality,umeh_drutsa_high quality - page 1,Ume_Druma,line,0.8,3.0,2.5,True,0.9,True,15,19.40110731124878,29.82,57,17,40,
umeh_drutsa_high quality,umeh_drutsa_high quality - page 1,Ume_Druma,line,0.8,3.0,2.5,False,0.1,True,22,22.584748029708862,28.12,96,27,69,
umeh_drutsa_high quality,umeh_drutsa_high quality - page 1,Ume_Druma,line,0.8,3.0,2.5,False,0.25,True,22,22.5123987197876,28.12,96,27,69,
umeh_drutsa_high quality,umeh_drutsa_high quality - page 1,Ume_Druma,line,0.8,3.0,2.5,False,0.5,True,22,22.02449941635132,28.12,96,27,69,
umeh_drutsa_high quality,umeh_drutsa_high quality - page 1,Ume_Druma,line,0.8,3.0,2.5,False,0.9,True,22,22.0592520236969,28.12,96,27,69,
umeh_drutsa_high quality,umeh_drutsa_high quality - page 1,Ume_Druma,line,0.8,3.0,3.5,True,0.1,True,15,23.214827060699463,26.53,49,13,36,
umeh_drutsa_high quality,umeh_drutsa_high quality - page 1,Ume_Druma,line,0.8,3.0,3.5,True,0.25,True,15,18.389901161193848,26.53,49,13,36,
umeh_drutsa_high quality,umeh_drutsa_high quality - page 1,Ume_Druma,line,0.8,3.0,3.5,True,0.5,True,15,18.305689573287964,26.53,49,13,36,
umeh_drutsa_high quality,umeh_drutsa_high quality - page 1,Ume_Druma,line,0.8,3.0,3.5,True,0.9,True,15,18.42028307914734,26.53,49,13,36,
umeh_drutsa_high quality,umeh_drutsa_high quality - page 1,Ume_Druma,line,0.8,3.0,3.5,False,0.1,True,22,21.32597851753235,27.38,84,23,61,
umeh_drutsa_high quality,umeh_drutsa_high quality - page 1,Ume_Druma,line,0.8,3.0,3.5,False,0.25,True,22,21.483295917510983,27.38,84,23,61,
umeh_drutsa_high quality,umeh_drutsa_high quality - page 1,Ume_Druma,line,0.8,3.0,3.5,False,0.5,True,22,22.77989602088928,27.38,84,23,61,
umeh_drutsa_high quality,umeh_drutsa_high quality - page 1,Ume_Druma,line,0.8,3.0,3.5,False,0.9,True,22,21.354705810546875,27.38,84,23,61,
umeh_drutsa_high quality,umeh_drutsa_high quality - page 1,Ume_Druma,line,0.8,3.0,4.0,True,0.1,True,15,18.69263339042664,30.95,42,13,29,
umeh_drutsa_high quality,umeh_drutsa_high quality - page 1,Ume_Druma,line,0.8,3.0,4.0,True,0.25,True,15,20.094868898391724,30.95,42,13,29,
umeh_drutsa_high quality,umeh_drutsa_high quality - page 1,Ume_Druma,line,0.8,3.0,4.0,True,0.5,True,15,17.850640773773193,30.95,42,13,29,
umeh_drutsa_high quality,umeh_drutsa_high quality - page 1,Ume_Druma,line,0.8,3.0,4.0,True,0.9,True,15,18.084594249725345,30.95,42,13,29,
umeh_drutsa_high quality,umeh_drutsa_high quality - page 1,Ume_Druma,line,0.8,3.0,4.0,False,0.1,True,22,21.116256713867188,30.49,82,25,57,
umeh_drutsa_high quality,umeh_drutsa_high quality - page 1,Ume_Druma,line,0.8,3.0,4.0,False,0.25,True,22,21.46220898628235,30.49,82,25,57,
umeh_drutsa_high quality,umeh_drutsa_high quality - page 1,Ume_Druma,line,0.8,3.0,4.0,False,0.5,True,22,21.166914701461792,30.49,82,25,57,
umeh_drutsa_high quality,umeh_drutsa_high quality - page 1,Ume_Druma,line,0.8,3.0,4.0,False,0.9,True,22,21.005425453186035,30.49,82,25,57,
umeh_drutsa_high quality,umeh_drutsa_high quality - page 1,Ume_Druma,line,0.8,3.0,5.0,True,0.1,True,15,17.148314714431763,43.59,39,17,22,
umeh_drutsa_high quality,umeh_drutsa_high quality - page 1,Ume_Druma,line,0.8,3.0,5.0,True,0.25,True,15,17.303784370422363,43.59,39,17,22,
umeh_drutsa_high quality,umeh_drutsa_high quality - page 1,Ume_Druma,line,0.8,3.0,5.0,True,0.5,True,15,17.141650199890137,43.59,39,17,22,
umeh_drutsa_high quality,umeh_drutsa_high quality - page 1,Ume_Druma,line,0.8,3.0,5.0,True,0.9,True,15,20.75647735595703,43.59,39,17,22,
umeh_drutsa_high quality,umeh_drutsa_high quality - page 1,Ume_Druma,line,0.8,3.0,5.0,False,0.1,True,22,21.548813343048096,39.73,73,29,44,
umeh_drutsa_high quality,umeh_drutsa_high quality - page 1,Ume_Druma,line,0.8,3.0,5.0,False,0.25,True,22,20.97937560081482,39.73,73,29,44,
umeh_drutsa_high quality,umeh_drutsa_high quality - page 1,Ume_Druma,line,0.8,3.0,5.0,False,0.5,True,22,20.980833768844604,39.73,73,29,44,
umeh_drutsa_high quality,umeh_drutsa_high quality - page 1,Ume_Druma,line,0.8,3.0,5.0,False,0.9,True,22,21.03518009185791,39.73,73,29,44,
umeh_drutsa_high quality,umeh_drutsa_high quality - page 1,Ume_Druma,line,0.9,2.0,2.5,True,0.1,True,15,16.872962713241577,35.94,64,23,41,
umeh_drutsa_high quality,umeh_drutsa_high quality - page 1,Ume_Druma,line,0.9,2.0,2.5,True,0.25,True,15,22.81617927551269,35.94,64,23,41,
umeh_drutsa_high quality,umeh_drutsa_high quality - page 1,Ume_Druma,line,0.9,2.0,2.5,True,0.5,True,15,16.788147687911987,35.94,64,23,41,
umeh_drutsa_high quality,umeh_drutsa_high quality - page 1,Ume_Druma,line,0.9,2.0,2.5,True,0.9,True,15,16.777249574661255,35.94,64,23,41,
umeh_drutsa_high quality,umeh_drutsa_high quality - page 1,Ume_Druma,line,0.9,2.0,2.5,False,0.1,True,22,19.53472185134888,32.04,103,33,70,
umeh_drutsa_high quality,umeh_drutsa_high quality - page 1,Ume_Druma,line,0.9,2.0,2.5,False,0.25,True,22,19.62955045700073,32.04,103,33,70,
umeh_drutsa_high quality,umeh_drutsa_high quality - page 1,Ume_Druma,line,0.9,2.0,2.5,False,0.5,True,22,19.76288676261902,32.04,103,33,70,
umeh_drutsa_high quality,umeh_drutsa_high quality - page 1,Ume_Druma,line,0.9,2.0,2.5,False,0.9,True,22,19.646141052246094,32.04,103,33,70,
umeh_drutsa_high quality,umeh_drutsa_high quality - page 1,Ume_Druma,line,0.9,2.0,3.5,True,0.1,True,15,16.01631999015808,25.0,52,13,39,
umeh_drutsa_high quality,umeh_drutsa_high quality - page 1,Ume_Druma,line,0.9,2.0,3.5,True,0.25,True,15,15.918217420578005,25.0,52,13,39,
umeh_drutsa_high quality,umeh_drutsa_high quality - page 1,Ume_Druma,line,0.9,2.0,3.5,True,0.5,True,15,21.37303590774536,25.0,52,13,39,
umeh_drutsa_high quality,umeh_drutsa_high quality - page 1,Ume_Druma,line,0.9,2.0,3.5,True,0.9,True,15,15.974393606185911,25.0,52,13,39,
umeh_drutsa_high quality,umeh_drutsa_high quality - page 1,Ume_Druma,line,0.9,2.0,3.5,False,0.1,True,22,19.79436469078064,26.44,87,23,64,
umeh_drutsa_high quality,umeh_drutsa_high quality - page 1,Ume_Druma,line,0.9,2.0,3.5,False,0.25,True,22,20.30520510673523,26.44,87,23,64,
umeh_drutsa_high quality,umeh_drutsa_high quality - page 1,Ume_Druma,line,0.9,2.0,3.5,False,0.5,True,22,23.885146379470825,26.44,87,23,64,
umeh_drutsa_high quality,umeh_drutsa_high quality - page 1,Ume_Druma,line,0.9,2.0,3.5,False,0.9,True,22,18.74950075149536,26.44,87,23,64,
umeh_drutsa_high quality,umeh_drutsa_high quality - page 1,Ume_Druma,line,0.9,2.0,4.0,True,0.1,True,15,15.39802074432373,35.56,45,16,29,
umeh_drutsa_high quality,umeh_drutsa_high quality - page 1,Ume_Druma,line,0.9,2.0,4.0,True,0.25,True,15,15.12825083732605,35.56,45,16,29,
umeh_drutsa_high quality,umeh_drutsa_high quality - page 1,Ume_Druma,line,0.9,2.0,4.0,True,0.5,True,15,15.41468095779419,35.56,45,16,29,
umeh_drutsa_high quality,umeh_drutsa_high quality - page 1,Ume_Druma,line,0.9,2.0,4.0,True,0.9,True,15,15.451979875564575,35.56,45,16,29,
umeh_drutsa_high quality,umeh_drutsa_high quality - page 1,Ume_Druma,line,0.9,2.0,4.0,False,0.1,True,22,18.86095404624939,32.94,85,28,57,
umeh_drutsa_high quality,umeh_drutsa_high quality - page 1,Ume_Druma,line,0.9,2.0,4.0,False,0.25,True,22,23.270737171173096,32.94,85,28,57,
umeh_drutsa_high quality,umeh_drutsa_high quality - page 1,Ume_Druma,line,0.9,2.0,4.0,False,0.5,True,22,18.581681966781616,32.94,85,28,57,
umeh_drutsa_high quality,umeh_drutsa_high quality - page 1,Ume_Druma,line,0.9,2.0,4.0,False,0.9,True,22,18.383744955062863,32.94,85,28,57,
umeh_drutsa_high quality,umeh_drutsa_high quality - page 1,Ume_Druma,line,0.9,2.0,5.0,True,0.1,True,15,15.765812873840332,32.43,37,12,25,
umeh_drutsa_high quality,umeh_drutsa_high quality - page 1,Ume_Druma,line,0.9,2.0,5.0,True,0.25,True,15,14.67532444000244,32.43,37,12,25,
umeh_drutsa_high quality,umeh_drutsa_high quality - page 1,Ume_Druma,line,0.9,2.0,5.0,True,0.5,True,15,15.059561491012571,32.43,37,12,25,
umeh_drutsa_high quality,umeh_drutsa_high quality - page 1,Ume_Druma,line,0.9,2.0,5.0,True,0.9,True,15,14.877339363098145,32.43,37,12,25,
umeh_drutsa_high quality,umeh_drutsa_high quality - page 1,Ume_Druma,line,0.9,2.0,5.0,False,0.1,True,22,18.599045991897583,27.54,69,19,50,
umeh_drutsa_high quality,umeh_drutsa_high quality - page 1,Ume_Druma,line,0.9,2.0,5.0,False,0.25,True,22,18.413668394088745,27.54,69,19,50,
umeh_drutsa_high quality,umeh_drutsa_high quality - page 1,Ume_Druma,line,0.9,2.0,5.0,False,0.5,True,22,18.509480953216556,27.54,69,19,50,
umeh_drutsa_high quality,umeh_drutsa_high quality - page 1,Ume_Druma,line,0.9,2.0,5.0,False,0.9,True,22,18.306936502456665,27.54,69,19,50,
umeh_drutsa_high quality,umeh_drutsa_high quality - page 1,Ume_Druma,line,0.9,2.5,2.5,True,0.1,True,15,18.19949746131897,27.87,61,17,44,
umeh_drutsa_high quality,umeh_drutsa_high quality - page 1,Ume_Druma,line,0.9,2.5,2.5,True,0.25,True,15,18.010226726531982,27.87,61,17,44,
umeh_drutsa_high quality,umeh_drutsa_high quality - page 1,Ume_Druma,line,0.9,2.5,2.5,True,0.5,True,15,18.012051582336426,27.87,61,17,44,
umeh_drutsa_high quality,umeh_drutsa_high quality - page 1,Ume_Druma,line,0.9,2.5,2.5,True,0.9,True,15,18.396073818206787,27.87,61,17,44,
umeh_drutsa_high quality,umeh_drutsa_high quality - page 1,Ume_Druma,line,0.9,2.5,2.5,False,0.1,True,22,20.698647499084476,27.0,100,27,73,
umeh_drutsa_high quality,umeh_drutsa_high quality - page 1,Ume_Druma,line,0.9,2.5,2.5,False,0.25,True,22,20.6930992603302,27.0,100,27,73,
umeh_drutsa_high quality,umeh_drutsa_high quality - page 1,Ume_Druma,line,0.9,2.5,2.5,False,0.5,True,22,20.55773615837097,27.0,100,27,73,
umeh_drutsa_high quality,umeh_drutsa_high quality - page 1,Ume_Druma,line,0.9,2.5,2.5,False,0.9,True,22,20.75919461250305,27.0,100,27,73,
umeh_drutsa_high quality,umeh_drutsa_high quality - page 1,Ume_Druma,line,0.9,2.5,3.5,True,0.1,True,15,16.943004846572876,25.0,52,13,39,
umeh_drutsa_high quality,umeh_drutsa_high quality - page 1,Ume_Druma,line,0.9,2.5,3.5,True,0.25,True,15,17.21989107131958,25.0,52,13,39,
umeh_drutsa_high quality,umeh_drutsa_high quality - page 1,Ume_Druma,line,0.9,2.5,3.5,True,0.5,True,15,17.116969347000122,25.0,52,13,39,
umeh_drutsa_high quality,umeh_drutsa_high quality - page 1,Ume_Druma,line,0.9,2.5,3.5,True,0.9,True,15,17.278701066970825,25.0,52,13,39,
umeh_drutsa_high quality,umeh_drutsa_high quality - page 1,Ume_Druma,line,0.9,2.5,3.5,False,0.1,True,22,19.94501543045044,26.44,87,23,64,
umeh_drutsa_high quality,umeh_drutsa_high quality - page 1,Ume_Druma,line,0.9,2.5,3.5,False,0.25,True,22,20.10547947883606,26.44,87,23,64,
umeh_drutsa_high quality,umeh_drutsa_high quality - page 1,Ume_Druma,line,0.9,2.5,3.5,False,0.5,True,22,20.07163453102112,26.44,87,23,64,
umeh_drutsa_high quality,umeh_drutsa_high quality - page 1,Ume_Druma,line,0.9,2.5,3.5,False,0.9,True,22,23.38900089263916,26.44,87,23,64,
umeh_drutsa_high quality,umeh_drutsa_high quality - page 1,Ume_Druma,line,0.9,2.5,4.0,True,0.1,True,15,16.59399104118347,35.56,45,16,29,
umeh_drutsa_high quality,umeh_drutsa_high quality - page 1,Ume_Druma,line,0.9,2.5,4.0,True,0.25,True,15,16.542144536972046,35.56,45,16,29,
umeh_drutsa_high quality,umeh_drutsa_high quality - page 1,Ume_Druma,line,0.9,2.5,4.0,True,0.5,True,15,21.595313549041748,35.56,45,16,29,
umeh_drutsa_high quality,umeh_drutsa_high quality - page 1,Ume_Druma,line,0.9,2.5,4.0,True,0.9,True,15,17.456186532974243,35.56,45,16,29,
umeh_drutsa_high quality,umeh_drutsa_high quality - page 1,Ume_Druma,line,0.9,2.5,4.0,False,0.1,True,22,26.217533826828003,32.94,85,28,57,
umeh_drutsa_high quality,umeh_drutsa_high quality - page 1,Ume_Druma,line,0.9,2.5,4.0,False,0.25,True,22,19.817628860473636,32.94,85,28,57,
umeh_drutsa_high quality,umeh_drutsa_high quality - page 1,Ume_Druma,line,0.9,2.5,4.0,False,0.5,True,22,19.956836938858032,32.94,85,28,57,
umeh_drutsa_high quality,umeh_drutsa_high quality - page 1,Ume_Druma,line,0.9,2.5,4.0,False,0.9,True,22,19.8281672000885,32.94,85,28,57,
umeh_drutsa_high quality,umeh_drutsa_high quality - page 1,Ume_Druma,line,0.9,2.5,5.0,True,0.1,True,15,16.624008417129517,43.59,39,17,22,
umeh_drutsa_high quality,umeh_drutsa_high quality - page 1,Ume_Druma,line,0.9,2.5,5.0,True,0.25,True,15,16.09219527244568,43.59,39,17,22,
umeh_drutsa_high quality,umeh_drutsa_high quality - page 1,Ume_Druma,line,0.9,2.5,5.0,True,0.5,True,15,16.234095096588135,43.59,39,17,22,
umeh_drutsa_high quality,umeh_drutsa_high quality - page 1,Ume_Druma,line,0.9,2.5,5.0,True,0.9,True,15,16.11065411567688,43.59,39,17,22,
umeh_drutsa_high quality,umeh_drutsa_high quality - page 1,Ume_Druma,line,0.9,2.5,5.0,False,0.1,True,22,19.715012788772583,39.73,73,29,44,
umeh_drutsa_high quality,umeh_drutsa_high quality - page 1,Ume_Druma,line,0.9,2.5,5.0,False,0.25,True,22,20.05024242401123,39.73,73,29,44,
umeh_drutsa_high quality,umeh_drutsa_high quality - page 1,Ume_Druma,line,0.9,2.5,5.0,False,0.5,True,22,19.372890949249268,39.73,73,29,44,
umeh_drutsa_high quality,umeh_drutsa_high quality - page 1,Ume_Druma,line,0.9,2.5,5.0,False,0.9,True,22,24.33466076850891,39.73,73,29,44,
umeh_drutsa_high quality,umeh_drutsa_high quality - page 1,Ume_Druma,line,0.9,3.0,2.5,True,0.1,True,15,22.194897174835205,29.82,57,17,40,
umeh_drutsa_high quality,umeh_drutsa_high quality - page 1,Ume_Druma,line,0.9,3.0,2.5,True,0.25,True,15,19.13887333869934,29.82,57,17,40,
umeh_drutsa_high quality,umeh_drutsa_high quality - page 1,Ume_Druma,line,0.9,3.0,2.5,True,0.5,True,15,24.294934272766117,29.82,57,17,40,
umeh_drutsa_high quality,umeh_drutsa_high quality - page 1,Ume_Druma,line,0.9,3.0,2.5,True,0.9,True,15,24.298449277877808,29.82,57,17,40,
umeh_drutsa_high quality,umeh_drutsa_high quality - page 1,Ume_Druma,line,0.9,3.0,2.5,False,0.1,True,22,22.12495708465576,28.12,96,27,69,
umeh_drutsa_high quality,umeh_drutsa_high quality - page 1,Ume_Druma,line,0.9,3.0,2.5,False,0.25,True,22,22.262089014053345,28.12,96,27,69,
umeh_drutsa_high quality,umeh_drutsa_high quality - page 1,Ume_Druma,line,0.9,3.0,2.5,False,0.5,True,22,22.741394758224487,28.12,96,27,69,
umeh_drutsa_high quality,umeh_drutsa_high quality - page 1,Ume_Druma,line,0.9,3.0,2.5,False,0.9,True,22,22.044682025909424,28.12,96,27,69,
umeh_drutsa_high quality,umeh_drutsa_high quality - page 1,Ume_Druma,line,0.9,3.0,3.5,True,0.1,True,15,18.74654006958008,26.53,49,13,36,
umeh_drutsa_high quality,umeh_drutsa_high quality - page 1,Ume_Druma,line,0.9,3.0,3.5,True,0.25,True,15,18.45230531692505,26.53,49,13,36,
umeh_drutsa_high quality,umeh_drutsa_high quality - page 1,Ume_Druma,line,0.9,3.0,3.5,True,0.5,True,15,18.5335111618042,26.53,49,13,36,
umeh_drutsa_high quality,umeh_drutsa_high quality - page 1,Ume_Druma,line,0.9,3.0,3.5,True,0.9,True,15,18.584678649902344,26.53,49,13,36,
umeh_drutsa_high quality,umeh_drutsa_high quality - page 1,Ume_Druma,line,0.9,3.0,3.5,False,0.1,True,22,21.2976508140564,27.38,84,23,61,
umeh_drutsa_high quality,umeh_drutsa_high quality - page 1,Ume_Druma,line,0.9,3.0,3.5,False,0.25,True,22,21.138182878494263,27.38,84,23,61,
umeh_drutsa_high quality,umeh_drutsa_high quality - page 1,Ume_Druma,line,0.9,3.0,3.5,False,0.5,True,22,21.20432591438293,27.38,84,23,61,
umeh_drutsa_high quality,umeh_drutsa_high quality - page 1,Ume_Druma,line,0.9,3.0,3.5,False,0.9,True,22,25.542235136032104,27.38,84,23,61,
umeh_drutsa_high quality,umeh_drutsa_high quality - page 1,Ume_Druma,line,0.9,3.0,4.0,True,0.1,True,15,27.25560426712036,30.95,42,13,29,
umeh_drutsa_high quality,umeh_drutsa_high quality - page 1,Ume_Druma,line,0.9,3.0,4.0,True,0.25,True,15,26.940834760665894,30.95,42,13,29,
umeh_drutsa_high quality,umeh_drutsa_high quality - page 1,Ume_Druma,line,0.9,3.0,4.0,True,0.5,True,15,27.602127075195312,30.95,42,13,29,
umeh_drutsa_high quality,umeh_drutsa_high quality - page 1,Ume_Druma,line,0.9,3.0,4.0,True,0.9,True,15,27.888500928878784,30.95,42,13,29,
umeh_drutsa_high quality,umeh_drutsa_high quality - page 1,Ume_Druma,line,0.9,3.0,4.0,False,0.1,True,22,32.653855323791504,30.49,82,25,57,
umeh_drutsa_high quality,umeh_drutsa_high quality - page 1,Ume_Druma,line,0.9,3.0,4.0,False,0.25,True,22,32.42038440704346,30.49,82,25,57,
umeh_drutsa_high quality,umeh_drutsa_high quality - page 1,Ume_Druma,line,0.9,3.0,4.0,False,0.5,True,22,32.261327505111694,30.49,82,25,57,
umeh_drutsa_high quality,umeh_drutsa_high quality - page 1,Ume_Druma,line,0.9,3.0,4.0,False,0.9,True,22,32.91784691810608,30.49,82,25,57,
umeh_drutsa_high quality,umeh_drutsa_high quality - page 1,Ume_Druma,line,0.9,3.0,5.0,True,0.1,True,15,27.796615600585938,43.59,39,17,22,
umeh_drutsa_high quality,umeh_drutsa_high quality - page 1,Ume_Druma,line,0.9,3.0,5.0,True,0.25,True,15,27.62913060188293,43.59,39,17,22,
umeh_drutsa_high quality,umeh_drutsa_high quality - page 1,Ume_Druma,line,0.9,3.0,5.0,True,0.5,True,15,18.351953268051147,43.59,39,17,22,
umeh_drutsa_high quality,umeh_drutsa_high quality - page 1,Ume_Druma,line,0.9,3.0,5.0,True,0.9,True,15,17.436726570129395,43.59,39,17,22,
umeh_drutsa_high quality,umeh_drutsa_high quality - page 1,Ume_Druma,line,0.9,3.0,5.0,False,0.1,True,22,21.013453483581543,39.73,73,29,44,
umeh_drutsa_high quality,umeh_drutsa_high quality - page 1,Ume_Druma,line,0.9,3.0,5.0,False,0.25,True,22,20.996158361434937,39.73,73,29,44,
umeh_drutsa_high quality,umeh_drutsa_high quality - page 1,Ume_Druma,line,0.9,3.0,5.0,False,0.5,True,22,21.110719919204712,39.73,73,29,44,
umeh_drutsa_high quality,umeh_drutsa_high quality - page 1,Ume_Druma,line,0.9,3.0,5.0,False,0.9,True,22,20.994353532791138,39.73,73,29,44,
umeh_drutsa_high quality,umeh_drutsa_high quality - page 1,Ume_Druma,layout,0.7,2.0,2.5,True,0.1,True,10,15.633605241775513,42.11,19,8,11,
umeh_drutsa_high quality,umeh_drutsa_high quality - page 1,Ume_Druma,layout,0.7,2.0,2.5,True,0.25,True,10,15.163540124893188,42.11,19,8,11,
umeh_drutsa_high quality,umeh_drutsa_high quality - page 1,Ume_Druma,layout,0.7,2.0,2.5,True,0.5,True,10,14.950478792190552,42.11,19,8,11,
umeh_drutsa_high quality,umeh_drutsa_high quality - page 1,Ume_Druma,layout,0.7,2.0,2.5,True,0.9,True,10,19.92095398902893,42.11,19,8,11,
umeh_drutsa_high quality,umeh_drutsa_high quality - page 1,Ume_Druma,layout,0.7,2.0,2.5,False,0.1,True,34,24.80867624282837,34.91,106,37,69,
umeh_drutsa_high quality,umeh_drutsa_high quality - page 1,Ume_Druma,layout,0.7,2.0,2.5,False,0.25,True,34,24.37208747863769,34.91,106,37,69,
umeh_drutsa_high quality,umeh_drutsa_high quality - page 1,Ume_Druma,layout,0.7,2.0,2.5,False,0.5,True,34,24.50557017326355,34.91,106,37,69,
umeh_drutsa_high quality,umeh_drutsa_high quality - page 1,Ume_Druma,layout,0.7,2.0,2.5,False,0.9,True,34,25.105003356933597,34.91,106,37,69,
umeh_drutsa_high quality,umeh_drutsa_high quality - page 1,Ume_Druma,layout,0.7,2.0,3.5,True,0.1,True,10,19.194990396499637,26.32,19,5,14,
umeh_drutsa_high quality,umeh_drutsa_high quality - page 1,Ume_Druma,layout,0.7,2.0,3.5,True,0.25,True,10,14.05352783203125,26.32,19,5,14,
umeh_drutsa_high quality,umeh_drutsa_high quality - page 1,Ume_Druma,layout,0.7,2.0,3.5,True,0.5,True,10,14.071789026260376,26.32,19,5,14,
umeh_drutsa_high quality,umeh_drutsa_high quality - page 1,Ume_Druma,layout,0.7,2.0,3.5,True,0.9,True,10,13.82075834274292,26.32,19,5,14,
umeh_drutsa_high quality,umeh_drutsa_high quality - page 1,Ume_Druma,layout,0.7,2.0,3.5,False,0.1,True,34,23.82788586616516,35.05,97,34,63,
umeh_drutsa_high quality,umeh_drutsa_high quality - page 1,Ume_Druma,layout,0.7,2.0,3.5,False,0.25,True,34,23.68159556388855,35.05,97,34,63,
umeh_drutsa_high quality,umeh_drutsa_high quality - page 1,Ume_Druma,layout,0.7,2.0,3.5,False,0.5,True,34,23.77699184417725,35.05,97,34,63,
umeh_drutsa_high quality,umeh_drutsa_high quality - page 1,Ume_Druma,layout,0.7,2.0,3.5,False,0.9,True,34,23.867794513702396,35.05,97,34,63,
umeh_drutsa_high quality,umeh_drutsa_high quality - page 1,Ume_Druma,layout,0.7,2.0,4.0,True,0.1,True,10,13.567530155181885,60.0,20,12,8,
umeh_drutsa_high quality,umeh_drutsa_high quality - page 1,Ume_Druma,layout,0.7,2.0,4.0,True,0.25,True,10,13.536672115325928,60.0,20,12,8,
umeh_drutsa_high quality,umeh_drutsa_high quality - page 1,Ume_Druma,layout,0.7,2.0,4.0,True,0.5,True,10,13.65938401222229,60.0,20,12,8,
umeh_drutsa_high quality,umeh_drutsa_high quality - page 1,Ume_Druma,layout,0.7,2.0,4.0,True,0.9,True,10,13.59549069404602,60.0,20,12,8,
umeh_drutsa_high quality,umeh_drutsa_high quality - page 1,Ume_Druma,layout,0.7,2.0,4.0,False,0.1,True,34,23.880798816680908,29.67,91,27,64,
umeh_drutsa_high quality,umeh_drutsa_high quality - page 1,Ume_Druma,layout,0.7,2.0,4.0,False,0.25,True,34,23.726763486862183,29.67,91,27,64,
umeh_drutsa_high quality,umeh_drutsa_high quality - page 1,Ume_Druma,layout,0.7,2.0,4.0,False,0.5,True,34,23.681918144226078,29.67,91,27,64,
umeh_drutsa_high quality,umeh_drutsa_high quality - page 1,Ume_Druma,layout,0.7,2.0,4.0,False,0.9,True,34,23.678921222686768,29.67,91,27,64,
umeh_drutsa_high quality,umeh_drutsa_high quality - page 1,Ume_Druma,layout,0.7,2.0,5.0,True,0.1,True,10,12.843410968780518,53.85,13,7,6,
umeh_drutsa_high quality,umeh_drutsa_high quality - page 1,Ume_Druma,layout,0.7,2.0,5.0,True,0.25,True,10,18.522501707077023,53.85,13,7,6,
umeh_drutsa_high quality,umeh_drutsa_high quality - page 1,Ume_Druma,layout,0.7,2.0,5.0,True,0.5,True,10,17.25681447982788,53.85,13,7,6,
umeh_drutsa_high quality,umeh_drutsa_high quality - page 1,Ume_Druma,layout,0.7,2.0,5.0,True,0.9,True,10,12.685351848602297,53.85,13,7,6,
umeh_drutsa_high quality,umeh_drutsa_high quality - page 1,Ume_Druma,layout,0.7,2.0,5.0,False,0.1,True,34,23.1353132724762,36.23,69,25,44,
umeh_drutsa_high quality,umeh_drutsa_high quality - page 1,Ume_Druma,layout,0.7,2.0,5.0,False,0.25,True,34,23.15375065803528,36.23,69,25,44,
umeh_drutsa_high quality,umeh_drutsa_high quality - page 1,Ume_Druma,layout,0.7,2.0,5.0,False,0.5,True,34,23.09266996383667,36.23,69,25,44,
umeh_drutsa_high quality,umeh_drutsa_high quality - page 1,Ume_Druma,layout,0.7,2.0,5.0,False,0.9,True,34,23.34678864479065,36.23,69,25,44,
umeh_drutsa_high quality,umeh_drutsa_high quality - page 1,Ume_Druma,layout,0.7,2.5,2.5,True,0.1,True,10,16.93782877922058,42.11,19,8,11,
umeh_drutsa_high quality,umeh_drutsa_high quality - page 1,Ume_Druma,layout,0.7,2.5,2.5,True,0.25,True,10,16.257163524627686,42.11,19,8,11,
umeh_drutsa_high quality,umeh_drutsa_high quality - page 1,Ume_Druma,layout,0.7,2.5,2.5,True,0.5,True,10,16.30978751182556,42.11,19,8,11,
umeh_drutsa_high quality,umeh_drutsa_high quality - page 1,Ume_Druma,layout,0.7,2.5,2.5,True,0.9,True,10,16.229794025421143,42.11,19,8,11,
umeh_drutsa_high quality,umeh_drutsa_high quality - page 1,Ume_Druma,layout,0.7,2.5,2.5,False,0.1,True,34,25.340426445007324,34.91,106,37,69,
umeh_drutsa_high quality,umeh_drutsa_high quality - page 1,Ume_Druma,layout,0.7,2.5,2.5,False,0.25,True,34,25.227957248687744,34.91,106,37,69,
umeh_drutsa_high quality,umeh_drutsa_high quality - page 1,Ume_Druma,layout,0.7,2.5,2.5,False,0.5,True,34,26.53488779067993,34.91,106,37,69,
umeh_drutsa_high quality,umeh_drutsa_high quality - page 1,Ume_Druma,layout,0.7,2.5,2.5,False,0.9,True,34,25.57604122161865,34.91,106,37,69,
umeh_drutsa_high quality,umeh_drutsa_high quality - page 1,Ume_Druma,layout,0.7,2.5,3.5,True,0.1,True,10,15.643017053604126,26.32,19,5,14,
umeh_drutsa_high quality,umeh_drutsa_high quality - page 1,Ume_Druma,layout,0.7,2.5,3.5,True,0.25,True,10,15.68009352684021,26.32,19,5,14,
umeh_drutsa_high quality,umeh_drutsa_high quality - page 1,Ume_Druma,layout,0.7,2.5,3.5,True,0.5,True,10,15.72445273399353,26.32,19,5,14,
umeh_drutsa_high quality,umeh_drutsa_high quality - page 1,Ume_Druma,layout,0.7,2.5,3.5,True,0.9,True,10,15.800498485565186,26.32,19,5,14,
umeh_drutsa_high quality,umeh_drutsa_high quality - page 1,Ume_Druma,layout,0.7,2.5,3.5,False,0.1,True,34,25.30940890312195,35.05,97,34,63,
umeh_drutsa_high quality,umeh_drutsa_high quality - page 1,Ume_Druma,layout,0.7,2.5,3.5,False,0.25,True,34,32.268293380737305,35.05,97,34,63,
umeh_drutsa_high quality,umeh_drutsa_high quality - page 1,Ume_Druma,layout,0.7,2.5,3.5,False,0.5,True,34,30.2216796875,35.05,97,34,63,
umeh_drutsa_high quality,umeh_drutsa_high quality - page 1,Ume_Druma,layout,0.7,2.5,3.5,False,0.9,True,34,25.264919757843018,35.05,97,34,63,
umeh_drutsa_high quality,umeh_drutsa_high quality - page 1,Ume_Druma,layout,0.7,2.5,4.0,True,0.1,True,10,15.470094680786133,60.0,20,12,8,
umeh_drutsa_high quality,umeh_drutsa_high quality - page 1,Ume_Druma,layout,0.7,2.5,4.0,True,0.25,True,10,15.27509093284607,60.0,20,12,8,
umeh_drutsa_high quality,umeh_drutsa_high quality - page 1,Ume_Druma,layout,0.7,2.5,4.0,True,0.5,True,10,15.397327423095703,60.0,20,12,8,
umeh_drutsa_high quality,umeh_drutsa_high quality - page 1,Ume_Druma,layout,0.7,2.5,4.0,True,0.9,True,10,15.247064590454102,60.0,20,12,8,
umeh_drutsa_high quality,umeh_drutsa_high quality - page 1,Ume_Druma,layout,0.7,2.5,4.0,False,0.1,True,34,24.74704098701477,29.67,91,27,64,
umeh_drutsa_high quality,umeh_drutsa_high quality - page 1,Ume_Druma,layout,0.7,2.5,4.0,False,0.25,True,34,24.74131226539612,29.67,91,27,64,
umeh_drutsa_high quality,umeh_drutsa_high quality - page 1,Ume_Druma,layout,0.7,2.5,4.0,False,0.5,True,34,30.888422966003414,29.67,91,27,64,
umeh_drutsa_high quality,umeh_drutsa_high quality - page 1,Ume_Druma,layout,0.7,2.5,4.0,False,0.9,True,34,24.68899798393249,29.67,91,27,64,
umeh_drutsa_high quality,umeh_drutsa_high quality - page 1,Ume_Druma,layout,0.7,2.5,5.0,True,0.1,True,10,14.589996337890623,38.46,13,5,8,
umeh_drutsa_high quality,umeh_drutsa_high quality - page 1,Ume_Druma,layout,0.7,2.5,5.0,True,0.25,True,10,14.618592023849487,38.46,13,5,8,
umeh_drutsa_high quality,umeh_drutsa_high quality - page 1,Ume_Druma,layout,0.7,2.5,5.0,True,0.5,True,10,14.67830777168274,38.46,13,5,8,
umeh_drutsa_high quality,umeh_drutsa_high quality - page 1,Ume_Druma,layout,0.7,2.5,5.0,True,0.9,True,10,14.66233491897583,38.46,13,5,8,
umeh_drutsa_high quality,umeh_drutsa_high quality - page 1,Ume_Druma,layout,0.7,2.5,5.0,False,0.1,True,34,24.785446882247925,24.68,77,19,58,
umeh_drutsa_high quality,umeh_drutsa_high quality - page 1,Ume_Druma,layout,0.7,2.5,5.0,False,0.25,True,34,29.58902335166931,24.68,77,19,58,
umeh_drutsa_high quality,umeh_drutsa_high quality - page 1,Ume_Druma,layout,0.7,2.5,5.0,False,0.5,True,34,24.65660643577576,24.68,77,19,58,
umeh_drutsa_high quality,umeh_drutsa_high quality - page 1,Ume_Druma,layout,0.7,2.5,5.0,False,0.9,True,34,24.485620975494385,24.68,77,19,58,
umeh_drutsa_high quality,umeh_drutsa_high quality - page 1,Ume_Druma,layout,0.7,3.0,2.5,True,0.1,True,10,18.684832334518436,42.11,19,8,11,
umeh_drutsa_high quality,umeh_drutsa_high quality - page 1,Ume_Druma,layout,0.7,3.0,2.5,True,0.25,True,10,18.44162058830261,42.11,19,8,11,
umeh_drutsa_high quality,umeh_drutsa_high quality - page 1,Ume_Druma,layout,0.7,3.0,2.5,True,0.5,True,10,21.541322469711304,42.11,19,8,11,
umeh_drutsa_high quality,umeh_drutsa_high quality - page 1,Ume_Druma,layout,0.7,3.0,2.5,True,0.9,True,10,18.23050618171692,42.11,19,8,11,
umeh_drutsa_high quality,umeh_drutsa_high quality - page 1,Ume_Druma,layout,0.7,3.0,2.5,False,0.1,True,34,26.639649629592896,35.85,106,38,68,
umeh_drutsa_high quality,umeh_drutsa_high quality - page 1,Ume_Druma,layout,0.7,3.0,2.5,False,0.25,True,34,26.79543662071228,35.85,106,38,68,
umeh_drutsa_high quality,umeh_drutsa_high quality - page 1,Ume_Druma,layout,0.7,3.0,2.5,False,0.5,True,34,26.53043365478516,35.85,106,38,68,
umeh_drutsa_high quality,umeh_drutsa_high quality - page 1,Ume_Druma,layout,0.7,3.0,2.5,False,0.9,True,34,27.106833457946777,35.85,106,38,68,
umeh_drutsa_high quality,umeh_drutsa_high quality - page 1,Ume_Druma,layout,0.7,3.0,3.5,True,0.1,True,10,17.66754174232483,26.32,19,5,14,
umeh_drutsa_high quality,umeh_drutsa_high quality - page 1,Ume_Druma,layout,0.7,3.0,3.5,True,0.25,True,10,18.24220895767212,26.32,19,5,14,
umeh_drutsa_high quality,umeh_drutsa_high quality - page 1,Ume_Druma,layout,0.7,3.0,3.5,True,0.5,True,10,18.62736701965332,26.32,19,5,14,
umeh_drutsa_high quality,umeh_drutsa_high quality - page 1,Ume_Druma,layout,0.7,3.0,3.5,True,0.9,True,10,17.51394271850586,26.32,19,5,14,
umeh_drutsa_high quality,umeh_drutsa_high quality - page 1,Ume_Druma,layout,0.7,3.0,3.5,False,0.1,True,34,26.392340898513797,36.08,97,35,62,
umeh_drutsa_high quality,umeh_drutsa_high quality - page 1,Ume_Druma,layout,0.7,3.0,3.5,False,0.25,True,34,28.226458311080933,36.08,97,35,62,
umeh_drutsa_high quality,umeh_drutsa_high quality - page 1,Ume_Druma,layout,0.7,3.0,3.5,False,0.5,True,34,26.48073172569275,36.08,97,35,62,
umeh_drutsa_high quality,umeh_drutsa_high quality - page 1,Ume_Druma,layout,0.7,3.0,3.5,False,0.9,True,34,26.539535999298096,36.08,97,35,62,
umeh_drutsa_high quality,umeh_drutsa_high quality - page 1,Ume_Druma,layout,0.7,3.0,4.0,True,0.1,True,10,17.351799249649048,60.0,20,12,8,
umeh_drutsa_high quality,umeh_drutsa_high quality - page 1,Ume_Druma,layout,0.7,3.0,4.0,True,0.25,True,10,17.421723127365112,60.0,20,12,8,
umeh_drutsa_high quality,umeh_drutsa_high quality - page 1,Ume_Druma,layout,0.7,3.0,4.0,True,0.5,True,10,17.540557384490967,60.0,20,12,8,
umeh_drutsa_high quality,umeh_drutsa_high quality - page 1,Ume_Druma,layout,0.7,3.0,4.0,True,0.9,True,10,17.46562123298645,60.0,20,12,8,
umeh_drutsa_high quality,umeh_drutsa_high quality - page 1,Ume_Druma,layout,0.7,3.0,4.0,False,0.1,True,34,26.42278385162353,29.67,91,27,64,
umeh_drutsa_high quality,umeh_drutsa_high quality - page 1,Ume_Druma,layout,0.7,3.0,4.0,False,0.25,True,34,26.42960906028748,29.67,91,27,64,
umeh_drutsa_high quality,umeh_drutsa_high quality - page 1,Ume_Druma,layout,0.7,3.0,4.0,False,0.5,True,34,26.39623332023621,29.67,91,27,64,
umeh_drutsa_high quality,umeh_drutsa_high quality - page 1,Ume_Druma,layout,0.7,3.0,4.0,False,0.9,True,34,26.72996497154236,29.67,91,27,64,
umeh_drutsa_high quality,umeh_drutsa_high quality - page 1,Ume_Druma,layout,0.7,3.0,5.0,True,0.1,True,10,16.826720476150513,38.46,13,5,8,
umeh_drutsa_high quality,umeh_drutsa_high quality - page 1,Ume_Druma,layout,0.7,3.0,5.0,True,0.25,True,10,17.009641408920288,38.46,13,5,8,
umeh_drutsa_high quality,umeh_drutsa_high quality - page 1,Ume_Druma,layout,0.7,3.0,5.0,True,0.5,True,10,16.80543565750122,38.46,13,5,8,
umeh_drutsa_high quality,umeh_drutsa_high quality - page 1,Ume_Druma,layout,0.7,3.0,5.0,True,0.9,True,10,17.68448805809021,38.46,13,5,8,
umeh_drutsa_high quality,umeh_drutsa_high quality - page 1,Ume_Druma,layout,0.7,3.0,5.0,False,0.1,True,34,31.859644412994385,24.68,77,19,58,
umeh_drutsa_high quality,umeh_drutsa_high quality - page 1,Ume_Druma,layout,0.7,3.0,5.0,False,0.25,True,34,25.599018812179565,24.68,77,19,58,
umeh_drutsa_high quality,umeh_drutsa_high quality - page 1,Ume_Druma,layout,0.7,3.0,5.0,False,0.5,True,34,25.68003249168396,24.68,77,19,58,
umeh_drutsa_high quality,umeh_drutsa_high quality - page 1,Ume_Druma,layout,0.7,3.0,5.0,False,0.9,True,34,25.8314847946167,24.68,77,19,58,
umeh_drutsa_high quality,umeh_drutsa_high quality - page 1,Ume_Druma,layout,0.8,2.0,2.5,True,0.1,True,10,20.05920433998108,42.11,19,8,11,
umeh_drutsa_high quality,umeh_drutsa_high quality - page 1,Ume_Druma,layout,0.8,2.0,2.5,True,0.25,True,10,14.78066062927246,42.11,19,8,11,
umeh_drutsa_high quality,umeh_drutsa_high quality - page 1,Ume_Druma,layout,0.8,2.0,2.5,True,0.5,True,10,19.201396703720093,42.11,19,8,11,
umeh_drutsa_high quality,umeh_drutsa_high quality - page 1,Ume_Druma,layout,0.8,2.0,2.5,True,0.9,True,10,15.233437538146973,42.11,19,8,11,
umeh_drutsa_high quality,umeh_drutsa_high quality - page 1,Ume_Druma,layout,0.8,2.0,2.5,False,0.1,True,34,28.737704038619995,34.91,106,37,69,
umeh_drutsa_high quality,umeh_drutsa_high quality - page 1,Ume_Druma,layout,0.8,2.0,2.5,False,0.25,True,34,24.54730486869812,34.91,106,37,69,
umeh_drutsa_high quality,umeh_drutsa_high quality - page 1,Ume_Druma,layout,0.8,2.0,2.5,False,0.5,True,34,24.41992783546448,34.91,106,37,69,
umeh_drutsa_high quality,umeh_drutsa_high quality - page 1,Ume_Druma,layout,0.8,2.0,2.5,False,0.9,True,34,25.951299905776978,34.91,106,37,69,
umeh_drutsa_high quality,umeh_drutsa_high quality - page 1,Ume_Druma,layout,0.8,2.0,3.5,True,0.1,True,10,13.91537070274353,26.32,19,5,14,
umeh_drutsa_high quality,umeh_drutsa_high quality - page 1,Ume_Druma,layout,0.8,2.0,3.5,True,0.25,True,10,13.782256841659546,26.32,19,5,14,
umeh_drutsa_high quality,umeh_drutsa_high quality - page 1,Ume_Druma,layout,0.8,2.0,3.5,True,0.5,True,10,13.997832298278809,26.32,19,5,14,
umeh_drutsa_high quality,umeh_drutsa_high quality - page 1,Ume_Druma,layout,0.8,2.0,3.5,True,0.9,True,10,13.961280107498167,26.32,19,5,14,
umeh_drutsa_high quality,umeh_drutsa_high quality - page 1,Ume_Druma,layout,0.8,2.0,3.5,False,0.1,True,34,23.91275691986084,35.05,97,34,63,
umeh_drutsa_high quality,umeh_drutsa_high quality - page 1,Ume_Druma,layout,0.8,2.0,3.5,False,0.25,True,34,23.800788402557373,35.05,97,34,63,
umeh_drutsa_high quality,umeh_drutsa_high quality - page 1,Ume_Druma,layout,0.8,2.0,3.5,False,0.5,True,34,23.55848979949951,35.05,97,34,63,
umeh_drutsa_high quality,umeh_drutsa_high quality - page 1,Ume_Druma,layout,0.8,2.0,3.5,False,0.9,True,34,25.940670251846317,35.05,97,34,63,
umeh_drutsa_high quality,umeh_drutsa_high quality - page 1,Ume_Druma,layout,0.8,2.0,4.0,True,0.1,True,10,13.534018754959106,60.0,20,12,8,
umeh_drutsa_high quality,umeh_drutsa_high quality - page 1,Ume_Druma,layout,0.8,2.0,4.0,True,0.25,True,10,13.992900371551514,60.0,20,12,8,
umeh_drutsa_high quality,umeh_drutsa_high quality - page 1,Ume_Druma,layout,0.8,2.0,4.0,True,0.5,True,10,13.410034894943236,60.0,20,12,8,
umeh_drutsa_high quality,umeh_drutsa_high quality - page 1,Ume_Druma,layout,0.8,2.0,4.0,True,0.9,True,10,13.492255210876465,60.0,20,12,8,
umeh_drutsa_high quality,umeh_drutsa_high quality - page 1,Ume_Druma,layout,0.8,2.0,4.0,False,0.1,True,34,23.628506183624268,29.67,91,27,64,
umeh_drutsa_high quality,umeh_drutsa_high quality - page 1,Ume_Druma,layout,0.8,2.0,4.0,False,0.25,True,34,23.513590335845947,29.67,91,27,64,
umeh_drutsa_high quality,umeh_drutsa_high quality - page 1,Ume_Druma,layout,0.8,2.0,4.0,False,0.5,True,34,23.46188735961914,29.67,91,27,64,
umeh_drutsa_high quality,umeh_drutsa_high quality - page 1,Ume_Druma,layout,0.8,2.0,4.0,False,0.9,True,34,23.69584846496582,29.67,91,27,64,
umeh_drutsa_high quality,umeh_drutsa_high quality - page 1,Ume_Druma,layout,0.8,2.0,5.0,True,0.1,True,10,12.71308970451355,53.85,13,7,6,
umeh_drutsa_high quality,umeh_drutsa_high quality - page 1,Ume_Druma,layout,0.8,2.0,5.0,True,0.25,True,10,13.101635932922363,53.85,13,7,6,
umeh_drutsa_high quality,umeh_drutsa_high quality - page 1,Ume_Druma,layout,0.8,2.0,5.0,True,0.5,True,10,13.026666402816772,53.85,13,7,6,
umeh_drutsa_high quality,umeh_drutsa_high quality - page 1,Ume_Druma,layout,0.8,2.0,5.0,True,0.9,True,10,13.65207314491272,53.85,13,7,6,
umeh_drutsa_high quality,umeh_drutsa_high quality - page 1,Ume_Druma,layout,0.8,2.0,5.0,False,0.1,True,34,28.50903010368347,36.23,69,25,44,
umeh_drutsa_high quality,umeh_drutsa_high quality - page 1,Ume_Druma,layout,0.8,2.0,5.0,False,0.25,True,34,23.616371393203732,36.23,69,25,44,
umeh_drutsa_high quality,umeh_drutsa_high quality - page 1,Ume_Druma,layout,0.8,2.0,5.0,False,0.5,True,34,23.398231029510494,36.23,69,25,44,
umeh_drutsa_high quality,umeh_drutsa_high quality - page 1,Ume_Druma,layout,0.8,2.0,5.0,False,0.9,True,34,23.403689861297607,36.23,69,25,44,
umeh_drutsa_high quality,umeh_drutsa_high quality - page 1,Ume_Druma,layout,0.8,2.5,2.5,True,0.1,True,10,16.400413036346436,42.11,19,8,11,
umeh_drutsa_high quality,umeh_drutsa_high quality - page 1,Ume_Druma,layout,0.8,2.5,2.5,True,0.25,True,10,16.582061052322388,42.11,19,8,11,
umeh_drutsa_high quality,umeh_drutsa_high quality - page 1,Ume_Druma,layout,0.8,2.5,2.5,True,0.5,True,10,16.406574726104736,42.11,19,8,11,
umeh_drutsa_high quality,umeh_drutsa_high quality - page 1,Ume_Druma,layout,0.8,2.5,2.5,True,0.9,True,10,16.339167833328247,42.11,19,8,11,
umeh_drutsa_high quality,umeh_drutsa_high quality - page 1,Ume_Druma,layout,0.8,2.5,2.5,False,0.1,True,34,25.279119968414307,34.91,106,37,69,
umeh_drutsa_high quality,umeh_drutsa_high quality - page 1,Ume_Druma,layout,0.8,2.5,2.5,False,0.25,True,34,25.354106426239014,34.91,106,37,69,
umeh_drutsa_high quality,umeh_drutsa_high quality - page 1,Ume_Druma,layout,0.8,2.5,2.5,False,0.5,True,34,25.268407821655277,34.91,106,37,69,
umeh_drutsa_high quality,umeh_drutsa_high quality - page 1,Ume_Druma,layout,0.8,2.5,2.5,False,0.9,True,34,25.414232969284058,34.91,106,37,69,
umeh_drutsa_high quality,umeh_drutsa_high quality - page 1,Ume_Druma,layout,0.8,2.5,3.5,True,0.1,True,10,15.6023371219635,26.32,19,5,14,
umeh_drutsa_high quality,umeh_drutsa_high quality - page 1,Ume_Druma,layout,0.8,2.5,3.5,True,0.25,True,10,15.713076829910278,26.32,19,5,14,
umeh_drutsa_high quality,umeh_drutsa_high quality - page 1,Ume_Druma,layout,0.8,2.5,3.5,True,0.5,True,10,15.921246528625488,26.32,19,5,14,
umeh_drutsa_high quality,umeh_drutsa_high quality - page 1,Ume_Druma,layout,0.8,2.5,3.5,True,0.9,True,10,15.755433797836304,26.32,19,5,14,
umeh_drutsa_high quality,umeh_drutsa_high quality - page 1,Ume_Druma,layout,0.8,2.5,3.5,False,0.1,True,34,25.212297439575195,35.05,97,34,63,
umeh_drutsa_high quality,umeh_drutsa_high quality - page 1,Ume_Druma,layout,0.8,2.5,3.5,False,0.25,True,34,25.187140464782715,35.05,97,34,63,
umeh_drutsa_high quality,umeh_drutsa_high quality - page 1,Ume_Druma,layout,0.8,2.5,3.5,False,0.5,True,34,25.19037175178528,35.05,97,34,63,
umeh_drutsa_high quality,umeh_drutsa_high quality - page 1,Ume_Druma,layout,0.8,2.5,3.5,False,0.9,True,34,25.327383756637573,35.05,97,34,63,
umeh_drutsa_high quality,umeh_drutsa_high quality - page 1,Ume_Druma,layout,0.8,2.5,4.0,True,0.1,True,10,15.932556629180908,60.0,20,12,8,
umeh_drutsa_high quality,umeh_drutsa_high quality - page 1,Ume_Druma,layout,0.8,2.5,4.0,True,0.25,True,10,15.409688472747805,60.0,20,12,8,
umeh_drutsa_high quality,umeh_drutsa_high quality - page 1,Ume_Druma,layout,0.8,2.5,4.0,True,0.5,True,10,15.240347862243652,60.0,20,12,8,
umeh_drutsa_high quality,umeh_drutsa_high quality - page 1,Ume_Druma,layout,0.8,2.5,4.0,True,0.9,True,10,15.27788233757019,60.0,20,12,8,
umeh_drutsa_high quality,umeh_drutsa_high quality - page 1,Ume_Druma,layout,0.8,2.5,4.0,False,0.1,True,34,24.783487796783447,29.67,91,27,64,
umeh_drutsa_high quality,umeh_drutsa_high quality - page 1,Ume_Druma,layout,0.8,2.5,4.0,False,0.25,True,34,24.628901481628414,29.67,91,27,64,
umeh_drutsa_high quality,umeh_drutsa_high quality - page 1,Ume_Druma,layout,0.8,2.5,4.0,False,0.5,True,34,24.77842879295349,29.67,91,27,64,
umeh_drutsa_high quality,umeh_drutsa_high quality - page 1,Ume_Druma,layout,0.8,2.5,4.0,False,0.9,True,34,24.58344864845276,29.67,91,27,64,
umeh_drutsa_high quality,umeh_drutsa_high quality - page 1,Ume_Druma,layout,0.8,2.5,5.0,True,0.1,True,10,15.259830951690674,38.46,13,5,8,
umeh_drutsa_high quality,umeh_drutsa_high quality - page 1,Ume_Druma,layout,0.8,2.5,5.0,True,0.25,True,10,16.90985083580017,38.46,13,5,8,
umeh_drutsa_high quality,umeh_drutsa_high quality - page 1,Ume_Druma,layout,0.8,2.5,5.0,True,0.5,True,10,15.109645128250122,38.46,13,5,8,
umeh_drutsa_high quality,umeh_drutsa_high quality - page 1,Ume_Druma,layout,0.8,2.5,5.0,True,0.9,True,10,14.68445873260498,38.46,13,5,8,
umeh_drutsa_high quality,umeh_drutsa_high quality - page 1,Ume_Druma,layout,0.8,2.5,5.0,False,0.1,True,34,24.337873458862305,24.68,77,19,58,
umeh_drutsa_high quality,umeh_drutsa_high quality - page 1,Ume_Druma,layout,0.8,2.5,5.0,False,0.25,True,34,24.26593971252441,24.68,77,19,58,
umeh_drutsa_high quality,umeh_drutsa_high quality - page 1,Ume_Druma,layout,0.8,2.5,5.0,False,0.5,True,34,24.376426458358765,24.68,77,19,58,
umeh_drutsa_high quality,umeh_drutsa_high quality - page 1,Ume_Druma,layout,0.8,2.5,5.0,False,0.9,True,34,24.586987495422363,24.68,77,19,58,
umeh_drutsa_high quality,umeh_drutsa_high quality - page 1,Ume_Druma,layout,0.8,3.0,2.5,True,0.1,True,10,18.19138193130493,42.11,19,8,11,
umeh_drutsa_high quality,umeh_drutsa_high quality - page 1,Ume_Druma,layout,0.8,3.0,2.5,True,0.25,True,10,18.20982003211975,42.11,19,8,11,
umeh_drutsa_high quality,umeh_drutsa_high quality - page 1,Ume_Druma,layout,0.8,3.0,2.5,True,0.5,True,10,18.487106561660767,42.11,19,8,11,
umeh_drutsa_high quality,umeh_drutsa_high quality - page 1,Ume_Druma,layout,0.8,3.0,2.5,True,0.9,True,10,18.360459804534912,42.11,19,8,11,
umeh_drutsa_high quality,umeh_drutsa_high quality - page 1,Ume_Druma,layout,0.8,3.0,2.5,False,0.1,True,34,27.040019035339355,35.85,106,38,68,
umeh_drutsa_high quality,umeh_drutsa_high quality - page 1,Ume_Druma,layout,0.8,3.0,2.5,False,0.25,True,34,27.074095249176025,35.85,106,38,68,
umeh_drutsa_high quality,umeh_drutsa_high quality - page 1,Ume_Druma,layout,0.8,3.0,2.5,False,0.5,True,34,27.128990411758423,35.85,106,38,68,
umeh_drutsa_high quality,umeh_drutsa_high quality - page 1,Ume_Druma,layout,0.8,3.0,2.5,False,0.9,True,34,27.10961961746216,35.85,106,38,68,
umeh_drutsa_high quality,umeh_drutsa_high quality - page 1,Ume_Druma,layout,0.8,3.0,3.5,True,0.1,True,10,17.839800357818604,26.32,19,5,14,
umeh_drutsa_high quality,umeh_drutsa_high quality - page 1,Ume_Druma,layout,0.8,3.0,3.5,True,0.25,True,10,17.836122512817383,26.32,19,5,14,
umeh_drutsa_high quality,umeh_drutsa_high quality - page 1,Ume_Druma,layout,0.8,3.0,3.5,True,0.5,True,10,17.735618829727173,26.32,19,5,14,
umeh_drutsa_high quality,umeh_drutsa_high quality - page 1,Ume_Druma,layout,0.8,3.0,3.5,True,0.9,True,10,17.735658407211304,26.32,19,5,14,
umeh_drutsa_high quality,umeh_drutsa_high quality - page 1,Ume_Druma,layout,0.8,3.0,3.5,False,0.1,True,34,26.382269382476807,36.08,97,35,62,
umeh_drutsa_high quality,umeh_drutsa_high quality - page 1,Ume_Druma,layout,0.8,3.0,3.5,False,0.25,True,34,26.36774182319641,36.08,97,35,62,
umeh_drutsa_high quality,umeh_drutsa_high quality - page 1,Ume_Druma,layout,0.8,3.0,3.5,False,0.5,True,34,28.66080117225647,36.08,97,35,62,
umeh_drutsa_high quality,umeh_drutsa_high quality - page 1,Ume_Druma,layout,0.8,3.0,3.5,False,0.9,True,34,27.39321517944336,36.08,97,35,62,
umeh_drutsa_high quality,umeh_drutsa_high quality - page 1,Ume_Druma,layout,0.8,3.0,4.0,True,0.1,True,10,17.28339409828186,60.0,20,12,8,
umeh_drutsa_high quality,umeh_drutsa_high quality - page 1,Ume_Druma,layout,0.8,3.0,4.0,True,0.25,True,10,17.51695466041565,60.0,20,12,8,
umeh_drutsa_high quality,umeh_drutsa_high quality - page 1,Ume_Druma,layout,0.8,3.0,4.0,True,0.5,True,10,17.37931489944458,60.0,20,12,8,
umeh_drutsa_high quality,umeh_drutsa_high quality - page 1,Ume_Druma,layout,0.8,3.0,4.0,True,0.9,True,10,17.437073469161987,60.0,20,12,8,
umeh_drutsa_high quality,umeh_drutsa_high quality - page 1,Ume_Druma,layout,0.8,3.0,4.0,False,0.1,True,34,26.481008291244507,29.67,91,27,64,
umeh_drutsa_high quality,umeh_drutsa_high quality - page 1,Ume_Druma,layout,0.8,3.0,4.0,False,0.25,True,34,26.44366693496704,29.67,91,27,64,
umeh_drutsa_high quality,umeh_drutsa_high quality - page 1,Ume_Druma,layout,0.8,3.0,4.0,False,0.5,True,34,26.710222959518436,29.67,91,27,64,
umeh_drutsa_high quality,umeh_drutsa_high quality - page 1,Ume_Druma,layout,0.8,3.0,4.0,False,0.9,True,34,26.501494646072388,29.67,91,27,64,
umeh_drutsa_high quality,umeh_drutsa_high quality - page 1,Ume_Druma,layout,0.8,3.0,5.0,True,0.1,True,10,16.91078495979309,38.46,13,5,8,
umeh_drutsa_high quality,umeh_drutsa_high quality - page 1,Ume_Druma,layout,0.8,3.0,5.0,True,0.25,True,10,16.819663763046265,38.46,13,5,8,
umeh_drutsa_high quality,umeh_drutsa_high quality - page 1,Ume_Druma,layout,0.8,3.0,5.0,True,0.5,True,10,17.9417564868927,38.46,13,5,8,
umeh_drutsa_high quality,umeh_drutsa_high quality - page 1,Ume_Druma,layout,0.8,3.0,5.0,True,0.9,True,10,16.766984462738037,38.46,13,5,8,
umeh_drutsa_high quality,umeh_drutsa_high quality - page 1,Ume_Druma,layout,0.8,3.0,5.0,False,0.1,True,34,25.689239025115967,24.68,77,19,58,
umeh_drutsa_high quality,umeh_drutsa_high quality - page 1,Ume_Druma,layout,0.8,3.0,5.0,False,0.25,True,34,28.885129928588867,24.68,77,19,58,
umeh_drutsa_high quality,umeh_drutsa_high quality - page 1,Ume_Druma,layout,0.8,3.0,5.0,False,0.5,True,34,26.01189494132996,24.68,77,19,58,
umeh_drutsa_high quality,umeh_drutsa_high quality - page 1,Ume_Druma,layout,0.8,3.0,5.0,False,0.9,True,34,25.780410051345825,24.68,77,19,58,
umeh_drutsa_high quality,umeh_drutsa_high quality - page 1,Ume_Druma,layout,0.9,2.0,2.5,True,0.1,True,10,14.638279676437378,42.11,19,8,11,
umeh_drutsa_high quality,umeh_drutsa_high quality - page 1,Ume_Druma,layout,0.9,2.0,2.5,True,0.25,True,10,14.66470980644226,42.11,19,8,11,
umeh_drutsa_high quality,umeh_drutsa_high quality - page 1,Ume_Druma,layout,0.9,2.0,2.5,True,0.5,True,10,14.831456661224363,42.11,19,8,11,
umeh_drutsa_high quality,umeh_drutsa_high quality - page 1,Ume_Druma,layout,0.9,2.0,2.5,True,0.9,True,10,14.781043529510498,42.11,19,8,11,
umeh_drutsa_high quality,umeh_drutsa_high quality - page 1,Ume_Druma,layout,0.9,2.0,2.5,False,0.1,True,34,24.213703870773315,34.91,106,37,69,
umeh_drutsa_high quality,umeh_drutsa_high quality - page 1,Ume_Druma,layout,0.9,2.0,2.5,False,0.25,True,34,24.08387541770935,34.91,106,37,69,
umeh_drutsa_high quality,umeh_drutsa_high quality - page 1,Ume_Druma,layout,0.9,2.0,2.5,False,0.5,True,34,24.166622638702396,34.91,106,37,69,
umeh_drutsa_high quality,umeh_drutsa_high quality - page 1,Ume_Druma,layout,0.9,2.0,2.5,False,0.9,True,34,24.331713914871216,34.91,106,37,69,
umeh_drutsa_high quality,umeh_drutsa_high quality - page 1,Ume_Druma,layout,0.9,2.0,3.5,True,0.1,True,10,14.031188011169434,26.32,19,5,14,
umeh_drutsa_high quality,umeh_drutsa_high quality - page 1,Ume_Druma,layout,0.9,2.0,3.5,True,0.25,True,10,14.152431726455688,26.32,19,5,14,
umeh_drutsa_high quality,umeh_drutsa_high quality - page 1,Ume_Druma,layout,0.9,2.0,3.5,True,0.5,True,10,14.055558443069458,26.32,19,5,14,
umeh_drutsa_high quality,umeh_drutsa_high quality - page 1,Ume_Druma,layout,0.9,2.0,3.5,True,0.9,True,10,14.79727029800415,26.32,19,5,14,
umeh_drutsa_high quality,umeh_drutsa_high quality - page 1,Ume_Druma,layout,0.9,2.0,3.5,False,0.1,True,34,27.140798807144165,35.05,97,34,63,
umeh_drutsa_high quality,umeh_drutsa_high quality - page 1,Ume_Druma,layout,0.9,2.0,3.5,False,0.25,True,34,23.8870530128479,35.05,97,34,63,
umeh_drutsa_high quality,umeh_drutsa_high quality - page 1,Ume_Druma,layout,0.9,2.0,3.5,False,0.5,True,34,24.01453733444214,35.05,97,34,63,
umeh_drutsa_high quality,umeh_drutsa_high quality - page 1,Ume_Druma,layout,0.9,2.0,3.5,False,0.9,True,34,23.95299315452576,35.05,97,34,63,
umeh_drutsa_high quality,umeh_drutsa_high quality - page 1,Ume_Druma,layout,0.9,2.0,4.0,True,0.1,True,10,13.433708906173706,60.0,20,12,8,
umeh_drutsa_high quality,umeh_drutsa_high quality - page 1,Ume_Druma,layout,0.9,2.0,4.0,True,0.25,True,10,13.602370977401732,60.0,20,12,8,
umeh_drutsa_high quality,umeh_drutsa_high quality - page 1,Ume_Druma,layout,0.9,2.0,4.0,True,0.5,True,10,13.90142822265625,60.0,20,12,8,
umeh_drutsa_high quality,umeh_drutsa_high quality - page 1,Ume_Druma,layout,0.9,2.0,4.0,True,0.9,True,10,13.586882829666138,60.0,20,12,8,
umeh_drutsa_high quality,umeh_drutsa_high quality - page 1,Ume_Druma,layout,0.9,2.0,4.0,False,0.1,True,34,23.888903617858887,29.67,91,27,64,
umeh_drutsa_high quality,umeh_drutsa_high quality - page 1,Ume_Druma,layout,0.9,2.0,4.0,False,0.25,True,34,23.43358373641968,29.67,91,27,64,
umeh_drutsa_high quality,umeh_drutsa_high quality - page 1,Ume_Druma,layout,0.9,2.0,4.0,False,0.5,True,34,23.48924398422241,29.67,91,27,64,
umeh_drutsa_high quality,umeh_drutsa_high quality - page 1,Ume_Druma,layout,0.9,2.0,4.0,False,0.9,True,34,23.78291153907776,29.67,91,27,64,
umeh_drutsa_high quality,umeh_drutsa_high quality - page 1,Ume_Druma,layout,0.9,2.0,5.0,True,0.1,True,10,12.767520189285278,53.85,13,7,6,
umeh_drutsa_high quality,umeh_drutsa_high quality - page 1,Ume_Druma,layout,0.9,2.0,5.0,True,0.25,True,10,12.917644500732422,53.85,13,7,6,
umeh_drutsa_high quality,umeh_drutsa_high quality - page 1,Ume_Druma,layout,0.9,2.0,5.0,True,0.5,True,10,13.157508850097656,53.85,13,7,6,
umeh_drutsa_high quality,umeh_drutsa_high quality - page 1,Ume_Druma,layout,0.9,2.0,5.0,True,0.9,True,10,13.020707607269289,53.85,13,7,6,
umeh_drutsa_high quality,umeh_drutsa_high quality - page 1,Ume_Druma,layout,0.9,2.0,5.0,False,0.1,True,34,23.72227883338928,36.23,69,25,44,
umeh_drutsa_high quality,umeh_drutsa_high quality - page 1,Ume_Druma,layout,0.9,2.0,5.0,False,0.25,True,34,23.28303599357605,36.23,69,25,44,
umeh_drutsa_high quality,umeh_drutsa_high quality - page 1,Ume_Druma,layout,0.9,2.0,5.0,False,0.5,True,34,23.77517032623291,36.23,69,25,44,
umeh_drutsa_high quality,umeh_drutsa_high quality - page 1,Ume_Druma,layout,0.9,2.0,5.0,False,0.9,True,34,23.397965908050537,36.23,69,25,44,
umeh_drutsa_high quality,umeh_drutsa_high quality - page 1,Ume_Druma,layout,0.9,2.5,2.5,True,0.1,True,10,16.365841388702393,42.11,19,8,11,
umeh_drutsa_high quality,umeh_drutsa_high quality - page 1,Ume_Druma,layout,0.9,2.5,2.5,True,0.25,True,10,16.441163539886475,42.11,19,8,11,
umeh_drutsa_high quality,umeh_drutsa_high quality - page 1,Ume_Druma,layout,0.9,2.5,2.5,True,0.5,True,10,16.465978860855103,42.11,19,8,11,
umeh_drutsa_high quality,umeh_drutsa_high quality - page 1,Ume_Druma,layout,0.9,2.5,2.5,True,0.9,True,10,16.31042742729187,42.11,19,8,11,
umeh_drutsa_high quality,umeh_drutsa_high quality - page 1,Ume_Druma,layout,0.9,2.5,2.5,False,0.1,True,34,25.43736267089844,34.91,106,37,69,
umeh_drutsa_high quality,umeh_drutsa_high quality - page 1,Ume_Druma,layout,0.9,2.5,2.5,False,0.25,True,34,27.792885065078732,34.91,106,37,69,
umeh_drutsa_high quality,umeh_drutsa_high quality - page 1,Ume_Druma,layout,0.9,2.5,2.5,False,0.5,True,34,25.537510871887207,34.91,106,37,69,
umeh_drutsa_high quality,umeh_drutsa_high quality - page 1,Ume_Druma,layout,0.9,2.5,2.5,False,0.9,True,34,25.183724641799927,34.91,106,37,69,
umeh_drutsa_high quality,umeh_drutsa_high quality - page 1,Ume_Druma,layout,0.9,2.5,3.5,True,0.1,True,10,15.713358879089355,26.32,19,5,14,
umeh_drutsa_high quality,umeh_drutsa_high quality - page 1,Ume_Druma,layout,0.9,2.5,3.5,True,0.25,True,10,16.245511293411255,26.32,19,5,14,
umeh_drutsa_high quality,umeh_drutsa_high quality - page 1,Ume_Druma,layout,0.9,2.5,3.5,True,0.5,True,10,17.452752113342285,26.32,19,5,14,
umeh_drutsa_high quality,umeh_drutsa_high quality - page 1,Ume_Druma,layout,0.9,2.5,3.5,True,0.9,True,10,15.615479469299316,26.32,19,5,14,
umeh_drutsa_high quality,umeh_drutsa_high quality - page 1,Ume_Druma,layout,0.9,2.5,3.5,False,0.1,True,34,24.98658800125122,35.05,97,34,63,
umeh_drutsa_high quality,umeh_drutsa_high quality - page 1,Ume_Druma,layout,0.9,2.5,3.5,False,0.25,True,34,24.902811288833615,35.05,97,34,63,
umeh_drutsa_high quality,umeh_drutsa_high quality - page 1,Ume_Druma,layout,0.9,2.5,3.5,False,0.5,True,34,24.875833988189697,35.05,97,34,63,
umeh_drutsa_high quality,umeh_drutsa_high quality - page 1,Ume_Druma,layout,0.9,2.5,3.5,False,0.9,True,34,24.886577129364014,35.05,97,34,63,
umeh_drutsa_high quality,umeh_drutsa_high quality - page 1,Ume_Druma,layout,0.9,2.5,4.0,True,0.1,True,10,15.259127140045166,60.0,20,12,8,
umeh_drutsa_high quality,umeh_drutsa_high quality - page 1,Ume_Druma,layout,0.9,2.5,4.0,True,0.25,True,10,15.238339185714722,60.0,20,12,8,
umeh_drutsa_high quality,umeh_drutsa_high quality - page 1,Ume_Druma,layout,0.9,2.5,4.0,True,0.5,True,10,15.424737453460692,60.0,20,12,8,
umeh_drutsa_high quality,umeh_drutsa_high quality - page 1,Ume_Druma,layout,0.9,2.5,4.0,True,0.9,True,10,15.252039194107056,60.0,20,12,8,
umeh_drutsa_high quality,umeh_drutsa_high quality - page 1,Ume_Druma,layout,0.9,2.5,4.0,False,0.1,True,34,25.04013466835022,29.67,91,27,64,
umeh_drutsa_high quality,umeh_drutsa_high quality - page 1,Ume_Druma,layout,0.9,2.5,4.0,False,0.25,True,34,24.99107027053833,29.67,91,27,64,
umeh_drutsa_high quality,umeh_drutsa_high quality - page 1,Ume_Druma,layout,0.9,2.5,4.0,False,0.5,True,34,25.254638671875,29.67,91,27,64,
umeh_drutsa_high quality,umeh_drutsa_high quality - page 1,Ume_Druma,layout,0.9,2.5,4.0,False,0.9,True,34,26.48737120628357,29.67,91,27,64,
umeh_drutsa_high quality,umeh_drutsa_high quality - page 1,Ume_Druma,layout,0.9,2.5,5.0,True,0.1,True,10,14.58919072151184,38.46,13,5,8,
umeh_drutsa_high quality,umeh_drutsa_high quality - page 1,Ume_Druma,layout,0.9,2.5,5.0,True,0.25,True,10,14.659518241882324,38.46,13,5,8,
umeh_drutsa_high quality,umeh_drutsa_high quality - page 1,Ume_Druma,layout,0.9,2.5,5.0,True,0.5,True,10,14.703947067260742,38.46,13,5,8,
umeh_drutsa_high quality,umeh_drutsa_high quality - page 1,Ume_Druma,layout,0.9,2.5,5.0,True,0.9,True,10,14.681533813476562,38.46,13,5,8,
umeh_drutsa_high quality,umeh_drutsa_high quality - page 1,Ume_Druma,layout,0.9,2.5,5.0,False,0.1,True,34,24.683249950408936,24.68,77,19,58,
umeh_drutsa_high quality,umeh_drutsa_high quality - page 1,Ume_Druma,layout,0.9,2.5,5.0,False,0.25,True,34,24.38572716712952,24.68,77,19,58,
umeh_drutsa_high quality,umeh_drutsa_high quality - page 1,Ume_Druma,layout,0.9,2.5,5.0,False,0.5,True,34,24.20537686347961,24.68,77,19,58,
umeh_drutsa_high quality,umeh_drutsa_high quality - page 1,Ume_Druma,layout,0.9,2.5,5.0,False,0.9,True,34,25.986720323562626,24.68,77,19,58,
umeh_drutsa_high quality,umeh_drutsa_high quality - page 1,Ume_Druma,layout,0.9,3.0,2.5,True,0.1,True,10,18.337769508361816,42.11,19,8,11,
umeh_drutsa_high quality,umeh_drutsa_high quality - page 1,Ume_Druma,layout,0.9,3.0,2.5,True,0.25,True,10,18.19623708724976,42.11,19,8,11,
umeh_drutsa_high quality,umeh_drutsa_high quality - page 1,Ume_Druma,layout,0.9,3.0,2.5,True,0.5,True,10,18.36863374710083,42.11,19,8,11,
umeh_drutsa_high quality,umeh_drutsa_high quality - page 1,Ume_Druma,layout,0.9,3.0,2.5,True,0.9,True,10,18.33749222755432,42.11,19,8,11,
umeh_drutsa_high quality,umeh_drutsa_high quality - page 1,Ume_Druma,layout,0.9,3.0,2.5,False,0.1,True,34,27.173263788223267,35.85,106,38,68,
umeh_drutsa_high quality,umeh_drutsa_high quality - page 1,Ume_Druma,layout,0.9,3.0,2.5,False,0.25,True,34,27.01356554031372,35.85,106,38,68,
umeh_drutsa_high quality,umeh_drutsa_high quality - page 1,Ume_Druma,layout,0.9,3.0,2.5,False,0.5,True,34,27.08650827407837,35.85,106,38,68,
umeh_drutsa_high quality,umeh_drutsa_high quality - page 1,Ume_Druma,layout,0.9,3.0,2.5,False,0.9,True,34,31.919874668121334,35.85,106,38,68,
umeh_drutsa_high quality,umeh_drutsa_high quality - page 1,Ume_Druma,layout,0.9,3.0,3.5,True,0.1,True,10,17.900864124298096,26.32,19,5,14,
umeh_drutsa_high quality,umeh_drutsa_high quality - page 1,Ume_Druma,layout,0.9,3.0,3.5,True,0.25,True,10,17.781426906585693,26.32,19,5,14,
umeh_drutsa_high quality,umeh_drutsa_high quality - page 1,Ume_Druma,layout,0.9,3.0,3.5,True,0.5,True,10,17.83035969734192,26.32,19,5,14,
umeh_drutsa_high quality,umeh_drutsa_high quality - page 1,Ume_Druma,layout,0.9,3.0,3.5,True,0.9,True,10,18.320845127105716,26.32,19,5,14,
umeh_drutsa_high quality,umeh_drutsa_high quality - page 1,Ume_Druma,layout,0.9,3.0,3.5,False,0.1,True,34,32.14176630973816,36.08,97,35,62,
umeh_drutsa_high quality,umeh_drutsa_high quality - page 1,Ume_Druma,layout,0.9,3.0,3.5,False,0.25,True,34,26.441782474517822,36.08,97,35,62,
umeh_drutsa_high quality,umeh_drutsa_high quality - page 1,Ume_Druma,layout,0.9,3.0,3.5,False,0.5,True,34,26.252483129501343,36.08,97,35,62,
umeh_drutsa_high quality,umeh_drutsa_high quality - page 1,Ume_Druma,layout,0.9,3.0,3.5,False,0.9,True,34,27.80225872993469,36.08,97,35,62,
umeh_drutsa_high quality,umeh_drutsa_high quality - page 1,Ume_Druma,layout,0.9,3.0,4.0,True,0.1,True,10,18.122701168060303,60.0,20,12,8,
umeh_drutsa_high quality,umeh_drutsa_high quality - page 1,Ume_Druma,layout,0.9,3.0,4.0,True,0.25,True,10,17.560941696166992,60.0,20,12,8,
umeh_drutsa_high quality,umeh_drutsa_high quality - page 1,Ume_Druma,layout,0.9,3.0,4.0,True,0.5,True,10,17.242459535598755,60.0,20,12,8,
umeh_drutsa_high quality,umeh_drutsa_high quality - page 1,Ume_Druma,layout,0.9,3.0,4.0,True,0.9,True,10,17.23502254486084,60.0,20,12,8,
umeh_drutsa_high quality,umeh_drutsa_high quality - page 1,Ume_Druma,layout,0.9,3.0,4.0,False,0.1,True,34,26.21478009223938,29.67,91,27,64,
umeh_drutsa_high quality,umeh_drutsa_high quality - page 1,Ume_Druma,layout,0.9,3.0,4.0,False,0.25,True,34,26.024072408676147,29.67,91,27,64,
umeh_drutsa_high quality,umeh_drutsa_high quality - page 1,Ume_Druma,layout,0.9,3.0,4.0,False,0.5,True,34,26.061309337615967,29.67,91,27,64,
umeh_drutsa_high quality,umeh_drutsa_high quality - page 1,Ume_Druma,layout,0.9,3.0,4.0,False,0.9,True,34,26.46402192115784,29.67,91,27,64,
umeh_drutsa_high quality,umeh_drutsa_high quality - page 1,Ume_Druma,layout,0.9,3.0,5.0,True,0.1,True,10,16.778300046920776,38.46,13,5,8,
umeh_drutsa_high quality,umeh_drutsa_high quality - page 1,Ume_Druma,layout,0.9,3.0,5.0,True,0.25,True,10,18.506423950195312,38.46,13,5,8,
umeh_drutsa_high quality,umeh_drutsa_high quality - page 1,Ume_Druma,layout,0.9,3.0,5.0,True,0.5,True,10,17.60823106765747,38.46,13,5,8,
umeh_drutsa_high quality,umeh_drutsa_high quality - page 1,Ume_Druma,layout,0.9,3.0,5.0,True,0.9,True,10,17.493241548538208,38.46,13,5,8,
umeh_drutsa_high quality,umeh_drutsa_high quality - page 1,Ume_Druma,layout,0.9,3.0,5.0,False,0.1,True,34,31.13055777549744,24.68,77,19,58,
umeh_drutsa_high quality,umeh_drutsa_high quality - page 1,Ume_Druma,layout,0.9,3.0,5.0,False,0.25,True,34,25.94618916511536,24.68,77,19,58,
umeh_drutsa_high quality,umeh_drutsa_high quality - page 1,Ume_Druma,layout,0.9,3.0,5.0,False,0.5,True,34,26.105037450790405,24.68,77,19,58,
umeh_drutsa_high quality,umeh_drutsa_high quality - page 1,Ume_Druma,layout,0.9,3.0,5.0,False,0.9,True,34,32.77274036407471,24.68,77,19,58,
umeh_drutsa_high quality,umeh_drutsa_high quality - page 1,Ume_Petsuk,line,0.7,2.0,2.5,True,0.1,True,15,24.25085520744324,44.87,78,35,43,
umeh_drutsa_high quality,umeh_drutsa_high quality - page 1,Ume_Petsuk,line,0.7,2.0,2.5,True,0.25,True,15,18.31799054145813,44.87,78,35,43,
umeh_drutsa_high quality,umeh_drutsa_high quality - page 1,Ume_Petsuk,line,0.7,2.0,2.5,True,0.5,True,15,18.119815349578857,44.87,78,35,43,
umeh_drutsa_high quality,umeh_drutsa_high quality - page 1,Ume_Petsuk,line,0.7,2.0,2.5,True,0.9,True,15,17.828680753707886,44.87,78,35,43,
umeh_drutsa_high quality,umeh_drutsa_high quality - page 1,Ume_Petsuk,line,0.7,2.0,2.5,False,0.1,True,22,22.1796395778656,38.06,134,51,83,
umeh_drutsa_high quality,umeh_drutsa_high quality - page 1,Ume_Petsuk,line,0.7,2.0,2.5,False,0.25,True,22,22.141258001327515,38.06,134,51,83,
umeh_drutsa_high quality,umeh_drutsa_high quality - page 1,Ume_Petsuk,line,0.7,2.0,2.5,False,0.5,True,22,21.72563624382019,38.06,134,51,83,
umeh_drutsa_high quality,umeh_drutsa_high quality - page 1,Ume_Petsuk,line,0.7,2.0,2.5,False,0.9,True,22,21.761659383773804,38.06,134,51,83,
umeh_drutsa_high quality,umeh_drutsa_high quality - page 1,Ume_Petsuk,line,0.7,2.0,3.5,True,0.1,True,15,16.645652294158936,41.38,58,24,34,
umeh_drutsa_high quality,umeh_drutsa_high quality - page 1,Ume_Petsuk,line,0.7,2.0,3.5,True,0.25,True,15,16.606321811676025,41.38,58,24,34,
umeh_drutsa_high quality,umeh_drutsa_high quality - page 1,Ume_Petsuk,line,0.7,2.0,3.5,True,0.5,True,15,16.614444255828857,41.38,58,24,34,
umeh_drutsa_high quality,umeh_drutsa_high quality - page 1,Ume_Petsuk,line,0.7,2.0,3.5,True,0.9,True,15,16.42595911026001,41.38,58,24,34,
umeh_drutsa_high quality,umeh_drutsa_high quality - page 1,Ume_Petsuk,line,0.7,2.0,3.5,False,0.1,True,22,19.384339332580566,36.0,100,36,64,
umeh_drutsa_high quality,umeh_drutsa_high quality - page 1,Ume_Petsuk,line,0.7,2.0,3.5,False,0.25,True,22,20.968520879745483,36.0,100,36,64,
umeh_drutsa_high quality,umeh_drutsa_high quality - page 1,Ume_Petsuk,line,0.7,2.0,3.5,False,0.5,True,22,19.26368904113769,36.0,100,36,64,
umeh_drutsa_high quality,umeh_drutsa_high quality - page 1,Ume_Petsuk,line,0.7,2.0,3.5,False,0.9,True,22,19.73641848564148,36.0,100,36,64,
umeh_drutsa_high quality,umeh_drutsa_high quality - page 1,Ume_Petsuk,line,0.7,2.0,4.0,True,0.1,True,15,16.007675647735596,29.17,48,14,34,
umeh_drutsa_high quality,umeh_drutsa_high quality - page 1,Ume_Petsuk,line,0.7,2.0,4.0,True,0.25,True,15,16.044976472854614,29.17,48,14,34,
umeh_drutsa_high quality,umeh_drutsa_high quality - page 1,Ume_Petsuk,line,0.7,2.0,4.0,True,0.5,True,15,17.527408599853516,29.17,48,14,34,
umeh_drutsa_high quality,umeh_drutsa_high quality - page 1,Ume_Petsuk,line,0.7,2.0,4.0,True,0.9,True,15,15.956241130828856,29.17,48,14,34,
umeh_drutsa_high quality,umeh_drutsa_high quality - page 1,Ume_Petsuk,line,0.7,2.0,4.0,False,0.1,True,22,19.640114307403564,30.68,88,27,61,
umeh_drutsa_high quality,umeh_drutsa_high quality - page 1,Ume_Petsuk,line,0.7,2.0,4.0,False,0.25,True,22,19.29538130760193,30.68,88,27,61,
umeh_drutsa_high quality,umeh_drutsa_high quality - page 1,Ume_Petsuk,line,0.7,2.0,4.0,False,0.5,True,22,19.24972677230835,30.68,88,27,61,
umeh_drutsa_high quality,umeh_drutsa_high quality - page 1,Ume_Petsuk,line,0.7,2.0,4.0,False,0.9,True,22,19.430330753326416,30.68,88,27,61,
umeh_drutsa_high quality,umeh_drutsa_high quality - page 1,Ume_Petsuk,line,0.7,2.0,5.0,True,0.1,True,15,20.451268434524536,46.67,45,21,24,
umeh_drutsa_high quality,umeh_drutsa_high quality - page 1,Ume_Petsuk,line,0.7,2.0,5.0,True,0.25,True,15,15.449655532836914,46.67,45,21,24,
umeh_drutsa_high quality,umeh_drutsa_high quality - page 1,Ume_Petsuk,line,0.7,2.0,5.0,True,0.5,True,15,15.546136856079102,46.67,45,21,24,
umeh_drutsa_high quality,umeh_drutsa_high quality - page 1,Ume_Petsuk,line,0.7,2.0,5.0,True,0.9,True,15,15.45046591758728,46.67,45,21,24,
umeh_drutsa_high quality,umeh_drutsa_high quality - page 1,Ume_Petsuk,line,0.7,2.0,5.0,False,0.1,True,22,19.31558108329773,37.66,77,29,48,
umeh_drutsa_high quality,umeh_drutsa_high quality - page 1,Ume_Petsuk,line,0.7,2.0,5.0,False,0.25,True,22,18.78349208831787,37.66,77,29,48,
umeh_drutsa_high quality,umeh_drutsa_high quality - page 1,Ume_Petsuk,line,0.7,2.0,5.0,False,0.5,True,22,19.04353642463684,37.66,77,29,48,
umeh_drutsa_high quality,umeh_drutsa_high quality - page 1,Ume_Petsuk,line,0.7,2.0,5.0,False,0.9,True,22,19.070003271102905,37.66,77,29,48,
umeh_drutsa_high quality,umeh_drutsa_high quality - page 1,Ume_Petsuk,line,0.7,2.5,2.5,True,0.1,True,15,18.86189603805542,50.68,73,37,36,
umeh_drutsa_high quality,umeh_drutsa_high quality - page 1,Ume_Petsuk,line,0.7,2.5,2.5,True,0.25,True,15,19.46782112121582,50.68,73,37,36,
umeh_drutsa_high quality,umeh_drutsa_high quality - page 1,Ume_Petsuk,line,0.7,2.5,2.5,True,0.5,True,15,18.932595252990723,50.68,73,37,36,
umeh_drutsa_high quality,umeh_drutsa_high quality - page 1,Ume_Petsuk,line,0.7,2.5,2.5,True,0.9,True,15,18.796492099761963,50.68,73,37,36,
umeh_drutsa_high quality,umeh_drutsa_high quality - page 1,Ume_Petsuk,line,0.7,2.5,2.5,False,0.1,True,22,22.83669424057007,41.09,129,53,76,
umeh_drutsa_high quality,umeh_drutsa_high quality - page 1,Ume_Petsuk,line,0.7,2.5,2.5,False,0.25,True,22,24.154800415039062,41.09,129,53,76,
umeh_drutsa_high quality,umeh_drutsa_high quality - page 1,Ume_Petsuk,line,0.7,2.5,2.5,False,0.5,True,22,22.679158687591556,41.09,129,53,76,
umeh_drutsa_high quality,umeh_drutsa_high quality - page 1,Ume_Petsuk,line,0.7,2.5,2.5,False,0.9,True,22,22.70976090431213,41.09,129,53,76,
umeh_drutsa_high quality,umeh_drutsa_high quality - page 1,Ume_Petsuk,line,0.7,2.5,3.5,True,0.1,True,15,17.59439778327942,41.38,58,24,34,
umeh_drutsa_high quality,umeh_drutsa_high quality - page 1,Ume_Petsuk,line,0.7,2.5,3.5,True,0.25,True,15,17.92987322807312,41.38,58,24,34,
umeh_drutsa_high quality,umeh_drutsa_high quality - page 1,Ume_Petsuk,line,0.7,2.5,3.5,True,0.5,True,15,17.79794478416443,41.38,58,24,34,
umeh_drutsa_high quality,umeh_drutsa_high quality - page 1,Ume_Petsuk,line,0.7,2.5,3.5,True,0.9,True,15,18.19633364677429,41.38,58,24,34,
umeh_drutsa_high quality,umeh_drutsa_high quality - page 1,Ume_Petsuk,line,0.7,2.5,3.5,False,0.1,True,22,22.24003267288208,36.0,100,36,64,
umeh_drutsa_high quality,umeh_drutsa_high quality - page 1,Ume_Petsuk,line,0.7,2.5,3.5,False,0.25,True,22,20.91776251792908,36.0,100,36,64,
umeh_drutsa_high quality,umeh_drutsa_high quality - page 1,Ume_Petsuk,line,0.7,2.5,3.5,False,0.5,True,22,20.828757286071777,36.0,100,36,64,
umeh_drutsa_high quality,umeh_drutsa_high quality - page 1,Ume_Petsuk,line,0.7,2.5,3.5,False,0.9,True,22,21.063356161117557,36.0,100,36,64,
umeh_drutsa_high quality,umeh_drutsa_high quality - page 1,Ume_Petsuk,line,0.7,2.5,4.0,True,0.1,True,15,17.26289439201355,29.17,48,14,34,
umeh_drutsa_high quality,umeh_drutsa_high quality - page 1,Ume_Petsuk,line,0.7,2.5,4.0,True,0.25,True,15,17.362830877304077,29.17,48,14,34,
umeh_drutsa_high quality,umeh_drutsa_high quality - page 1,Ume_Petsuk,line,0.7,2.5,4.0,True,0.5,True,15,17.22895050048828,29.17,48,14,34,
umeh_drutsa_high quality,umeh_drutsa_high quality - page 1,Ume_Petsuk,line,0.7,2.5,4.0,True,0.9,True,15,17.28340768814087,29.17,48,14,34,
umeh_drutsa_high quality,umeh_drutsa_high quality - page 1,Ume_Petsuk,line,0.7,2.5,4.0,False,0.1,True,22,20.755800247192383,30.68,88,27,61,
umeh_drutsa_high quality,umeh_drutsa_high quality - page 1,Ume_Petsuk,line,0.7,2.5,4.0,False,0.25,True,22,20.4496066570282,30.68,88,27,61,
umeh_drutsa_high quality,umeh_drutsa_high quality - page 1,Ume_Petsuk,line,0.7,2.5,4.0,False,0.5,True,22,20.52361035346985,30.68,88,27,61,
umeh_drutsa_high quality,umeh_drutsa_high quality - page 1,Ume_Petsuk,line,0.7,2.5,4.0,False,0.9,True,22,20.29511857032776,30.68,88,27,61,
umeh_drutsa_high quality,umeh_drutsa_high quality - page 1,Ume_Petsuk,line,0.7,2.5,5.0,True,0.1,True,15,16.717756986618042,43.48,46,20,26,
umeh_drutsa_high quality,umeh_drutsa_high quality - page 1,Ume_Petsuk,line,0.7,2.5,5.0,True,0.25,True,15,16.539989709854126,43.48,46,20,26,
umeh_drutsa_high quality,umeh_drutsa_high quality - page 1,Ume_Petsuk,line,0.7,2.5,5.0,True,0.5,True,15,16.56501817703247,43.48,46,20,26,
umeh_drutsa_high quality,umeh_drutsa_high quality - page 1,Ume_Petsuk,line,0.7,2.5,5.0,True,0.9,True,15,16.58302116394043,43.48,46,20,26,
umeh_drutsa_high quality,umeh_drutsa_high quality - page 1,Ume_Petsuk,line,0.7,2.5,5.0,False,0.1,True,22,20.1297664642334,28.95,76,22,54,
umeh_drutsa_high quality,umeh_drutsa_high quality - page 1,Ume_Petsuk,line,0.7,2.5,5.0,False,0.25,True,22,20.46504092216492,28.95,76,22,54,
umeh_drutsa_high quality,umeh_drutsa_high quality - page 1,Ume_Petsuk,line,0.7,2.5,5.0,False,0.5,True,22,21.38748598098755,28.95,76,22,54,
umeh_drutsa_high quality,umeh_drutsa_high quality - page 1,Ume_Petsuk,line,0.7,2.5,5.0,False,0.9,True,22,23.366894483566284,28.95,76,22,54,
umeh_drutsa_high quality,umeh_drutsa_high quality - page 1,Ume_Petsuk,line,0.7,3.0,2.5,True,0.1,True,15,20.354992151260376,50.0,70,35,35,
umeh_drutsa_high quality,umeh_drutsa_high quality - page 1,Ume_Petsuk,line,0.7,3.0,2.5,True,0.25,True,15,20.17365074157715,50.0,70,35,35,
umeh_drutsa_high quality,umeh_drutsa_high quality - page 1,Ume_Petsuk,line,0.7,3.0,2.5,True,0.5,True,15,20.419357299804688,50.0,70,35,35,
umeh_drutsa_high quality,umeh_drutsa_high quality - page 1,Ume_Petsuk,line,0.7,3.0,2.5,True,0.9,True,15,20.64800453186035,50.0,70,35,35,
umeh_drutsa_high quality,umeh_drutsa_high quality - page 1,Ume_Petsuk,line,0.7,3.0,2.5,False,0.1,True,22,29.2793231010437,40.48,126,51,75,
umeh_drutsa_high quality,umeh_drutsa_high quality - page 1,Ume_Petsuk,line,0.7,3.0,2.5,False,0.25,True,22,24.0672287940979,40.48,126,51,75,
umeh_drutsa_high quality,umeh_drutsa_high quality - page 1,Ume_Petsuk,line,0.7,3.0,2.5,False,0.5,True,22,23.76390790939331,40.48,126,51,75,
umeh_drutsa_high quality,umeh_drutsa_high quality - page 1,Ume_Petsuk,line,0.7,3.0,2.5,False,0.9,True,22,24.09228229522705,40.48,126,51,75,
umeh_drutsa_high quality,umeh_drutsa_high quality - page 1,Ume_Petsuk,line,0.7,3.0,3.5,True,0.1,True,15,18.93134355545044,41.07,56,23,33,
umeh_drutsa_high quality,umeh_drutsa_high quality - page 1,Ume_Petsuk,line,0.7,3.0,3.5,True,0.25,True,15,18.88344979286194,41.07,56,23,33,
umeh_drutsa_high quality,umeh_drutsa_high quality - page 1,Ume_Petsuk,line,0.7,3.0,3.5,True,0.5,True,15,19.04724097251892,41.07,56,23,33,
umeh_drutsa_high quality,umeh_drutsa_high quality - page 1,Ume_Petsuk,line,0.7,3.0,3.5,True,0.9,True,15,18.77754545211792,41.07,56,23,33,
umeh_drutsa_high quality,umeh_drutsa_high quality - page 1,Ume_Petsuk,line,0.7,3.0,3.5,False,0.1,True,22,21.937503814697266,35.71,98,35,63,
umeh_drutsa_high quality,umeh_drutsa_high quality - page 1,Ume_Petsuk,line,0.7,3.0,3.5,False,0.25,True,22,21.85098433494568,35.71,98,35,63,
umeh_drutsa_high quality,umeh_drutsa_high quality - page 1,Ume_Petsuk,line,0.7,3.0,3.5,False,0.5,True,22,21.84689402580261,35.71,98,35,63,
umeh_drutsa_high quality,umeh_drutsa_high quality - page 1,Ume_Petsuk,line,0.7,3.0,3.5,False,0.9,True,22,21.859190702438354,35.71,98,35,63,
umeh_drutsa_high quality,umeh_drutsa_high quality - page 1,Ume_Petsuk,line,0.7,3.0,4.0,True,0.1,True,15,18.40052080154419,24.44,45,11,34,
umeh_drutsa_high quality,umeh_drutsa_high quality - page 1,Ume_Petsuk,line,0.7,3.0,4.0,True,0.25,True,15,18.718940019607544,24.44,45,11,34,
umeh_drutsa_high quality,umeh_drutsa_high quality - page 1,Ume_Petsuk,line,0.7,3.0,4.0,True,0.5,True,15,18.50407147407532,24.44,45,11,34,
umeh_drutsa_high quality,umeh_drutsa_high quality - page 1,Ume_Petsuk,line,0.7,3.0,4.0,True,0.9,True,15,19.45415711402893,24.44,45,11,34,
umeh_drutsa_high quality,umeh_drutsa_high quality - page 1,Ume_Petsuk,line,0.7,3.0,4.0,False,0.1,True,22,26.91008138656616,28.24,85,24,61,
umeh_drutsa_high quality,umeh_drutsa_high quality - page 1,Ume_Petsuk,line,0.7,3.0,4.0,False,0.25,True,22,23.555046319961548,28.24,85,24,61,
umeh_drutsa_high quality,umeh_drutsa_high quality - page 1,Ume_Petsuk,line,0.7,3.0,4.0,False,0.5,True,22,24.8974723815918,28.24,85,24,61,
umeh_drutsa_high quality,umeh_drutsa_high quality - page 1,Ume_Petsuk,line,0.7,3.0,4.0,False,0.9,True,22,21.87048602104187,28.24,85,24,61,
umeh_drutsa_high quality,umeh_drutsa_high quality - page 1,Ume_Petsuk,line,0.7,3.0,5.0,True,0.1,True,15,18.194579362869263,43.48,46,20,26,
umeh_drutsa_high quality,umeh_drutsa_high quality - page 1,Ume_Petsuk,line,0.7,3.0,5.0,True,0.25,True,15,18.2873113155365,43.48,46,20,26,
umeh_drutsa_high quality,umeh_drutsa_high quality - page 1,Ume_Petsuk,line,0.7,3.0,5.0,True,0.5,True,15,17.879448652267456,43.48,46,20,26,
umeh_drutsa_high quality,umeh_drutsa_high quality - page 1,Ume_Petsuk,line,0.7,3.0,5.0,True,0.9,True,15,18.519721269607544,43.48,46,20,26,
umeh_drutsa_high quality,umeh_drutsa_high quality - page 1,Ume_Petsuk,line,0.7,3.0,5.0,False,0.1,True,22,21.73549032211304,28.95,76,22,54,
umeh_drutsa_high quality,umeh_drutsa_high quality - page 1,Ume_Petsuk,line,0.7,3.0,5.0,False,0.25,True,22,22.657597303390503,28.95,76,22,54,
umeh_drutsa_high quality,umeh_drutsa_high quality - page 1,Ume_Petsuk,line,0.7,3.0,5.0,False,0.5,True,22,27.717657327651978,28.95,76,22,54,
umeh_drutsa_high quality,umeh_drutsa_high quality - page 1,Ume_Petsuk,line,0.7,3.0,5.0,False,0.9,True,22,25.3091242313385,28.95,76,22,54,
umeh_drutsa_high quality,umeh_drutsa_high quality - page 1,Ume_Petsuk,line,0.8,2.0,2.5,True,0.1,True,15,17.585962057113647,44.87,78,35,43,
umeh_drutsa_high quality,umeh_drutsa_high quality - page 1,Ume_Petsuk,line,0.8,2.0,2.5,True,0.25,True,15,17.744927406311035,44.87,78,35,43,
umeh_drutsa_high quality,umeh_drutsa_high quality - page 1,Ume_Petsuk,line,0.8,2.0,2.5,True,0.5,True,15,17.625378131866455,44.87,78,35,43,
umeh_drutsa_high quality,umeh_drutsa_high quality - page 1,Ume_Petsuk,line,0.8,2.0,2.5,True,0.9,True,15,18.1469087600708,44.87,78,35,43,
umeh_drutsa_high quality,umeh_drutsa_high quality - page 1,Ume_Petsuk,line,0.8,2.0,2.5,False,0.1,True,22,21.679864645004272,38.06,134,51,83,
umeh_drutsa_high quality,umeh_drutsa_high quality - page 1,Ume_Petsuk,line,0.8,2.0,2.5,False,0.25,True,22,21.798384189605716,38.06,134,51,83,
umeh_drutsa_high quality,umeh_drutsa_high quality - page 1,Ume_Petsuk,line,0.8,2.0,2.5,False,0.5,True,22,22.388724088668823,38.06,134,51,83,
umeh_drutsa_high quality,umeh_drutsa_high quality - page 1,Ume_Petsuk,line,0.8,2.0,2.5,False,0.9,True,22,21.723079919815063,38.06,134,51,83,
umeh_drutsa_high quality,umeh_drutsa_high quality - page 1,Ume_Petsuk,line,0.8,2.0,3.5,True,0.1,True,15,16.68293261528015,41.38,58,24,34,
umeh_drutsa_high quality,umeh_drutsa_high quality - page 1,Ume_Petsuk,line,0.8,2.0,3.5,True,0.25,True,15,16.699705600738525,41.38,58,24,34,
umeh_drutsa_high quality,umeh_drutsa_high quality - page 1,Ume_Petsuk,line,0.8,2.0,3.5,True,0.5,True,15,16.66095495223999,41.38,58,24,34,
umeh_drutsa_high quality,umeh_drutsa_high quality - page 1,Ume_Petsuk,line,0.8,2.0,3.5,True,0.9,True,15,16.973884344100952,41.38,58,24,34,
umeh_drutsa_high quality,umeh_drutsa_high quality - page 1,Ume_Petsuk,line,0.8,2.0,3.5,False,0.1,True,22,19.561727046966556,36.0,100,36,64,
umeh_drutsa_high quality,umeh_drutsa_high quality - page 1,Ume_Petsuk,line,0.8,2.0,3.5,False,0.25,True,22,19.548300743103027,36.0,100,36,64,
umeh_drutsa_high quality,umeh_drutsa_high quality - page 1,Ume_Petsuk,line,0.8,2.0,3.5,False,0.5,True,22,19.639803409576416,36.0,100,36,64,
umeh_drutsa_high quality,umeh_drutsa_high quality - page 1,Ume_Petsuk,line,0.8,2.0,3.5,False,0.9,True,22,19.32287073135376,36.0,100,36,64,
umeh_drutsa_high quality,umeh_drutsa_high quality - page 1,Ume_Petsuk,line,0.8,2.0,4.0,True,0.1,True,15,15.806714296340942,29.17,48,14,34,
umeh_drutsa_high quality,umeh_drutsa_high quality - page 1,Ume_Petsuk,line,0.8,2.0,4.0,True,0.25,True,15,16.068156003952026,29.17,48,14,34,
umeh_drutsa_high quality,umeh_drutsa_high quality - page 1,Ume_Petsuk,line,0.8,2.0,4.0,True,0.5,True,15,16.929805755615234,29.17,48,14,34,
umeh_drutsa_high quality,umeh_drutsa_high quality - page 1,Ume_Petsuk,line,0.8,2.0,4.0,True,0.9,True,15,19.77391004562378,29.17,48,14,34,
umeh_drutsa_high quality,umeh_drutsa_high quality - page 1,Ume_Petsuk,line,0.8,2.0,4.0,False,0.1,True,22,19.05251264572144,30.68,88,27,61,
umeh_drutsa_high quality,umeh_drutsa_high quality - page 1,Ume_Petsuk,line,0.8,2.0,4.0,False,0.25,True,22,20.05909466743469,30.68,88,27,61,
umeh_drutsa_high quality,umeh_drutsa_high quality - page 1,Ume_Petsuk,line,0.8,2.0,4.0,False,0.5,True,22,19.133989572525024,30.68,88,27,61,
umeh_drutsa_high quality,umeh_drutsa_high quality - page 1,Ume_Petsuk,line,0.8,2.0,4.0,False,0.9,True,22,19.241252660751343,30.68,88,27,61,
umeh_drutsa_high quality,umeh_drutsa_high quality - page 1,Ume_Petsuk,line,0.8,2.0,5.0,True,0.1,True,15,15.36293077468872,46.67,45,21,24,
umeh_drutsa_high quality,umeh_drutsa_high quality - page 1,Ume_Petsuk,line,0.8,2.0,5.0,True,0.25,True,15,15.688222885131836,46.67,45,21,24,
umeh_drutsa_high quality,umeh_drutsa_high quality - page 1,Ume_Petsuk,line,0.8,2.0,5.0,True,0.5,True,15,15.386348247528076,46.67,45,21,24,
umeh_drutsa_high quality,umeh_drutsa_high quality - page 1,Ume_Petsuk,line,0.8,2.0,5.0,True,0.9,True,15,16.424803733825684,46.67,45,21,24,
umeh_drutsa_high quality,umeh_drutsa_high quality - page 1,Ume_Petsuk,line,0.8,2.0,5.0,False,0.1,True,22,19.0605788230896,37.66,77,29,48,
umeh_drutsa_high quality,umeh_drutsa_high quality - page 1,Ume_Petsuk,line,0.8,2.0,5.0,False,0.25,True,22,19.106623888015747,37.66,77,29,48,
umeh_drutsa_high quality,umeh_drutsa_high quality - page 1,Ume_Petsuk,line,0.8,2.0,5.0,False,0.5,True,22,19.096117734909058,37.66,77,29,48,
umeh_drutsa_high quality,umeh_drutsa_high quality - page 1,Ume_Petsuk,line,0.8,2.0,5.0,False,0.9,True,22,19.458096742630005,37.66,77,29,48,
umeh_drutsa_high quality,umeh_drutsa_high quality - page 1,Ume_Petsuk,line,0.8,2.5,2.5,True,0.1,True,15,18.971148014068604,50.68,73,37,36,
umeh_drutsa_high quality,umeh_drutsa_high quality - page 1,Ume_Petsuk,line,0.8,2.5,2.5,True,0.25,True,15,19.018250942230225,50.68,73,37,36,
umeh_drutsa_high quality,umeh_drutsa_high quality - page 1,Ume_Petsuk,line,0.8,2.5,2.5,True,0.5,True,15,18.943562984466556,50.68,73,37,36,
umeh_drutsa_high quality,umeh_drutsa_high quality - page 1,Ume_Petsuk,line,0.8,2.5,2.5,True,0.9,True,15,19.06080746650696,50.68,73,37,36,
umeh_drutsa_high quality,umeh_drutsa_high quality - page 1,Ume_Petsuk,line,0.8,2.5,2.5,False,0.1,True,22,22.92239212989807,41.09,129,53,76,
umeh_drutsa_high quality,umeh_drutsa_high quality - page 1,Ume_Petsuk,line,0.8,2.5,2.5,False,0.25,True,22,22.92319083213806,41.09,129,53,76,
umeh_drutsa_high quality,umeh_drutsa_high quality - page 1,Ume_Petsuk,line,0.8,2.5,2.5,False,0.5,True,22,23.092296361923218,41.09,129,53,76,
umeh_drutsa_high quality,umeh_drutsa_high quality - page 1,Ume_Petsuk,line,0.8,2.5,2.5,False,0.9,True,22,23.132714986801147,41.09,129,53,76,
umeh_drutsa_high quality,umeh_drutsa_high quality - page 1,Ume_Petsuk,line,0.8,2.5,3.5,True,0.1,True,15,21.74055957794189,41.38,58,24,34,
umeh_drutsa_high quality,umeh_drutsa_high quality - page 1,Ume_Petsuk,line,0.8,2.5,3.5,True,0.25,True,15,17.6146559715271,41.38,58,24,34,
umeh_drutsa_high quality,umeh_drutsa_high quality - page 1,Ume_Petsuk,line,0.8,2.5,3.5,True,0.5,True,15,17.86512017250061,41.38,58,24,34,
umeh_drutsa_high quality,umeh_drutsa_high quality - page 1,Ume_Petsuk,line,0.8,2.5,3.5,True,0.9,True,15,18.169081211090088,41.38,58,24,34,
umeh_drutsa_high quality,umeh_drutsa_high quality - page 1,Ume_Petsuk,line,0.8,2.5,3.5,False,0.1,True,22,20.59198260307312,36.0,100,36,64,
umeh_drutsa_high quality,umeh_drutsa_high quality - page 1,Ume_Petsuk,line,0.8,2.5,3.5,False,0.25,True,22,20.77655243873596,36.0,100,36,64,
umeh_drutsa_high quality,umeh_drutsa_high quality - page 1,Ume_Petsuk,line,0.8,2.5,3.5,False,0.5,True,22,20.59516453742981,36.0,100,36,64,
umeh_drutsa_high quality,umeh_drutsa_high quality - page 1,Ume_Petsuk,line,0.8,2.5,3.5,False,0.9,True,22,20.76791214942932,36.0,100,36,64,
umeh_drutsa_high quality,umeh_drutsa_high quality - page 1,Ume_Petsuk,line,0.8,2.5,4.0,True,0.1,True,15,17.277071714401245,29.17,48,14,34,
umeh_drutsa_high quality,umeh_drutsa_high quality - page 1,Ume_Petsuk,line,0.8,2.5,4.0,True,0.25,True,15,17.41125512123108,29.17,48,14,34,
umeh_drutsa_high quality,umeh_drutsa_high quality - page 1,Ume_Petsuk,line,0.8,2.5,4.0,True,0.5,True,15,17.219494819641113,29.17,48,14,34,
umeh_drutsa_high quality,umeh_drutsa_high quality - page 1,Ume_Petsuk,line,0.8,2.5,4.0,True,0.9,True,15,22.887833833694454,29.17,48,14,34,
umeh_drutsa_high quality,umeh_drutsa_high quality - page 1,Ume_Petsuk,line,0.8,2.5,4.0,False,0.1,True,22,20.631266593933105,30.68,88,27,61,
umeh_drutsa_high quality,umeh_drutsa_high quality - page 1,Ume_Petsuk,line,0.8,2.5,4.0,False,0.25,True,22,24.55759048461914,30.68,88,27,61,
umeh_drutsa_high quality,umeh_drutsa_high quality - page 1,Ume_Petsuk,line,0.8,2.5,4.0,False,0.5,True,22,20.586829662323,30.68,88,27,61,
umeh_drutsa_high quality,umeh_drutsa_high quality - page 1,Ume_Petsuk,line,0.8,2.5,4.0,False,0.9,True,22,20.54400897026062,30.68,88,27,61,
umeh_drutsa_high quality,umeh_drutsa_high quality - page 1,Ume_Petsuk,line,0.8,2.5,5.0,True,0.1,True,15,16.666821718215942,43.48,46,20,26,
umeh_drutsa_high quality,umeh_drutsa_high quality - page 1,Ume_Petsuk,line,0.8,2.5,5.0,True,0.25,True,15,16.802448272705078,43.48,46,20,26,
umeh_drutsa_high quality,umeh_drutsa_high quality - page 1,Ume_Petsuk,line,0.8,2.5,5.0,True,0.5,True,15,16.390986680984497,43.48,46,20,26,
umeh_drutsa_high quality,umeh_drutsa_high quality - page 1,Ume_Petsuk,line,0.8,2.5,5.0,True,0.9,True,15,16.632730960845947,43.48,46,20,26,
umeh_drutsa_high quality,umeh_drutsa_high quality - page 1,Ume_Petsuk,line,0.8,2.5,5.0,False,0.1,True,22,20.143989324569706,28.95,76,22,54,
umeh_drutsa_high quality,umeh_drutsa_high quality - page 1,Ume_Petsuk,line,0.8,2.5,5.0,False,0.25,True,22,20.40074563026428,28.95,76,22,54,
umeh_drutsa_high quality,umeh_drutsa_high quality - page 1,Ume_Petsuk,line,0.8,2.5,5.0,False,0.5,True,22,20.54597544670105,28.95,76,22,54,
umeh_drutsa_high quality,umeh_drutsa_high quality - page 1,Ume_Petsuk,line,0.8,2.5,5.0,False,0.9,True,22,20.01217818260193,28.95,76,22,54,
umeh_drutsa_high quality,umeh_drutsa_high quality - page 1,Ume_Petsuk,line,0.8,3.0,2.5,True,0.1,True,15,20.07623600959778,50.0,70,35,35,
umeh_drutsa_high quality,umeh_drutsa_high quality - page 1,Ume_Petsuk,line,0.8,3.0,2.5,True,0.25,True,15,19.990297555923465,50.0,70,35,35,
umeh_drutsa_high quality,umeh_drutsa_high quality - page 1,Ume_Petsuk,line,0.8,3.0,2.5,True,0.5,True,15,19.93508219718933,50.0,70,35,35,
umeh_drutsa_high quality,umeh_drutsa_high quality - page 1,Ume_Petsuk,line,0.8,3.0,2.5,True,0.9,True,15,20.192817211151123,50.0,70,35,35,
umeh_drutsa_high quality,umeh_drutsa_high quality - page 1,Ume_Petsuk,line,0.8,3.0,2.5,False,0.1,True,22,23.941700220108032,40.48,126,51,75,
umeh_drutsa_high quality,umeh_drutsa_high quality - page 1,Ume_Petsuk,line,0.8,3.0,2.5,False,0.25,True,22,24.01826500892639,40.48,126,51,75,
umeh_drutsa_high quality,umeh_drutsa_high quality - page 1,Ume_Petsuk,line,0.8,3.0,2.5,False,0.5,True,22,24.110005617141724,40.48,126,51,75,
umeh_drutsa_high quality,umeh_drutsa_high quality - page 1,Ume_Petsuk,line,0.8,3.0,2.5,False,0.9,True,22,23.898847818374637,40.48,126,51,75,
umeh_drutsa_high quality,umeh_drutsa_high quality - page 1,Ume_Petsuk,line,0.8,3.0,3.5,True,0.1,True,15,19.28449559211731,41.07,56,23,33,
umeh_drutsa_high quality,umeh_drutsa_high quality - page 1,Ume_Petsuk,line,0.8,3.0,3.5,True,0.25,True,15,24.147884607315063,41.07,56,23,33,
umeh_drutsa_high quality,umeh_drutsa_high quality - page 1,Ume_Petsuk,line,0.8,3.0,3.5,True,0.5,True,15,19.036715269088745,41.07,56,23,33,
umeh_drutsa_high quality,umeh_drutsa_high quality - page 1,Ume_Petsuk,line,0.8,3.0,3.5,True,0.9,True,15,19.92457890510559,41.07,56,23,33,
umeh_drutsa_high quality,umeh_drutsa_high quality - page 1,Ume_Petsuk,line,0.8,3.0,3.5,False,0.1,True,22,22.202876091003414,35.71,98,35,63,
umeh_drutsa_high quality,umeh_drutsa_high quality - page 1,Ume_Petsuk,line,0.8,3.0,3.5,False,0.25,True,22,22.18025255203247,35.71,98,35,63,
umeh_drutsa_high quality,umeh_drutsa_high quality - page 1,Ume_Petsuk,line,0.8,3.0,3.5,False,0.5,True,22,22.09096884727478,35.71,98,35,63,
umeh_drutsa_high quality,umeh_drutsa_high quality - page 1,Ume_Petsuk,line,0.8,3.0,3.5,False,0.9,True,22,23.320138692855835,35.71,98,35,63,
umeh_drutsa_high quality,umeh_drutsa_high quality - page 1,Ume_Petsuk,line,0.8,3.0,4.0,True,0.1,True,15,18.814500093460083,24.44,45,11,34,
umeh_drutsa_high quality,umeh_drutsa_high quality - page 1,Ume_Petsuk,line,0.8,3.0,4.0,True,0.25,True,15,18.627469778060917,24.44,45,11,34,
umeh_drutsa_high quality,umeh_drutsa_high quality - page 1,Ume_Petsuk,line,0.8,3.0,4.0,True,0.5,True,15,22.69172167778015,24.44,45,11,34,
umeh_drutsa_high quality,umeh_drutsa_high quality - page 1,Ume_Petsuk,line,0.8,3.0,4.0,True,0.9,True,15,18.39658617973328,24.44,45,11,34,
umeh_drutsa_high quality,umeh_drutsa_high quality - page 1,Ume_Petsuk,line,0.8,3.0,4.0,False,0.1,True,22,22.08859062194824,28.24,85,24,61,
umeh_drutsa_high quality,umeh_drutsa_high quality - page 1,Ume_Petsuk,line,0.8,3.0,4.0,False,0.25,True,22,21.747151613235477,28.24,85,24,61,
umeh_drutsa_high quality,umeh_drutsa_high quality - page 1,Ume_Petsuk,line,0.8,3.0,4.0,False,0.5,True,22,21.861714839935303,28.24,85,24,61,
umeh_drutsa_high quality,umeh_drutsa_high quality - page 1,Ume_Petsuk,line,0.8,3.0,4.0,False,0.9,True,22,21.62601208686829,28.24,85,24,61,
umeh_drutsa_high quality,umeh_drutsa_high quality - page 1,Ume_Petsuk,line,0.8,3.0,5.0,True,0.1,True,15,17.84872817993164,43.48,46,20,26,
umeh_drutsa_high quality,umeh_drutsa_high quality - page 1,Ume_Petsuk,line,0.8,3.0,5.0,True,0.25,True,15,18.526529550552368,43.48,46,20,26,
umeh_drutsa_high quality,umeh_drutsa_high quality - page 1,Ume_Petsuk,line,0.8,3.0,5.0,True,0.5,True,15,17.954710245132446,43.48,46,20,26,
umeh_drutsa_high quality,umeh_drutsa_high quality - page 1,Ume_Petsuk,line,0.8,3.0,5.0,True,0.9,True,15,17.93334937095642,43.48,46,20,26,
umeh_drutsa_high quality,umeh_drutsa_high quality - page 1,Ume_Petsuk,line,0.8,3.0,5.0,False,0.1,True,22,21.974008798599243,28.95,76,22,54,
umeh_drutsa_high quality,umeh_drutsa_high quality - page 1,Ume_Petsuk,line,0.8,3.0,5.0,False,0.25,True,22,21.789342880249023,28.95,76,22,54,
umeh_drutsa_high quality,umeh_drutsa_high quality - page 1,Ume_Petsuk,line,0.8,3.0,5.0,False,0.5,True,22,21.6536238193512,28.95,76,22,54,
umeh_drutsa_high quality,umeh_drutsa_high quality - page 1,Ume_Petsuk,line,0.8,3.0,5.0,False,0.9,True,22,21.658057928085327,28.95,76,22,54,
umeh_drutsa_high quality,umeh_drutsa_high quality - page 1,Ume_Petsuk,line,0.9,2.0,2.5,True,0.1,True,15,17.93648648262024,44.87,78,35,43,
umeh_drutsa_high quality,umeh_drutsa_high quality - page 1,Ume_Petsuk,line,0.9,2.0,2.5,True,0.25,True,15,18.09869122505188,44.87,78,35,43,
umeh_drutsa_high quality,umeh_drutsa_high quality - page 1,Ume_Petsuk,line,0.9,2.0,2.5,True,0.5,True,15,17.780007123947144,44.87,78,35,43,
umeh_drutsa_high quality,umeh_drutsa_high quality - page 1,Ume_Petsuk,line,0.9,2.0,2.5,True,0.9,True,15,17.598248958587646,44.87,78,35,43,
umeh_drutsa_high quality,umeh_drutsa_high quality - page 1,Ume_Petsuk,line,0.9,2.0,2.5,False,0.1,True,22,22.929176330566406,38.06,134,51,83,
umeh_drutsa_high quality,umeh_drutsa_high quality - page 1,Ume_Petsuk,line,0.9,2.0,2.5,False,0.25,True,22,21.59953284263611,38.06,134,51,83,
umeh_drutsa_high quality,umeh_drutsa_high quality - page 1,Ume_Petsuk,line,0.9,2.0,2.5,False,0.5,True,22,21.361979246139526,38.06,134,51,83,
umeh_drutsa_high quality,umeh_drutsa_high quality - page 1,Ume_Petsuk,line,0.9,2.0,2.5,False,0.9,True,22,21.67786765098572,38.06,134,51,83,
umeh_drutsa_high quality,umeh_drutsa_high quality - page 1,Ume_Petsuk,line,0.9,2.0,3.5,True,0.1,True,15,17.201395511627197,41.38,58,24,34,
umeh_drutsa_high quality,umeh_drutsa_high quality - page 1,Ume_Petsuk,line,0.9,2.0,3.5,True,0.25,True,15,17.11565852165222,41.38,58,24,34,
umeh_drutsa_high quality,umeh_drutsa_high quality - page 1,Ume_Petsuk,line,0.9,2.0,3.5,True,0.5,True,15,19.0889265537262,41.38,58,24,34,
umeh_drutsa_high quality,umeh_drutsa_high quality - page 1,Ume_Petsuk,line,0.9,2.0,3.5,True,0.9,True,15,16.354081869125366,41.38,58,24,34,
umeh_drutsa_high quality,umeh_drutsa_high quality - page 1,Ume_Petsuk,line,0.9,2.0,3.5,False,0.1,True,22,19.46501612663269,36.0,100,36,64,
umeh_drutsa_high quality,umeh_drutsa_high quality - page 1,Ume_Petsuk,line,0.9,2.0,3.5,False,0.25,True,22,19.303014755249023,36.0,100,36,64,
umeh_drutsa_high quality,umeh_drutsa_high quality - page 1,Ume_Petsuk,line,0.9,2.0,3.5,False,0.5,True,22,19.61342191696167,36.0,100,36,64,
umeh_drutsa_high quality,umeh_drutsa_high quality - page 1,Ume_Petsuk,line,0.9,2.0,3.5,False,0.9,True,22,19.79722785949707,36.0,100,36,64,
umeh_drutsa_high quality,umeh_drutsa_high quality - page 1,Ume_Petsuk,line,0.9,2.0,4.0,True,0.1,True,15,16.98574662208557,29.17,48,14,34,
umeh_drutsa_high quality,umeh_drutsa_high quality - page 1,Ume_Petsuk,line,0.9,2.0,4.0,True,0.25,True,15,21.238746166229248,29.17,48,14,34,
umeh_drutsa_high quality,umeh_drutsa_high quality - page 1,Ume_Petsuk,line,0.9,2.0,4.0,True,0.5,True,15,16.234387636184692,29.17,48,14,34,
umeh_drutsa_high quality,umeh_drutsa_high quality - page 1,Ume_Petsuk,line,0.9,2.0,4.0,True,0.9,True,15,16.056640625,29.17,48,14,34,
umeh_drutsa_high quality,umeh_drutsa_high quality - page 1,Ume_Petsuk,line,0.9,2.0,4.0,False,0.1,True,22,19.38557600975037,30.68,88,27,61,
umeh_drutsa_high quality,umeh_drutsa_high quality - page 1,Ume_Petsuk,line,0.9,2.0,4.0,False,0.25,True,22,19.857046127319336,30.68,88,27,61,
umeh_drutsa_high quality,umeh_drutsa_high quality - page 1,Ume_Petsuk,line,0.9,2.0,4.0,False,0.5,True,22,19.322018146514893,30.68,88,27,61,
umeh_drutsa_high quality,umeh_drutsa_high quality - page 1,Ume_Petsuk,line,0.9,2.0,4.0,False,0.9,True,22,19.449875116348267,30.68,88,27,61,
umeh_drutsa_high quality,umeh_drutsa_high quality - page 1,Ume_Petsuk,line,0.9,2.0,5.0,True,0.1,True,15,15.614633083343506,46.67,45,21,24,
umeh_drutsa_high quality,umeh_drutsa_high quality - page 1,Ume_Petsuk,line,0.9,2.0,5.0,True,0.25,True,15,15.570608854293823,46.67,45,21,24,
umeh_drutsa_high quality,umeh_drutsa_high quality - page 1,Ume_Petsuk,line,0.9,2.0,5.0,True,0.5,True,15,15.713806390762327,46.67,45,21,24,
umeh_drutsa_high quality,umeh_drutsa_high quality - page 1,Ume_Petsuk,line,0.9,2.0,5.0,True,0.9,True,15,15.622145652770996,46.67,45,21,24,
umeh_drutsa_high quality,umeh_drutsa_high quality - page 1,Ume_Petsuk,line,0.9,2.0,5.0,False,0.1,True,22,22.04918122291565,37.66,77,29,48,
umeh_drutsa_high quality,umeh_drutsa_high quality - page 1,Ume_Petsuk,line,0.9,2.0,5.0,False,0.25,True,22,19.31608724594116,37.66,77,29,48,
umeh_drutsa_high quality,umeh_drutsa_high quality - page 1,Ume_Petsuk,line,0.9,2.0,5.0,False,0.5,True,22,18.83228206634521,37.66,77,29,48,
umeh_drutsa_high quality,umeh_drutsa_high quality - page 1,Ume_Petsuk,line,0.9,2.0,5.0,False,0.9,True,22,19.005351543426517,37.66,77,29,48,
umeh_drutsa_high quality,umeh_drutsa_high quality - page 1,Ume_Petsuk,line,0.9,2.5,2.5,True,0.1,True,15,20.763633251190186,50.68,73,37,36,
umeh_drutsa_high quality,umeh_drutsa_high quality - page 1,Ume_Petsuk,line,0.9,2.5,2.5,True,0.25,True,15,19.438263177871704,50.68,73,37,36,
umeh_drutsa_high quality,umeh_drutsa_high quality - page 1,Ume_Petsuk,line,0.9,2.5,2.5,True,0.5,True,15,18.907773971557617,50.68,73,37,36,
umeh_drutsa_high quality,umeh_drutsa_high quality - page 1,Ume_Petsuk,line,0.9,2.5,2.5,True,0.9,True,15,18.78733849525452,50.68,73,37,36,
umeh_drutsa_high quality,umeh_drutsa_high quality - page 1,Ume_Petsuk,line,0.9,2.5,2.5,False,0.1,True,22,22.85965347290039,41.09,129,53,76,
umeh_drutsa_high quality,umeh_drutsa_high quality - page 1,Ume_Petsuk,line,0.9,2.5,2.5,False,0.25,True,22,23.13492512702942,41.09,129,53,76,
umeh_drutsa_high quality,umeh_drutsa_high quality - page 1,Ume_Petsuk,line,0.9,2.5,2.5,False,0.5,True,22,24.27112102508545,41.09,129,53,76,
umeh_drutsa_high quality,umeh_drutsa_high quality - page 1,Ume_Petsuk,line,0.9,2.5,2.5,False,0.9,True,22,22.97687101364136,41.09,129,53,76,
umeh_drutsa_high quality,umeh_drutsa_high quality - page 1,Ume_Petsuk,line,0.9,2.5,3.5,True,0.1,True,15,17.859333038330078,41.38,58,24,34,
umeh_drutsa_high quality,umeh_drutsa_high quality - page 1,Ume_Petsuk,line,0.9,2.5,3.5,True,0.25,True,15,18.806144952774048,41.38,58,24,34,
umeh_drutsa_high quality,umeh_drutsa_high quality - page 1,Ume_Petsuk,line,0.9,2.5,3.5,True,0.5,True,15,22.788352966308597,41.38,58,24,34,
umeh_drutsa_high quality,umeh_drutsa_high quality - page 1,Ume_Petsuk,line,0.9,2.5,3.5,True,0.9,True,15,18.012120723724365,41.38,58,24,34,
umeh_drutsa_high quality,umeh_drutsa_high quality - page 1,Ume_Petsuk,line,0.9,2.5,3.5,False,0.1,True,22,22.295610189437863,36.0,100,36,64,
umeh_drutsa_high quality,umeh_drutsa_high quality - page 1,Ume_Petsuk,line,0.9,2.5,3.5,False,0.25,True,22,25.729984283447266,36.0,100,36,64,
umeh_drutsa_high quality,umeh_drutsa_high quality - page 1,Ume_Petsuk,line,0.9,2.5,3.5,False,0.5,True,22,20.59885811805725,36.0,100,36,64,
umeh_drutsa_high quality,umeh_drutsa_high quality - page 1,Ume_Petsuk,line,0.9,2.5,3.5,False,0.9,True,22,20.528921127319336,36.0,100,36,64,
umeh_drutsa_high quality,umeh_drutsa_high quality - page 1,Ume_Petsuk,line,0.9,2.5,4.0,True,0.1,True,15,17.365851402282715,29.17,48,14,34,
umeh_drutsa_high quality,umeh_drutsa_high quality - page 1,Ume_Petsuk,line,0.9,2.5,4.0,True,0.25,True,15,17.108100652694702,29.17,48,14,34,
umeh_drutsa_high quality,umeh_drutsa_high quality - page 1,Ume_Petsuk,line,0.9,2.5,4.0,True,0.5,True,15,17.033716917037964,29.17,48,14,34,
umeh_drutsa_high quality,umeh_drutsa_high quality - page 1,Ume_Petsuk,line,0.9,2.5,4.0,True,0.9,True,15,17.525822401046753,29.17,48,14,34,
umeh_drutsa_high quality,umeh_drutsa_high quality - page 1,Ume_Petsuk,line,0.9,2.5,4.0,False,0.1,True,22,20.45440983772278,30.68,88,27,61,
umeh_drutsa_high quality,umeh_drutsa_high quality - page 1,Ume_Petsuk,line,0.9,2.5,4.0,False,0.25,True,22,20.29868483543396,30.68,88,27,61,
umeh_drutsa_high quality,umeh_drutsa_high quality - page 1,Ume_Petsuk,line,0.9,2.5,4.0,False,0.5,True,22,20.368139266967773,30.68,88,27,61,
umeh_drutsa_high quality,umeh_drutsa_high quality - page 1,Ume_Petsuk,line,0.9,2.5,4.0,False,0.9,True,22,20.3298602104187,30.68,88,27,61,
umeh_drutsa_high quality,umeh_drutsa_high quality - page 1,Ume_Petsuk,line,0.9,2.5,5.0,True,0.1,True,15,16.46605110168457,43.48,46,20,26,
umeh_drutsa_high quality,umeh_drutsa_high quality - page 1,Ume_Petsuk,line,0.9,2.5,5.0,True,0.25,True,15,16.726105213165283,43.48,46,20,26,
umeh_drutsa_high quality,umeh_drutsa_high quality - page 1,Ume_Petsuk,line,0.9,2.5,5.0,True,0.5,True,15,16.719630002975464,43.48,46,20,26,
umeh_drutsa_high quality,umeh_drutsa_high quality - page 1,Ume_Petsuk,line,0.9,2.5,5.0,True,0.9,True,15,16.612521409988403,43.48,46,20,26,
umeh_drutsa_high quality,umeh_drutsa_high quality - page 1,Ume_Petsuk,line,0.9,2.5,5.0,False,0.1,True,22,20.638943195343018,28.95,76,22,54,
umeh_drutsa_high quality,umeh_drutsa_high quality - page 1,Ume_Petsuk,line,0.9,2.5,5.0,False,0.25,True,22,20.450753927230835,28.95,76,22,54,
umeh_drutsa_high quality,umeh_drutsa_high quality - page 1,Ume_Petsuk,line,0.9,2.5,5.0,False,0.5,True,22,20.367262840271,28.95,76,22,54,
umeh_drutsa_high quality,umeh_drutsa_high quality - page 1,Ume_Petsuk,line,0.9,2.5,5.0,False,0.9,True,22,21.548566818237305,28.95,76,22,54,
umeh_drutsa_high quality,umeh_drutsa_high quality - page 1,Ume_Petsuk,line,0.9,3.0,2.5,True,0.1,True,15,25.756179809570312,50.0,70,35,35,
umeh_drutsa_high quality,umeh_drutsa_high quality - page 1,Ume_Petsuk,line,0.9,3.0,2.5,True,0.25,True,15,20.587727308273315,50.0,70,35,35,
umeh_drutsa_high quality,umeh_drutsa_high quality - page 1,Ume_Petsuk,line,0.9,3.0,2.5,True,0.5,True,15,20.77654767036438,50.0,70,35,35,
umeh_drutsa_high quality,umeh_drutsa_high quality - page 1,Ume_Petsuk,line,0.9,3.0,2.5,True,0.9,True,15,20.40803337097168,50.0,70,35,35,
umeh_drutsa_high quality,umeh_drutsa_high quality - page 1,Ume_Petsuk,line,0.9,3.0,2.5,False,0.1,True,22,24.20142364501953,40.48,126,51,75,
umeh_drutsa_high quality,umeh_drutsa_high quality - page 1,Ume_Petsuk,line,0.9,3.0,2.5,False,0.25,True,22,29.29936408996582,40.48,126,51,75,
umeh_drutsa_high quality,umeh_drutsa_high quality - page 1,Ume_Petsuk,line,0.9,3.0,2.5,False,0.5,True,22,23.79790067672729,40.48,126,51,75,
umeh_drutsa_high quality,umeh_drutsa_high quality - page 1,Ume_Petsuk,line,0.9,3.0,2.5,False,0.9,True,22,23.837599992752075,40.48,126,51,75,
umeh_drutsa_high quality,umeh_drutsa_high quality - page 1,Ume_Petsuk,line,0.9,3.0,3.5,True,0.1,True,15,18.95355343818665,41.07,56,23,33,
umeh_drutsa_high quality,umeh_drutsa_high quality - page 1,Ume_Petsuk,line,0.9,3.0,3.5,True,0.25,True,15,18.9363956451416,41.07,56,23,33,
umeh_drutsa_high quality,umeh_drutsa_high quality - page 1,Ume_Petsuk,line,0.9,3.0,3.5,True,0.5,True,15,18.83724284172058,41.07,56,23,33,
umeh_drutsa_high quality,umeh_drutsa_high quality - page 1,Ume_Petsuk,line,0.9,3.0,3.5,True,0.9,True,15,24.21663236618042,41.07,56,23,33,
umeh_drutsa_high quality,umeh_drutsa_high quality - page 1,Ume_Petsuk,line,0.9,3.0,3.5,False,0.1,True,22,22.02002453804016,35.71,98,35,63,
umeh_drutsa_high quality,umeh_drutsa_high quality - page 1,Ume_Petsuk,line,0.9,3.0,3.5,False,0.25,True,22,22.057941913604736,35.71,98,35,63,
umeh_drutsa_high quality,umeh_drutsa_high quality - page 1,Ume_Petsuk,line,0.9,3.0,3.5,False,0.5,True,22,22.33897376060486,35.71,98,35,63,
umeh_drutsa_high quality,umeh_drutsa_high quality - page 1,Ume_Petsuk,line,0.9,3.0,3.5,False,0.9,True,22,22.122798442840576,35.71,98,35,63,
umeh_drutsa_high quality,umeh_drutsa_high quality - page 1,Ume_Petsuk,line,0.9,3.0,4.0,True,0.1,True,15,18.700002431869507,24.44,45,11,34,
umeh_drutsa_high quality,umeh_drutsa_high quality - page 1,Ume_Petsuk,line,0.9,3.0,4.0,True,0.25,True,15,18.974483489990234,24.44,45,11,34,
umeh_drutsa_high quality,umeh_drutsa_high quality - page 1,Ume_Petsuk,line,0.9,3.0,4.0,True,0.5,True,15,18.927361726760864,24.44,45,11,34,
umeh_drutsa_high quality,umeh_drutsa_high quality - page 1,Ume_Petsuk,line,0.9,3.0,4.0,True,0.9,True,15,18.99728846549988,24.44,45,11,34,
umeh_drutsa_high quality,umeh_drutsa_high quality - page 1,Ume_Petsuk,line,0.9,3.0,4.0,False,0.1,True,22,22.097289323806763,28.24,85,24,61,
umeh_drutsa_high quality,umeh_drutsa_high quality - page 1,Ume_Petsuk,line,0.9,3.0,4.0,False,0.25,True,22,21.74930715560913,28.24,85,24,61,
umeh_drutsa_high quality,umeh_drutsa_high quality - page 1,Ume_Petsuk,line,0.9,3.0,4.0,False,0.5,True,22,21.695860624313354,28.24,85,24,61,
umeh_drutsa_high quality,umeh_drutsa_high quality - page 1,Ume_Petsuk,line,0.9,3.0,4.0,False,0.9,True,22,21.530452728271484,28.24,85,24,61,
umeh_drutsa_high quality,umeh_drutsa_high quality - page 1,Ume_Petsuk,line,0.9,3.0,5.0,True,0.1,True,15,17.864799737930298,43.48,46,20,26,
umeh_drutsa_high quality,umeh_drutsa_high quality - page 1,Ume_Petsuk,line,0.9,3.0,5.0,True,0.25,True,15,18.041412353515625,43.48,46,20,26,
umeh_drutsa_high quality,umeh_drutsa_high quality - page 1,Ume_Petsuk,line,0.9,3.0,5.0,True,0.5,True,15,17.70487952232361,43.48,46,20,26,
umeh_drutsa_high quality,umeh_drutsa_high quality - page 1,Ume_Petsuk,line,0.9,3.0,5.0,True,0.9,True,15,22.72792267799377,43.48,46,20,26,
umeh_drutsa_high quality,umeh_drutsa_high quality - page 1,Ume_Petsuk,line,0.9,3.0,5.0,False,0.1,True,22,21.364319324493408,28.95,76,22,54,
umeh_drutsa_high quality,umeh_drutsa_high quality - page 1,Ume_Petsuk,line,0.9,3.0,5.0,False,0.25,True,22,21.364181756973267,28.95,76,22,54,
umeh_drutsa_high quality,umeh_drutsa_high quality - page 1,Ume_Petsuk,line,0.9,3.0,5.0,False,0.5,True,22,21.324567556381226,28.95,76,22,54,
umeh_drutsa_high quality,umeh_drutsa_high quality - page 1,Ume_Petsuk,line,0.9,3.0,5.0,False,0.9,True,22,21.794776439666748,28.95,76,22,54,
umeh_drutsa_high quality,umeh_drutsa_high quality - page 1,Ume_Petsuk,layout,0.7,2.0,2.5,True,0.1,True,10,22.07777070999145,37.14,35,13,22,
umeh_drutsa_high quality,umeh_drutsa_high quality - page 1,Ume_Petsuk,layout,0.7,2.0,2.5,True,0.25,True,10,16.316633701324463,37.14,35,13,22,
umeh_drutsa_high quality,umeh_drutsa_high quality - page 1,Ume_Petsuk,layout,0.7,2.0,2.5,True,0.5,True,10,15.706488609313965,37.14,35,13,22,
umeh_drutsa_high quality,umeh_drutsa_high quality - page 1,Ume_Petsuk,layout,0.7,2.0,2.5,True,0.9,True,10,16.14833092689514,37.14,35,13,22,
umeh_drutsa_high quality,umeh_drutsa_high quality - page 1,Ume_Petsuk,layout,0.7,2.0,2.5,False,0.1,True,34,32.403746128082275,38.41,138,53,85,
umeh_drutsa_high quality,umeh_drutsa_high quality - page 1,Ume_Petsuk,layout,0.7,2.0,2.5,False,0.25,True,34,27.048905849456787,38.41,138,53,85,
umeh_drutsa_high quality,umeh_drutsa_high quality - page 1,Ume_Petsuk,layout,0.7,2.0,2.5,False,0.5,True,34,26.7432119846344,38.41,138,53,85,
umeh_drutsa_high quality,umeh_drutsa_high quality - page 1,Ume_Petsuk,layout,0.7,2.0,2.5,False,0.9,True,34,27.721384286880493,38.41,138,53,85,
umeh_drutsa_high quality,umeh_drutsa_high quality - page 1,Ume_Petsuk,layout,0.7,2.0,3.5,True,0.1,True,10,14.166330337524414,40.74,27,11,16,
umeh_drutsa_high quality,umeh_drutsa_high quality - page 1,Ume_Petsuk,layout,0.7,2.0,3.5,True,0.25,True,10,19.36803650856018,40.74,27,11,16,
umeh_drutsa_high quality,umeh_drutsa_high quality - page 1,Ume_Petsuk,layout,0.7,2.0,3.5,True,0.5,True,10,14.55111289024353,40.74,27,11,16,
umeh_drutsa_high quality,umeh_drutsa_high quality - page 1,Ume_Petsuk,layout,0.7,2.0,3.5,True,0.9,True,10,19.183502674102783,40.74,27,11,16,
umeh_drutsa_high quality,umeh_drutsa_high quality - page 1,Ume_Petsuk,layout,0.7,2.0,3.5,False,0.1,True,34,25.14042544364929,40.5,121,49,72,
umeh_drutsa_high quality,umeh_drutsa_high quality - page 1,Ume_Petsuk,layout,0.7,2.0,3.5,False,0.25,True,34,25.259833335876465,40.5,121,49,72,
umeh_drutsa_high quality,umeh_drutsa_high quality - page 1,Ume_Petsuk,layout,0.7,2.0,3.5,False,0.5,True,34,25.26757526397705,40.5,121,49,72,
umeh_drutsa_high quality,umeh_drutsa_high quality - page 1,Ume_Petsuk,layout,0.7,2.0,3.5,False,0.9,True,34,25.306335926055908,40.5,121,49,72,
umeh_drutsa_high quality,umeh_drutsa_high quality - page 1,Ume_Petsuk,layout,0.7,2.0,4.0,True,0.1,True,10,13.864232301712036,31.58,19,6,13,
umeh_drutsa_high quality,umeh_drutsa_high quality - page 1,Ume_Petsuk,layout,0.7,2.0,4.0,True,0.25,True,10,13.763554334640505,31.58,19,6,13,
umeh_drutsa_high quality,umeh_drutsa_high quality - page 1,Ume_Petsuk,layout,0.7,2.0,4.0,True,0.5,True,10,14.015956401824951,31.58,19,6,13,
umeh_drutsa_high quality,umeh_drutsa_high quality - page 1,Ume_Petsuk,layout,0.7,2.0,4.0,True,0.9,True,10,13.92377996444702,31.58,19,6,13,
umeh_drutsa_high quality,umeh_drutsa_high quality - page 1,Ume_Petsuk,layout,0.7,2.0,4.0,False,0.1,True,34,25.48065662384033,32.38,105,34,71,
umeh_drutsa_high quality,umeh_drutsa_high quality - page 1,Ume_Petsuk,layout,0.7,2.0,4.0,False,0.25,True,34,25.570870399475098,32.38,105,34,71,
umeh_drutsa_high quality,umeh_drutsa_high quality - page 1,Ume_Petsuk,layout,0.7,2.0,4.0,False,0.5,True,34,25.00598168373108,32.38,105,34,71,
umeh_drutsa_high quality,umeh_drutsa_high quality - page 1,Ume_Petsuk,layout,0.7,2.0,4.0,False,0.9,True,34,25.87011122703552,32.38,105,34,71,
umeh_drutsa_high quality,umeh_drutsa_high quality - page 1,Ume_Petsuk,layout,0.7,2.0,5.0,True,0.1,True,10,12.724206924438477,36.36,11,4,7,
umeh_drutsa_high quality,umeh_drutsa_high quality - page 1,Ume_Petsuk,layout,0.7,2.0,5.0,True,0.25,True,10,12.847158670425417,36.36,11,4,7,
umeh_drutsa_high quality,umeh_drutsa_high quality - page 1,Ume_Petsuk,layout,0.7,2.0,5.0,True,0.5,True,10,12.98271918296814,36.36,11,4,7,
umeh_drutsa_high quality,umeh_drutsa_high quality - page 1,Ume_Petsuk,layout,0.7,2.0,5.0,True,0.9,True,10,13.0843985080719,36.36,11,4,7,
umeh_drutsa_high quality,umeh_drutsa_high quality - page 1,Ume_Petsuk,layout,0.7,2.0,5.0,False,0.1,True,34,24.04863715171814,42.86,70,30,40,
umeh_drutsa_high quality,umeh_drutsa_high quality - page 1,Ume_Petsuk,layout,0.7,2.0,5.0,False,0.25,True,34,23.741048336029053,42.86,70,30,40,
umeh_drutsa_high quality,umeh_drutsa_high quality - page 1,Ume_Petsuk,layout,0.7,2.0,5.0,False,0.5,True,34,23.65239763259888,42.86,70,30,40,
umeh_drutsa_high quality,umeh_drutsa_high quality - page 1,Ume_Petsuk,layout,0.7,2.0,5.0,False,0.9,True,34,23.39623761177063,42.86,70,30,40,
umeh_drutsa_high quality,umeh_drutsa_high quality - page 1,Ume_Petsuk,layout,0.7,2.5,2.5,True,0.1,True,10,16.964607000350952,37.14,35,13,22,
umeh_drutsa_high quality,umeh_drutsa_high quality - page 1,Ume_Petsuk,layout,0.7,2.5,2.5,True,0.25,True,10,21.925769329071045,37.14,35,13,22,
umeh_drutsa_high quality,umeh_drutsa_high quality - page 1,Ume_Petsuk,layout,0.7,2.5,2.5,True,0.5,True,10,17.072389125823975,37.14,35,13,22,
umeh_drutsa_high quality,umeh_drutsa_high quality - page 1,Ume_Petsuk,layout,0.7,2.5,2.5,True,0.9,True,10,17.26573657989502,37.14,35,13,22,
umeh_drutsa_high quality,umeh_drutsa_high quality - page 1,Ume_Petsuk,layout,0.7,2.5,2.5,False,0.1,True,34,28.13657236099243,37.5,136,51,85,
umeh_drutsa_high quality,umeh_drutsa_high quality - page 1,Ume_Petsuk,layout,0.7,2.5,2.5,False,0.25,True,34,28.63378643989563,37.5,136,51,85,
umeh_drutsa_high quality,umeh_drutsa_high quality - page 1,Ume_Petsuk,layout,0.7,2.5,2.5,False,0.5,True,34,28.287739753723145,37.5,136,51,85,
umeh_drutsa_high quality,umeh_drutsa_high quality - page 1,Ume_Petsuk,layout,0.7,2.5,2.5,False,0.9,True,34,28.483535051345825,37.5,136,51,85,
umeh_drutsa_high quality,umeh_drutsa_high quality - page 1,Ume_Petsuk,layout,0.7,2.5,3.5,True,0.1,True,10,16.02778935432434,40.74,27,11,16,
umeh_drutsa_high quality,umeh_drutsa_high quality - page 1,Ume_Petsuk,layout,0.7,2.5,3.5,True,0.25,True,10,16.04578399658203,40.74,27,11,16,
umeh_drutsa_high quality,umeh_drutsa_high quality - page 1,Ume_Petsuk,layout,0.7,2.5,3.5,True,0.5,True,10,16.244513273239136,40.74,27,11,16,
umeh_drutsa_high quality,umeh_drutsa_high quality - page 1,Ume_Petsuk,layout,0.7,2.5,3.5,True,0.9,True,10,16.01522660255432,40.74,27,11,16,
umeh_drutsa_high quality,umeh_drutsa_high quality - page 1,Ume_Petsuk,layout,0.7,2.5,3.5,False,0.1,True,34,26.41775369644165,40.5,121,49,72,
umeh_drutsa_high quality,umeh_drutsa_high quality - page 1,Ume_Petsuk,layout,0.7,2.5,3.5,False,0.25,True,34,26.33796215057373,40.5,121,49,72,
umeh_drutsa_high quality,umeh_drutsa_high quality - page 1,Ume_Petsuk,layout,0.7,2.5,3.5,False,0.5,True,34,26.2285099029541,40.5,121,49,72,
umeh_drutsa_high quality,umeh_drutsa_high quality - page 1,Ume_Petsuk,layout,0.7,2.5,3.5,False,0.9,True,34,26.23675847053528,40.5,121,49,72,
umeh_drutsa_high quality,umeh_drutsa_high quality - page 1,Ume_Petsuk,layout,0.7,2.5,4.0,True,0.1,True,10,20.32332468032837,31.58,19,6,13,
umeh_drutsa_high quality,umeh_drutsa_high quality - page 1,Ume_Petsuk,layout,0.7,2.5,4.0,True,0.25,True,10,15.527881622314451,31.58,19,6,13,
umeh_drutsa_high quality,umeh_drutsa_high quality - page 1,Ume_Petsuk,layout,0.7,2.5,4.0,True,0.5,True,10,15.369083404541016,31.58,19,6,13,
umeh_drutsa_high quality,umeh_drutsa_high quality - page 1,Ume_Petsuk,layout,0.7,2.5,4.0,True,0.9,True,10,15.74012327194214,31.58,19,6,13,
umeh_drutsa_high quality,umeh_drutsa_high quality - page 1,Ume_Petsuk,layout,0.7,2.5,4.0,False,0.1,True,34,26.23011684417725,32.38,105,34,71,
umeh_drutsa_high quality,umeh_drutsa_high quality - page 1,Ume_Petsuk,layout,0.7,2.5,4.0,False,0.25,True,34,26.323487043380737,32.38,105,34,71,
umeh_drutsa_high quality,umeh_drutsa_high quality - page 1,Ume_Petsuk,layout,0.7,2.5,4.0,False,0.5,True,34,27.21664333343506,32.38,105,34,71,
umeh_drutsa_high quality,umeh_drutsa_high quality - page 1,Ume_Petsuk,layout,0.7,2.5,4.0,False,0.9,True,34,26.16888666152954,32.38,105,34,71,
umeh_drutsa_high quality,umeh_drutsa_high quality - page 1,Ume_Petsuk,layout,0.7,2.5,5.0,True,0.1,True,10,14.607744216918944,35.71,14,5,9,
umeh_drutsa_high quality,umeh_drutsa_high quality - page 1,Ume_Petsuk,layout,0.7,2.5,5.0,True,0.25,True,10,14.606637001037598,35.71,14,5,9,
umeh_drutsa_high quality,umeh_drutsa_high quality - page 1,Ume_Petsuk,layout,0.7,2.5,5.0,True,0.5,True,10,14.561280965805054,35.71,14,5,9,
umeh_drutsa_high quality,umeh_drutsa_high quality - page 1,Ume_Petsuk,layout,0.7,2.5,5.0,True,0.9,True,10,14.665269613265991,35.71,14,5,9,
umeh_drutsa_high quality,umeh_drutsa_high quality - page 1,Ume_Petsuk,layout,0.7,2.5,5.0,False,0.1,True,34,25.43905472755432,42.67,75,32,43,
umeh_drutsa_high quality,umeh_drutsa_high quality - page 1,Ume_Petsuk,layout,0.7,2.5,5.0,False,0.25,True,34,25.172771453857425,42.67,75,32,43,
umeh_drutsa_high quality,umeh_drutsa_high quality - page 1,Ume_Petsuk,layout,0.7,2.5,5.0,False,0.5,True,34,25.13723874092102,42.67,75,32,43,
umeh_drutsa_high quality,umeh_drutsa_high quality - page 1,Ume_Petsuk,layout,0.7,2.5,5.0,False,0.9,True,34,25.452524662017822,42.67,75,32,43,
umeh_drutsa_high quality,umeh_drutsa_high quality - page 1,Ume_Petsuk,layout,0.7,3.0,2.5,True,0.1,True,10,19.695900440216064,37.14,35,13,22,
umeh_drutsa_high quality,umeh_drutsa_high quality - page 1,Ume_Petsuk,layout,0.7,3.0,2.5,True,0.25,True,10,19.26337838172913,37.14,35,13,22,
umeh_drutsa_high quality,umeh_drutsa_high quality - page 1,Ume_Petsuk,layout,0.7,3.0,2.5,True,0.5,True,10,19.12879586219788,37.14,35,13,22,
umeh_drutsa_high quality,umeh_drutsa_high quality - page 1,Ume_Petsuk,layout,0.7,3.0,2.5,True,0.9,True,10,19.0842342376709,37.14,35,13,22,
umeh_drutsa_high quality,umeh_drutsa_high quality - page 1,Ume_Petsuk,layout,0.7,3.0,2.5,False,0.1,True,34,29.761399507522583,38.64,132,51,81,
umeh_drutsa_high quality,umeh_drutsa_high quality - page 1,Ume_Petsuk,layout,0.7,3.0,2.5,False,0.25,True,34,29.44527292251587,38.64,132,51,81,
umeh_drutsa_high quality,umeh_drutsa_high quality - page 1,Ume_Petsuk,layout,0.7,3.0,2.5,False,0.5,True,34,29.46190118789673,38.64,132,51,81,
umeh_drutsa_high quality,umeh_drutsa_high quality - page 1,Ume_Petsuk,layout,0.7,3.0,2.5,False,0.9,True,34,29.514050722122192,38.64,132,51,81,
umeh_drutsa_high quality,umeh_drutsa_high quality - page 1,Ume_Petsuk,layout,0.7,3.0,3.5,True,0.1,True,10,18.06472420692444,40.74,27,11,16,
umeh_drutsa_high quality,umeh_drutsa_high quality - page 1,Ume_Petsuk,layout,0.7,3.0,3.5,True,0.25,True,10,17.939643383026123,40.74,27,11,16,
umeh_drutsa_high quality,umeh_drutsa_high quality - page 1,Ume_Petsuk,layout,0.7,3.0,3.5,True,0.5,True,10,18.07904481887817,40.74,27,11,16,
umeh_drutsa_high quality,umeh_drutsa_high quality - page 1,Ume_Petsuk,layout,0.7,3.0,3.5,True,0.9,True,10,18.07571816444397,40.74,27,11,16,
umeh_drutsa_high quality,umeh_drutsa_high quality - page 1,Ume_Petsuk,layout,0.7,3.0,3.5,False,0.1,True,34,27.891719102859497,41.88,117,49,68,
umeh_drutsa_high quality,umeh_drutsa_high quality - page 1,Ume_Petsuk,layout,0.7,3.0,3.5,False,0.25,True,34,28.008396863937374,41.88,117,49,68,
umeh_drutsa_high quality,umeh_drutsa_high quality - page 1,Ume_Petsuk,layout,0.7,3.0,3.5,False,0.5,True,34,32.2417676448822,41.88,117,49,68,
umeh_drutsa_high quality,umeh_drutsa_high quality - page 1,Ume_Petsuk,layout,0.7,3.0,3.5,False,0.9,True,34,27.893903732299805,41.88,117,49,68,
umeh_drutsa_high quality,umeh_drutsa_high quality - page 1,Ume_Petsuk,layout,0.7,3.0,4.0,True,0.1,True,10,17.96833324432373,31.58,19,6,13,
umeh_drutsa_high quality,umeh_drutsa_high quality - page 1,Ume_Petsuk,layout,0.7,3.0,4.0,True,0.25,True,10,17.749974489212036,31.58,19,6,13,
umeh_drutsa_high quality,umeh_drutsa_high quality - page 1,Ume_Petsuk,layout,0.7,3.0,4.0,True,0.5,True,10,17.76787805557251,31.58,19,6,13,
umeh_drutsa_high quality,umeh_drutsa_high quality - page 1,Ume_Petsuk,layout,0.7,3.0,4.0,True,0.9,True,10,17.9410138130188,31.58,19,6,13,
umeh_drutsa_high quality,umeh_drutsa_high quality - page 1,Ume_Petsuk,layout,0.7,3.0,4.0,False,0.1,True,34,27.117573261260983,32.35,102,33,69,
umeh_drutsa_high quality,umeh_drutsa_high quality - page 1,Ume_Petsuk,layout,0.7,3.0,4.0,False,0.25,True,34,27.642442226409912,32.35,102,33,69,
umeh_drutsa_high quality,umeh_drutsa_high quality - page 1,Ume_Petsuk,layout,0.7,3.0,4.0,False,0.5,True,34,31.3723406791687,32.35,102,33,69,
umeh_drutsa_high quality,umeh_drutsa_high quality - page 1,Ume_Petsuk,layout,0.7,3.0,4.0,False,0.9,True,34,27.186728715896606,32.35,102,33,69,
umeh_drutsa_high quality,umeh_drutsa_high quality - page 1,Ume_Petsuk,layout,0.7,3.0,5.0,True,0.1,True,10,16.96303415298462,35.71,14,5,9,
umeh_drutsa_high quality,umeh_drutsa_high quality - page 1,Ume_Petsuk,layout,0.7,3.0,5.0,True,0.25,True,10,16.79870915412903,35.71,14,5,9,
umeh_drutsa_high quality,umeh_drutsa_high quality - page 1,Ume_Petsuk,layout,0.7,3.0,5.0,True,0.5,True,10,16.901338815689087,35.71,14,5,9,
umeh_drutsa_high quality,umeh_drutsa_high quality - page 1,Ume_Petsuk,layout,0.7,3.0,5.0,True,0.9,True,10,16.93579125404358,35.71,14,5,9,
umeh_drutsa_high quality,umeh_drutsa_high quality - page 1,Ume_Petsuk,layout,0.7,3.0,5.0,False,0.1,True,34,26.48074245452881,42.67,75,32,43,
umeh_drutsa_high quality,umeh_drutsa_high quality - page 1,Ume_Petsuk,layout,0.7,3.0,5.0,False,0.25,True,34,26.67177367210388,42.67,75,32,43,
umeh_drutsa_high quality,umeh_drutsa_high quality - page 1,Ume_Petsuk,layout,0.7,3.0,5.0,False,0.5,True,34,26.44194912910461,42.67,75,32,43,
umeh_drutsa_high quality,umeh_drutsa_high quality - page 1,Ume_Petsuk,layout,0.7,3.0,5.0,False,0.9,True,34,26.60562109947205,42.67,75,32,43,
umeh_drutsa_high quality,umeh_drutsa_high quality - page 1,Ume_Petsuk,layout,0.8,2.0,2.5,True,0.1,True,10,15.74981141090393,37.14,35,13,22,
umeh_drutsa_high quality,umeh_drutsa_high quality - page 1,Ume_Petsuk,layout,0.8,2.0,2.5,True,0.25,True,10,15.980891704559326,37.14,35,13,22,
umeh_drutsa_high quality,umeh_drutsa_high quality - page 1,Ume_Petsuk,layout,0.8,2.0,2.5,True,0.5,True,10,15.339893579483032,37.14,35,13,22,
umeh_drutsa_high quality,umeh_drutsa_high quality - page 1,Ume_Petsuk,layout,0.8,2.0,2.5,True,0.9,True,10,16.077303886413574,37.14,35,13,22,
umeh_drutsa_high quality,umeh_drutsa_high quality - page 1,Ume_Petsuk,layout,0.8,2.0,2.5,False,0.1,True,34,27.02479839324951,38.41,138,53,85,
umeh_drutsa_high quality,umeh_drutsa_high quality - page 1,Ume_Petsuk,layout,0.8,2.0,2.5,False,0.25,True,34,28.07751750946045,38.41,138,53,85,
umeh_drutsa_high quality,umeh_drutsa_high quality - page 1,Ume_Petsuk,layout,0.8,2.0,2.5,False,0.5,True,34,30.97367572784424,38.41,138,53,85,
umeh_drutsa_high quality,umeh_drutsa_high quality - page 1,Ume_Petsuk,layout,0.8,2.0,2.5,False,0.9,True,34,27.2859001159668,38.41,138,53,85,
umeh_drutsa_high quality,umeh_drutsa_high quality - page 1,Ume_Petsuk,layout,0.8,2.0,3.5,True,0.1,True,10,14.424707651138306,40.74,27,11,16,
umeh_drutsa_high quality,umeh_drutsa_high quality - page 1,Ume_Petsuk,layout,0.8,2.0,3.5,True,0.25,True,10,14.247437477111816,40.74,27,11,16,
umeh_drutsa_high quality,umeh_drutsa_high quality - page 1,Ume_Petsuk,layout,0.8,2.0,3.5,True,0.5,True,10,14.263499021530151,40.74,27,11,16,
umeh_drutsa_high quality,umeh_drutsa_high quality - page 1,Ume_Petsuk,layout,0.8,2.0,3.5,True,0.9,True,10,14.51310968399048,40.74,27,11,16,
umeh_drutsa_high quality,umeh_drutsa_high quality - page 1,Ume_Petsuk,layout,0.8,2.0,3.5,False,0.1,True,34,24.943281650543213,40.5,121,49,72,
umeh_drutsa_high quality,umeh_drutsa_high quality - page 1,Ume_Petsuk,layout,0.8,2.0,3.5,False,0.25,True,34,24.862077951431274,40.5,121,49,72,
umeh_drutsa_high quality,umeh_drutsa_high quality - page 1,Ume_Petsuk,layout,0.8,2.0,3.5,False,0.5,True,34,25.055827379226685,40.5,121,49,72,
umeh_drutsa_high quality,umeh_drutsa_high quality - page 1,Ume_Petsuk,layout,0.8,2.0,3.5,False,0.9,True,34,25.095447063446045,40.5,121,49,72,
umeh_drutsa_high quality,umeh_drutsa_high quality - page 1,Ume_Petsuk,layout,0.8,2.0,4.0,True,0.1,True,10,13.730502843856812,31.58,19,6,13,
umeh_drutsa_high quality,umeh_drutsa_high quality - page 1,Ume_Petsuk,layout,0.8,2.0,4.0,True,0.25,True,10,13.745212078094482,31.58,19,6,13,
umeh_drutsa_high quality,umeh_drutsa_high quality - page 1,Ume_Petsuk,layout,0.8,2.0,4.0,True,0.5,True,10,14.372564315795898,31.58,19,6,13,
umeh_drutsa_high quality,umeh_drutsa_high quality - page 1,Ume_Petsuk,layout,0.8,2.0,4.0,True,0.9,True,10,13.846752882003784,31.58,19,6,13,
umeh_drutsa_high quality,umeh_drutsa_high quality - page 1,Ume_Petsuk,layout,0.8,2.0,4.0,False,0.1,True,34,25.12796139717102,32.38,105,34,71,
umeh_drutsa_high quality,umeh_drutsa_high quality - page 1,Ume_Petsuk,layout,0.8,2.0,4.0,False,0.25,True,34,25.020516395568848,32.38,105,34,71,
umeh_drutsa_high quality,umeh_drutsa_high quality - page 1,Ume_Petsuk,layout,0.8,2.0,4.0,False,0.5,True,34,24.900649785995483,32.38,105,34,71,
umeh_drutsa_high quality,umeh_drutsa_high quality - page 1,Ume_Petsuk,layout,0.8,2.0,4.0,False,0.9,True,34,24.94874691963196,32.38,105,34,71,
umeh_drutsa_high quality,umeh_drutsa_high quality - page 1,Ume_Petsuk,layout,0.8,2.0,5.0,True,0.1,True,10,12.782798051834106,36.36,11,4,7,
umeh_drutsa_high quality,umeh_drutsa_high quality - page 1,Ume_Petsuk,layout,0.8,2.0,5.0,True,0.25,True,10,13.007609605789185,36.36,11,4,7,
umeh_drutsa_high quality,umeh_drutsa_high quality - page 1,Ume_Petsuk,layout,0.8,2.0,5.0,True,0.5,True,10,12.981301069259644,36.36,11,4,7,
umeh_drutsa_high quality,umeh_drutsa_high quality - page 1,Ume_Petsuk,layout,0.8,2.0,5.0,True,0.9,True,10,13.07048511505127,36.36,11,4,7,
umeh_drutsa_high quality,umeh_drutsa_high quality - page 1,Ume_Petsuk,layout,0.8,2.0,5.0,False,0.1,True,34,23.9675087928772,42.86,70,30,40,
umeh_drutsa_high quality,umeh_drutsa_high quality - page 1,Ume_Petsuk,layout,0.8,2.0,5.0,False,0.25,True,34,23.39989280700684,42.86,70,30,40,
umeh_drutsa_high quality,umeh_drutsa_high quality - page 1,Ume_Petsuk,layout,0.8,2.0,5.0,False,0.5,True,34,25.07891607284546,42.86,70,30,40,
umeh_drutsa_high quality,umeh_drutsa_high quality - page 1,Ume_Petsuk,layout,0.8,2.0,5.0,False,0.9,True,34,23.594001293182373,42.86,70,30,40,
umeh_drutsa_high quality,umeh_drutsa_high quality - page 1,Ume_Petsuk,layout,0.8,2.5,2.5,True,0.1,True,10,20.71636390686035,37.14,35,13,22,
umeh_drutsa_high quality,umeh_drutsa_high quality - page 1,Ume_Petsuk,layout,0.8,2.5,2.5,True,0.25,True,10,17.096160888671875,37.14,35,13,22,
umeh_drutsa_high quality,umeh_drutsa_high quality - page 1,Ume_Petsuk,layout,0.8,2.5,2.5,True,0.5,True,10,16.999186038970947,37.14,35,13,22,
umeh_drutsa_high quality,umeh_drutsa_high quality - page 1,Ume_Petsuk,layout,0.8,2.5,2.5,True,0.9,True,10,17.14639973640442,37.14,35,13,22,
umeh_drutsa_high quality,umeh_drutsa_high quality - page 1,Ume_Petsuk,layout,0.8,2.5,2.5,False,0.1,True,34,28.40387463569641,37.5,136,51,85,
umeh_drutsa_high quality,umeh_drutsa_high quality - page 1,Ume_Petsuk,layout,0.8,2.5,2.5,False,0.25,True,34,28.392171382904053,37.5,136,51,85,
umeh_drutsa_high quality,umeh_drutsa_high quality - page 1,Ume_Petsuk,layout,0.8,2.5,2.5,False,0.5,True,34,28.624525547027588,37.5,136,51,85,
umeh_drutsa_high quality,umeh_drutsa_high quality - page 1,Ume_Petsuk,layout,0.8,2.5,2.5,False,0.9,True,34,28.23334503173828,37.5,136,51,85,
umeh_drutsa_high quality,umeh_drutsa_high quality - page 1,Ume_Petsuk,layout,0.8,2.5,3.5,True,0.1,True,10,16.03281331062317,40.74,27,11,16,
umeh_drutsa_high quality,umeh_drutsa_high quality - page 1,Ume_Petsuk,layout,0.8,2.5,3.5,True,0.25,True,10,16.307551622390747,40.74,27,11,16,
umeh_drutsa_high quality,umeh_drutsa_high quality - page 1,Ume_Petsuk,layout,0.8,2.5,3.5,True,0.5,True,10,16.05779767036438,40.74,27,11,16,
umeh_drutsa_high quality,umeh_drutsa_high quality - page 1,Ume_Petsuk,layout,0.8,2.5,3.5,True,0.9,True,10,16.07487177848816,40.74,27,11,16,
umeh_drutsa_high quality,umeh_drutsa_high quality - page 1,Ume_Petsuk,layout,0.8,2.5,3.5,False,0.1,True,34,26.471365690231323,40.5,121,49,72,
umeh_drutsa_high quality,umeh_drutsa_high quality - page 1,Ume_Petsuk,layout,0.8,2.5,3.5,False,0.25,True,34,28.01368522644043,40.5,121,49,72,
umeh_drutsa_high quality,umeh_drutsa_high quality - page 1,Ume_Petsuk,layout,0.8,2.5,3.5,False,0.5,True,34,26.5907199382782,40.5,121,49,72,
umeh_drutsa_high quality,umeh_drutsa_high quality - page 1,Ume_Petsuk,layout,0.8,2.5,3.5,False,0.9,True,34,26.441681385040283,40.5,121,49,72,
umeh_drutsa_high quality,umeh_drutsa_high quality - page 1,Ume_Petsuk,layout,0.8,2.5,4.0,True,0.1,True,10,15.658214569091797,31.58,19,6,13,
umeh_drutsa_high quality,umeh_drutsa_high quality - page 1,Ume_Petsuk,layout,0.8,2.5,4.0,True,0.25,True,10,15.630773067474363,31.58,19,6,13,
umeh_drutsa_high quality,umeh_drutsa_high quality - page 1,Ume_Petsuk,layout,0.8,2.5,4.0,True,0.5,True,10,15.558709383010864,31.58,19,6,13,
umeh_drutsa_high quality,umeh_drutsa_high quality - page 1,Ume_Petsuk,layout,0.8,2.5,4.0,True,0.9,True,10,16.06068992614746,31.58,19,6,13,
umeh_drutsa_high quality,umeh_drutsa_high quality - page 1,Ume_Petsuk,layout,0.8,2.5,4.0,False,0.1,True,34,26.010920524597168,32.38,105,34,71,
umeh_drutsa_high quality,umeh_drutsa_high quality - page 1,Ume_Petsuk,layout,0.8,2.5,4.0,False,0.25,True,34,26.71931552886963,32.38,105,34,71,
umeh_drutsa_high quality,umeh_drutsa_high quality - page 1,Ume_Petsuk,layout,0.8,2.5,4.0,False,0.5,True,34,25.956425428390503,32.38,105,34,71,
umeh_drutsa_high quality,umeh_drutsa_high quality - page 1,Ume_Petsuk,layout,0.8,2.5,4.0,False,0.9,True,34,25.95532512664795,32.38,105,34,71,
umeh_drutsa_high quality,umeh_drutsa_high quality - page 1,Ume_Petsuk,layout,0.8,2.5,5.0,True,0.1,True,10,14.538819313049316,35.71,14,5,9,
umeh_drutsa_high quality,umeh_drutsa_high quality - page 1,Ume_Petsuk,layout,0.8,2.5,5.0,True,0.25,True,10,14.603122472763062,35.71,14,5,9,
umeh_drutsa_high quality,umeh_drutsa_high quality - page 1,Ume_Petsuk,layout,0.8,2.5,5.0,True,0.5,True,10,14.7231924533844,35.71,14,5,9,
umeh_drutsa_high quality,umeh_drutsa_high quality - page 1,Ume_Petsuk,layout,0.8,2.5,5.0,True,0.9,True,10,14.82437539100647,35.71,14,5,9,
umeh_drutsa_high quality,umeh_drutsa_high quality - page 1,Ume_Petsuk,layout,0.8,2.5,5.0,False,0.1,True,34,25.58584666252136,42.67,75,32,43,
umeh_drutsa_high quality,umeh_drutsa_high quality - page 1,Ume_Petsuk,layout,0.8,2.5,5.0,False,0.25,True,34,25.266388416290283,42.67,75,32,43,
umeh_drutsa_high quality,umeh_drutsa_high quality - page 1,Ume_Petsuk,layout,0.8,2.5,5.0,False,0.5,True,34,25.294673681259155,42.67,75,32,43,
umeh_drutsa_high quality,umeh_drutsa_high quality - page 1,Ume_Petsuk,layout,0.8,2.5,5.0,False,0.9,True,34,25.50710701942444,42.67,75,32,43,
umeh_drutsa_high quality,umeh_drutsa_high quality - page 1,Ume_Petsuk,layout,0.8,3.0,2.5,True,0.1,True,10,24.505157470703125,37.14,35,13,22,
umeh_drutsa_high quality,umeh_drutsa_high quality - page 1,Ume_Petsuk,layout,0.8,3.0,2.5,True,0.25,True,10,19.057748317718502,37.14,35,13,22,
umeh_drutsa_high quality,umeh_drutsa_high quality - page 1,Ume_Petsuk,layout,0.8,3.0,2.5,True,0.5,True,10,19.113924741744995,37.14,35,13,22,
umeh_drutsa_high quality,umeh_drutsa_high quality - page 1,Ume_Petsuk,layout,0.8,3.0,2.5,True,0.9,True,10,18.873141288757324,37.14,35,13,22,
umeh_drutsa_high quality,umeh_drutsa_high quality - page 1,Ume_Petsuk,layout,0.8,3.0,2.5,False,0.1,True,34,29.514668226242065,38.64,132,51,81,
umeh_drutsa_high quality,umeh_drutsa_high quality - page 1,Ume_Petsuk,layout,0.8,3.0,2.5,False,0.25,True,34,32.66131043434143,38.64,132,51,81,
umeh_drutsa_high quality,umeh_drutsa_high quality - page 1,Ume_Petsuk,layout,0.8,3.0,2.5,False,0.5,True,34,29.368582487106323,38.64,132,51,81,
umeh_drutsa_high quality,umeh_drutsa_high quality - page 1,Ume_Petsuk,layout,0.8,3.0,2.5,False,0.9,True,34,29.926115036010746,38.64,132,51,81,
umeh_drutsa_high quality,umeh_drutsa_high quality - page 1,Ume_Petsuk,layout,0.8,3.0,3.5,True,0.1,True,10,18.42439866065979,40.74,27,11,16,
umeh_drutsa_high quality,umeh_drutsa_high quality - page 1,Ume_Petsuk,layout,0.8,3.0,3.5,True,0.25,True,10,18.346405029296875,40.74,27,11,16,
umeh_drutsa_high quality,umeh_drutsa_high quality - page 1,Ume_Petsuk,layout,0.8,3.0,3.5,True,0.5,True,10,18.149702072143555,40.74,27,11,16,
umeh_drutsa_high quality,umeh_drutsa_high quality - page 1,Ume_Petsuk,layout,0.8,3.0,3.5,True,0.9,True,10,18.032753705978397,40.74,27,11,16,
umeh_drutsa_high quality,umeh_drutsa_high quality - page 1,Ume_Petsuk,layout,0.8,3.0,3.5,False,0.1,True,34,27.87615776062012,41.88,117,49,68,
umeh_drutsa_high quality,umeh_drutsa_high quality - page 1,Ume_Petsuk,layout,0.8,3.0,3.5,False,0.25,True,34,27.78174471855164,41.88,117,49,68,
umeh_drutsa_high quality,umeh_drutsa_high quality - page 1,Ume_Petsuk,layout,0.8,3.0,3.5,False,0.5,True,34,27.78532385826111,41.88,117,49,68,
umeh_drutsa_high quality,umeh_drutsa_high quality - page 1,Ume_Petsuk,layout,0.8,3.0,3.5,False,0.9,True,34,27.874664545059204,41.88,117,49,68,
umeh_drutsa_high quality,umeh_drutsa_high quality - page 1,Ume_Petsuk,layout,0.8,3.0,4.0,True,0.1,True,10,17.750550508499146,31.58,19,6,13,
umeh_drutsa_high quality,umeh_drutsa_high quality - page 1,Ume_Petsuk,layout,0.8,3.0,4.0,True,0.25,True,10,17.689090251922607,31.58,19,6,13,
umeh_drutsa_high quality,umeh_drutsa_high quality - page 1,Ume_Petsuk,layout,0.8,3.0,4.0,True,0.5,True,10,19.21177577972412,31.58,19,6,13,
umeh_drutsa_high quality,umeh_drutsa_high quality - page 1,Ume_Petsuk,layout,0.8,3.0,4.0,True,0.9,True,10,17.607208490371704,31.58,19,6,13,
umeh_drutsa_high quality,umeh_drutsa_high quality - page 1,Ume_Petsuk,layout,0.8,3.0,4.0,False,0.1,True,34,27.531736373901367,32.35,102,33,69,
umeh_drutsa_high quality,umeh_drutsa_high quality - page 1,Ume_Petsuk,layout,0.8,3.0,4.0,False,0.25,True,34,27.468783855438232,32.35,102,33,69,
umeh_drutsa_high quality,umeh_drutsa_high quality - page 1,Ume_Petsuk,layout,0.8,3.0,4.0,False,0.5,True,34,28.43434715270996,32.35,102,33,69,
umeh_drutsa_high quality,umeh_drutsa_high quality - page 1,Ume_Petsuk,layout,0.8,3.0,4.0,False,0.9,True,34,27.16015911102295,32.35,102,33,69,
umeh_drutsa_high quality,umeh_drutsa_high quality - page 1,Ume_Petsuk,layout,0.8,3.0,5.0,True,0.1,True,10,16.821699619293213,35.71,14,5,9,
umeh_drutsa_high quality,umeh_drutsa_high quality - page 1,Ume_Petsuk,layout,0.8,3.0,5.0,True,0.25,True,10,16.708685159683228,35.71,14,5,9,
umeh_drutsa_high quality,umeh_drutsa_high quality - page 1,Ume_Petsuk,layout,0.8,3.0,5.0,True,0.5,True,10,16.7891628742218,35.71,14,5,9,
umeh_drutsa_high quality,umeh_drutsa_high quality - page 1,Ume_Petsuk,layout,0.8,3.0,5.0,True,0.9,True,10,16.654038906097412,35.71,14,5,9,
umeh_drutsa_high quality,umeh_drutsa_high quality - page 1,Ume_Petsuk,layout,0.8,3.0,5.0,False,0.1,True,34,26.436123371124268,42.67,75,32,43,
umeh_drutsa_high quality,umeh_drutsa_high quality - page 1,Ume_Petsuk,layout,0.8,3.0,5.0,False,0.25,True,34,26.48731827735901,42.67,75,32,43,
umeh_drutsa_high quality,umeh_drutsa_high quality - page 1,Ume_Petsuk,layout,0.8,3.0,5.0,False,0.5,True,34,26.45796537399292,42.67,75,32,43,
umeh_drutsa_high quality,umeh_drutsa_high quality - page 1,Ume_Petsuk,layout,0.8,3.0,5.0,False,0.9,True,34,26.76651430130005,42.67,75,32,43,
umeh_drutsa_high quality,umeh_drutsa_high quality - page 1,Ume_Petsuk,layout,0.9,2.0,2.5,True,0.1,True,10,15.366929054260254,37.14,35,13,22,
umeh_drutsa_high quality,umeh_drutsa_high quality - page 1,Ume_Petsuk,layout,0.9,2.0,2.5,True,0.25,True,10,15.502264976501465,37.14,35,13,22,
umeh_drutsa_high quality,umeh_drutsa_high quality - page 1,Ume_Petsuk,layout,0.9,2.0,2.5,True,0.5,True,10,15.463207483291626,37.14,35,13,22,
umeh_drutsa_high quality,umeh_drutsa_high quality - page 1,Ume_Petsuk,layout,0.9,2.0,2.5,True,0.9,True,10,15.78373670578003,37.14,35,13,22,
umeh_drutsa_high quality,umeh_drutsa_high quality - page 1,Ume_Petsuk,layout,0.9,2.0,2.5,False,0.1,True,34,29.35804319381714,38.41,138,53,85,
umeh_drutsa_high quality,umeh_drutsa_high quality - page 1,Ume_Petsuk,layout,0.9,2.0,2.5,False,0.25,True,34,29.29705619812012,38.41,138,53,85,
umeh_drutsa_high quality,umeh_drutsa_high quality - page 1,Ume_Petsuk,layout,0.9,2.0,2.5,False,0.5,True,34,34.05610156059265,38.41,138,53,85,
umeh_drutsa_high quality,umeh_drutsa_high quality - page 1,Ume_Petsuk,layout,0.9,2.0,2.5,False,0.9,True,34,27.514380931854248,38.41,138,53,85,
umeh_drutsa_high quality,umeh_drutsa_high quality - page 1,Ume_Petsuk,layout,0.9,2.0,3.5,True,0.1,True,10,14.465548753738403,40.74,27,11,16,
umeh_drutsa_high quality,umeh_drutsa_high quality - page 1,Ume_Petsuk,layout,0.9,2.0,3.5,True,0.25,True,10,14.212180376052856,40.74,27,11,16,
umeh_drutsa_high quality,umeh_drutsa_high quality - page 1,Ume_Petsuk,layout,0.9,2.0,3.5,True,0.5,True,10,14.423188209533691,40.74,27,11,16,
umeh_drutsa_high quality,umeh_drutsa_high quality - page 1,Ume_Petsuk,layout,0.9,2.0,3.5,True,0.9,True,10,19.09984350204468,40.74,27,11,16,
umeh_drutsa_high quality,umeh_drutsa_high quality - page 1,Ume_Petsuk,layout,0.9,2.0,3.5,False,0.1,True,34,25.028709411621094,40.5,121,49,72,
umeh_drutsa_high quality,umeh_drutsa_high quality - page 1,Ume_Petsuk,layout,0.9,2.0,3.5,False,0.25,True,34,25.14617133140564,40.5,121,49,72,
umeh_drutsa_high quality,umeh_drutsa_high quality - page 1,Ume_Petsuk,layout,0.9,2.0,3.5,False,0.5,True,34,26.682408332824707,40.5,121,49,72,
umeh_drutsa_high quality,umeh_drutsa_high quality - page 1,Ume_Petsuk,layout,0.9,2.0,3.5,False,0.9,True,34,25.176809072494507,40.5,121,49,72,
umeh_drutsa_high quality,umeh_drutsa_high quality - page 1,Ume_Petsuk,layout,0.9,2.0,4.0,True,0.1,True,10,18.75924563407898,31.58,19,6,13,
umeh_drutsa_high quality,umeh_drutsa_high quality - page 1,Ume_Petsuk,layout,0.9,2.0,4.0,True,0.25,True,10,13.772314071655272,31.58,19,6,13,
umeh_drutsa_high quality,umeh_drutsa_high quality - page 1,Ume_Petsuk,layout,0.9,2.0,4.0,True,0.5,True,10,13.902525901794434,31.58,19,6,13,
umeh_drutsa_high quality,umeh_drutsa_high quality - page 1,Ume_Petsuk,layout,0.9,2.0,4.0,True,0.9,True,10,13.840819358825684,31.58,19,6,13,
umeh_drutsa_high quality,umeh_drutsa_high quality - page 1,Ume_Petsuk,layout,0.9,2.0,4.0,False,0.1,True,34,25.11048698425293,32.38,105,34,71,
umeh_drutsa_high quality,umeh_drutsa_high quality - page 1,Ume_Petsuk,layout,0.9,2.0,4.0,False,0.25,True,34,24.80674457550049,32.38,105,34,71,
umeh_drutsa_high quality,umeh_drutsa_high quality - page 1,Ume_Petsuk,layout,0.9,2.0,4.0,False,0.5,True,34,24.851221561431885,32.38,105,34,71,
umeh_drutsa_high quality,umeh_drutsa_high quality - page 1,Ume_Petsuk,layout,0.9,2.0,4.0,False,0.9,True,34,24.86118531227112,32.38,105,34,71,
umeh_drutsa_high quality,umeh_drutsa_high quality - page 1,Ume_Petsuk,layout,0.9,2.0,5.0,True,0.1,True,10,12.769129753112791,36.36,11,4,7,
umeh_drutsa_high quality,umeh_drutsa_high quality - page 1,Ume_Petsuk,layout,0.9,2.0,5.0,True,0.25,True,10,12.836409330368042,36.36,11,4,7,
umeh_drutsa_high quality,umeh_drutsa_high quality - page 1,Ume_Petsuk,layout,0.9,2.0,5.0,True,0.5,True,10,12.965561151504517,36.36,11,4,7,
umeh_drutsa_high quality,umeh_drutsa_high quality - page 1,Ume_Petsuk,layout,0.9,2.0,5.0,True,0.9,True,10,12.971704959869385,36.36,11,4,7,
umeh_drutsa_high quality,umeh_drutsa_high quality - page 1,Ume_Petsuk,layout,0.9,2.0,5.0,False,0.1,True,34,24.12842035293579,42.86,70,30,40,
umeh_drutsa_high quality,umeh_drutsa_high quality - page 1,Ume_Petsuk,layout,0.9,2.0,5.0,False,0.25,True,34,23.71347975730896,42.86,70,30,40,
umeh_drutsa_high quality,umeh_drutsa_high quality - page 1,Ume_Petsuk,layout,0.9,2.0,5.0,False,0.5,True,34,26.10547924041748,42.86,70,30,40,
umeh_drutsa_high quality,umeh_drutsa_high quality - page 1,Ume_Petsuk,layout,0.9,2.0,5.0,False,0.9,True,34,24.166327714920044,42.86,70,30,40,
umeh_drutsa_high quality,umeh_drutsa_high quality - page 1,Ume_Petsuk,layout,0.9,2.5,2.5,True,0.1,True,10,16.83005714416504,37.14,35,13,22,
umeh_drutsa_high quality,umeh_drutsa_high quality - page 1,Ume_Petsuk,layout,0.9,2.5,2.5,True,0.25,True,10,17.651984214782715,37.14,35,13,22,
umeh_drutsa_high quality,umeh_drutsa_high quality - page 1,Ume_Petsuk,layout,0.9,2.5,2.5,True,0.5,True,10,19.65033531188965,37.14,35,13,22,
umeh_drutsa_high quality,umeh_drutsa_high quality - page 1,Ume_Petsuk,layout,0.9,2.5,2.5,True,0.9,True,10,16.9855899810791,37.14,35,13,22,
umeh_drutsa_high quality,umeh_drutsa_high quality - page 1,Ume_Petsuk,layout,0.9,2.5,2.5,False,0.1,True,34,28.409825563430783,37.5,136,51,85,
umeh_drutsa_high quality,umeh_drutsa_high quality - page 1,Ume_Petsuk,layout,0.9,2.5,2.5,False,0.25,True,34,28.300121068954468,37.5,136,51,85,
umeh_drutsa_high quality,umeh_drutsa_high quality - page 1,Ume_Petsuk,layout,0.9,2.5,2.5,False,0.5,True,34,29.86152935028076,37.5,136,51,85,
umeh_drutsa_high quality,umeh_drutsa_high quality - page 1,Ume_Petsuk,layout,0.9,2.5,2.5,False,0.9,True,34,28.76559853553772,37.5,136,51,85,
umeh_drutsa_high quality,umeh_drutsa_high quality - page 1,Ume_Petsuk,layout,0.9,2.5,3.5,True,0.1,True,10,16.201984643936157,40.74,27,11,16,
umeh_drutsa_high quality,umeh_drutsa_high quality - page 1,Ume_Petsuk,layout,0.9,2.5,3.5,True,0.25,True,10,16.2006618976593,40.74,27,11,16,
umeh_drutsa_high quality,umeh_drutsa_high quality - page 1,Ume_Petsuk,layout,0.9,2.5,3.5,True,0.5,True,10,16.209541082382202,40.74,27,11,16,
umeh_drutsa_high quality,umeh_drutsa_high quality - page 1,Ume_Petsuk,layout,0.9,2.5,3.5,True,0.9,True,10,16.11598229408264,40.74,27,11,16,
umeh_drutsa_high quality,umeh_drutsa_high quality - page 1,Ume_Petsuk,layout,0.9,2.5,3.5,False,0.1,True,34,26.36624503135681,40.5,121,49,72,
umeh_drutsa_high quality,umeh_drutsa_high quality - page 1,Ume_Petsuk,layout,0.9,2.5,3.5,False,0.25,True,34,26.55275130271912,40.5,121,49,72,
umeh_drutsa_high quality,umeh_drutsa_high quality - page 1,Ume_Petsuk,layout,0.9,2.5,3.5,False,0.5,True,34,26.34814167022705,40.5,121,49,72,
umeh_drutsa_high quality,umeh_drutsa_high quality - page 1,Ume_Petsuk,layout,0.9,2.5,3.5,False,0.9,True,34,26.45530939102173,40.5,121,49,72,
umeh_drutsa_high quality,umeh_drutsa_high quality - page 1,Ume_Petsuk,layout,0.9,2.5,4.0,True,0.1,True,10,19.031248807907104,31.58,19,6,13,
umeh_drutsa_high quality,umeh_drutsa_high quality - page 1,Ume_Petsuk,layout,0.9,2.5,4.0,True,0.25,True,10,15.55445122718811,31.58,19,6,13,
umeh_drutsa_high quality,umeh_drutsa_high quality - page 1,Ume_Petsuk,layout,0.9,2.5,4.0,True,0.5,True,10,16.03442621231079,31.58,19,6,13,
umeh_drutsa_high quality,umeh_drutsa_high quality - page 1,Ume_Petsuk,layout,0.9,2.5,4.0,True,0.9,True,10,20.377131700515747,31.58,19,6,13,
umeh_drutsa_high quality,umeh_drutsa_high quality - page 1,Ume_Petsuk,layout,0.9,2.5,4.0,False,0.1,True,34,25.91294932365417,32.38,105,34,71,
umeh_drutsa_high quality,umeh_drutsa_high quality - page 1,Ume_Petsuk,layout,0.9,2.5,4.0,False,0.25,True,34,26.04657459259033,32.38,105,34,71,
umeh_drutsa_high quality,umeh_drutsa_high quality - page 1,Ume_Petsuk,layout,0.9,2.5,4.0,False,0.5,True,34,26.34961199760437,32.38,105,34,71,
umeh_drutsa_high quality,umeh_drutsa_high quality - page 1,Ume_Petsuk,layout,0.9,2.5,4.0,False,0.9,True,34,26.159138441085812,32.38,105,34,71,
umeh_drutsa_high quality,umeh_drutsa_high quality - page 1,Ume_Petsuk,layout,0.9,2.5,5.0,True,0.1,True,10,14.525999546051024,35.71,14,5,9,
umeh_drutsa_high quality,umeh_drutsa_high quality - page 1,Ume_Petsuk,layout,0.9,2.5,5.0,True,0.25,True,10,14.62850856781006,35.71,14,5,9,
umeh_drutsa_high quality,umeh_drutsa_high quality - page 1,Ume_Petsuk,layout,0.9,2.5,5.0,True,0.5,True,10,14.625479221343994,35.71,14,5,9,
umeh_drutsa_high quality,umeh_drutsa_high quality - page 1,Ume_Petsuk,layout,0.9,2.5,5.0,True,0.9,True,10,14.841817378997805,35.71,14,5,9,
umeh_drutsa_high quality,umeh_drutsa_high quality - page 1,Ume_Petsuk,layout,0.9,2.5,5.0,False,0.1,True,34,28.183556079864506,42.67,75,32,43,
umeh_drutsa_high quality,umeh_drutsa_high quality - page 1,Ume_Petsuk,layout,0.9,2.5,5.0,False,0.25,True,34,25.26021099090576,42.67,75,32,43,
umeh_drutsa_high quality,umeh_drutsa_high quality - page 1,Ume_Petsuk,layout,0.9,2.5,5.0,False,0.5,True,34,26.352631330490112,42.67,75,32,43,
umeh_drutsa_high quality,umeh_drutsa_high quality - page 1,Ume_Petsuk,layout,0.9,2.5,5.0,False,0.9,True,34,25.339012145996094,42.67,75,32,43,
umeh_drutsa_high quality,umeh_drutsa_high quality - page 1,Ume_Petsuk,layout,0.9,3.0,2.5,True,0.1,True,10,21.68867778778076,37.14,35,13,22,
umeh_drutsa_high quality,umeh_drutsa_high quality - page 1,Ume_Petsuk,layout,0.9,3.0,2.5,True,0.25,True,10,19.214492559432983,37.14,35,13,22,
umeh_drutsa_high quality,umeh_drutsa_high quality - page 1,Ume_Petsuk,layout,0.9,3.0,2.5,True,0.5,True,10,19.332379817962646,37.14,35,13,22,
umeh_drutsa_high quality,umeh_drutsa_high quality - page 1,Ume_Petsuk,layout,0.9,3.0,2.5,True,0.9,True,10,19.25445795059204,37.14,35,13,22,
umeh_drutsa_high quality,umeh_drutsa_high quality - page 1,Ume_Petsuk,layout,0.9,3.0,2.5,False,0.1,True,34,29.760525941848755,38.64,132,51,81,
umeh_drutsa_high quality,umeh_drutsa_high quality - page 1,Ume_Petsuk,layout,0.9,3.0,2.5,False,0.25,True,34,29.60604286193848,38.64,132,51,81,
umeh_drutsa_high quality,umeh_drutsa_high quality - page 1,Ume_Petsuk,layout,0.9,3.0,2.5,False,0.5,True,34,29.35721516609192,38.64,132,51,81,
umeh_drutsa_high quality,umeh_drutsa_high quality - page 1,Ume_Petsuk,layout,0.9,3.0,2.5,False,0.9,True,34,29.7871687412262,38.64,132,51,81,
umeh_drutsa_high quality,umeh_drutsa_high quality - page 1,Ume_Petsuk,layout,0.9,3.0,3.5,True,0.1,True,10,18.38601565361023,40.74,27,11,16,
umeh_drutsa_high quality,umeh_drutsa_high quality - page 1,Ume_Petsuk,layout,0.9,3.0,3.5,True,0.25,True,10,17.948076486587524,40.74,27,11,16,
umeh_drutsa_high quality,umeh_drutsa_high quality - page 1,Ume_Petsuk,layout,0.9,3.0,3.5,True,0.5,True,10,17.94690227508545,40.74,27,11,16,
umeh_drutsa_high quality,umeh_drutsa_high quality - page 1,Ume_Petsuk,layout,0.9,3.0,3.5,True,0.9,True,10,18.33398938179016,40.74,27,11,16,
umeh_drutsa_high quality,umeh_drutsa_high quality - page 1,Ume_Petsuk,layout,0.9,3.0,3.5,False,0.1,True,34,28.500008583068848,41.88,117,49,68,
umeh_drutsa_high quality,umeh_drutsa_high quality - page 1,Ume_Petsuk,layout,0.9,3.0,3.5,False,0.25,True,34,27.924970149993896,41.88,117,49,68,
umeh_drutsa_high quality,umeh_drutsa_high quality - page 1,Ume_Petsuk,layout,0.9,3.0,3.5,False,0.5,True,34,27.781352519989014,41.88,117,49,68,
umeh_drutsa_high quality,umeh_drutsa_high quality - page 1,Ume_Petsuk,layout,0.9,3.0,3.5,False,0.9,True,34,27.926117181777958,41.88,117,49,68,
umeh_drutsa_high quality,umeh_drutsa_high quality - page 1,Ume_Petsuk,layout,0.9,3.0,4.0,True,0.1,True,10,17.74266815185547,31.58,19,6,13,
umeh_drutsa_high quality,umeh_drutsa_high quality - page 1,Ume_Petsuk,layout,0.9,3.0,4.0,True,0.25,True,10,17.69078803062439,31.58,19,6,13,
umeh_drutsa_high quality,umeh_drutsa_high quality - page 1,Ume_Petsuk,layout,0.9,3.0,4.0,True,0.5,True,10,18.002933263778687,31.58,19,6,13,
umeh_drutsa_high quality,umeh_drutsa_high quality - page 1,Ume_Petsuk,layout,0.9,3.0,4.0,True,0.9,True,10,17.713985681533813,31.58,19,6,13,
umeh_drutsa_high quality,umeh_drutsa_high quality - page 1,Ume_Petsuk,layout,0.9,3.0,4.0,False,0.1,True,34,27.288328886032104,32.35,102,33,69,
umeh_drutsa_high quality,umeh_drutsa_high quality - page 1,Ume_Petsuk,layout,0.9,3.0,4.0,False,0.25,True,34,27.258299589157104,32.35,102,33,69,
umeh_drutsa_high quality,umeh_drutsa_high quality - page 1,Ume_Petsuk,layout,0.9,3.0,4.0,False,0.5,True,34,27.2576208114624,32.35,102,33,69,
umeh_drutsa_high quality,umeh_drutsa_high quality - page 1,Ume_Petsuk,layout,0.9,3.0,4.0,False,0.9,True,34,27.67624044418335,32.35,102,33,69,
umeh_drutsa_high quality,umeh_drutsa_high quality - page 1,Ume_Petsuk,layout,0.9,3.0,5.0,True,0.1,True,10,16.690111875534058,35.71,14,5,9,
umeh_drutsa_high quality,umeh_drutsa_high quality - page 1,Ume_Petsuk,layout,0.9,3.0,5.0,True,0.25,True,10,16.760793924331665,35.71,14,5,9,
umeh_drutsa_high quality,umeh_drutsa_high quality - page 1,Ume_Petsuk,layout,0.9,3.0,5.0,True,0.5,True,10,16.859814643859863,35.71,14,5,9,
umeh_drutsa_high quality,umeh_drutsa_high quality - page 1,Ume_Petsuk,layout,0.9,3.0,5.0,True,0.9,True,10,16.942901849746704,35.71,14,5,9,
umeh_drutsa_high quality,umeh_drutsa_high quality - page 1,Ume_Petsuk,layout,0.9,3.0,5.0,False,0.1,True,34,26.453197717666622,42.67,75,32,43,
umeh_drutsa_high quality,umeh_drutsa_high quality - page 1,Ume_Petsuk,layout,0.9,3.0,5.0,False,0.25,True,34,26.603909969329838,42.67,75,32,43,
umeh_drutsa_high quality,umeh_drutsa_high quality - page 1,Ume_Petsuk,layout,0.9,3.0,5.0,False,0.5,True,34,26.39456272125244,42.67,75,32,43,
umeh_drutsa_high quality,umeh_drutsa_high quality - page 1,Ume_Petsuk,layout,0.9,3.0,5.0,False,0.9,True,34,26.583154916763306,42.67,75,32,43,
umeh_drutsa_high quality,umeh_drutsa_high quality - page 1,Modern,line,0.7,2.0,2.5,True,0.1,True,15,23.852595329284668,37.5,48,18,30,
umeh_drutsa_high quality,umeh_drutsa_high quality - page 1,Modern,line,0.7,2.0,2.5,True,0.25,True,15,18.07924175262451,37.5,48,18,30,
umeh_drutsa_high quality,umeh_drutsa_high quality - page 1,Modern,line,0.7,2.0,2.5,True,0.5,True,15,17.68965721130371,37.5,48,18,30,
umeh_drutsa_high quality,umeh_drutsa_high quality - page 1,Modern,line,0.7,2.0,2.5,True,0.9,True,15,20.377406358718872,37.5,48,18,30,
umeh_drutsa_high quality,umeh_drutsa_high quality - page 1,Modern,line,0.7,2.0,2.5,False,0.1,True,22,19.019365549087524,38.89,54,21,33,
umeh_drutsa_high quality,umeh_drutsa_high quality - page 1,Modern,line,0.7,2.0,2.5,False,0.25,True,22,19.98805570602417,38.89,54,21,33,
umeh_drutsa_high quality,umeh_drutsa_high quality - page 1,Modern,line,0.7,2.0,2.5,False,0.5,True,22,19.0169689655304,38.89,54,21,33,
umeh_drutsa_high quality,umeh_drutsa_high quality - page 1,Modern,line,0.7,2.0,2.5,False,0.9,True,22,19.28811836242676,38.89,54,21,33,
umeh_drutsa_high quality,umeh_drutsa_high quality - page 1,Modern,line,0.7,2.0,3.5,True,0.1,True,15,17.12104892730713,46.51,43,20,23,
umeh_drutsa_high quality,umeh_drutsa_high quality - page 1,Modern,line,0.7,2.0,3.5,True,0.25,True,15,17.14132833480835,46.51,43,20,23,
umeh_drutsa_high quality,umeh_drutsa_high quality - page 1,Modern,line,0.7,2.0,3.5,True,0.5,True,15,17.051091194152832,46.51,43,20,23,
umeh_drutsa_high quality,umeh_drutsa_high quality - page 1,Modern,line,0.7,2.0,3.5,True,0.9,True,15,16.87928318977356,46.51,43,20,23,
umeh_drutsa_high quality,umeh_drutsa_high quality - page 1,Modern,line,0.7,2.0,3.5,False,0.1,True,22,24.00998544692993,53.06,49,26,23,
umeh_drutsa_high quality,umeh_drutsa_high quality - page 1,Modern,line,0.7,2.0,3.5,False,0.25,True,22,20.400074005126957,53.06,49,26,23,
umeh_drutsa_high quality,umeh_drutsa_high quality - page 1,Modern,line,0.7,2.0,3.5,False,0.5,True,22,19.21718049049377,53.06,49,26,23,
umeh_drutsa_high quality,umeh_drutsa_high quality - page 1,Modern,line,0.7,2.0,3.5,False,0.9,True,22,23.53676986694336,53.06,49,26,23,
umeh_drutsa_high quality,umeh_drutsa_high quality - page 1,Modern,line,0.7,2.0,4.0,True,0.1,True,15,16.616695404052734,55.32,47,26,21,
umeh_drutsa_high quality,umeh_drutsa_high quality - page 1,Modern,line,0.7,2.0,4.0,True,0.25,True,15,16.441158056259155,55.32,47,26,21,
umeh_drutsa_high quality,umeh_drutsa_high quality - page 1,Modern,line,0.7,2.0,4.0,True,0.5,True,15,16.871054887771606,55.32,47,26,21,
umeh_drutsa_high quality,umeh_drutsa_high quality - page 1,Modern,line,0.7,2.0,4.0,True,0.9,True,15,16.5295147895813,55.32,47,26,21,
umeh_drutsa_high quality,umeh_drutsa_high quality - page 1,Modern,line,0.7,2.0,4.0,False,0.1,True,22,19.318584203720093,65.38,52,34,18,
umeh_drutsa_high quality,umeh_drutsa_high quality - page 1,Modern,line,0.7,2.0,4.0,False,0.25,True,22,19.73923802375793,65.38,52,34,18,
umeh_drutsa_high quality,umeh_drutsa_high quality - page 1,Modern,line,0.7,2.0,4.0,False,0.5,True,22,19.470942974090576,65.38,52,34,18,
umeh_drutsa_high quality,umeh_drutsa_high quality - page 1,Modern,line,0.7,2.0,4.0,False,0.9,True,22,24.62427043914795,65.38,52,34,18,
umeh_drutsa_high quality,umeh_drutsa_high quality - page 1,Modern,line,0.7,2.0,5.0,True,0.1,True,15,17.112863302230835,59.52,42,25,17,
umeh_drutsa_high quality,umeh_drutsa_high quality - page 1,Modern,line,0.7,2.0,5.0,True,0.25,True,15,16.76002788543701,59.52,42,25,17,
umeh_drutsa_high quality,umeh_drutsa_high quality - page 1,Modern,line,0.7,2.0,5.0,True,0.5,True,15,16.271157026290894,59.52,42,25,17,
umeh_drutsa_high quality,umeh_drutsa_high quality - page 1,Modern,line,0.7,2.0,5.0,True,0.9,True,15,16.18211007118225,59.52,42,25,17,
umeh_drutsa_high quality,umeh_drutsa_high quality - page 1,Modern,line,0.7,2.0,5.0,False,0.1,True,22,18.47400712966919,44.68,47,21,26,
umeh_drutsa_high quality,umeh_drutsa_high quality - page 1,Modern,line,0.7,2.0,5.0,False,0.25,True,22,18.682998180389404,44.68,47,21,26,
umeh_drutsa_high quality,umeh_drutsa_high quality - page 1,Modern,line,0.7,2.0,5.0,False,0.5,True,22,18.83236527442932,44.68,47,21,26,
umeh_drutsa_high quality,umeh_drutsa_high quality - page 1,Modern,line,0.7,2.0,5.0,False,0.9,True,22,18.58726572990417,44.68,47,21,26,
umeh_drutsa_high quality,umeh_drutsa_high quality - page 1,Modern,line,0.7,2.5,2.5,True,0.1,True,15,18.6548125743866,37.5,48,18,30,
umeh_drutsa_high quality,umeh_drutsa_high quality - page 1,Modern,line,0.7,2.5,2.5,True,0.25,True,15,18.19873857498169,37.5,48,18,30,
umeh_drutsa_high quality,umeh_drutsa_high quality - page 1,Modern,line,0.7,2.5,2.5,True,0.5,True,15,21.075109004974365,37.5,48,18,30,
umeh_drutsa_high quality,umeh_drutsa_high quality - page 1,Modern,line,0.7,2.5,2.5,True,0.9,True,15,18.334266901016235,37.5,48,18,30,
umeh_drutsa_high quality,umeh_drutsa_high quality - page 1,Modern,line,0.7,2.5,2.5,False,0.1,True,22,20.258567094802856,38.89,54,21,33,
umeh_drutsa_high quality,umeh_drutsa_high quality - page 1,Modern,line,0.7,2.5,2.5,False,0.25,True,22,20.281389236450195,38.89,54,21,33,
umeh_drutsa_high quality,umeh_drutsa_high quality - page 1,Modern,line,0.7,2.5,2.5,False,0.5,True,22,20.298523664474487,38.89,54,21,33,
umeh_drutsa_high quality,umeh_drutsa_high quality - page 1,Modern,line,0.7,2.5,2.5,False,0.9,True,22,20.74882388114929,38.89,54,21,33,
umeh_drutsa_high quality,umeh_drutsa_high quality - page 1,Modern,line,0.7,2.5,3.5,True,0.1,True,15,18.087172269821167,46.51,43,20,23,
umeh_drutsa_high quality,umeh_drutsa_high quality - page 1,Modern,line,0.7,2.5,3.5,True,0.25,True,15,18.334376096725464,46.51,43,20,23,
umeh_drutsa_high quality,umeh_drutsa_high quality - page 1,Modern,line,0.7,2.5,3.5,True,0.5,True,15,17.97620701789856,46.51,43,20,23,
umeh_drutsa_high quality,umeh_drutsa_high quality - page 1,Modern,line,0.7,2.5,3.5,True,0.9,True,15,18.373292207717896,46.51,43,20,23,
umeh_drutsa_high quality,umeh_drutsa_high quality - page 1,Modern,line,0.7,2.5,3.5,False,0.1,True,22,20.35208559036255,53.06,49,26,23,
umeh_drutsa_high quality,umeh_drutsa_high quality - page 1,Modern,line,0.7,2.5,3.5,False,0.25,True,22,20.487139225006104,53.06,49,26,23,
umeh_drutsa_high quality,umeh_drutsa_high quality - page 1,Modern,line,0.7,2.5,3.5,False,0.5,True,22,20.36414909362793,53.06,49,26,23,
umeh_drutsa_high quality,umeh_drutsa_high quality - page 1,Modern,line,0.7,2.5,3.5,False,0.9,True,22,20.47952961921692,53.06,49,26,23,
umeh_drutsa_high quality,umeh_drutsa_high quality - page 1,Modern,line,0.7,2.5,4.0,True,0.1,True,15,17.753441095352173,55.32,47,26,21,
umeh_drutsa_high quality,umeh_drutsa_high quality - page 1,Modern,line,0.7,2.5,4.0,True,0.25,True,15,18.142104148864743,55.32,47,26,21,
umeh_drutsa_high quality,umeh_drutsa_high quality - page 1,Modern,line,0.7,2.5,4.0,True,0.5,True,15,17.70865821838379,55.32,47,26,21,
umeh_drutsa_high quality,umeh_drutsa_high quality - page 1,Modern,line,0.7,2.5,4.0,True,0.9,True,15,17.711786031723022,55.32,47,26,21,
umeh_drutsa_high quality,umeh_drutsa_high quality - page 1,Modern,line,0.7,2.5,4.0,False,0.1,True,22,20.86663031578064,65.38,52,34,18,
umeh_drutsa_high quality,umeh_drutsa_high quality - page 1,Modern,line,0.7,2.5,4.0,False,0.25,True,22,20.663794994354248,65.38,52,34,18,
umeh_drutsa_high quality,umeh_drutsa_high quality - page 1,Modern,line,0.7,2.5,4.0,False,0.5,True,22,21.062336683273315,65.38,52,34,18,
umeh_drutsa_high quality,umeh_drutsa_high quality - page 1,Modern,line,0.7,2.5,4.0,False,0.9,True,22,20.369943380355835,65.38,52,34,18,
umeh_drutsa_high quality,umeh_drutsa_high quality - page 1,Modern,line,0.7,2.5,5.0,True,0.1,True,15,17.563435554504395,50.0,42,21,21,
umeh_drutsa_high quality,umeh_drutsa_high quality - page 1,Modern,line,0.7,2.5,5.0,True,0.25,True,15,22.522060871124268,50.0,42,21,21,
umeh_drutsa_high quality,umeh_drutsa_high quality - page 1,Modern,line,0.7,2.5,5.0,True,0.5,True,15,17.402027130126953,50.0,42,21,21,
umeh_drutsa_high quality,umeh_drutsa_high quality - page 1,Modern,line,0.7,2.5,5.0,True,0.9,True,15,17.5251247882843,50.0,42,21,21,
umeh_drutsa_high quality,umeh_drutsa_high quality - page 1,Modern,line,0.7,2.5,5.0,False,0.1,True,22,19.56340169906616,51.11,45,23,22,
umeh_drutsa_high quality,umeh_drutsa_high quality - page 1,Modern,line,0.7,2.5,5.0,False,0.25,True,22,20.09641718864441,51.11,45,23,22,
umeh_drutsa_high quality,umeh_drutsa_high quality - page 1,Modern,line,0.7,2.5,5.0,False,0.5,True,22,19.93758726119995,51.11,45,23,22,
umeh_drutsa_high quality,umeh_drutsa_high quality - page 1,Modern,line,0.7,2.5,5.0,False,0.9,True,22,19.74924159049988,51.11,45,23,22,
umeh_drutsa_high quality,umeh_drutsa_high quality - page 1,Modern,line,0.7,3.0,2.5,True,0.1,True,15,21.118932247161865,35.42,48,17,31,
umeh_drutsa_high quality,umeh_drutsa_high quality - page 1,Modern,line,0.7,3.0,2.5,True,0.25,True,15,23.865246057510376,35.42,48,17,31,
umeh_drutsa_high quality,umeh_drutsa_high quality - page 1,Modern,line,0.7,3.0,2.5,True,0.5,True,15,20.148879766464237,35.42,48,17,31,
umeh_drutsa_high quality,umeh_drutsa_high quality - page 1,Modern,line,0.7,3.0,2.5,True,0.9,True,15,19.90922379493713,35.42,48,17,31,
umeh_drutsa_high quality,umeh_drutsa_high quality - page 1,Modern,line,0.7,3.0,2.5,False,0.1,True,22,23.07507801055908,37.04,54,20,34,
umeh_drutsa_high quality,umeh_drutsa_high quality - page 1,Modern,line,0.7,3.0,2.5,False,0.25,True,22,26.542102575302124,37.04,54,20,34,
umeh_drutsa_high quality,umeh_drutsa_high quality - page 1,Modern,line,0.7,3.0,2.5,False,0.5,True,22,21.782554864883423,37.04,54,20,34,
umeh_drutsa_high quality,umeh_drutsa_high quality - page 1,Modern,line,0.7,3.0,2.5,False,0.9,True,22,21.38714027404785,37.04,54,20,34,
umeh_drutsa_high quality,umeh_drutsa_high quality - page 1,Modern,line,0.7,3.0,3.5,True,0.1,True,15,19.504793882369995,44.19,43,19,24,
umeh_drutsa_high quality,umeh_drutsa_high quality - page 1,Modern,line,0.7,3.0,3.5,True,0.25,True,15,19.23839902877808,44.19,43,19,24,
umeh_drutsa_high quality,umeh_drutsa_high quality - page 1,Modern,line,0.7,3.0,3.5,True,0.5,True,15,19.88446474075317,44.19,43,19,24,
umeh_drutsa_high quality,umeh_drutsa_high quality - page 1,Modern,line,0.7,3.0,3.5,True,0.9,True,15,19.669010639190677,44.19,43,19,24,
umeh_drutsa_high quality,umeh_drutsa_high quality - page 1,Modern,line,0.7,3.0,3.5,False,0.1,True,22,21.46957564353943,51.02,49,25,24,
umeh_drutsa_high quality,umeh_drutsa_high quality - page 1,Modern,line,0.7,3.0,3.5,False,0.25,True,22,22.39266085624695,51.02,49,25,24,
umeh_drutsa_high quality,umeh_drutsa_high quality - page 1,Modern,line,0.7,3.0,3.5,False,0.5,True,22,22.663394689559937,51.02,49,25,24,
umeh_drutsa_high quality,umeh_drutsa_high quality - page 1,Modern,line,0.7,3.0,3.5,False,0.9,True,22,21.69868516921997,51.02,49,25,24,
umeh_drutsa_high quality,umeh_drutsa_high quality - page 1,Modern,line,0.7,3.0,4.0,True,0.1,True,15,19.41548776626587,53.19,47,25,22,
umeh_drutsa_high quality,umeh_drutsa_high quality - page 1,Modern,line,0.7,3.0,4.0,True,0.25,True,15,19.14437055587769,53.19,47,25,22,
umeh_drutsa_high quality,umeh_drutsa_high quality - page 1,Modern,line,0.7,3.0,4.0,True,0.5,True,15,19.4314398765564,53.19,47,25,22,
umeh_drutsa_high quality,umeh_drutsa_high quality - page 1,Modern,line,0.7,3.0,4.0,True,0.9,True,15,19.11774015426636,53.19,47,25,22,
umeh_drutsa_high quality,umeh_drutsa_high quality - page 1,Modern,line,0.7,3.0,4.0,False,0.1,True,22,22.23785901069641,63.46,52,33,19,
umeh_drutsa_high quality,umeh_drutsa_high quality - page 1,Modern,line,0.7,3.0,4.0,False,0.25,True,22,23.75552535057068,63.46,52,33,19,
umeh_drutsa_high quality,umeh_drutsa_high quality - page 1,Modern,line,0.7,3.0,4.0,False,0.5,True,22,22.2496178150177,63.46,52,33,19,
umeh_drutsa_high quality,umeh_drutsa_high quality - page 1,Modern,line,0.7,3.0,4.0,False,0.9,True,22,22.04617810249329,63.46,52,33,19,
umeh_drutsa_high quality,umeh_drutsa_high quality - page 1,Modern,line,0.7,3.0,5.0,True,0.1,True,15,18.99540615081787,50.0,42,21,21,
umeh_drutsa_high quality,umeh_drutsa_high quality - page 1,Modern,line,0.7,3.0,5.0,True,0.25,True,15,18.760244846343998,50.0,42,21,21,
umeh_drutsa_high quality,umeh_drutsa_high quality - page 1,Modern,line,0.7,3.0,5.0,True,0.5,True,15,19.151041746139526,50.0,42,21,21,
umeh_drutsa_high quality,umeh_drutsa_high quality - page 1,Modern,line,0.7,3.0,5.0,True,0.9,True,15,18.96551012992859,50.0,42,21,21,
umeh_drutsa_high quality,umeh_drutsa_high quality - page 1,Modern,line,0.7,3.0,5.0,False,0.1,True,22,22.54025077819824,51.11,45,23,22,
umeh_drutsa_high quality,umeh_drutsa_high quality - page 1,Modern,line,0.7,3.0,5.0,False,0.25,True,22,25.11113691329956,51.11,45,23,22,
umeh_drutsa_high quality,umeh_drutsa_high quality - page 1,Modern,line,0.7,3.0,5.0,False,0.5,True,22,26.30291748046875,51.11,45,23,22,
umeh_drutsa_high quality,umeh_drutsa_high quality - page 1,Modern,line,0.7,3.0,5.0,False,0.9,True,22,20.912602186203003,51.11,45,23,22,
umeh_drutsa_high quality,umeh_drutsa_high quality - page 1,Modern,line,0.8,2.0,2.5,True,0.1,True,15,17.42213773727417,37.5,48,18,30,
umeh_drutsa_high quality,umeh_drutsa_high quality - page 1,Modern,line,0.8,2.0,2.5,True,0.25,True,15,16.931582927703857,37.5,48,18,30,
umeh_drutsa_high quality,umeh_drutsa_high quality - page 1,Modern,line,0.8,2.0,2.5,True,0.5,True,15,21.67707180976868,37.5,48,18,30,
umeh_drutsa_high quality,umeh_drutsa_high quality - page 1,Modern,line,0.8,2.0,2.5,True,0.9,True,15,17.20837664604187,37.5,48,18,30,
umeh_drutsa_high quality,umeh_drutsa_high quality - page 1,Modern,line,0.8,2.0,2.5,False,0.1,True,22,19.14132595062256,38.89,54,21,33,
umeh_drutsa_high quality,umeh_drutsa_high quality - page 1,Modern,line,0.8,2.0,2.5,False,0.25,True,22,18.93482708930969,38.89,54,21,33,
umeh_drutsa_high quality,umeh_drutsa_high quality - page 1,Modern,line,0.8,2.0,2.5,False,0.5,True,22,18.987850666046143,38.89,54,21,33,
umeh_drutsa_high quality,umeh_drutsa_high quality - page 1,Modern,line,0.8,2.0,2.5,False,0.9,True,22,18.941667079925537,38.89,54,21,33,
umeh_drutsa_high quality,umeh_drutsa_high quality - page 1,Modern,line,0.8,2.0,3.5,True,0.1,True,15,17.185372829437256,46.51,43,20,23,
umeh_drutsa_high quality,umeh_drutsa_high quality - page 1,Modern,line,0.8,2.0,3.5,True,0.25,True,15,17.076378107070923,46.51,43,20,23,
umeh_drutsa_high quality,umeh_drutsa_high quality - page 1,Modern,line,0.8,2.0,3.5,True,0.5,True,15,17.674946546554565,46.51,43,20,23,
umeh_drutsa_high quality,umeh_drutsa_high quality - page 1,Modern,line,0.8,2.0,3.5,True,0.9,True,15,20.22651243209839,46.51,43,20,23,
umeh_drutsa_high quality,umeh_drutsa_high quality - page 1,Modern,line,0.8,2.0,3.5,False,0.1,True,22,23.57108902931213,53.06,49,26,23,
umeh_drutsa_high quality,umeh_drutsa_high quality - page 1,Modern,line,0.8,2.0,3.5,False,0.25,True,22,19.09332036972046,53.06,49,26,23,
umeh_drutsa_high quality,umeh_drutsa_high quality - page 1,Modern,line,0.8,2.0,3.5,False,0.5,True,22,19.370872497558597,53.06,49,26,23,
umeh_drutsa_high quality,umeh_drutsa_high quality - page 1,Modern,line,0.8,2.0,3.5,False,0.9,True,22,19.108631372451782,53.06,49,26,23,
umeh_drutsa_high quality,umeh_drutsa_high quality - page 1,Modern,line,0.8,2.0,4.0,True,0.1,True,15,16.667018175125122,55.32,47,26,21,
umeh_drutsa_high quality,umeh_drutsa_high quality - page 1,Modern,line,0.8,2.0,4.0,True,0.25,True,15,16.37527298927307,55.32,47,26,21,
umeh_drutsa_high quality,umeh_drutsa_high quality - page 1,Modern,line,0.8,2.0,4.0,True,0.5,True,15,17.363760232925415,55.32,47,26,21,
umeh_drutsa_high quality,umeh_drutsa_high quality - page 1,Modern,line,0.8,2.0,4.0,True,0.9,True,15,17.188110828399658,55.32,47,26,21,
umeh_drutsa_high quality,umeh_drutsa_high quality - page 1,Modern,line,0.8,2.0,4.0,False,0.1,True,22,19.1407949924469,65.38,52,34,18,
umeh_drutsa_high quality,umeh_drutsa_high quality - page 1,Modern,line,0.8,2.0,4.0,False,0.25,True,22,19.561842918396,65.38,52,34,18,
umeh_drutsa_high quality,umeh_drutsa_high quality - page 1,Modern,line,0.8,2.0,4.0,False,0.5,True,22,19.26589155197144,65.38,52,34,18,
umeh_drutsa_high quality,umeh_drutsa_high quality - page 1,Modern,line,0.8,2.0,4.0,False,0.9,True,22,20.98226761817932,65.38,52,34,18,
umeh_drutsa_high quality,umeh_drutsa_high quality - page 1,Modern,line,0.8,2.0,5.0,True,0.1,True,15,16.016524076461792,59.52,42,25,17,
umeh_drutsa_high quality,umeh_drutsa_high quality - page 1,Modern,line,0.8,2.0,5.0,True,0.25,True,15,16.463717460632324,59.52,42,25,17,
umeh_drutsa_high quality,umeh_drutsa_high quality - page 1,Modern,line,0.8,2.0,5.0,True,0.5,True,15,16.01910424232483,59.52,42,25,17,
umeh_drutsa_high quality,umeh_drutsa_high quality - page 1,Modern,line,0.8,2.0,5.0,True,0.9,True,15,16.418901443481445,59.52,42,25,17,
umeh_drutsa_high quality,umeh_drutsa_high quality - page 1,Modern,line,0.8,2.0,5.0,False,0.1,True,22,18.703429460525516,44.68,47,21,26,
umeh_drutsa_high quality,umeh_drutsa_high quality - page 1,Modern,line,0.8,2.0,5.0,False,0.25,True,22,21.018250465393063,44.68,47,21,26,
umeh_drutsa_high quality,umeh_drutsa_high quality - page 1,Modern,line,0.8,2.0,5.0,False,0.5,True,22,18.580567598342896,44.68,47,21,26,
umeh_drutsa_high quality,umeh_drutsa_high quality - page 1,Modern,line,0.8,2.0,5.0,False,0.9,True,22,18.59131860733032,44.68,47,21,26,
umeh_drutsa_high quality,umeh_drutsa_high quality - page 1,Modern,line,0.8,2.5,2.5,True,0.1,True,15,18.728331327438354,37.5,48,18,30,
umeh_drutsa_high quality,umeh_drutsa_high quality - page 1,Modern,line,0.8,2.5,2.5,True,0.25,True,15,18.54336428642273,37.5,48,18,30,
umeh_drutsa_high quality,umeh_drutsa_high quality - page 1,Modern,line,0.8,2.5,2.5,True,0.5,True,15,18.687257289886475,37.5,48,18,30,
umeh_drutsa_high quality,umeh_drutsa_high quality - page 1,Modern,line,0.8,2.5,2.5,True,0.9,True,15,19.34057068824768,37.5,48,18,30,
umeh_drutsa_high quality,umeh_drutsa_high quality - page 1,Modern,line,0.8,2.5,2.5,False,0.1,True,22,20.19515609741211,38.89,54,21,33,
umeh_drutsa_high quality,umeh_drutsa_high quality - page 1,Modern,line,0.8,2.5,2.5,False,0.25,True,22,20.317938089370728,38.89,54,21,33,
umeh_drutsa_high quality,umeh_drutsa_high quality - page 1,Modern,line,0.8,2.5,2.5,False,0.5,True,22,21.093793869018555,38.89,54,21,33,
umeh_drutsa_high quality,umeh_drutsa_high quality - page 1,Modern,line,0.8,2.5,2.5,False,0.9,True,22,20.206515312194824,38.89,54,21,33,
umeh_drutsa_high quality,umeh_drutsa_high quality - page 1,Modern,line,0.8,2.5,3.5,True,0.1,True,15,19.372395992279053,46.51,43,20,23,
umeh_drutsa_high quality,umeh_drutsa_high quality - page 1,Modern,line,0.8,2.5,3.5,True,0.25,True,15,18.653122901916504,46.51,43,20,23,
umeh_drutsa_high quality,umeh_drutsa_high quality - page 1,Modern,line,0.8,2.5,3.5,True,0.5,True,15,18.43175458908081,46.51,43,20,23,
umeh_drutsa_high quality,umeh_drutsa_high quality - page 1,Modern,line,0.8,2.5,3.5,True,0.9,True,15,18.051781177520752,46.51,43,20,23,
umeh_drutsa_high quality,umeh_drutsa_high quality - page 1,Modern,line,0.8,2.5,3.5,False,0.1,True,22,20.89589476585388,53.06,49,26,23,
umeh_drutsa_high quality,umeh_drutsa_high quality - page 1,Modern,line,0.8,2.5,3.5,False,0.25,True,22,20.51650977134705,53.06,49,26,23,
umeh_drutsa_high quality,umeh_drutsa_high quality - page 1,Modern,line,0.8,2.5,3.5,False,0.5,True,22,20.31896662712097,53.06,49,26,23,
umeh_drutsa_high quality,umeh_drutsa_high quality - page 1,Modern,line,0.8,2.5,3.5,False,0.9,True,22,20.23750329017639,53.06,49,26,23,
umeh_drutsa_high quality,umeh_drutsa_high quality - page 1,Modern,line,0.8,2.5,4.0,True,0.1,True,15,17.880085468292236,55.32,47,26,21,
umeh_drutsa_high quality,umeh_drutsa_high quality - page 1,Modern,line,0.8,2.5,4.0,True,0.25,True,15,17.67106342315674,55.32,47,26,21,
umeh_drutsa_high quality,umeh_drutsa_high quality - page 1,Modern,line,0.8,2.5,4.0,True,0.5,True,15,18.138556957244877,55.32,47,26,21,
umeh_drutsa_high quality,umeh_drutsa_high quality - page 1,Modern,line,0.8,2.5,4.0,True,0.9,True,15,18.99459910392761,55.32,47,26,21,
umeh_drutsa_high quality,umeh_drutsa_high quality - page 1,Modern,line,0.8,2.5,4.0,False,0.1,True,22,21.0096697807312,65.38,52,34,18,
umeh_drutsa_high quality,umeh_drutsa_high quality - page 1,Modern,line,0.8,2.5,4.0,False,0.25,True,22,20.7463276386261,65.38,52,34,18,
umeh_drutsa_high quality,umeh_drutsa_high quality - page 1,Modern,line,0.8,2.5,4.0,False,0.5,True,22,20.9693763256073,65.38,52,34,18,
umeh_drutsa_high quality,umeh_drutsa_high quality - page 1,Modern,line,0.8,2.5,4.0,False,0.9,True,22,20.626956939697266,65.38,52,34,18,
umeh_drutsa_high quality,umeh_drutsa_high quality - page 1,Modern,line,0.8,2.5,5.0,True,0.1,True,15,18.06290936470032,50.0,42,21,21,
umeh_drutsa_high quality,umeh_drutsa_high quality - page 1,Modern,line,0.8,2.5,5.0,True,0.25,True,15,17.60370373725891,50.0,42,21,21,
umeh_drutsa_high quality,umeh_drutsa_high quality - page 1,Modern,line,0.8,2.5,5.0,True,0.5,True,15,17.674628257751465,50.0,42,21,21,
umeh_drutsa_high quality,umeh_drutsa_high quality - page 1,Modern,line,0.8,2.5,5.0,True,0.9,True,15,17.813663244247437,50.0,42,21,21,
umeh_drutsa_high quality,umeh_drutsa_high quality - page 1,Modern,line,0.8,2.5,5.0,False,0.1,True,22,24.53156971931457,51.11,45,23,22,
umeh_drutsa_high quality,umeh_drutsa_high quality - page 1,Modern,line,0.8,2.5,5.0,False,0.25,True,22,19.69157600402832,51.11,45,23,22,
umeh_drutsa_high quality,umeh_drutsa_high quality - page 1,Modern,line,0.8,2.5,5.0,False,0.5,True,22,24.020830631256104,51.11,45,23,22,
umeh_drutsa_high quality,umeh_drutsa_high quality - page 1,Modern,line,0.8,2.5,5.0,False,0.9,True,22,19.548867225646973,51.11,45,23,22,
umeh_drutsa_high quality,umeh_drutsa_high quality - page 1,Modern,line,0.8,3.0,2.5,True,0.1,True,15,19.94471836090088,35.42,48,17,31,
umeh_drutsa_high quality,umeh_drutsa_high quality - page 1,Modern,line,0.8,3.0,2.5,True,0.25,True,15,19.661879777908325,35.42,48,17,31,
umeh_drutsa_high quality,umeh_drutsa_high quality - page 1,Modern,line,0.8,3.0,2.5,True,0.5,True,15,19.829904079437256,35.42,48,17,31,
umeh_drutsa_high quality,umeh_drutsa_high quality - page 1,Modern,line,0.8,3.0,2.5,True,0.9,True,15,19.910022735595703,35.42,48,17,31,
umeh_drutsa_high quality,umeh_drutsa_high quality - page 1,Modern,line,0.8,3.0,2.5,False,0.1,True,22,21.898077964782715,37.04,54,20,34,
umeh_drutsa_high quality,umeh_drutsa_high quality - page 1,Modern,line,0.8,3.0,2.5,False,0.25,True,22,26.438361644744877,37.04,54,20,34,
umeh_drutsa_high quality,umeh_drutsa_high quality - page 1,Modern,line,0.8,3.0,2.5,False,0.5,True,22,21.6992712020874,37.04,54,20,34,
umeh_drutsa_high quality,umeh_drutsa_high quality - page 1,Modern,line,0.8,3.0,2.5,False,0.9,True,22,21.714395999908447,37.04,54,20,34,
umeh_drutsa_high quality,umeh_drutsa_high quality - page 1,Modern,line,0.8,3.0,3.5,True,0.1,True,15,19.60795211791992,44.19,43,19,24,
umeh_drutsa_high quality,umeh_drutsa_high quality - page 1,Modern,line,0.8,3.0,3.5,True,0.25,True,15,19.495535612106323,44.19,43,19,24,
umeh_drutsa_high quality,umeh_drutsa_high quality - page 1,Modern,line,0.8,3.0,3.5,True,0.5,True,15,19.690670490264893,44.19,43,19,24,
umeh_drutsa_high quality,umeh_drutsa_high quality - page 1,Modern,line,0.8,3.0,3.5,True,0.9,True,15,19.51575207710266,44.19,43,19,24,
umeh_drutsa_high quality,umeh_drutsa_high quality - page 1,Modern,line,0.8,3.0,3.5,False,0.1,True,22,21.96250987052917,51.02,49,25,24,
umeh_drutsa_high quality,umeh_drutsa_high quality - page 1,Modern,line,0.8,3.0,3.5,False,0.25,True,22,22.34113311767578,51.02,49,25,24,
umeh_drutsa_high quality,umeh_drutsa_high quality - page 1,Modern,line,0.8,3.0,3.5,False,0.5,True,22,21.97792625427246,51.02,49,25,24,
umeh_drutsa_high quality,umeh_drutsa_high quality - page 1,Modern,line,0.8,3.0,3.5,False,0.9,True,22,21.634852409362797,51.02,49,25,24,
umeh_drutsa_high quality,umeh_drutsa_high quality - page 1,Modern,line,0.8,3.0,4.0,True,0.1,True,15,19.107069492340088,53.19,47,25,22,
umeh_drutsa_high quality,umeh_drutsa_high quality - page 1,Modern,line,0.8,3.0,4.0,True,0.25,True,15,19.441726207733154,53.19,47,25,22,
umeh_drutsa_high quality,umeh_drutsa_high quality - page 1,Modern,line,0.8,3.0,4.0,True,0.5,True,15,19.01730799674988,53.19,47,25,22,
umeh_drutsa_high quality,umeh_drutsa_high quality - page 1,Modern,line,0.8,3.0,4.0,True,0.9,True,15,19.62800621986389,53.19,47,25,22,
umeh_drutsa_high quality,umeh_drutsa_high quality - page 1,Modern,line,0.8,3.0,4.0,False,0.1,True,22,26.75967812538147,63.46,52,33,19,
umeh_drutsa_high quality,umeh_drutsa_high quality - page 1,Modern,line,0.8,3.0,4.0,False,0.25,True,22,22.0624897480011,63.46,52,33,19,
umeh_drutsa_high quality,umeh_drutsa_high quality - page 1,Modern,line,0.8,3.0,4.0,False,0.5,True,22,21.76418519020081,63.46,52,33,19,
umeh_drutsa_high quality,umeh_drutsa_high quality - page 1,Modern,line,0.8,3.0,4.0,False,0.9,True,22,22.284950256347656,63.46,52,33,19,
umeh_drutsa_high quality,umeh_drutsa_high quality - page 1,Modern,line,0.8,3.0,5.0,True,0.1,True,15,18.882891178131104,50.0,42,21,21,
umeh_drutsa_high quality,umeh_drutsa_high quality - page 1,Modern,line,0.8,3.0,5.0,True,0.25,True,15,18.86465191841125,50.0,42,21,21,
umeh_drutsa_high quality,umeh_drutsa_high quality - page 1,Modern,line,0.8,3.0,5.0,True,0.5,True,15,19.91475820541382,50.0,42,21,21,
umeh_drutsa_high quality,umeh_drutsa_high quality - page 1,Modern,line,0.8,3.0,5.0,True,0.9,True,15,18.81059217453003,50.0,42,21,21,
umeh_drutsa_high quality,umeh_drutsa_high quality - page 1,Modern,line,0.8,3.0,5.0,False,0.1,True,22,21.495030164718628,51.11,45,23,22,
umeh_drutsa_high quality,umeh_drutsa_high quality - page 1,Modern,line,0.8,3.0,5.0,False,0.25,True,22,21.114477157592773,51.11,45,23,22,
umeh_drutsa_high quality,umeh_drutsa_high quality - page 1,Modern,line,0.8,3.0,5.0,False,0.5,True,22,21.271055936813354,51.11,45,23,22,
umeh_drutsa_high quality,umeh_drutsa_high quality - page 1,Modern,line,0.8,3.0,5.0,False,0.9,True,22,22.881484508514404,51.11,45,23,22,
umeh_drutsa_high quality,umeh_drutsa_high quality - page 1,Modern,line,0.9,2.0,2.5,True,0.1,True,15,17.22195315361023,37.5,48,18,30,
umeh_drutsa_high quality,umeh_drutsa_high quality - page 1,Modern,line,0.9,2.0,2.5,True,0.25,True,15,17.55611538887024,37.5,48,18,30,
umeh_drutsa_high quality,umeh_drutsa_high quality - page 1,Modern,line,0.9,2.0,2.5,True,0.5,True,15,17.34883141517639,37.5,48,18,30,
umeh_drutsa_high quality,umeh_drutsa_high quality - page 1,Modern,line,0.9,2.0,2.5,True,0.9,True,15,17.486485481262207,37.5,48,18,30,
umeh_drutsa_high quality,umeh_drutsa_high quality - page 1,Modern,line,0.9,2.0,2.5,False,0.1,True,22,19.24878454208374,38.89,54,21,33,
umeh_drutsa_high quality,umeh_drutsa_high quality - page 1,Modern,line,0.9,2.0,2.5,False,0.25,True,22,18.763532638549805,38.89,54,21,33,
umeh_drutsa_high quality,umeh_drutsa_high quality - page 1,Modern,line,0.9,2.0,2.5,False,0.5,True,22,19.36356997489929,38.89,54,21,33,
umeh_drutsa_high quality,umeh_drutsa_high quality - page 1,Modern,line,0.9,2.0,2.5,False,0.9,True,22,18.75173401832581,38.89,54,21,33,
umeh_drutsa_high quality,umeh_drutsa_high quality - page 1,Modern,line,0.9,2.0,3.5,True,0.1,True,15,16.860734462738037,46.51,43,20,23,
umeh_drutsa_high quality,umeh_drutsa_high quality - page 1,Modern,line,0.9,2.0,3.5,True,0.25,True,15,17.858639001846313,46.51,43,20,23,
umeh_drutsa_high quality,umeh_drutsa_high quality - page 1,Modern,line,0.9,2.0,3.5,True,0.5,True,15,21.880470037460327,46.51,43,20,23,
umeh_drutsa_high quality,umeh_drutsa_high quality - page 1,Modern,line,0.9,2.0,3.5,True,0.9,True,15,17.08218502998352,46.51,43,20,23,
umeh_drutsa_high quality,umeh_drutsa_high quality - page 1,Modern,line,0.9,2.0,3.5,False,0.1,True,22,19.020002841949463,53.06,49,26,23,
umeh_drutsa_high quality,umeh_drutsa_high quality - page 1,Modern,line,0.9,2.0,3.5,False,0.25,True,22,20.62818956375122,53.06,49,26,23,
umeh_drutsa_high quality,umeh_drutsa_high quality - page 1,Modern,line,0.9,2.0,3.5,False,0.5,True,22,19.003774881362915,53.06,49,26,23,
umeh_drutsa_high quality,umeh_drutsa_high quality - page 1,Modern,line,0.9,2.0,3.5,False,0.9,True,22,19.32342767715454,53.06,49,26,23,
umeh_drutsa_high quality,umeh_drutsa_high quality - page 1,Modern,line,0.9,2.0,4.0,True,0.1,True,15,16.44995665550232,55.32,47,26,21,
umeh_drutsa_high quality,umeh_drutsa_high quality - page 1,Modern,line,0.9,2.0,4.0,True,0.25,True,15,16.645541191101074,55.32,47,26,21,
umeh_drutsa_high quality,umeh_drutsa_high quality - page 1,Modern,line,0.9,2.0,4.0,True,0.5,True,15,16.519293785095215,55.32,47,26,21,
umeh_drutsa_high quality,umeh_drutsa_high quality - page 1,Modern,line,0.9,2.0,4.0,True,0.9,True,15,16.707114458084106,55.32,47,26,21,
umeh_drutsa_high quality,umeh_drutsa_high quality - page 1,Modern,line,0.9,2.0,4.0,False,0.1,True,22,20.82045865058899,65.38,52,34,18,
umeh_drutsa_high quality,umeh_drutsa_high quality - page 1,Modern,line,0.9,2.0,4.0,False,0.25,True,22,19.74933862686157,65.38,52,34,18,
umeh_drutsa_high quality,umeh_drutsa_high quality - page 1,Modern,line,0.9,2.0,4.0,False,0.5,True,22,19.436065435409542,65.38,52,34,18,
umeh_drutsa_high quality,umeh_drutsa_high quality - page 1,Modern,line,0.9,2.0,4.0,False,0.9,True,22,19.69961142539978,65.38,52,34,18,
umeh_drutsa_high quality,umeh_drutsa_high quality - page 1,Modern,line,0.9,2.0,5.0,True,0.1,True,15,16.522759437561035,59.52,42,25,17,
umeh_drutsa_high quality,umeh_drutsa_high quality - page 1,Modern,line,0.9,2.0,5.0,True,0.25,True,15,16.304167985916138,59.52,42,25,17,
umeh_drutsa_high quality,umeh_drutsa_high quality - page 1,Modern,line,0.9,2.0,5.0,True,0.5,True,15,16.002782821655273,59.52,42,25,17,
umeh_drutsa_high quality,umeh_drutsa_high quality - page 1,Modern,line,0.9,2.0,5.0,True,0.9,True,15,21.279114723205566,59.52,42,25,17,
umeh_drutsa_high quality,umeh_drutsa_high quality - page 1,Modern,line,0.9,2.0,5.0,False,0.1,True,22,18.72330403327942,44.68,47,21,26,
umeh_drutsa_high quality,umeh_drutsa_high quality - page 1,Modern,line,0.9,2.0,5.0,False,0.25,True,22,18.78533744812012,44.68,47,21,26,
umeh_drutsa_high quality,umeh_drutsa_high quality - page 1,Modern,line,0.9,2.0,5.0,False,0.5,True,22,18.692045211791992,44.68,47,21,26,
umeh_drutsa_high quality,umeh_drutsa_high quality - page 1,Modern,line,0.9,2.0,5.0,False,0.9,True,22,18.55749988555908,44.68,47,21,26,
umeh_drutsa_high quality,umeh_drutsa_high quality - page 1,Modern,line,0.9,2.5,2.5,True,0.1,True,15,18.44408488273621,37.5,48,18,30,
umeh_drutsa_high quality,umeh_drutsa_high quality - page 1,Modern,line,0.9,2.5,2.5,True,0.25,True,15,18.260427474975582,37.5,48,18,30,
umeh_drutsa_high quality,umeh_drutsa_high quality - page 1,Modern,line,0.9,2.5,2.5,True,0.5,True,15,18.595866441726685,37.5,48,18,30,
umeh_drutsa_high quality,umeh_drutsa_high quality - page 1,Modern,line,0.9,2.5,2.5,True,0.9,True,15,18.276103734970093,37.5,48,18,30,
umeh_drutsa_high quality,umeh_drutsa_high quality - page 1,Modern,line,0.9,2.5,2.5,False,0.1,True,22,20.36729741096497,38.89,54,21,33,
umeh_drutsa_high quality,umeh_drutsa_high quality - page 1,Modern,line,0.9,2.5,2.5,False,0.25,True,22,25.175718069076535,38.89,54,21,33,
umeh_drutsa_high quality,umeh_drutsa_high quality - page 1,Modern,line,0.9,2.5,2.5,False,0.5,True,22,25.352224111557007,38.89,54,21,33,
umeh_drutsa_high quality,umeh_drutsa_high quality - page 1,Modern,line,0.9,2.5,2.5,False,0.9,True,22,20.331056594848636,38.89,54,21,33,
umeh_drutsa_high quality,umeh_drutsa_high quality - page 1,Modern,line,0.9,2.5,3.5,True,0.1,True,15,19.05109739303589,46.51,43,20,23,
umeh_drutsa_high quality,umeh_drutsa_high quality - page 1,Modern,line,0.9,2.5,3.5,True,0.25,True,15,21.675114154815677,46.51,43,20,23,
umeh_drutsa_high quality,umeh_drutsa_high quality - page 1,Modern,line,0.9,2.5,3.5,True,0.5,True,15,18.353864669799805,46.51,43,20,23,
umeh_drutsa_high quality,umeh_drutsa_high quality - page 1,Modern,line,0.9,2.5,3.5,True,0.9,True,15,21.608643770217896,46.51,43,20,23,
umeh_drutsa_high quality,umeh_drutsa_high quality - page 1,Modern,line,0.9,2.5,3.5,False,0.1,True,22,20.365798950195312,53.06,49,26,23,
umeh_drutsa_high quality,umeh_drutsa_high quality - page 1,Modern,line,0.9,2.5,3.5,False,0.25,True,22,20.410581350326535,53.06,49,26,23,
umeh_drutsa_high quality,umeh_drutsa_high quality - page 1,Modern,line,0.9,2.5,3.5,False,0.5,True,22,20.64294719696045,53.06,49,26,23,
umeh_drutsa_high quality,umeh_drutsa_high quality - page 1,Modern,line,0.9,2.5,3.5,False,0.9,True,22,20.18717765808105,53.06,49,26,23,
umeh_drutsa_high quality,umeh_drutsa_high quality - page 1,Modern,line,0.9,2.5,4.0,True,0.1,True,15,17.840213298797607,55.32,47,26,21,
umeh_drutsa_high quality,umeh_drutsa_high quality - page 1,Modern,line,0.9,2.5,4.0,True,0.25,True,15,17.581084728240967,55.32,47,26,21,
umeh_drutsa_high quality,umeh_drutsa_high quality - page 1,Modern,line,0.9,2.5,4.0,True,0.5,True,15,17.833249807357788,55.32,47,26,21,
umeh_drutsa_high quality,umeh_drutsa_high quality - page 1,Modern,line,0.9,2.5,4.0,True,0.9,True,15,17.467557430267334,55.32,47,26,21,
umeh_drutsa_high quality,umeh_drutsa_high quality - page 1,Modern,line,0.9,2.5,4.0,False,0.1,True,22,20.890807151794437,65.38,52,34,18,
umeh_drutsa_high quality,umeh_drutsa_high quality - page 1,Modern,line,0.9,2.5,4.0,False,0.25,True,22,20.52394294738769,65.38,52,34,18,
umeh_drutsa_high quality,umeh_drutsa_high quality - page 1,Modern,line,0.9,2.5,4.0,False,0.5,True,22,20.890832901000977,65.38,52,34,18,
umeh_drutsa_high quality,umeh_drutsa_high quality - page 1,Modern,line,0.9,2.5,4.0,False,0.9,True,22,20.584670066833496,65.38,52,34,18,
umeh_drutsa_high quality,umeh_drutsa_high quality - page 1,Modern,line,0.9,2.5,5.0,True,0.1,True,15,17.6176118850708,50.0,42,21,21,
umeh_drutsa_high quality,umeh_drutsa_high quality - page 1,Modern,line,0.9,2.5,5.0,True,0.25,True,15,17.410689115524292,50.0,42,21,21,
umeh_drutsa_high quality,umeh_drutsa_high quality - page 1,Modern,line,0.9,2.5,5.0,True,0.5,True,15,17.760801792144775,50.0,42,21,21,
umeh_drutsa_high quality,umeh_drutsa_high quality - page 1,Modern,line,0.9,2.5,5.0,True,0.9,True,15,17.672217845916748,50.0,42,21,21,
umeh_drutsa_high quality,umeh_drutsa_high quality - page 1,Modern,line,0.9,2.5,5.0,False,0.1,True,22,19.872344970703125,51.11,45,23,22,
umeh_drutsa_high quality,umeh_drutsa_high quality - page 1,Modern,line,0.9,2.5,5.0,False,0.25,True,22,21.331110954284668,51.11,45,23,22,
umeh_drutsa_high quality,umeh_drutsa_high quality - page 1,Modern,line,0.9,2.5,5.0,False,0.5,True,22,19.760523557662964,51.11,45,23,22,
umeh_drutsa_high quality,umeh_drutsa_high quality - page 1,Modern,line,0.9,2.5,5.0,False,0.9,True,22,19.896766901016235,51.11,45,23,22,
umeh_drutsa_high quality,umeh_drutsa_high quality - page 1,Modern,line,0.9,3.0,2.5,True,0.1,True,15,20.220075607299805,35.42,48,17,31,
umeh_drutsa_high quality,umeh_drutsa_high quality - page 1,Modern,line,0.9,3.0,2.5,True,0.25,True,15,19.75227165222168,35.42,48,17,31,
umeh_drutsa_high quality,umeh_drutsa_high quality - page 1,Modern,line,0.9,3.0,2.5,True,0.5,True,15,20.241188526153564,35.42,48,17,31,
umeh_drutsa_high quality,umeh_drutsa_high quality - page 1,Modern,line,0.9,3.0,2.5,True,0.9,True,15,19.949848890304565,35.42,48,17,31,
umeh_drutsa_high quality,umeh_drutsa_high quality - page 1,Modern,line,0.9,3.0,2.5,False,0.1,True,22,21.80830216407776,37.04,54,20,34,
umeh_drutsa_high quality,umeh_drutsa_high quality - page 1,Modern,line,0.9,3.0,2.5,False,0.25,True,22,21.628427505493164,37.04,54,20,34,
umeh_drutsa_high quality,umeh_drutsa_high quality - page 1,Modern,line,0.9,3.0,2.5,False,0.5,True,22,21.7202205657959,37.04,54,20,34,
umeh_drutsa_high quality,umeh_drutsa_high quality - page 1,Modern,line,0.9,3.0,2.5,False,0.9,True,22,21.63683581352234,37.04,54,20,34,
umeh_drutsa_high quality,umeh_drutsa_high quality - page 1,Modern,line,0.9,3.0,3.5,True,0.1,True,15,19.998651266098022,44.19,43,19,24,
umeh_drutsa_high quality,umeh_drutsa_high quality - page 1,Modern,line,0.9,3.0,3.5,True,0.25,True,15,19.716759204864506,44.19,43,19,24,
umeh_drutsa_high quality,umeh_drutsa_high quality - page 1,Modern,line,0.9,3.0,3.5,True,0.5,True,15,19.70432686805725,44.19,43,19,24,
umeh_drutsa_high quality,umeh_drutsa_high quality - page 1,Modern,line,0.9,3.0,3.5,True,0.9,True,15,19.09498429298401,44.19,43,19,24,
umeh_drutsa_high quality,umeh_drutsa_high quality - page 1,Modern,line,0.9,3.0,3.5,False,0.1,True,22,21.72084069252014,51.02,49,25,24,
umeh_drutsa_high quality,umeh_drutsa_high quality - page 1,Modern,line,0.9,3.0,3.5,False,0.25,True,22,21.59121036529541,51.02,49,25,24,
umeh_drutsa_high quality,umeh_drutsa_high quality - page 1,Modern,line,0.9,3.0,3.5,False,0.5,True,22,21.72916531562805,51.02,49,25,24,
umeh_drutsa_high quality,umeh_drutsa_high quality - page 1,Modern,line,0.9,3.0,3.5,False,0.9,True,22,21.61775851249695,51.02,49,25,24,
umeh_drutsa_high quality,umeh_drutsa_high quality - page 1,Modern,line,0.9,3.0,4.0,True,0.1,True,15,19.3501980304718,53.19,47,25,22,
umeh_drutsa_high quality,umeh_drutsa_high quality - page 1,Modern,line,0.9,3.0,4.0,True,0.25,True,15,19.112176656723022,53.19,47,25,22,
umeh_drutsa_high quality,umeh_drutsa_high quality - page 1,Modern,line,0.9,3.0,4.0,True,0.5,True,15,19.413856506347656,53.19,47,25,22,
umeh_drutsa_high quality,umeh_drutsa_high quality - page 1,Modern,line,0.9,3.0,4.0,True,0.9,True,15,19.0880286693573,53.19,47,25,22,
umeh_drutsa_high quality,umeh_drutsa_high quality - page 1,Modern,line,0.9,3.0,4.0,False,0.1,True,22,22.277101278305054,63.46,52,33,19,
umeh_drutsa_high quality,umeh_drutsa_high quality - page 1,Modern,line,0.9,3.0,4.0,False,0.25,True,22,22.29547691345215,63.46,52,33,19,
umeh_drutsa_high quality,umeh_drutsa_high quality - page 1,Modern,line,0.9,3.0,4.0,False,0.5,True,22,22.143478393554688,63.46,52,33,19,
umeh_drutsa_high quality,umeh_drutsa_high quality - page 1,Modern,line,0.9,3.0,4.0,False,0.9,True,22,22.24210357666016,63.46,52,33,19,
umeh_drutsa_high quality,umeh_drutsa_high quality - page 1,Modern,line,0.9,3.0,5.0,True,0.1,True,15,18.828627347946167,50.0,42,21,21,
umeh_drutsa_high quality,umeh_drutsa_high quality - page 1,Modern,line,0.9,3.0,5.0,True,0.25,True,15,23.32578468322754,50.0,42,21,21,
umeh_drutsa_high quality,umeh_drutsa_high quality - page 1,Modern,line,0.9,3.0,5.0,True,0.5,True,15,19.18663239479065,50.0,42,21,21,
umeh_drutsa_high quality,umeh_drutsa_high quality - page 1,Modern,line,0.9,3.0,5.0,True,0.9,True,15,18.666648626327515,50.0,42,21,21,
umeh_drutsa_high quality,umeh_drutsa_high quality - page 1,Modern,line,0.9,3.0,5.0,False,0.1,True,22,21.206745862960812,51.11,45,23,22,
umeh_drutsa_high quality,umeh_drutsa_high quality - page 1,Modern,line,0.9,3.0,5.0,False,0.25,True,22,21.108583450317383,51.11,45,23,22,
umeh_drutsa_high quality,umeh_drutsa_high quality - page 1,Modern,line,0.9,3.0,5.0,False,0.5,True,22,21.029481649398804,51.11,45,23,22,
umeh_drutsa_high quality,umeh_drutsa_high quality - page 1,Modern,line,0.9,3.0,5.0,False,0.9,True,22,21.419445991516117,51.11,45,23,22,
umeh_drutsa_high quality,umeh_drutsa_high quality - page 1,Modern,layout,0.7,2.0,2.5,True,0.1,True,10,20.602312326431274,41.67,24,10,14,
umeh_drutsa_high quality,umeh_drutsa_high quality - page 1,Modern,layout,0.7,2.0,2.5,True,0.25,True,10,18.08822774887085,41.67,24,10,14,
umeh_drutsa_high quality,umeh_drutsa_high quality - page 1,Modern,layout,0.7,2.0,2.5,True,0.5,True,10,16.663204431533813,41.67,24,10,14,
umeh_drutsa_high quality,umeh_drutsa_high quality - page 1,Modern,layout,0.7,2.0,2.5,True,0.9,True,10,16.398030757904053,41.67,24,10,14,
umeh_drutsa_high quality,umeh_drutsa_high quality - page 1,Modern,layout,0.7,2.0,2.5,False,0.1,True,34,24.22691249847412,40.0,65,26,39,
umeh_drutsa_high quality,umeh_drutsa_high quality - page 1,Modern,layout,0.7,2.0,2.5,False,0.25,True,34,23.81048893928528,40.0,65,26,39,
umeh_drutsa_high quality,umeh_drutsa_high quality - page 1,Modern,layout,0.7,2.0,2.5,False,0.5,True,34,24.291818141937256,40.0,65,26,39,
umeh_drutsa_high quality,umeh_drutsa_high quality - page 1,Modern,layout,0.7,2.0,2.5,False,0.9,True,34,23.895856857299805,40.0,65,26,39,
umeh_drutsa_high quality,umeh_drutsa_high quality - page 1,Modern,layout,0.7,2.0,3.5,True,0.1,True,10,15.499062299728394,52.0,25,13,12,
umeh_drutsa_high quality,umeh_drutsa_high quality - page 1,Modern,layout,0.7,2.0,3.5,True,0.25,True,10,15.566627502441406,52.0,25,13,12,
umeh_drutsa_high quality,umeh_drutsa_high quality - page 1,Modern,layout,0.7,2.0,3.5,True,0.5,True,10,15.790791273117064,52.0,25,13,12,
umeh_drutsa_high quality,umeh_drutsa_high quality - page 1,Modern,layout,0.7,2.0,3.5,True,0.9,True,10,15.381230354309082,52.0,25,13,12,
umeh_drutsa_high quality,umeh_drutsa_high quality - page 1,Modern,layout,0.7,2.0,3.5,False,0.1,True,34,23.45776891708374,51.92,52,27,25,
umeh_drutsa_high quality,umeh_drutsa_high quality - page 1,Modern,layout,0.7,2.0,3.5,False,0.25,True,34,23.485894680023197,51.92,52,27,25,
umeh_drutsa_high quality,umeh_drutsa_high quality - page 1,Modern,layout,0.7,2.0,3.5,False,0.5,True,34,23.35037493705749,51.92,52,27,25,
umeh_drutsa_high quality,umeh_drutsa_high quality - page 1,Modern,layout,0.7,2.0,3.5,False,0.9,True,34,28.45280122756958,51.92,52,27,25,
umeh_drutsa_high quality,umeh_drutsa_high quality - page 1,Modern,layout,0.7,2.0,4.0,True,0.1,True,10,15.187270164489746,36.36,22,8,14,
umeh_drutsa_high quality,umeh_drutsa_high quality - page 1,Modern,layout,0.7,2.0,4.0,True,0.25,True,10,14.890177011489868,36.36,22,8,14,
umeh_drutsa_high quality,umeh_drutsa_high quality - page 1,Modern,layout,0.7,2.0,4.0,True,0.5,True,10,17.757765531539917,36.36,22,8,14,
umeh_drutsa_high quality,umeh_drutsa_high quality - page 1,Modern,layout,0.7,2.0,4.0,True,0.9,True,10,14.599595308303831,36.36,22,8,14,
umeh_drutsa_high quality,umeh_drutsa_high quality - page 1,Modern,layout,0.7,2.0,4.0,False,0.1,True,34,23.126857042312626,56.82,44,25,19,
umeh_drutsa_high quality,umeh_drutsa_high quality - page 1,Modern,layout,0.7,2.0,4.0,False,0.25,True,34,25.249472618103027,56.82,44,25,19,
umeh_drutsa_high quality,umeh_drutsa_high quality - page 1,Modern,layout,0.7,2.0,4.0,False,0.5,True,34,30.21339583396912,56.82,44,25,19,
umeh_drutsa_high quality,umeh_drutsa_high quality - page 1,Modern,layout,0.7,2.0,4.0,False,0.9,True,34,28.177828073501587,56.82,44,25,19,
umeh_drutsa_high quality,umeh_drutsa_high quality - page 1,Modern,layout,0.7,2.0,5.0,True,0.1,True,10,13.895162343978882,53.33,15,8,7,
umeh_drutsa_high quality,umeh_drutsa_high quality - page 1,Modern,layout,0.7,2.0,5.0,True,0.25,True,10,13.668126106262209,53.33,15,8,7,
umeh_drutsa_high quality,umeh_drutsa_high quality - page 1,Modern,layout,0.7,2.0,5.0,True,0.5,True,10,13.596135139465332,53.33,15,8,7,
umeh_drutsa_high quality,umeh_drutsa_high quality - page 1,Modern,layout,0.7,2.0,5.0,True,0.9,True,10,13.918039083480837,53.33,15,8,7,
umeh_drutsa_high quality,umeh_drutsa_high quality - page 1,Modern,layout,0.7,2.0,5.0,False,0.1,True,34,23.921921491622925,50.0,42,21,21,
umeh_drutsa_high quality,umeh_drutsa_high quality - page 1,Modern,layout,0.7,2.0,5.0,False,0.25,True,34,23.526562690734863,50.0,42,21,21,
umeh_drutsa_high quality,umeh_drutsa_high quality - page 1,Modern,layout,0.7,2.0,5.0,False,0.5,True,34,25.729247331619263,50.0,42,21,21,
umeh_drutsa_high quality,umeh_drutsa_high quality - page 1,Modern,layout,0.7,2.0,5.0,False,0.9,True,34,25.89869070053101,50.0,42,21,21,
umeh_drutsa_high quality,umeh_drutsa_high quality - page 1,Modern,layout,0.7,2.5,2.5,True,0.1,True,10,17.677008628845215,43.48,23,10,13,
umeh_drutsa_high quality,umeh_drutsa_high quality - page 1,Modern,layout,0.7,2.5,2.5,True,0.25,True,10,17.64109516143799,43.48,23,10,13,
umeh_drutsa_high quality,umeh_drutsa_high quality - page 1,Modern,layout,0.7,2.5,2.5,True,0.5,True,10,17.850608825683594,43.48,23,10,13,
umeh_drutsa_high quality,umeh_drutsa_high quality - page 1,Modern,layout,0.7,2.5,2.5,True,0.9,True,10,17.539222478866577,43.48,23,10,13,
umeh_drutsa_high quality,umeh_drutsa_high quality - page 1,Modern,layout,0.7,2.5,2.5,False,0.1,True,34,25.262803554534912,43.75,64,28,36,
umeh_drutsa_high quality,umeh_drutsa_high quality - page 1,Modern,layout,0.7,2.5,2.5,False,0.25,True,34,25.20336413383484,43.75,64,28,36,
umeh_drutsa_high quality,umeh_drutsa_high quality - page 1,Modern,layout,0.7,2.5,2.5,False,0.5,True,34,25.25429105758667,43.75,64,28,36,
umeh_drutsa_high quality,umeh_drutsa_high quality - page 1,Modern,layout,0.7,2.5,2.5,False,0.9,True,34,27.31551003456116,43.75,64,28,36,
umeh_drutsa_high quality,umeh_drutsa_high quality - page 1,Modern,layout,0.7,2.5,3.5,True,0.1,True,10,17.46495771408081,52.0,25,13,12,
umeh_drutsa_high quality,umeh_drutsa_high quality - page 1,Modern,layout,0.7,2.5,3.5,True,0.25,True,10,17.361826419830322,52.0,25,13,12,
umeh_drutsa_high quality,umeh_drutsa_high quality - page 1,Modern,layout,0.7,2.5,3.5,True,0.5,True,10,17.22796368598938,52.0,25,13,12,
umeh_drutsa_high quality,umeh_drutsa_high quality - page 1,Modern,layout,0.7,2.5,3.5,True,0.9,True,10,17.408278465270996,52.0,25,13,12,
umeh_drutsa_high quality,umeh_drutsa_high quality - page 1,Modern,layout,0.7,2.5,3.5,False,0.1,True,34,24.84268355369568,51.92,52,27,25,
umeh_drutsa_high quality,umeh_drutsa_high quality - page 1,Modern,layout,0.7,2.5,3.5,False,0.25,True,34,24.644917011260983,51.92,52,27,25,
umeh_drutsa_high quality,umeh_drutsa_high quality - page 1,Modern,layout,0.7,2.5,3.5,False,0.5,True,34,24.933847427368164,51.92,52,27,25,
umeh_drutsa_high quality,umeh_drutsa_high quality - page 1,Modern,layout,0.7,2.5,3.5,False,0.9,True,34,24.62306499481201,51.92,52,27,25,
umeh_drutsa_high quality,umeh_drutsa_high quality - page 1,Modern,layout,0.7,2.5,4.0,True,0.1,True,10,16.67880630493164,36.36,22,8,14,
umeh_drutsa_high quality,umeh_drutsa_high quality - page 1,Modern,layout,0.7,2.5,4.0,True,0.25,True,10,16.938109159469604,36.36,22,8,14,
umeh_drutsa_high quality,umeh_drutsa_high quality - page 1,Modern,layout,0.7,2.5,4.0,True,0.5,True,10,17.20919179916382,36.36,22,8,14,
umeh_drutsa_high quality,umeh_drutsa_high quality - page 1,Modern,layout,0.7,2.5,4.0,True,0.9,True,10,19.142823934555054,36.36,22,8,14,
umeh_drutsa_high quality,umeh_drutsa_high quality - page 1,Modern,layout,0.7,2.5,4.0,False,0.1,True,34,24.45754599571228,56.82,44,25,19,
umeh_drutsa_high quality,umeh_drutsa_high quality - page 1,Modern,layout,0.7,2.5,4.0,False,0.25,True,34,24.494251251220703,56.82,44,25,19,
umeh_drutsa_high quality,umeh_drutsa_high quality - page 1,Modern,layout,0.7,2.5,4.0,False,0.5,True,34,24.332871437072757,56.82,44,25,19,
umeh_drutsa_high quality,umeh_drutsa_high quality - page 1,Modern,layout,0.7,2.5,4.0,False,0.9,True,34,24.53868651390076,56.82,44,25,19,
umeh_drutsa_high quality,umeh_drutsa_high quality - page 1,Modern,layout,0.7,2.5,5.0,True,0.1,True,10,16.104324340820312,26.32,19,5,14,
umeh_drutsa_high quality,umeh_drutsa_high quality - page 1,Modern,layout,0.7,2.5,5.0,True,0.25,True,10,16.013771772384644,26.32,19,5,14,
umeh_drutsa_high quality,umeh_drutsa_high quality - page 1,Modern,layout,0.7,2.5,5.0,True,0.5,True,10,15.601779460906982,26.32,19,5,14,
umeh_drutsa_high quality,umeh_drutsa_high quality - page 1,Modern,layout,0.7,2.5,5.0,True,0.9,True,10,15.475080966949465,26.32,19,5,14,
umeh_drutsa_high quality,umeh_drutsa_high quality - page 1,Modern,layout,0.7,2.5,5.0,False,0.1,True,34,29.65613627433777,40.91,44,18,26,
umeh_drutsa_high quality,umeh_drutsa_high quality - page 1,Modern,layout,0.7,2.5,5.0,False,0.25,True,34,24.450440883636475,40.91,44,18,26,
umeh_drutsa_high quality,umeh_drutsa_high quality - page 1,Modern,layout,0.7,2.5,5.0,False,0.5,True,34,28.030250072479248,40.91,44,18,26,
umeh_drutsa_high quality,umeh_drutsa_high quality - page 1,Modern,layout,0.7,2.5,5.0,False,0.9,True,34,25.49270176887512,40.91,44,18,26,
umeh_drutsa_high quality,umeh_drutsa_high quality - page 1,Modern,layout,0.7,3.0,2.5,True,0.1,True,10,19.464188814163208,47.83,23,11,12,
umeh_drutsa_high quality,umeh_drutsa_high quality - page 1,Modern,layout,0.7,3.0,2.5,True,0.25,True,10,19.650490045547485,47.83,23,11,12,
umeh_drutsa_high quality,umeh_drutsa_high quality - page 1,Modern,layout,0.7,3.0,2.5,True,0.5,True,10,19.49611973762512,47.83,23,11,12,
umeh_drutsa_high quality,umeh_drutsa_high quality - page 1,Modern,layout,0.7,3.0,2.5,True,0.9,True,10,19.43391728401184,47.83,23,11,12,
umeh_drutsa_high quality,umeh_drutsa_high quality - page 1,Modern,layout,0.7,3.0,2.5,False,0.1,True,34,26.589495182037357,40.32,62,25,37,
umeh_drutsa_high quality,umeh_drutsa_high quality - page 1,Modern,layout,0.7,3.0,2.5,False,0.25,True,34,26.69275712966919,40.32,62,25,37,
umeh_drutsa_high quality,umeh_drutsa_high quality - page 1,Modern,layout,0.7,3.0,2.5,False,0.5,True,34,26.50859951972961,40.32,62,25,37,
umeh_drutsa_high quality,umeh_drutsa_high quality - page 1,Modern,layout,0.7,3.0,2.5,False,0.9,True,34,31.59173083305359,40.32,62,25,37,
umeh_drutsa_high quality,umeh_drutsa_high quality - page 1,Modern,layout,0.7,3.0,3.5,True,0.1,True,10,24.06457090377808,56.0,25,14,11,
umeh_drutsa_high quality,umeh_drutsa_high quality - page 1,Modern,layout,0.7,3.0,3.5,True,0.25,True,10,19.16013789176941,56.0,25,14,11,
umeh_drutsa_high quality,umeh_drutsa_high quality - page 1,Modern,layout,0.7,3.0,3.5,True,0.5,True,10,20.1709578037262,56.0,25,14,11,
umeh_drutsa_high quality,umeh_drutsa_high quality - page 1,Modern,layout,0.7,3.0,3.5,True,0.9,True,10,24.28904962539673,56.0,25,14,11,
umeh_drutsa_high quality,umeh_drutsa_high quality - page 1,Modern,layout,0.7,3.0,3.5,False,0.1,True,34,26.15112972259521,49.02,51,25,26,
umeh_drutsa_high quality,umeh_drutsa_high quality - page 1,Modern,layout,0.7,3.0,3.5,False,0.25,True,34,26.06000781059265,49.02,51,25,26,
umeh_drutsa_high quality,umeh_drutsa_high quality - page 1,Modern,layout,0.7,3.0,3.5,False,0.5,True,34,26.28793168067932,49.02,51,25,26,
umeh_drutsa_high quality,umeh_drutsa_high quality - page 1,Modern,layout,0.7,3.0,3.5,False,0.9,True,34,25.992933750152588,49.02,51,25,26,
umeh_drutsa_high quality,umeh_drutsa_high quality - page 1,Modern,layout,0.7,3.0,4.0,True,0.1,True,10,19.03034520149231,40.91,22,9,13,
umeh_drutsa_high quality,umeh_drutsa_high quality - page 1,Modern,layout,0.7,3.0,4.0,True,0.25,True,10,18.625664949417114,40.91,22,9,13,
umeh_drutsa_high quality,umeh_drutsa_high quality - page 1,Modern,layout,0.7,3.0,4.0,True,0.5,True,10,18.94285726547241,40.91,22,9,13,
umeh_drutsa_high quality,umeh_drutsa_high quality - page 1,Modern,layout,0.7,3.0,4.0,True,0.9,True,10,18.600966930389404,40.91,22,9,13,
umeh_drutsa_high quality,umeh_drutsa_high quality - page 1,Modern,layout,0.7,3.0,4.0,False,0.1,True,34,25.914628982543945,53.33,45,24,21,
umeh_drutsa_high quality,umeh_drutsa_high quality - page 1,Modern,layout,0.7,3.0,4.0,False,0.25,True,34,25.767059326171875,53.33,45,24,21,
umeh_drutsa_high quality,umeh_drutsa_high quality - page 1,Modern,layout,0.7,3.0,4.0,False,0.5,True,34,25.82489562034607,53.33,45,24,21,
umeh_drutsa_high quality,umeh_drutsa_high quality - page 1,Modern,layout,0.7,3.0,4.0,False,0.9,True,34,25.77981758117676,53.33,45,24,21,
umeh_drutsa_high quality,umeh_drutsa_high quality - page 1,Modern,layout,0.7,3.0,5.0,True,0.1,True,10,18.11333966255188,26.32,19,5,14,
umeh_drutsa_high quality,umeh_drutsa_high quality - page 1,Modern,layout,0.7,3.0,5.0,True,0.25,True,10,20.869746446609497,26.32,19,5,14,
umeh_drutsa_high quality,umeh_drutsa_high quality - page 1,Modern,layout,0.7,3.0,5.0,True,0.5,True,10,17.940414905548096,26.32,19,5,14,
umeh_drutsa_high quality,umeh_drutsa_high quality - page 1,Modern,layout,0.7,3.0,5.0,True,0.9,True,10,18.725471019744877,26.32,19,5,14,
umeh_drutsa_high quality,umeh_drutsa_high quality - page 1,Modern,layout,0.7,3.0,5.0,False,0.1,True,34,25.910823822021484,40.91,44,18,26,
umeh_drutsa_high quality,umeh_drutsa_high quality - page 1,Modern,layout,0.7,3.0,5.0,False,0.25,True,34,25.861719131469727,40.91,44,18,26,
umeh_drutsa_high quality,umeh_drutsa_high quality - page 1,Modern,layout,0.7,3.0,5.0,False,0.5,True,34,26.102282762527462,40.91,44,18,26,
umeh_drutsa_high quality,umeh_drutsa_high quality - page 1,Modern,layout,0.7,3.0,5.0,False,0.9,True,34,27.82494616508484,40.91,44,18,26,
umeh_drutsa_high quality,umeh_drutsa_high quality - page 1,Modern,layout,0.8,2.0,2.5,True,0.1,True,10,21.195141077041622,41.67,24,10,14,
umeh_drutsa_high quality,umeh_drutsa_high quality - page 1,Modern,layout,0.8,2.0,2.5,True,0.25,True,10,15.947487592697144,41.67,24,10,14,
umeh_drutsa_high quality,umeh_drutsa_high quality - page 1,Modern,layout,0.8,2.0,2.5,True,0.5,True,10,16.064539670944214,41.67,24,10,14,
umeh_drutsa_high quality,umeh_drutsa_high quality - page 1,Modern,layout,0.8,2.0,2.5,True,0.9,True,10,16.188169479370117,41.67,24,10,14,
umeh_drutsa_high quality,umeh_drutsa_high quality - page 1,Modern,layout,0.8,2.0,2.5,False,0.1,True,34,24.072518348693848,40.0,65,26,39,
umeh_drutsa_high quality,umeh_drutsa_high quality - page 1,Modern,layout,0.8,2.0,2.5,False,0.25,True,34,24.019980907440186,40.0,65,26,39,
umeh_drutsa_high quality,umeh_drutsa_high quality - page 1,Modern,layout,0.8,2.0,2.5,False,0.5,True,34,23.873485565185547,40.0,65,26,39,
umeh_drutsa_high quality,umeh_drutsa_high quality - page 1,Modern,layout,0.8,2.0,2.5,False,0.9,True,34,24.05408406257629,40.0,65,26,39,
umeh_drutsa_high quality,umeh_drutsa_high quality - page 1,Modern,layout,0.8,2.0,3.5,True,0.1,True,10,15.592382907867432,52.0,25,13,12,
umeh_drutsa_high quality,umeh_drutsa_high quality - page 1,Modern,layout,0.8,2.0,3.5,True,0.25,True,10,15.640136003494264,52.0,25,13,12,
umeh_drutsa_high quality,umeh_drutsa_high quality - page 1,Modern,layout,0.8,2.0,3.5,True,0.5,True,10,15.506328821182253,52.0,25,13,12,
umeh_drutsa_high quality,umeh_drutsa_high quality - page 1,Modern,layout,0.8,2.0,3.5,True,0.9,True,10,15.728785753250122,52.0,25,13,12,
umeh_drutsa_high quality,umeh_drutsa_high quality - page 1,Modern,layout,0.8,2.0,3.5,False,0.1,True,34,23.434290885925293,51.92,52,27,25,
umeh_drutsa_high quality,umeh_drutsa_high quality - page 1,Modern,layout,0.8,2.0,3.5,False,0.25,True,34,23.518442392349243,51.92,52,27,25,
umeh_drutsa_high quality,umeh_drutsa_high quality - page 1,Modern,layout,0.8,2.0,3.5,False,0.5,True,34,23.44052124023437,51.92,52,27,25,
umeh_drutsa_high quality,umeh_drutsa_high quality - page 1,Modern,layout,0.8,2.0,3.5,False,0.9,True,34,23.51274418830872,51.92,52,27,25,
umeh_drutsa_high quality,umeh_drutsa_high quality - page 1,Modern,layout,0.8,2.0,4.0,True,0.1,True,10,14.96940803527832,36.36,22,8,14,
umeh_drutsa_high quality,umeh_drutsa_high quality - page 1,Modern,layout,0.8,2.0,4.0,True,0.25,True,10,15.48816728591919,36.36,22,8,14,
umeh_drutsa_high quality,umeh_drutsa_high quality - page 1,Modern,layout,0.8,2.0,4.0,True,0.5,True,10,19.96413540840149,36.36,22,8,14,
umeh_drutsa_high quality,umeh_drutsa_high quality - page 1,Modern,layout,0.8,2.0,4.0,True,0.9,True,10,19.732143878936768,36.36,22,8,14,
umeh_drutsa_high quality,umeh_drutsa_high quality - page 1,Modern,layout,0.8,2.0,4.0,False,0.1,True,34,23.509517192840576,56.82,44,25,19,
umeh_drutsa_high quality,umeh_drutsa_high quality - page 1,Modern,layout,0.8,2.0,4.0,False,0.25,True,34,23.540896892547607,56.82,44,25,19,
umeh_drutsa_high quality,umeh_drutsa_high quality - page 1,Modern,layout,0.8,2.0,4.0,False,0.5,True,34,23.12962293624878,56.82,44,25,19,
umeh_drutsa_high quality,umeh_drutsa_high quality - page 1,Modern,layout,0.8,2.0,4.0,False,0.9,True,34,23.45882058143616,56.82,44,25,19,
umeh_drutsa_high quality,umeh_drutsa_high quality - page 1,Modern,layout,0.8,2.0,5.0,True,0.1,True,10,13.700065612792969,53.33,15,8,7,
umeh_drutsa_high quality,umeh_drutsa_high quality - page 1,Modern,layout,0.8,2.0,5.0,True,0.25,True,10,13.64989709854126,53.33,15,8,7,
umeh_drutsa_high quality,umeh_drutsa_high quality - page 1,Modern,layout,0.8,2.0,5.0,True,0.5,True,10,13.785759449005129,53.33,15,8,7,
umeh_drutsa_high quality,umeh_drutsa_high quality - page 1,Modern,layout,0.8,2.0,5.0,True,0.9,True,10,14.179486989974976,53.33,15,8,7,
umeh_drutsa_high quality,umeh_drutsa_high quality - page 1,Modern,layout,0.8,2.0,5.0,False,0.1,True,34,24.12199354171753,50.0,42,21,21,
umeh_drutsa_high quality,umeh_drutsa_high quality - page 1,Modern,layout,0.8,2.0,5.0,False,0.25,True,34,23.611180782318115,50.0,42,21,21,
umeh_drutsa_high quality,umeh_drutsa_high quality - page 1,Modern,layout,0.8,2.0,5.0,False,0.5,True,34,23.632365703582764,50.0,42,21,21,
umeh_drutsa_high quality,umeh_drutsa_high quality - page 1,Modern,layout,0.8,2.0,5.0,False,0.9,True,34,23.41369390487671,50.0,42,21,21,
umeh_drutsa_high quality,umeh_drutsa_high quality - page 1,Modern,layout,0.8,2.5,2.5,True,0.1,True,10,17.598925590515137,43.48,23,10,13,
umeh_drutsa_high quality,umeh_drutsa_high quality - page 1,Modern,layout,0.8,2.5,2.5,True,0.25,True,10,17.733293294906616,43.48,23,10,13,
umeh_drutsa_high quality,umeh_drutsa_high quality - page 1,Modern,layout,0.8,2.5,2.5,True,0.5,True,10,17.75621271133423,43.48,23,10,13,
umeh_drutsa_high quality,umeh_drutsa_high quality - page 1,Modern,layout,0.8,2.5,2.5,True,0.9,True,10,18.16291332244873,43.48,23,10,13,
umeh_drutsa_high quality,umeh_drutsa_high quality - page 1,Modern,layout,0.8,2.5,2.5,False,0.1,True,34,25.29096531867981,43.75,64,28,36,
umeh_drutsa_high quality,umeh_drutsa_high quality - page 1,Modern,layout,0.8,2.5,2.5,False,0.25,True,34,27.42711997032165,43.75,64,28,36,
umeh_drutsa_high quality,umeh_drutsa_high quality - page 1,Modern,layout,0.8,2.5,2.5,False,0.5,True,34,30.198405981063843,43.75,64,28,36,
umeh_drutsa_high quality,umeh_drutsa_high quality - page 1,Modern,layout,0.8,2.5,2.5,False,0.9,True,34,24.81008553504944,43.75,64,28,36,
umeh_drutsa_high quality,umeh_drutsa_high quality - page 1,Modern,layout,0.8,2.5,3.5,True,0.1,True,10,17.27309536933899,52.0,25,13,12,
umeh_drutsa_high quality,umeh_drutsa_high quality - page 1,Modern,layout,0.8,2.5,3.5,True,0.25,True,10,17.144388437271118,52.0,25,13,12,
umeh_drutsa_high quality,umeh_drutsa_high quality - page 1,Modern,layout,0.8,2.5,3.5,True,0.5,True,10,17.475239992141724,52.0,25,13,12,
umeh_drutsa_high quality,umeh_drutsa_high quality - page 1,Modern,layout,0.8,2.5,3.5,True,0.9,True,10,17.30209970474243,52.0,25,13,12,
umeh_drutsa_high quality,umeh_drutsa_high quality - page 1,Modern,layout,0.8,2.5,3.5,False,0.1,True,34,24.609927892684937,51.92,52,27,25,
umeh_drutsa_high quality,umeh_drutsa_high quality - page 1,Modern,layout,0.8,2.5,3.5,False,0.25,True,34,24.76825070381165,51.92,52,27,25,
umeh_drutsa_high quality,umeh_drutsa_high quality - page 1,Modern,layout,0.8,2.5,3.5,False,0.5,True,34,24.777227640151978,51.92,52,27,25,
umeh_drutsa_high quality,umeh_drutsa_high quality - page 1,Modern,layout,0.8,2.5,3.5,False,0.9,True,34,24.65232229232788,51.92,52,27,25,
umeh_drutsa_high quality,umeh_drutsa_high quality - page 1,Modern,layout,0.8,2.5,4.0,True,0.1,True,10,17.132375717163086,36.36,22,8,14,
umeh_drutsa_high quality,umeh_drutsa_high quality - page 1,Modern,layout,0.8,2.5,4.0,True,0.25,True,10,16.568228244781494,36.36,22,8,14,
umeh_drutsa_high quality,umeh_drutsa_high quality - page 1,Modern,layout,0.8,2.5,4.0,True,0.5,True,10,16.982487201690674,36.36,22,8,14,
umeh_drutsa_high quality,umeh_drutsa_high quality - page 1,Modern,layout,0.8,2.5,4.0,True,0.9,True,10,16.766969442367554,36.36,22,8,14,
umeh_drutsa_high quality,umeh_drutsa_high quality - page 1,Modern,layout,0.8,2.5,4.0,False,0.1,True,34,24.538073778152462,56.82,44,25,19,
umeh_drutsa_high quality,umeh_drutsa_high quality - page 1,Modern,layout,0.8,2.5,4.0,False,0.25,True,34,27.8246066570282,56.82,44,25,19,
umeh_drutsa_high quality,umeh_drutsa_high quality - page 1,Modern,layout,0.8,2.5,4.0,False,0.5,True,34,24.56431746482849,56.82,44,25,19,
umeh_drutsa_high quality,umeh_drutsa_high quality - page 1,Modern,layout,0.8,2.5,4.0,False,0.9,True,34,24.346232175827023,56.82,44,25,19,
umeh_drutsa_high quality,umeh_drutsa_high quality - page 1,Modern,layout,0.8,2.5,5.0,True,0.1,True,10,16.030824661254883,26.32,19,5,14,
umeh_drutsa_high quality,umeh_drutsa_high quality - page 1,Modern,layout,0.8,2.5,5.0,True,0.25,True,10,16.284271240234375,26.32,19,5,14,
umeh_drutsa_high quality,umeh_drutsa_high quality - page 1,Modern,layout,0.8,2.5,5.0,True,0.5,True,10,15.71815013885498,26.32,19,5,14,
umeh_drutsa_high quality,umeh_drutsa_high quality - page 1,Modern,layout,0.8,2.5,5.0,True,0.9,True,10,15.917362928390505,26.32,19,5,14,
umeh_drutsa_high quality,umeh_drutsa_high quality - page 1,Modern,layout,0.8,2.5,5.0,False,0.1,True,34,25.421249628067017,40.91,44,18,26,
umeh_drutsa_high quality,umeh_drutsa_high quality - page 1,Modern,layout,0.8,2.5,5.0,False,0.25,True,34,24.50906777381897,40.91,44,18,26,
umeh_drutsa_high quality,umeh_drutsa_high quality - page 1,Modern,layout,0.8,2.5,5.0,False,0.5,True,34,25.017431259155277,40.91,44,18,26,
umeh_drutsa_high quality,umeh_drutsa_high quality - page 1,Modern,layout,0.8,2.5,5.0,False,0.9,True,34,24.473402500152588,40.91,44,18,26,
umeh_drutsa_high quality,umeh_drutsa_high quality - page 1,Modern,layout,0.8,3.0,2.5,True,0.1,True,10,19.781152725219727,47.83,23,11,12,
umeh_drutsa_high quality,umeh_drutsa_high quality - page 1,Modern,layout,0.8,3.0,2.5,True,0.25,True,10,19.399872303009037,47.83,23,11,12,
umeh_drutsa_high quality,umeh_drutsa_high quality - page 1,Modern,layout,0.8,3.0,2.5,True,0.5,True,10,19.835955142974854,47.83,23,11,12,
umeh_drutsa_high quality,umeh_drutsa_high quality - page 1,Modern,layout,0.8,3.0,2.5,True,0.9,True,10,21.63193678855896,47.83,23,11,12,
umeh_drutsa_high quality,umeh_drutsa_high quality - page 1,Modern,layout,0.8,3.0,2.5,False,0.1,True,34,26.583203077316284,40.32,62,25,37,
umeh_drutsa_high quality,umeh_drutsa_high quality - page 1,Modern,layout,0.8,3.0,2.5,False,0.25,True,34,26.94570779800415,40.32,62,25,37,
umeh_drutsa_high quality,umeh_drutsa_high quality - page 1,Modern,layout,0.8,3.0,2.5,False,0.5,True,34,27.32294249534607,40.32,62,25,37,
umeh_drutsa_high quality,umeh_drutsa_high quality - page 1,Modern,layout,0.8,3.0,2.5,False,0.9,True,34,33.62125611305237,40.32,62,25,37,
umeh_drutsa_high quality,umeh_drutsa_high quality - page 1,Modern,layout,0.8,3.0,3.5,True,0.1,True,10,24.009562253952023,56.0,25,14,11,
umeh_drutsa_high quality,umeh_drutsa_high quality - page 1,Modern,layout,0.8,3.0,3.5,True,0.25,True,10,19.471172094345093,56.0,25,14,11,
umeh_drutsa_high quality,umeh_drutsa_high quality - page 1,Modern,layout,0.8,3.0,3.5,True,0.5,True,10,19.196009397506717,56.0,25,14,11,
umeh_drutsa_high quality,umeh_drutsa_high quality - page 1,Modern,layout,0.8,3.0,3.5,True,0.9,True,10,22.550237894058228,56.0,25,14,11,
umeh_drutsa_high quality,umeh_drutsa_high quality - page 1,Modern,layout,0.8,3.0,3.5,False,0.1,True,34,26.08014988899231,49.02,51,25,26,
umeh_drutsa_high quality,umeh_drutsa_high quality - page 1,Modern,layout,0.8,3.0,3.5,False,0.25,True,34,26.00149917602539,49.02,51,25,26,
umeh_drutsa_high quality,umeh_drutsa_high quality - page 1,Modern,layout,0.8,3.0,3.5,False,0.5,True,34,25.79499578475952,49.02,51,25,26,
umeh_drutsa_high quality,umeh_drutsa_high quality - page 1,Modern,layout,0.8,3.0,3.5,False,0.9,True,34,25.773903369903564,49.02,51,25,26,
umeh_drutsa_high quality,umeh_drutsa_high quality - page 1,Modern,layout,0.8,3.0,4.0,True,0.1,True,10,18.653223037719727,40.91,22,9,13,
umeh_drutsa_high quality,umeh_drutsa_high quality - page 1,Modern,layout,0.8,3.0,4.0,True,0.25,True,10,19.00226783752441,40.91,22,9,13,
umeh_drutsa_high quality,umeh_drutsa_high quality - page 1,Modern,layout,0.8,3.0,4.0,True,0.5,True,10,18.5962176322937,40.91,22,9,13,
umeh_drutsa_high quality,umeh_drutsa_high quality - page 1,Modern,layout,0.8,3.0,4.0,True,0.9,True,10,20.65386939048767,40.91,22,9,13,
umeh_drutsa_high quality,umeh_drutsa_high quality - page 1,Modern,layout,0.8,3.0,4.0,False,0.1,True,34,25.73391604423523,53.33,45,24,21,
umeh_drutsa_high quality,umeh_drutsa_high quality - page 1,Modern,layout,0.8,3.0,4.0,False,0.25,True,34,25.67757821083069,53.33,45,24,21,
umeh_drutsa_high quality,umeh_drutsa_high quality - page 1,Modern,layout,0.8,3.0,4.0,False,0.5,True,34,25.90374732017517,53.33,45,24,21,
umeh_drutsa_high quality,umeh_drutsa_high quality - page 1,Modern,layout,0.8,3.0,4.0,False,0.9,True,34,28.88121104240417,53.33,45,24,21,
umeh_drutsa_high quality,umeh_drutsa_high quality - page 1,Modern,layout,0.8,3.0,5.0,True,0.1,True,10,23.10121059417725,26.32,19,5,14,
umeh_drutsa_high quality,umeh_drutsa_high quality - page 1,Modern,layout,0.8,3.0,5.0,True,0.25,True,10,18.104723930358887,26.32,19,5,14,
umeh_drutsa_high quality,umeh_drutsa_high quality - page 1,Modern,layout,0.8,3.0,5.0,True,0.5,True,10,20.33020830154419,26.32,19,5,14,
umeh_drutsa_high quality,umeh_drutsa_high quality - page 1,Modern,layout,0.8,3.0,5.0,True,0.9,True,10,17.935609102249146,26.32,19,5,14,
umeh_drutsa_high quality,umeh_drutsa_high quality - page 1,Modern,layout,0.8,3.0,5.0,False,0.1,True,34,26.28083658218384,40.91,44,18,26,
umeh_drutsa_high quality,umeh_drutsa_high quality - page 1,Modern,layout,0.8,3.0,5.0,False,0.25,True,34,26.15469527244568,40.91,44,18,26,
umeh_drutsa_high quality,umeh_drutsa_high quality - page 1,Modern,layout,0.8,3.0,5.0,False,0.5,True,34,25.885931491851807,40.91,44,18,26,
umeh_drutsa_high quality,umeh_drutsa_high quality - page 1,Modern,layout,0.8,3.0,5.0,False,0.9,True,34,26.166410446166992,40.91,44,18,26,
umeh_drutsa_high quality,umeh_drutsa_high quality - page 1,Modern,layout,0.9,2.0,2.5,True,0.1,True,10,15.990359783172607,41.67,24,10,14,
umeh_drutsa_high quality,umeh_drutsa_high quality - page 1,Modern,layout,0.9,2.0,2.5,True,0.25,True,10,17.290771961212158,41.67,24,10,14,
umeh_drutsa_high quality,umeh_drutsa_high quality - page 1,Modern,layout,0.9,2.0,2.5,True,0.5,True,10,15.869656324386597,41.67,24,10,14,
umeh_drutsa_high quality,umeh_drutsa_high quality - page 1,Modern,layout,0.9,2.0,2.5,True,0.9,True,10,16.100922346115112,41.67,24,10,14,
umeh_drutsa_high quality,umeh_drutsa_high quality - page 1,Modern,layout,0.9,2.0,2.5,False,0.1,True,34,23.846773147583008,40.0,65,26,39,
umeh_drutsa_high quality,umeh_drutsa_high quality - page 1,Modern,layout,0.9,2.0,2.5,False,0.25,True,34,23.98370885848999,40.0,65,26,39,
umeh_drutsa_high quality,umeh_drutsa_high quality - page 1,Modern,layout,0.9,2.0,2.5,False,0.5,True,34,23.98985600471497,40.0,65,26,39,
umeh_drutsa_high quality,umeh_drutsa_high quality - page 1,Modern,layout,0.9,2.0,2.5,False,0.9,True,34,23.796979188919067,40.0,65,26,39,
umeh_drutsa_high quality,umeh_drutsa_high quality - page 1,Modern,layout,0.9,2.0,3.5,True,0.1,True,10,16.314924001693726,52.0,25,13,12,
umeh_drutsa_high quality,umeh_drutsa_high quality - page 1,Modern,layout,0.9,2.0,3.5,True,0.25,True,10,15.504698514938354,52.0,25,13,12,
umeh_drutsa_high quality,umeh_drutsa_high quality - page 1,Modern,layout,0.9,2.0,3.5,True,0.5,True,10,15.854780435562134,52.0,25,13,12,
umeh_drutsa_high quality,umeh_drutsa_high quality - page 1,Modern,layout,0.9,2.0,3.5,True,0.9,True,10,15.502328872680664,52.0,25,13,12,
umeh_drutsa_high quality,umeh_drutsa_high quality - page 1,Modern,layout,0.9,2.0,3.5,False,0.1,True,34,23.50017547607422,51.92,52,27,25,
umeh_drutsa_high quality,umeh_drutsa_high quality - page 1,Modern,layout,0.9,2.0,3.5,False,0.25,True,34,23.506003856658936,51.92,52,27,25,
umeh_drutsa_high quality,umeh_drutsa_high quality - page 1,Modern,layout,0.9,2.0,3.5,False,0.5,True,34,23.395257472991943,51.92,52,27,25,
umeh_drutsa_high quality,umeh_drutsa_high quality - page 1,Modern,layout,0.9,2.0,3.5,False,0.9,True,34,28.35220551490784,51.92,52,27,25,
umeh_drutsa_high quality,umeh_drutsa_high quality - page 1,Modern,layout,0.9,2.0,4.0,True,0.1,True,10,15.12665033340454,36.36,22,8,14,
umeh_drutsa_high quality,umeh_drutsa_high quality - page 1,Modern,layout,0.9,2.0,4.0,True,0.25,True,10,19.711886644363403,36.36,22,8,14,
umeh_drutsa_high quality,umeh_drutsa_high quality - page 1,Modern,layout,0.9,2.0,4.0,True,0.5,True,10,16.92229986190796,36.36,22,8,14,
umeh_drutsa_high quality,umeh_drutsa_high quality - page 1,Modern,layout,0.9,2.0,4.0,True,0.9,True,10,19.694467067718502,36.36,22,8,14,
umeh_drutsa_high quality,umeh_drutsa_high quality - page 1,Modern,layout,0.9,2.0,4.0,False,0.1,True,34,23.187022924423218,56.82,44,25,19,
umeh_drutsa_high quality,umeh_drutsa_high quality - page 1,Modern,layout,0.9,2.0,4.0,False,0.25,True,34,23.355921745300293,56.82,44,25,19,
umeh_drutsa_high quality,umeh_drutsa_high quality - page 1,Modern,layout,0.9,2.0,4.0,False,0.5,True,34,23.088807821273804,56.82,44,25,19,
umeh_drutsa_high quality,umeh_drutsa_high quality - page 1,Modern,layout,0.9,2.0,4.0,False,0.9,True,34,23.2383770942688,56.82,44,25,19,
umeh_drutsa_high quality,umeh_drutsa_high quality - page 1,Modern,layout,0.9,2.0,5.0,True,0.1,True,10,13.617810010910034,53.33,15,8,7,
umeh_drutsa_high quality,umeh_drutsa_high quality - page 1,Modern,layout,0.9,2.0,5.0,True,0.25,True,10,14.035911798477173,53.33,15,8,7,
umeh_drutsa_high quality,umeh_drutsa_high quality - page 1,Modern,layout,0.9,2.0,5.0,True,0.5,True,10,13.735358238220217,53.33,15,8,7,
umeh_drutsa_high quality,umeh_drutsa_high quality - page 1,Modern,layout,0.9,2.0,5.0,True,0.9,True,10,13.88209056854248,53.33,15,8,7,
umeh_drutsa_high quality,umeh_drutsa_high quality - page 1,Modern,layout,0.9,2.0,5.0,False,0.1,True,34,23.811643362045288,50.0,42,21,21,
umeh_drutsa_high quality,umeh_drutsa_high quality - page 1,Modern,layout,0.9,2.0,5.0,False,0.25,True,34,23.480467081069943,50.0,42,21,21,
umeh_drutsa_high quality,umeh_drutsa_high quality - page 1,Modern,layout,0.9,2.0,5.0,False,0.5,True,34,24.123412609100345,50.0,42,21,21,
umeh_drutsa_high quality,umeh_drutsa_high quality - page 1,Modern,layout,0.9,2.0,5.0,False,0.9,True,34,23.344949960708615,50.0,42,21,21,
umeh_drutsa_high quality,umeh_drutsa_high quality - page 1,Modern,layout,0.9,2.5,2.5,True,0.1,True,10,18.515212059021,43.48,23,10,13,
umeh_drutsa_high quality,umeh_drutsa_high quality - page 1,Modern,layout,0.9,2.5,2.5,True,0.25,True,10,17.820979356765747,43.48,23,10,13,
umeh_drutsa_high quality,umeh_drutsa_high quality - page 1,Modern,layout,0.9,2.5,2.5,True,0.5,True,10,17.835280418395996,43.48,23,10,13,
umeh_drutsa_high quality,umeh_drutsa_high quality - page 1,Modern,layout,0.9,2.5,2.5,True,0.9,True,10,18.20773673057556,43.48,23,10,13,
umeh_drutsa_high quality,umeh_drutsa_high quality - page 1,Modern,layout,0.9,2.5,2.5,False,0.1,True,34,25.20201063156128,43.75,64,28,36,
umeh_drutsa_high quality,umeh_drutsa_high quality - page 1,Modern,layout,0.9,2.5,2.5,False,0.25,True,34,25.29839515686035,43.75,64,28,36,
umeh_drutsa_high quality,umeh_drutsa_high quality - page 1,Modern,layout,0.9,2.5,2.5,False,0.5,True,34,30.12655234336853,43.75,64,28,36,
umeh_drutsa_high quality,umeh_drutsa_high quality - page 1,Modern,layout,0.9,2.5,2.5,False,0.9,True,34,25.171634674072266,43.75,64,28,36,
umeh_drutsa_high quality,umeh_drutsa_high quality - page 1,Modern,layout,0.9,2.5,3.5,True,0.1,True,10,17.587871551513672,52.0,25,13,12,
umeh_drutsa_high quality,umeh_drutsa_high quality - page 1,Modern,layout,0.9,2.5,3.5,True,0.25,True,10,17.191128492355347,52.0,25,13,12,
umeh_drutsa_high quality,umeh_drutsa_high quality - page 1,Modern,layout,0.9,2.5,3.5,True,0.5,True,10,21.9825177192688,52.0,25,13,12,
umeh_drutsa_high quality,umeh_drutsa_high quality - page 1,Modern,layout,0.9,2.5,3.5,True,0.9,True,10,17.61875891685486,52.0,25,13,12,
umeh_drutsa_high quality,umeh_drutsa_high quality - page 1,Modern,layout,0.9,2.5,3.5,False,0.1,True,34,24.82820987701416,51.92,52,27,25,
umeh_drutsa_high quality,umeh_drutsa_high quality - page 1,Modern,layout,0.9,2.5,3.5,False,0.25,True,34,26.33240818977356,51.92,52,27,25,
umeh_drutsa_high quality,umeh_drutsa_high quality - page 1,Modern,layout,0.9,2.5,3.5,False,0.5,True,34,24.69632196426392,51.92,52,27,25,
umeh_drutsa_high quality,umeh_drutsa_high quality - page 1,Modern,layout,0.9,2.5,3.5,False,0.9,True,34,24.66144609451294,51.92,52,27,25,
umeh_drutsa_high quality,umeh_drutsa_high quality - page 1,Modern,layout,0.9,2.5,4.0,True,0.1,True,10,16.644593954086304,36.36,22,8,14,
umeh_drutsa_high quality,umeh_drutsa_high quality - page 1,Modern,layout,0.9,2.5,4.0,True,0.25,True,10,22.027854919433597,36.36,22,8,14,
umeh_drutsa_high quality,umeh_drutsa_high quality - page 1,Modern,layout,0.9,2.5,4.0,True,0.5,True,10,21.33164405822754,36.36,22,8,14,
umeh_drutsa_high quality,umeh_drutsa_high quality - page 1,Modern,layout,0.9,2.5,4.0,True,0.9,True,10,16.779184818267822,36.36,22,8,14,
umeh_drutsa_high quality,umeh_drutsa_high quality - page 1,Modern,layout,0.9,2.5,4.0,False,0.1,True,34,24.498512506484985,56.82,44,25,19,
umeh_drutsa_high quality,umeh_drutsa_high quality - page 1,Modern,layout,0.9,2.5,4.0,False,0.25,True,34,24.441810846328732,56.82,44,25,19,
umeh_drutsa_high quality,umeh_drutsa_high quality - page 1,Modern,layout,0.9,2.5,4.0,False,0.5,True,34,25.018357515335083,56.82,44,25,19,
umeh_drutsa_high quality,umeh_drutsa_high quality - page 1,Modern,layout,0.9,2.5,4.0,False,0.9,True,34,24.86910653114319,56.82,44,25,19,
umeh_drutsa_high quality,umeh_drutsa_high quality - page 1,Modern,layout,0.9,2.5,5.0,True,0.1,True,10,16.265702486038208,26.32,19,5,14,
umeh_drutsa_high quality,umeh_drutsa_high quality - page 1,Modern,layout,0.9,2.5,5.0,True,0.25,True,10,18.36319136619568,26.32,19,5,14,
umeh_drutsa_high quality,umeh_drutsa_high quality - page 1,Modern,layout,0.9,2.5,5.0,True,0.5,True,10,15.695679187774658,26.32,19,5,14,
umeh_drutsa_high quality,umeh_drutsa_high quality - page 1,Modern,layout,0.9,2.5,5.0,True,0.9,True,10,20.63358283042908,26.32,19,5,14,
umeh_drutsa_high quality,umeh_drutsa_high quality - page 1,Modern,layout,0.9,2.5,5.0,False,0.1,True,34,24.41653823852539,40.91,44,18,26,
umeh_drutsa_high quality,umeh_drutsa_high quality - page 1,Modern,layout,0.9,2.5,5.0,False,0.25,True,34,26.981672286987305,40.91,44,18,26,
umeh_drutsa_high quality,umeh_drutsa_high quality - page 1,Modern,layout,0.9,2.5,5.0,False,0.5,True,34,31.17288947105408,40.91,44,18,26,
umeh_drutsa_high quality,umeh_drutsa_high quality - page 1,Modern,layout,0.9,2.5,5.0,False,0.9,True,34,29.12142872810364,40.91,44,18,26,
umeh_drutsa_high quality,umeh_drutsa_high quality - page 1,Modern,layout,0.9,3.0,2.5,True,0.1,True,10,19.572031259536743,47.83,23,11,12,
umeh_drutsa_high quality,umeh_drutsa_high quality - page 1,Modern,layout,0.9,3.0,2.5,True,0.25,True,10,19.72866988182068,47.83,23,11,12,
umeh_drutsa_high quality,umeh_drutsa_high quality - page 1,Modern,layout,0.9,3.0,2.5,True,0.5,True,10,19.717959880828857,47.83,23,11,12,
umeh_drutsa_high quality,umeh_drutsa_high quality - page 1,Modern,layout,0.9,3.0,2.5,True,0.9,True,10,20.16059517860413,47.83,23,11,12,
umeh_drutsa_high quality,umeh_drutsa_high quality - page 1,Modern,layout,0.9,3.0,2.5,False,0.1,True,34,31.778841257095337,40.32,62,25,37,
umeh_drutsa_high quality,umeh_drutsa_high quality - page 1,Modern,layout,0.9,3.0,2.5,False,0.25,True,34,26.474039316177368,40.32,62,25,37,
umeh_drutsa_high quality,umeh_drutsa_high quality - page 1,Modern,layout,0.9,3.0,2.5,False,0.5,True,34,26.665032863616943,40.32,62,25,37,
umeh_drutsa_high quality,umeh_drutsa_high quality - page 1,Modern,layout,0.9,3.0,2.5,False,0.9,True,34,26.55855131149292,40.32,62,25,37,
umeh_drutsa_high quality,umeh_drutsa_high quality - page 1,Modern,layout,0.9,3.0,3.5,True,0.1,True,10,19.9424307346344,56.0,25,14,11,
umeh_drutsa_high quality,umeh_drutsa_high quality - page 1,Modern,layout,0.9,3.0,3.5,True,0.25,True,10,19.754503965377808,56.0,25,14,11,
umeh_drutsa_high quality,umeh_drutsa_high quality - page 1,Modern,layout,0.9,3.0,3.5,True,0.5,True,10,19.465662479400635,56.0,25,14,11,
umeh_drutsa_high quality,umeh_drutsa_high quality - page 1,Modern,layout,0.9,3.0,3.5,True,0.9,True,10,19.135416507720947,56.0,25,14,11,
umeh_drutsa_high quality,umeh_drutsa_high quality - page 1,Modern,layout,0.9,3.0,3.5,False,0.1,True,34,26.279411554336548,49.02,51,25,26,
umeh_drutsa_high quality,umeh_drutsa_high quality - page 1,Modern,layout,0.9,3.0,3.5,False,0.25,True,34,26.03327512741089,49.02,51,25,26,
umeh_drutsa_high quality,umeh_drutsa_high quality - page 1,Modern,layout,0.9,3.0,3.5,False,0.5,True,34,26.13667726516724,49.02,51,25,26,
umeh_drutsa_high quality,umeh_drutsa_high quality - page 1,Modern,layout,0.9,3.0,3.5,False,0.9,True,34,25.952958583831787,49.02,51,25,26,
umeh_drutsa_high quality,umeh_drutsa_high quality - page 1,Modern,layout,0.9,3.0,4.0,True,0.1,True,10,19.35208225250244,40.91,22,9,13,
umeh_drutsa_high quality,umeh_drutsa_high quality - page 1,Modern,layout,0.9,3.0,4.0,True,0.25,True,10,24.28204917907715,40.91,22,9,13,
umeh_drutsa_high quality,umeh_drutsa_high quality - page 1,Modern,layout,0.9,3.0,4.0,True,0.5,True,10,18.94770193099976,40.91,22,9,13,
umeh_drutsa_high quality,umeh_drutsa_high quality - page 1,Modern,layout,0.9,3.0,4.0,True,0.9,True,10,18.753273010253903,40.91,22,9,13,
umeh_drutsa_high quality,umeh_drutsa_high quality - page 1,Modern,layout,0.9,3.0,4.0,False,0.1,True,34,25.775330305099487,53.33,45,24,21,
umeh_drutsa_high quality,umeh_drutsa_high quality - page 1,Modern,layout,0.9,3.0,4.0,False,0.25,True,34,25.6812207698822,53.33,45,24,21,
umeh_drutsa_high quality,umeh_drutsa_high quality - page 1,Modern,layout,0.9,3.0,4.0,False,0.5,True,34,25.80994129180908,53.33,45,24,21,
umeh_drutsa_high quality,umeh_drutsa_high quality - page 1,Modern,layout,0.9,3.0,4.0,False,0.9,True,34,25.723230123519897,53.33,45,24,21,
umeh_drutsa_high quality,umeh_drutsa_high quality - page 1,Modern,layout,0.9,3.0,5.0,True,0.1,True,10,18.253578662872314,26.32,19,5,14,
umeh_drutsa_high quality,umeh_drutsa_high quality - page 1,Modern,layout,0.9,3.0,5.0,True,0.25,True,10,18.0106258392334,26.32,19,5,14,
umeh_drutsa_high quality,umeh_drutsa_high quality - page 1,Modern,layout,0.9,3.0,5.0,True,0.5,True,10,17.794395208358765,26.32,19,5,14,
umeh_drutsa_high quality,umeh_drutsa_high quality - page 1,Modern,layout,0.9,3.0,5.0,True,0.9,True,10,18.18647575378418,26.32,19,5,14,
umeh_drutsa_high quality,umeh_drutsa_high quality - page 1,Modern,layout,0.9,3.0,5.0,False,0.1,True,34,26.181316137313843,40.91,44,18,26,
umeh_drutsa_high quality,umeh_drutsa_high quality - page 1,Modern,layout,0.9,3.0,5.0,False,0.25,True,34,26.233567476272583,40.91,44,18,26,
umeh_drutsa_high quality,umeh_drutsa_high quality - page 1,Modern,layout,0.9,3.0,5.0,False,0.5,True,34,25.86491131782532,40.91,44,18,26,
umeh_drutsa_high quality,umeh_drutsa_high quality - page 1,Modern,layout,0.9,3.0,5.0,False,0.9,True,34,25.500685691833496,40.91,44,18,26,
umeh_drutsa_high quality,umeh_drutsa_high quality - page 2,Ume_Druma,line,0.7,2.0,2.5,True,0.1,False,0,15.093547582626345,0.0,0,0,0,No lines detected
umeh_drutsa_high quality,umeh_drutsa_high quality - page 2,Ume_Druma,line,0.7,2.0,2.5,False,0.1,False,0,13.746006727218628,0.0,0,0,0,No lines detected
umeh_drutsa_high quality,umeh_drutsa_high quality - page 2,Ume_Druma,line,0.7,2.0,3.5,True,0.1,False,0,9.951774597167969,0.0,0,0,0,No lines detected
umeh_drutsa_high quality,umeh_drutsa_high quality - page 2,Ume_Druma,line,0.7,2.0,3.5,False,0.1,False,0,10.946553707122805,0.0,0,0,0,No lines detected
umeh_drutsa_high quality,umeh_drutsa_high quality - page 2,Ume_Druma,line,0.7,2.0,4.0,True,0.1,False,0,11.590696811676024,0.0,0,0,0,No lines detected
umeh_drutsa_high quality,umeh_drutsa_high quality - page 2,Ume_Druma,line,0.7,2.0,4.0,False,0.1,False,0,10.335898160934448,0.0,0,0,0,No lines detected
umeh_drutsa_high quality,umeh_drutsa_high quality - page 2,Ume_Druma,line,0.7,2.0,5.0,True,0.1,False,0,10.975063800811768,0.0,0,0,0,No lines detected
umeh_drutsa_high quality,umeh_drutsa_high quality - page 2,Ume_Druma,line,0.7,2.0,5.0,False,0.1,False,0,13.207587718963625,0.0,0,0,0,No lines detected
umeh_drutsa_high quality,umeh_drutsa_high quality - page 2,Ume_Druma,line,0.7,2.5,2.5,True,0.1,False,0,12.53749394416809,0.0,0,0,0,No lines detected
umeh_drutsa_high quality,umeh_drutsa_high quality - page 2,Ume_Druma,line,0.7,2.5,2.5,False,0.1,False,0,15.29543662071228,0.0,0,0,0,No lines detected
umeh_drutsa_high quality,umeh_drutsa_high quality - page 2,Ume_Druma,line,0.7,2.5,3.5,True,0.1,False,0,13.717626094818115,0.0,0,0,0,No lines detected
umeh_drutsa_high quality,umeh_drutsa_high quality - page 2,Ume_Druma,line,0.7,2.5,3.5,False,0.1,False,0,11.803078413009644,0.0,0,0,0,No lines detected
umeh_drutsa_high quality,umeh_drutsa_high quality - page 2,Ume_Druma,line,0.7,2.5,4.0,True,0.1,False,0,11.418758392333984,0.0,0,0,0,No lines detected
umeh_drutsa_high quality,umeh_drutsa_high quality - page 2,Ume_Druma,line,0.7,2.5,4.0,False,0.1,False,0,14.011634349822998,0.0,0,0,0,No lines detected
umeh_drutsa_high quality,umeh_drutsa_high quality - page 2,Ume_Druma,line,0.7,2.5,5.0,True,0.1,False,0,13.46934986114502,0.0,0,0,0,No lines detected
umeh_drutsa_high quality,umeh_drutsa_high quality - page 2,Ume_Druma,line,0.7,2.5,5.0,False,0.1,False,0,12.372214317321776,0.0,0,0,0,No lines detected
umeh_drutsa_high quality,umeh_drutsa_high quality - page 2,Ume_Druma,layout,0.7,2.0,2.5,True,0.1,False,0,14.5353581905365,0.0,0,0,0,No lines detected
umeh_drutsa_high quality,umeh_drutsa_high quality - page 2,Ume_Druma,layout,0.7,2.0,2.5,False,0.1,False,0,11.313800811767578,0.0,0,0,0,No lines detected
umeh_drutsa_high quality,umeh_drutsa_high quality - page 2,Ume_Druma,layout,0.7,2.0,3.5,True,0.1,False,0,12.058969974517822,0.0,0,0,0,No lines detected
umeh_drutsa_high quality,umeh_drutsa_high quality - page 2,Ume_Druma,layout,0.7,2.0,3.5,False,0.1,False,0,15.16415309906006,0.0,0,0,0,No lines detected
umeh_drutsa_high quality,umeh_drutsa_high quality - page 2,Ume_Druma,layout,0.7,2.0,4.0,True,0.1,False,0,13.357825994491575,0.0,0,0,0,No lines detected
umeh_drutsa_high quality,umeh_drutsa_high quality - page 2,Ume_Druma,layout,0.7,2.0,4.0,False,0.1,False,0,11.764729976654053,0.0,0,0,0,No lines detected
umeh_drutsa_high quality,umeh_drutsa_high quality - page 2,Ume_Druma,layout,0.7,2.0,5.0,True,0.1,False,0,12.442325353622437,0.0,0,0,0,No lines detected
umeh_drutsa_high quality,umeh_drutsa_high quality - page 2,Ume_Druma,layout,0.7,2.0,5.0,False,0.1,False,0,11.500996828079224,0.0,0,0,0,No lines detected
umeh_drutsa_high quality,umeh_drutsa_high quality - page 2,Ume_Druma,layout,0.7,2.5,2.5,True,0.1,False,0,11.204932689666748,0.0,0,0,0,No lines detected
umeh_drutsa_high quality,umeh_drutsa_high quality - page 2,Ume_Druma,layout,0.7,2.5,2.5,False,0.1,False,0,10.84260106086731,0.0,0,0,0,No lines detected
umeh_drutsa_high quality,umeh_drutsa_high quality - page 2,Ume_Druma,layout,0.7,2.5,3.5,True,0.1,False,0,11.667094945907593,0.0,0,0,0,No lines detected
umeh_drutsa_high quality,umeh_drutsa_high quality - page 2,Ume_Druma,layout,0.7,2.5,3.5,False,0.1,False,0,14.337315082550049,0.0,0,0,0,No lines detected
umeh_drutsa_high quality,umeh_drutsa_high quality - page 2,Ume_Druma,layout,0.7,2.5,4.0,True,0.1,False,0,11.929105520248411,0.0,0,0,0,No lines detected
umeh_drutsa_high quality,umeh_drutsa_high quality - page 2,Ume_Druma,layout,0.7,2.5,4.0,False,0.1,False,0,9.974933624267578,0.0,0,0,0,No lines detected
umeh_drutsa_high quality,umeh_drutsa_high quality - page 2,Ume_Druma,layout,0.7,2.5,5.0,True,0.1,False,0,9.716917753219604,0.0,0,0,0,No lines detected
umeh_drutsa_high quality,umeh_drutsa_high quality - page 2,Ume_Druma,layout,0.7,2.5,5.0,False,0.1,False,0,9.844066381454468,0.0,0,0,0,No lines detected
umeh_drutsa_high quality,umeh_drutsa_high quality - page 2,Ume_Petsuk,line,0.7,2.0,2.5,True,0.1,False,0,10.49501633644104,0.0,0,0,0,No lines detected
umeh_drutsa_high quality,umeh_drutsa_high quality - page 2,Ume_Petsuk,line,0.7,2.0,2.5,False,0.1,False,0,12.873876571655272,0.0,0,0,0,No lines detected
umeh_drutsa_high quality,umeh_drutsa_high quality - page 2,Ume_Petsuk,line,0.7,2.0,3.5,True,0.1,False,0,9.480549097061155,0.0,0,0,0,No lines detected
umeh_drutsa_high quality,umeh_drutsa_high quality - page 2,Ume_Petsuk,line,0.7,2.0,3.5,False,0.1,False,0,10.641778707504272,0.0,0,0,0,No lines detected
umeh_drutsa_high quality,umeh_drutsa_high quality - page 2,Ume_Petsuk,line,0.7,2.0,4.0,True,0.1,False,0,12.329851150512695,0.0,0,0,0,No lines detected
umeh_drutsa_high quality,umeh_drutsa_high quality - page 2,Ume_Petsuk,line,0.7,2.0,4.0,False,0.1,False,0,9.43288254737854,0.0,0,0,0,No lines detected
umeh_drutsa_high quality,umeh_drutsa_high quality - page 2,Ume_Petsuk,line,0.7,2.0,5.0,True,0.1,False,0,9.880302667617798,0.0,0,0,0,No lines detected
umeh_drutsa_high quality,umeh_drutsa_high quality - page 2,Ume_Petsuk,line,0.7,2.0,5.0,False,0.1,False,0,9.753873348236084,0.0,0,0,0,No lines detected
umeh_drutsa_high quality,umeh_drutsa_high quality - page 2,Ume_Petsuk,line,0.7,2.5,2.5,True,0.1,False,0,9.4365553855896,0.0,0,0,0,No lines detected
umeh_drutsa_high quality,umeh_drutsa_high quality - page 2,Ume_Petsuk,line,0.7,2.5,2.5,False,0.1,False,0,9.555625200271606,0.0,0,0,0,No lines detected
umeh_drutsa_high quality,umeh_drutsa_high quality - page 2,Ume_Petsuk,line,0.7,2.5,3.5,True,0.1,False,0,10.036996841430664,0.0,0,0,0,No lines detected
umeh_drutsa_high quality,umeh_drutsa_high quality - page 2,Ume_Petsuk,line,0.7,2.5,3.5,False,0.1,False,0,12.247427940368652,0.0,0,0,0,No lines detected
umeh_drutsa_high quality,umeh_drutsa_high quality - page 2,Ume_Petsuk,line,0.7,2.5,4.0,True,0.1,False,0,10.326986074447632,0.0,0,0,0,No lines detected
umeh_drutsa_high quality,umeh_drutsa_high quality - page 2,Ume_Petsuk,line,0.7,2.5,4.0,False,0.1,False,0,11.051798820495604,0.0,0,0,0,No lines detected
umeh_drutsa_high quality,umeh_drutsa_high quality - page 2,Ume_Petsuk,line,0.7,2.5,5.0,True,0.1,False,0,9.2744722366333,0.0,0,0,0,No lines detected
umeh_drutsa_high quality,umeh_drutsa_high quality - page 2,Ume_Petsuk,line,0.7,2.5,5.0,False,0.1,False,0,9.608029127120972,0.0,0,0,0,No lines detected
umeh_drutsa_high quality,umeh_drutsa_high quality - page 2,Ume_Petsuk,layout,0.7,2.0,2.5,True,0.1,False,0,11.589988946914673,0.0,0,0,0,No lines detected
umeh_drutsa_high quality,umeh_drutsa_high quality - page 2,Ume_Petsuk,layout,0.7,2.0,2.5,False,0.1,False,0,11.533735513687134,0.0,0,0,0,No lines detected
umeh_drutsa_high quality,umeh_drutsa_high quality - page 2,Ume_Petsuk,layout,0.7,2.0,3.5,True,0.1,False,0,9.995988368988035,0.0,0,0,0,No lines detected
umeh_drutsa_high quality,umeh_drutsa_high quality - page 2,Ume_Petsuk,layout,0.7,2.0,3.5,False,0.1,False,0,11.148050785064695,0.0,0,0,0,No lines detected
umeh_drutsa_high quality,umeh_drutsa_high quality - page 2,Ume_Petsuk,layout,0.7,2.0,4.0,True,0.1,False,0,9.761982202529907,0.0,0,0,0,No lines detected
umeh_drutsa_high quality,umeh_drutsa_high quality - page 2,Ume_Petsuk,layout,0.7,2.0,4.0,False,0.1,False,0,10.317582368850708,0.0,0,0,0,No lines detected
umeh_drutsa_high quality,umeh_drutsa_high quality - page 2,Ume_Petsuk,layout,0.7,2.0,5.0,True,0.1,False,0,12.81912636756897,0.0,0,0,0,No lines detected
umeh_drutsa_high quality,umeh_drutsa_high quality - page 2,Ume_Petsuk,layout,0.7,2.0,5.0,False,0.1,False,0,9.712793588638306,0.0,0,0,0,No lines detected
umeh_drutsa_high quality,umeh_drutsa_high quality - page 2,Ume_Petsuk,layout,0.7,2.5,2.5,True,0.1,False,0,11.41805362701416,0.0,0,0,0,No lines detected
umeh_drutsa_high quality,umeh_drutsa_high quality - page 2,Ume_Petsuk,layout,0.7,2.5,2.5,False,0.1,False,0,9.176326513290403,0.0,0,0,0,No lines detected
umeh_drutsa_high quality,umeh_drutsa_high quality - page 2,Ume_Petsuk,layout,0.7,2.5,3.5,True,0.1,False,0,7.994939804077148,0.0,0,0,0,No lines detected
umeh_drutsa_high quality,umeh_drutsa_high quality - page 2,Ume_Petsuk,layout,0.7,2.5,3.5,False,0.1,False,0,7.910621166229248,0.0,0,0,0,No lines detected
umeh_drutsa_high quality,umeh_drutsa_high quality - page 2,Ume_Petsuk,layout,0.7,2.5,4.0,True,0.1,False,0,7.932744979858398,0.0,0,0,0,No lines detected
umeh_drutsa_high quality,umeh_drutsa_high quality - page 2,Ume_Petsuk,layout,0.7,2.5,4.0,False,0.1,False,0,7.927310466766357,0.0,0,0,0,No lines detected
umeh_drutsa_high quality,umeh_drutsa_high quality - page 2,Ume_Petsuk,layout,0.7,2.5,5.0,True,0.1,False,0,8.053580284118652,0.0,0,0,0,No lines detected
umeh_drutsa_high quality,umeh_drutsa_high quality - page 2,Ume_Petsuk,layout,0.7,2.5,5.0,False,0.1,False,0,7.938321113586426,0.0,0,0,0,No lines detected
umeh_drutsa_high quality,umeh_drutsa_high quality - page 2,Modern,line,0.7,2.0,2.5,True,0.1,False,0,8.64035677909851,0.0,0,0,0,No lines detected
umeh_drutsa_high quality,umeh_drutsa_high quality - page 2,Modern,line,0.7,2.0,2.5,False,0.1,False,0,9.789714813232422,0.0,0,0,0,No lines detected
umeh_drutsa_high quality,umeh_drutsa_high quality - page 2,Modern,line,0.7,2.0,3.5,True,0.1,False,0,7.560728073120117,0.0,0,0,0,No lines detected
umeh_drutsa_high quality,umeh_drutsa_high quality - page 2,Modern,line,0.7,2.0,3.5,False,0.1,False,0,7.7551429271698,0.0,0,0,0,No lines detected
umeh_drutsa_high quality,umeh_drutsa_high quality - page 2,Modern,line,0.7,2.0,4.0,True,0.1,False,0,7.533086538314819,0.0,0,0,0,No lines detected
umeh_drutsa_high quality,umeh_drutsa_high quality - page 2,Modern,line,0.7,2.0,4.0,False,0.1,False,0,7.739691495895386,0.0,0,0,0,No lines detected
umeh_drutsa_high quality,umeh_drutsa_high quality - page 2,Modern,line,0.7,2.0,5.0,True,0.1,False,0,7.595957517623901,0.0,0,0,0,No lines detected
umeh_drutsa_high quality,umeh_drutsa_high quality - page 2,Modern,line,0.7,2.0,5.0,False,0.1,False,0,12.235475301742554,0.0,0,0,0,No lines detected
umeh_drutsa_high quality,umeh_drutsa_high quality - page 2,Modern,line,0.7,2.5,2.5,True,0.1,False,0,7.0719640254974365,0.0,0,0,0,No lines detected
umeh_drutsa_high quality,umeh_drutsa_high quality - page 2,Modern,line,0.7,2.5,2.5,False,0.1,False,0,7.72170090675354,0.0,0,0,0,No lines detected
umeh_drutsa_high quality,umeh_drutsa_high quality - page 2,Modern,line,0.7,2.5,3.5,True,0.1,False,0,7.543396234512329,0.0,0,0,0,No lines detected
umeh_drutsa_high quality,umeh_drutsa_high quality - page 2,Modern,line,0.7,2.5,3.5,False,0.1,False,0,7.592482328414917,0.0,0,0,0,No lines detected
umeh_drutsa_high quality,umeh_drutsa_high quality - page 2,Modern,line,0.7,2.5,4.0,True,0.1,False,0,7.581373929977417,0.0,0,0,0,No lines detected
umeh_drutsa_high quality,umeh_drutsa_high quality - page 2,Modern,line,0.7,2.5,4.0,False,0.1,False,0,7.732094287872314,0.0,0,0,0,No lines detected
umeh_drutsa_high quality,umeh_drutsa_high quality - page 2,Modern,line,0.7,2.5,5.0,True,0.1,False,0,7.659397840499878,0.0,0,0,0,No lines detected
umeh_drutsa_high quality,umeh_drutsa_high quality - page 2,Modern,line,0.7,2.5,5.0,False,0.1,False,0,7.602262020111084,0.0,0,0,0,No lines detected
umeh_drutsa_high quality,umeh_drutsa_high quality - page 2,Modern,layout,0.7,2.0,2.5,True,0.1,False,0,13.294776439666748,0.0,0,0,0,No lines detected
umeh_drutsa_high quality,umeh_drutsa_high quality - page 2,Modern,layout,0.7,2.0,2.5,False,0.1,False,0,9.380323886871338,0.0,0,0,0,No lines detected
umeh_drutsa_high quality,umeh_drutsa_high quality - page 2,Modern,layout,0.7,2.0,3.5,True,0.1,False,0,8.024447679519653,0.0,0,0,0,No lines detected
umeh_drutsa_high quality,umeh_drutsa_high quality - page 2,Modern,layout,0.7,2.0,3.5,False,0.1,False,0,7.751960754394531,0.0,0,0,0,No lines detected
umeh_drutsa_high quality,umeh_drutsa_high quality - page 2,Modern,layout,0.7,2.0,4.0,True,0.1,False,0,7.724839925765991,0.0,0,0,0,No lines detected
umeh_drutsa_high quality,umeh_drutsa_high quality - page 2,Modern,layout,0.7,2.0,4.0,False,0.1,False,0,7.726362228393555,0.0,0,0,0,No lines detected
umeh_drutsa_high quality,umeh_drutsa_high quality - page 2,Modern,layout,0.7,2.0,5.0,True,0.1,False,0,7.752706527709961,0.0,0,0,0,No lines detected
umeh_drutsa_high quality,umeh_drutsa_high quality - page 2,Modern,layout,0.7,2.0,5.0,False,0.1,False,0,7.746191501617432,0.0,0,0,0,No lines detected
umeh_drutsa_high quality,umeh_drutsa_high quality - page 2,Modern,layout,0.7,2.5,2.5,True,0.1,False,0,9.315966606140137,0.0,0,0,0,No lines detected
umeh_drutsa_high quality,umeh_drutsa_high quality - page 2,Modern,layout,0.7,2.5,2.5,False,0.1,False,0,7.6762731075286865,0.0,0,0,0,No lines detected
umeh_drutsa_high quality,umeh_drutsa_high quality - page 2,Modern,layout,0.7,2.5,3.5,True,0.1,False,0,7.723140478134155,0.0,0,0,0,No lines detected
umeh_drutsa_high quality,umeh_drutsa_high quality - page 2,Modern,layout,0.7,2.5,3.5,False,0.1,False,0,7.937944173812866,0.0,0,0,0,No lines detected
umeh_drutsa_high quality,umeh_drutsa_high quality - page 2,Modern,layout,0.7,2.5,4.0,True,0.1,False,0,7.68338680267334,0.0,0,0,0,No lines detected
umeh_drutsa_high quality,umeh_drutsa_high quality - page 2,Modern,layout,0.7,2.5,4.0,False,0.1,False,0,7.711287975311279,0.0,0,0,0,No lines detected
umeh_drutsa_high quality,umeh_drutsa_high quality - page 2,Modern,layout,0.7,2.5,5.0,True,0.1,False,0,7.682626485824585,0.0,0,0,0,No lines detected
umeh_drutsa_high quality,umeh_drutsa_high quality - page 2,Modern,layout,0.7,2.5,5.0,False,0.1,False,0,7.695707321166992,0.0,0,0,0,No lines detected
umeh_drutsa_high quality,umeh_drutsa_high quality - page 3,Ume_Druma,line,0.7,2.0,2.5,True,0.1,True,5,9.111664772033691,44.44,18,8,10,
umeh_drutsa_high quality,umeh_drutsa_high quality - page 3,Ume_Druma,line,0.7,2.0,2.5,False,0.1,True,10,10.636530876159668,70.0,20,14,6,
umeh_drutsa_high quality,umeh_drutsa_high quality - page 3,Ume_Druma,line,0.7,2.0,3.5,True,0.1,True,5,5.411455869674683,52.63,19,10,9,
umeh_drutsa_high quality,umeh_drutsa_high quality - page 3,Ume_Druma,line,0.7,2.0,3.5,False,0.1,True,10,6.192254066467285,61.11,18,11,7,
umeh_drutsa_high quality,umeh_drutsa_high quality - page 3,Ume_Druma,line,0.7,2.0,4.0,True,0.1,True,5,5.771100759506226,44.44,18,8,10,
umeh_drutsa_high quality,umeh_drutsa_high quality - page 3,Ume_Druma,line,0.7,2.0,4.0,False,0.1,True,10,6.60120415687561,33.33,18,6,12,
umeh_drutsa_high quality,umeh_drutsa_high quality - page 3,Ume_Druma,line,0.7,2.0,5.0,True,0.1,True,5,8.79967737197876,56.25,16,9,7,
umeh_drutsa_high quality,umeh_drutsa_high quality - page 3,Ume_Druma,line,0.7,2.0,5.0,False,0.1,True,10,5.986059665679932,61.11,18,11,7,
umeh_drutsa_high quality,umeh_drutsa_high quality - page 3,Ume_Druma,line,0.7,2.5,2.5,True,0.1,True,5,5.818962574005127,44.44,18,8,10,
umeh_drutsa_high quality,umeh_drutsa_high quality - page 3,Ume_Druma,line,0.7,2.5,2.5,False,0.1,True,10,6.761337518692017,70.0,20,14,6,
umeh_drutsa_high quality,umeh_drutsa_high quality - page 3,Ume_Druma,line,0.7,2.5,3.5,True,0.1,True,5,5.782888889312744,52.63,19,10,9,
umeh_drutsa_high quality,umeh_drutsa_high quality - page 3,Ume_Druma,line,0.7,2.5,3.5,False,0.1,True,10,6.544537544250488,61.11,18,11,7,
umeh_drutsa_high quality,umeh_drutsa_high quality - page 3,Ume_Druma,line,0.7,2.5,4.0,True,0.1,True,5,5.867298364639282,44.44,18,8,10,
umeh_drutsa_high quality,umeh_drutsa_high quality - page 3,Ume_Druma,line,0.7,2.5,4.0,False,0.1,True,10,6.513683080673218,33.33,18,6,12,
umeh_drutsa_high quality,umeh_drutsa_high quality - page 3,Ume_Druma,line,0.7,2.5,5.0,True,0.1,True,5,5.727669954299927,37.5,16,6,10,
umeh_drutsa_high quality,umeh_drutsa_high quality - page 3,Ume_Druma,line,0.7,2.5,5.0,False,0.1,True,10,6.473439455032349,57.14,14,8,6,
umeh_drutsa_high quality,umeh_drutsa_high quality - page 3,Ume_Druma,layout,0.7,2.0,2.5,True,0.1,True,1,8.101847887039185,47.06,17,8,9,
umeh_drutsa_high quality,umeh_drutsa_high quality - page 3,Ume_Druma,layout,0.7,2.0,2.5,False,0.1,True,1,5.550887584686279,47.06,17,8,9,
umeh_drutsa_high quality,umeh_drutsa_high quality - page 3,Ume_Druma,layout,0.7,2.0,3.5,True,0.1,True,1,8.6861572265625,50.0,12,6,6,
umeh_drutsa_high quality,umeh_drutsa_high quality - page 3,Ume_Druma,layout,0.7,2.0,3.5,False,0.1,True,1,5.473122835159302,50.0,12,6,6,
umeh_drutsa_high quality,umeh_drutsa_high quality - page 3,Ume_Druma,layout,0.7,2.0,4.0,True,0.1,True,1,6.650373220443726,42.86,7,3,4,
umeh_drutsa_high quality,umeh_drutsa_high quality - page 3,Ume_Druma,layout,0.7,2.0,4.0,False,0.1,True,1,5.158163785934448,42.86,7,3,4,
umeh_drutsa_high quality,umeh_drutsa_high quality - page 3,Ume_Druma,layout,0.7,2.0,5.0,True,0.1,True,1,4.948669672012329,100.0,1,1,0,
umeh_drutsa_high quality,umeh_drutsa_high quality - page 3,Ume_Druma,layout,0.7,2.0,5.0,False,0.1,True,1,5.222268104553223,100.0,1,1,0,
umeh_drutsa_high quality,umeh_drutsa_high quality - page 3,Ume_Druma,layout,0.7,2.5,2.5,True,0.1,True,1,5.496955871582031,50.0,12,6,6,
umeh_drutsa_high quality,umeh_drutsa_high quality - page 3,Ume_Druma,layout,0.7,2.5,2.5,False,0.1,True,1,5.561315059661865,50.0,12,6,6,
umeh_drutsa_high quality,umeh_drutsa_high quality - page 3,Ume_Druma,layout,0.7,2.5,3.5,True,0.1,True,1,5.65973711013794,50.0,12,6,6,
umeh_drutsa_high quality,umeh_drutsa_high quality - page 3,Ume_Druma,layout,0.7,2.5,3.5,False,0.1,True,1,8.629491806030273,50.0,12,6,6,
umeh_drutsa_high quality,umeh_drutsa_high quality - page 3,Ume_Druma,layout,0.7,2.5,4.0,True,0.1,True,1,5.655908107757568,42.86,7,3,4,
umeh_drutsa_high quality,umeh_drutsa_high quality - page 3,Ume_Druma,layout,0.7,2.5,4.0,False,0.1,True,1,5.336360692977905,42.86,7,3,4,
umeh_drutsa_high quality,umeh_drutsa_high quality - page 3,Ume_Druma,layout,0.7,2.5,5.0,True,0.1,True,1,6.859374761581421,100.0,1,1,0,
umeh_drutsa_high quality,umeh_drutsa_high quality - page 3,Ume_Druma,layout,0.7,2.5,5.0,False,0.1,True,1,5.355148077011108,100.0,1,1,0,
umeh_drutsa_high quality,umeh_drutsa_high quality - page 3,Ume_Petsuk,line,0.7,2.0,2.5,True,0.1,True,5,6.381330728530884,63.16,19,12,7,
umeh_drutsa_high quality,umeh_drutsa_high quality - page 3,Ume_Petsuk,line,0.7,2.0,2.5,False,0.1,True,10,6.622048377990723,47.37,19,9,10,
umeh_drutsa_high quality,umeh_drutsa_high quality - page 3,Ume_Petsuk,line,0.7,2.0,3.5,True,0.1,True,5,5.88551139831543,73.68,19,14,5,
umeh_drutsa_high quality,umeh_drutsa_high quality - page 3,Ume_Petsuk,line,0.7,2.0,3.5,False,0.1,True,10,6.791121006011963,52.94,17,9,8,
umeh_drutsa_high quality,umeh_drutsa_high quality - page 3,Ume_Petsuk,line,0.7,2.0,4.0,True,0.1,True,5,5.859638690948486,52.38,21,11,10,
umeh_drutsa_high quality,umeh_drutsa_high quality - page 3,Ume_Petsuk,line,0.7,2.0,4.0,False,0.1,True,10,6.782981157302856,66.67,18,12,6,
umeh_drutsa_high quality,umeh_drutsa_high quality - page 3,Ume_Petsuk,line,0.7,2.0,5.0,True,0.1,True,5,5.79233455657959,25.0,12,3,9,
umeh_drutsa_high quality,umeh_drutsa_high quality - page 3,Ume_Petsuk,line,0.7,2.0,5.0,False,0.1,True,10,6.600442886352539,57.14,14,8,6,
umeh_drutsa_high quality,umeh_drutsa_high quality - page 3,Ume_Petsuk,line,0.7,2.5,2.5,True,0.1,True,5,6.246197462081909,63.16,19,12,7,
umeh_drutsa_high quality,umeh_drutsa_high quality - page 3,Ume_Petsuk,line,0.7,2.5,2.5,False,0.1,True,10,7.008634090423584,47.37,19,9,10,
umeh_drutsa_high quality,umeh_drutsa_high quality - page 3,Ume_Petsuk,line,0.7,2.5,3.5,True,0.1,True,5,6.010560035705566,73.68,19,14,5,
umeh_drutsa_high quality,umeh_drutsa_high quality - page 3,Ume_Petsuk,line,0.7,2.5,3.5,False,0.1,True,10,6.750904321670532,52.94,17,9,8,
umeh_drutsa_high quality,umeh_drutsa_high quality - page 3,Ume_Petsuk,line,0.7,2.5,4.0,True,0.1,True,5,6.055716037750244,52.38,21,11,10,
umeh_drutsa_high quality,umeh_drutsa_high quality - page 3,Ume_Petsuk,line,0.7,2.5,4.0,False,0.1,True,10,6.763394832611084,66.67,18,12,6,
umeh_drutsa_high quality,umeh_drutsa_high quality - page 3,Ume_Petsuk,line,0.7,2.5,5.0,True,0.1,True,5,6.011462688446045,30.77,13,4,9,
umeh_drutsa_high quality,umeh_drutsa_high quality - page 3,Ume_Petsuk,line,0.7,2.5,5.0,False,0.1,True,10,6.694608688354492,27.27,11,3,8,
umeh_drutsa_high quality,umeh_drutsa_high quality - page 3,Ume_Petsuk,layout,0.7,2.0,2.5,True,0.1,True,1,7.307271718978882,25.0,12,3,9,
umeh_drutsa_high quality,umeh_drutsa_high quality - page 3,Ume_Petsuk,layout,0.7,2.0,2.5,False,0.1,True,1,8.607308387756348,25.0,12,3,9,
umeh_drutsa_high quality,umeh_drutsa_high quality - page 3,Ume_Petsuk,layout,0.7,2.0,3.5,True,0.1,True,1,5.325206279754639,37.5,8,3,5,
umeh_drutsa_high quality,umeh_drutsa_high quality - page 3,Ume_Petsuk,layout,0.7,2.0,3.5,False,0.1,True,1,5.176044225692749,37.5,8,3,5,
umeh_drutsa_high quality,umeh_drutsa_high quality - page 3,Ume_Petsuk,layout,0.7,2.0,4.0,True,0.1,True,1,5.203774929046631,0.0,0,0,0,
umeh_drutsa_high quality,umeh_drutsa_high quality - page 3,Ume_Petsuk,layout,0.7,2.0,4.0,False,0.1,True,1,5.5146424770355225,0.0,0,0,0,
umeh_drutsa_high quality,umeh_drutsa_high quality - page 3,Ume_Petsuk,layout,0.7,2.0,5.0,True,0.1,True,1,6.980221509933472,0.0,0,0,0,
umeh_drutsa_high quality,umeh_drutsa_high quality - page 3,Ume_Petsuk,layout,0.7,2.0,5.0,False,0.1,True,1,4.920053243637085,0.0,0,0,0,
umeh_drutsa_high quality,umeh_drutsa_high quality - page 3,Ume_Petsuk,layout,0.7,2.5,2.5,True,0.1,True,1,5.680455684661865,37.5,8,3,5,
umeh_drutsa_high quality,umeh_drutsa_high quality - page 3,Ume_Petsuk,layout,0.7,2.5,2.5,False,0.1,True,1,5.593485593795776,37.5,8,3,5,
umeh_drutsa_high quality,umeh_drutsa_high quality - page 3,Ume_Petsuk,layout,0.7,2.5,3.5,True,0.1,True,1,5.601920127868652,37.5,8,3,5,
umeh_drutsa_high quality,umeh_drutsa_high quality - page 3,Ume_Petsuk,layout,0.7,2.5,3.5,False,0.1,True,1,5.588923692703247,37.5,8,3,5,
umeh_drutsa_high quality,umeh_drutsa_high quality - page 3,Ume_Petsuk,layout,0.7,2.5,4.0,True,0.1,True,1,5.432244062423706,0.0,0,0,0,
umeh_drutsa_high quality,umeh_drutsa_high quality - page 3,Ume_Petsuk,layout,0.7,2.5,4.0,False,0.1,True,1,5.407204866409302,0.0,0,0,0,
umeh_drutsa_high quality,umeh_drutsa_high quality - page 3,Ume_Petsuk,layout,0.7,2.5,5.0,True,0.1,True,1,5.233744382858276,0.0,0,0,0,
umeh_drutsa_high quality,umeh_drutsa_high quality - page 3,Ume_Petsuk,layout,0.7,2.5,5.0,False,0.1,True,1,5.274245262145996,0.0,0,0,0,
umeh_drutsa_high quality,umeh_drutsa_high quality - page 3,Modern,line,0.7,2.0,2.5,True,0.1,True,5,9.086002349853516,47.37,19,9,10,
umeh_drutsa_high quality,umeh_drutsa_high quality - page 3,Modern,line,0.7,2.0,2.5,False,0.1,True,10,6.875602722167969,44.44,18,8,10,
umeh_drutsa_high quality,umeh_drutsa_high quality - page 3,Modern,line,0.7,2.0,3.5,True,0.1,True,5,6.080904483795166,23.53,17,4,13,
umeh_drutsa_high quality,umeh_drutsa_high quality - page 3,Modern,line,0.7,2.0,3.5,False,0.1,True,10,6.866357803344727,50.0,14,7,7,
umeh_drutsa_high quality,umeh_drutsa_high quality - page 3,Modern,line,0.7,2.0,4.0,True,0.1,True,5,6.059067249298096,50.0,16,8,8,
umeh_drutsa_high quality,umeh_drutsa_high quality - page 3,Modern,line,0.7,2.0,4.0,False,0.1,True,10,6.810536861419678,72.73,11,8,3,
umeh_drutsa_high quality,umeh_drutsa_high quality - page 3,Modern,line,0.7,2.0,5.0,True,0.1,True,5,6.663272380828857,80.0,15,12,3,
umeh_drutsa_high quality,umeh_drutsa_high quality - page 3,Modern,line,0.7,2.0,5.0,False,0.1,True,10,6.744133472442627,81.82,11,9,2,
umeh_drutsa_high quality,umeh_drutsa_high quality - page 3,Modern,line,0.7,2.5,2.5,True,0.1,True,5,6.623948335647583,47.37,19,9,10,
umeh_drutsa_high quality,umeh_drutsa_high quality - page 3,Modern,line,0.7,2.5,2.5,False,0.1,True,10,7.270014762878418,44.44,18,8,10,
umeh_drutsa_high quality,umeh_drutsa_high quality - page 3,Modern,line,0.7,2.5,3.5,True,0.1,True,5,6.365712881088257,23.53,17,4,13,
umeh_drutsa_high quality,umeh_drutsa_high quality - page 3,Modern,line,0.7,2.5,3.5,False,0.1,True,10,7.026848793029785,50.0,14,7,7,
umeh_drutsa_high quality,umeh_drutsa_high quality - page 3,Modern,line,0.7,2.5,4.0,True,0.1,True,5,6.235391616821289,50.0,16,8,8,
umeh_drutsa_high quality,umeh_drutsa_high quality - page 3,Modern,line,0.7,2.5,4.0,False,0.1,True,10,6.979655981063843,72.73,11,8,3,
umeh_drutsa_high quality,umeh_drutsa_high quality - page 3,Modern,line,0.7,2.5,5.0,True,0.1,True,5,7.8001062870025635,35.71,14,5,9,
umeh_drutsa_high quality,umeh_drutsa_high quality - page 3,Modern,line,0.7,2.5,5.0,False,0.1,True,10,6.70819354057312,36.36,11,4,7,
umeh_drutsa_high quality,umeh_drutsa_high quality - page 3,Modern,layout,0.7,2.0,2.5,True,0.1,True,1,5.504029035568237,36.36,11,4,7,
umeh_drutsa_high quality,umeh_drutsa_high quality - page 3,Modern,layout,0.7,2.0,2.5,False,0.1,True,1,8.423249244689941,36.36,11,4,7,
umeh_drutsa_high quality,umeh_drutsa_high quality - page 3,Modern,layout,0.7,2.0,3.5,True,0.1,True,1,6.292819976806641,75.0,8,6,2,
umeh_drutsa_high quality,umeh_drutsa_high quality - page 3,Modern,layout,0.7,2.0,3.5,False,0.1,True,1,4.9807868003845215,75.0,8,6,2,
umeh_drutsa_high quality,umeh_drutsa_high quality - page 3,Modern,layout,0.7,2.0,4.0,True,0.1,True,1,5.063296556472778,16.67,6,1,5,
umeh_drutsa_high quality,umeh_drutsa_high quality - page 3,Modern,layout,0.7,2.0,4.0,False,0.1,True,1,5.195382833480835,16.67,6,1,5,
umeh_drutsa_high quality,umeh_drutsa_high quality - page 3,Modern,layout,0.7,2.0,5.0,True,0.1,True,1,5.166651487350464,85.71,7,6,1,
umeh_drutsa_high quality,umeh_drutsa_high quality - page 3,Modern,layout,0.7,2.0,5.0,False,0.1,True,1,5.309068441390991,85.71,7,6,1,
umeh_drutsa_high quality,umeh_drutsa_high quality - page 3,Modern,layout,0.7,2.5,2.5,True,0.1,True,1,5.726455926895142,75.0,8,6,2,
umeh_drutsa_high quality,umeh_drutsa_high quality - page 3,Modern,layout,0.7,2.5,2.5,False,0.1,True,1,8.502735376358032,75.0,8,6,2,
umeh_drutsa_high quality,umeh_drutsa_high quality - page 3,Modern,layout,0.7,2.5,3.5,True,0.1,True,1,8.509991645812988,75.0,8,6,2,
umeh_drutsa_high quality,umeh_drutsa_high quality - page 3,Modern,layout,0.7,2.5,3.5,False,0.1,True,1,5.234830379486084,75.0,8,6,2,
umeh_drutsa_high quality,umeh_drutsa_high quality - page 3,Modern,layout,0.7,2.5,4.0,True,0.1,True,1,5.109464406967163,16.67,6,1,5,
umeh_drutsa_high quality,umeh_drutsa_high quality - page 3,Modern,layout,0.7,2.5,4.0,False,0.1,True,1,5.275335550308228,16.67,6,1,5,
umeh_drutsa_high quality,umeh_drutsa_high quality - page 3,Modern,layout,0.7,2.5,5.0,True,0.1,True,1,5.244165897369385,40.0,5,2,3,
umeh_drutsa_high quality,umeh_drutsa_high quality - page 3,Modern,layout,0.7,2.5,5.0,False,0.1,True,1,5.283533573150635,40.0,5,2,3,
umeh_drutsa_high quality,umeh_drutsa_high quality - page 4,Ume_Druma,line,0.7,2.0,2.5,True,0.1,False,0,4.631129264831543,0.0,0,0,0,Line processing failed: 'list' object cannot be interpreted as an integer
umeh_drutsa_high quality,umeh_drutsa_high quality - page 4,Ume_Druma,line,0.7,2.0,2.5,False,0.1,False,0,4.701246738433838,0.0,0,0,0,Line processing failed: 'list' object cannot be interpreted as an integer
umeh_drutsa_high quality,umeh_drutsa_high quality - page 4,Ume_Druma,line,0.7,2.0,3.5,True,0.1,False,0,4.687375068664551,0.0,0,0,0,Line processing failed: 'list' object cannot be interpreted as an integer
umeh_drutsa_high quality,umeh_drutsa_high quality - page 4,Ume_Druma,line,0.7,2.0,3.5,False,0.1,False,0,4.755600214004517,0.0,0,0,0,Line processing failed: 'list' object cannot be interpreted as an integer
umeh_drutsa_high quality,umeh_drutsa_high quality - page 4,Ume_Druma,line,0.7,2.0,4.0,True,0.1,False,0,4.7979841232299805,0.0,0,0,0,Line processing failed: 'list' object cannot be interpreted as an integer
umeh_drutsa_high quality,umeh_drutsa_high quality - page 4,Ume_Druma,line,0.7,2.0,4.0,False,0.1,False,0,4.689425706863403,0.0,0,0,0,Line processing failed: 'list' object cannot be interpreted as an integer
umeh_drutsa_high quality,umeh_drutsa_high quality - page 4,Ume_Druma,line,0.7,2.0,5.0,True,0.1,False,0,4.682486295700073,0.0,0,0,0,Line processing failed: 'list' object cannot be interpreted as an integer
umeh_drutsa_high quality,umeh_drutsa_high quality - page 4,Ume_Druma,line,0.7,2.0,5.0,False,0.1,False,0,4.710312843322754,0.0,0,0,0,Line processing failed: 'list' object cannot be interpreted as an integer
umeh_drutsa_high quality,umeh_drutsa_high quality - page 4,Ume_Druma,line,0.7,2.5,2.5,True,0.1,False,0,4.687206268310547,0.0,0,0,0,Line processing failed: 'list' object cannot be interpreted as an integer
umeh_drutsa_high quality,umeh_drutsa_high quality - page 4,Ume_Druma,line,0.7,2.5,2.5,False,0.1,False,0,4.6884753704071045,0.0,0,0,0,Line processing failed: 'list' object cannot be interpreted as an integer
umeh_drutsa_high quality,umeh_drutsa_high quality - page 4,Ume_Druma,line,0.7,2.5,3.5,True,0.1,False,0,4.68000078201294,0.0,0,0,0,Line processing failed: 'list' object cannot be interpreted as an integer
umeh_drutsa_high quality,umeh_drutsa_high quality - page 4,Ume_Druma,line,0.7,2.5,3.5,False,0.1,False,0,4.691676139831543,0.0,0,0,0,Line processing failed: 'list' object cannot be interpreted as an integer
umeh_drutsa_high quality,umeh_drutsa_high quality - page 4,Ume_Druma,line,0.7,2.5,4.0,True,0.1,False,0,4.692785501480103,0.0,0,0,0,Line processing failed: 'list' object cannot be interpreted as an integer
umeh_drutsa_high quality,umeh_drutsa_high quality - page 4,Ume_Druma,line,0.7,2.5,4.0,False,0.1,False,0,4.697460889816284,0.0,0,0,0,Line processing failed: 'list' object cannot be interpreted as an integer
umeh_drutsa_high quality,umeh_drutsa_high quality - page 4,Ume_Druma,line,0.7,2.5,5.0,True,0.1,False,0,4.6757025718688965,0.0,0,0,0,Line processing failed: 'list' object cannot be interpreted as an integer
umeh_drutsa_high quality,umeh_drutsa_high quality - page 4,Ume_Druma,line,0.7,2.5,5.0,False,0.1,False,0,4.682831764221191,0.0,0,0,0,Line processing failed: 'list' object cannot be interpreted as an integer
umeh_drutsa_high quality,umeh_drutsa_high quality - page 4,Ume_Druma,layout,0.7,2.0,2.5,True,0.1,True,5,7.31501841545105,60.16,123,74,49,
umeh_drutsa_high quality,umeh_drutsa_high quality - page 4,Ume_Druma,layout,0.7,2.0,2.5,False,0.1,True,6,6.905816078186035,58.73,126,74,52,
umeh_drutsa_high quality,umeh_drutsa_high quality - page 4,Ume_Druma,layout,0.7,2.0,3.5,True,0.1,True,5,7.121136426925659,58.68,121,71,50,
umeh_drutsa_high quality,umeh_drutsa_high quality - page 4,Ume_Druma,layout,0.7,2.0,3.5,False,0.1,True,6,7.066168546676636,58.87,124,73,51,
umeh_drutsa_high quality,umeh_drutsa_high quality - page 4,Ume_Druma,layout,0.7,2.0,4.0,True,0.1,True,5,7.31282114982605,53.51,114,61,53,
umeh_drutsa_high quality,umeh_drutsa_high quality - page 4,Ume_Druma,layout,0.7,2.0,4.0,False,0.1,True,6,7.216120481491089,52.59,116,61,55,
umeh_drutsa_high quality,umeh_drutsa_high quality - page 4,Ume_Druma,layout,0.7,2.0,5.0,True,0.1,True,5,8.056740760803223,56.98,86,49,37,
umeh_drutsa_high quality,umeh_drutsa_high quality - page 4,Ume_Druma,layout,0.7,2.0,5.0,False,0.1,True,6,7.989162921905518,50.57,87,44,43,
umeh_drutsa_high quality,umeh_drutsa_high quality - page 4,Ume_Druma,layout,0.7,2.5,2.5,True,0.1,True,5,8.552922010421753,62.9,124,78,46,
umeh_drutsa_high quality,umeh_drutsa_high quality - page 4,Ume_Druma,layout,0.7,2.5,2.5,False,0.1,True,6,9.675609350204468,61.42,127,78,49,
umeh_drutsa_high quality,umeh_drutsa_high quality - page 4,Ume_Druma,layout,0.7,2.5,3.5,True,0.1,True,5,10.593881130218506,58.68,121,71,50,
umeh_drutsa_high quality,umeh_drutsa_high quality - page 4,Ume_Druma,layout,0.7,2.5,3.5,False,0.1,True,6,9.284952402114868,58.87,124,73,51,
umeh_drutsa_high quality,umeh_drutsa_high quality - page 4,Ume_Druma,layout,0.7,2.5,4.0,True,0.1,True,5,7.044780969619751,53.51,114,61,53,
umeh_drutsa_high quality,umeh_drutsa_high quality - page 4,Ume_Druma,layout,0.7,2.5,4.0,False,0.1,True,6,7.557530164718628,52.59,116,61,55,
umeh_drutsa_high quality,umeh_drutsa_high quality - page 4,Ume_Druma,layout,0.7,2.5,5.0,True,0.1,True,5,7.5186872482299805,46.59,88,41,47,
umeh_drutsa_high quality,umeh_drutsa_high quality - page 4,Ume_Druma,layout,0.7,2.5,5.0,False,0.1,True,6,8.124310970306396,47.83,92,44,48,
umeh_drutsa_high quality,umeh_drutsa_high quality - page 4,Ume_Petsuk,line,0.7,2.0,2.5,True,0.1,False,0,4.422941446304321,0.0,0,0,0,Line processing failed: 'list' object cannot be interpreted as an integer
umeh_drutsa_high quality,umeh_drutsa_high quality - page 4,Ume_Petsuk,line,0.7,2.0,2.5,False,0.1,False,0,4.657696485519409,0.0,0,0,0,Line processing failed: 'list' object cannot be interpreted as an integer
umeh_drutsa_high quality,umeh_drutsa_high quality - page 4,Ume_Petsuk,line,0.7,2.0,3.5,True,0.1,False,0,4.770689964294434,0.0,0,0,0,Line processing failed: 'list' object cannot be interpreted as an integer
umeh_drutsa_high quality,umeh_drutsa_high quality - page 4,Ume_Petsuk,line,0.7,2.0,3.5,False,0.1,False,0,4.902613162994385,0.0,0,0,0,Line processing failed: 'list' object cannot be interpreted as an integer
umeh_drutsa_high quality,umeh_drutsa_high quality - page 4,Ume_Petsuk,line,0.7,2.0,4.0,True,0.1,False,0,4.760074853897095,0.0,0,0,0,Line processing failed: 'list' object cannot be interpreted as an integer
umeh_drutsa_high quality,umeh_drutsa_high quality - page 4,Ume_Petsuk,line,0.7,2.0,4.0,False,0.1,False,0,4.797698259353638,0.0,0,0,0,Line processing failed: 'list' object cannot be interpreted as an integer
umeh_drutsa_high quality,umeh_drutsa_high quality - page 4,Ume_Petsuk,line,0.7,2.0,5.0,True,0.1,False,0,4.774780988693237,0.0,0,0,0,Line processing failed: 'list' object cannot be interpreted as an integer
umeh_drutsa_high quality,umeh_drutsa_high quality - page 4,Ume_Petsuk,line,0.7,2.0,5.0,False,0.1,False,0,4.76367974281311,0.0,0,0,0,Line processing failed: 'list' object cannot be interpreted as an integer
umeh_drutsa_high quality,umeh_drutsa_high quality - page 4,Ume_Petsuk,line,0.7,2.5,2.5,True,0.1,False,0,4.763511896133423,0.0,0,0,0,Line processing failed: 'list' object cannot be interpreted as an integer
umeh_drutsa_high quality,umeh_drutsa_high quality - page 4,Ume_Petsuk,line,0.7,2.5,2.5,False,0.1,False,0,4.767105102539063,0.0,0,0,0,Line processing failed: 'list' object cannot be interpreted as an integer
umeh_drutsa_high quality,umeh_drutsa_high quality - page 4,Ume_Petsuk,line,0.7,2.5,3.5,True,0.1,False,0,4.771028757095337,0.0,0,0,0,Line processing failed: 'list' object cannot be interpreted as an integer
umeh_drutsa_high quality,umeh_drutsa_high quality - page 4,Ume_Petsuk,line,0.7,2.5,3.5,False,0.1,False,0,4.877666711807251,0.0,0,0,0,Line processing failed: 'list' object cannot be interpreted as an integer
umeh_drutsa_high quality,umeh_drutsa_high quality - page 4,Ume_Petsuk,line,0.7,2.5,4.0,True,0.1,False,0,4.766249895095825,0.0,0,0,0,Line processing failed: 'list' object cannot be interpreted as an integer
umeh_drutsa_high quality,umeh_drutsa_high quality - page 4,Ume_Petsuk,line,0.7,2.5,4.0,False,0.1,False,0,4.768265962600708,0.0,0,0,0,Line processing failed: 'list' object cannot be interpreted as an integer
umeh_drutsa_high quality,umeh_drutsa_high quality - page 4,Ume_Petsuk,line,0.7,2.5,5.0,True,0.1,False,0,4.767400979995728,0.0,0,0,0,Line processing failed: 'list' object cannot be interpreted as an integer
umeh_drutsa_high quality,umeh_drutsa_high quality - page 4,Ume_Petsuk,line,0.7,2.5,5.0,False,0.1,False,0,4.80135989189148,0.0,0,0,0,Line processing failed: 'list' object cannot be interpreted as an integer
umeh_drutsa_high quality,umeh_drutsa_high quality - page 4,Ume_Petsuk,layout,0.7,2.0,2.5,True,0.1,True,5,6.612594127655029,52.29,109,57,52,
umeh_drutsa_high quality,umeh_drutsa_high quality - page 4,Ume_Petsuk,layout,0.7,2.0,2.5,False,0.1,True,6,6.817659854888916,51.33,113,58,55,
umeh_drutsa_high quality,umeh_drutsa_high quality - page 4,Ume_Petsuk,layout,0.7,2.0,3.5,True,0.1,True,5,6.953717947006226,52.78,108,57,51,
umeh_drutsa_high quality,umeh_drutsa_high quality - page 4,Ume_Petsuk,layout,0.7,2.0,3.5,False,0.1,True,6,6.996912717819214,54.95,111,61,50,
umeh_drutsa_high quality,umeh_drutsa_high quality - page 4,Ume_Petsuk,layout,0.7,2.0,4.0,True,0.1,True,5,7.210022926330566,41.84,98,41,57,
umeh_drutsa_high quality,umeh_drutsa_high quality - page 4,Ume_Petsuk,layout,0.7,2.0,4.0,False,0.1,True,6,7.43394136428833,40.59,101,41,60,
umeh_drutsa_high quality,umeh_drutsa_high quality - page 4,Ume_Petsuk,layout,0.7,2.0,5.0,True,0.1,True,5,7.801700115203857,40.91,88,36,52,
umeh_drutsa_high quality,umeh_drutsa_high quality - page 4,Ume_Petsuk,layout,0.7,2.0,5.0,False,0.1,True,6,7.921679258346558,37.5,88,33,55,
umeh_drutsa_high quality,umeh_drutsa_high quality - page 4,Ume_Petsuk,layout,0.7,2.5,2.5,True,0.1,True,5,6.653153419494629,50.46,109,55,54,
umeh_drutsa_high quality,umeh_drutsa_high quality - page 4,Ume_Petsuk,layout,0.7,2.5,2.5,False,0.1,True,6,6.980236768722534,49.56,113,56,57,
umeh_drutsa_high quality,umeh_drutsa_high quality - page 4,Ume_Petsuk,layout,0.7,2.5,3.5,True,0.1,True,5,7.0165863037109375,52.78,108,57,51,
umeh_drutsa_high quality,umeh_drutsa_high quality - page 4,Ume_Petsuk,layout,0.7,2.5,3.5,False,0.1,True,6,7.162871837615967,54.95,111,61,50,
umeh_drutsa_high quality,umeh_drutsa_high quality - page 4,Ume_Petsuk,layout,0.7,2.5,4.0,True,0.1,True,5,7.390315055847168,41.84,98,41,57,
umeh_drutsa_high quality,umeh_drutsa_high quality - page 4,Ume_Petsuk,layout,0.7,2.5,4.0,False,0.1,True,6,7.566929340362549,40.59,101,41,60,
umeh_drutsa_high quality,umeh_drutsa_high quality - page 4,Ume_Petsuk,layout,0.7,2.5,5.0,True,0.1,True,5,8.279772281646729,44.57,92,41,51,
umeh_drutsa_high quality,umeh_drutsa_high quality - page 4,Ume_Petsuk,layout,0.7,2.5,5.0,False,0.1,True,6,8.034125804901123,38.2,89,34,55,
umeh_drutsa_high quality,umeh_drutsa_high quality - page 4,Modern,line,0.7,2.0,2.5,True,0.1,False,0,4.507356643676758,0.0,0,0,0,Line processing failed: 'list' object cannot be interpreted as an integer
umeh_drutsa_high quality,umeh_drutsa_high quality - page 4,Modern,line,0.7,2.0,2.5,False,0.1,False,0,4.842402458190918,0.0,0,0,0,Line processing failed: 'list' object cannot be interpreted as an integer
umeh_drutsa_high quality,umeh_drutsa_high quality - page 4,Modern,line,0.7,2.0,3.5,True,0.1,False,0,4.756990432739258,0.0,0,0,0,Line processing failed: 'list' object cannot be interpreted as an integer
umeh_drutsa_high quality,umeh_drutsa_high quality - page 4,Modern,line,0.7,2.0,3.5,False,0.1,False,0,4.731120347976685,0.0,0,0,0,Line processing failed: 'list' object cannot be interpreted as an integer
umeh_drutsa_high quality,umeh_drutsa_high quality - page 4,Modern,line,0.7,2.0,4.0,True,0.1,False,0,4.74243688583374,0.0,0,0,0,Line processing failed: 'list' object cannot be interpreted as an integer
umeh_drutsa_high quality,umeh_drutsa_high quality - page 4,Modern,line,0.7,2.0,4.0,False,0.1,False,0,4.738441228866577,0.0,0,0,0,Line processing failed: 'list' object cannot be interpreted as an integer
umeh_drutsa_high quality,umeh_drutsa_high quality - page 4,Modern,line,0.7,2.0,5.0,True,0.1,False,0,4.73835301399231,0.0,0,0,0,Line processing failed: 'list' object cannot be interpreted as an integer
umeh_drutsa_high quality,umeh_drutsa_high quality - page 4,Modern,line,0.7,2.0,5.0,False,0.1,False,0,4.76456880569458,0.0,0,0,0,Line processing failed: 'list' object cannot be interpreted as an integer
umeh_drutsa_high quality,umeh_drutsa_high quality - page 4,Modern,line,0.7,2.5,2.5,True,0.1,False,0,4.73236894607544,0.0,0,0,0,Line processing failed: 'list' object cannot be interpreted as an integer
umeh_drutsa_high quality,umeh_drutsa_high quality - page 4,Modern,line,0.7,2.5,2.5,False,0.1,False,0,4.845700979232788,0.0,0,0,0,Line processing failed: 'list' object cannot be interpreted as an integer
umeh_drutsa_high quality,umeh_drutsa_high quality - page 4,Modern,line,0.7,2.5,3.5,True,0.1,False,0,4.735483169555664,0.0,0,0,0,Line processing failed: 'list' object cannot be interpreted as an integer
umeh_drutsa_high quality,umeh_drutsa_high quality - page 4,Modern,line,0.7,2.5,3.5,False,0.1,False,0,4.73047399520874,0.0,0,0,0,Line processing failed: 'list' object cannot be interpreted as an integer
umeh_drutsa_high quality,umeh_drutsa_high quality - page 4,Modern,line,0.7,2.5,4.0,True,0.1,False,0,4.766579627990723,0.0,0,0,0,Line processing failed: 'list' object cannot be interpreted as an integer
umeh_drutsa_high quality,umeh_drutsa_high quality - page 4,Modern,line,0.7,2.5,4.0,False,0.1,False,0,4.737174034118652,0.0,0,0,0,Line processing failed: 'list' object cannot be interpreted as an integer
umeh_drutsa_high quality,umeh_drutsa_high quality - page 4,Modern,line,0.7,2.5,5.0,True,0.1,False,0,4.735588788986206,0.0,0,0,0,Line processing failed: 'list' object cannot be interpreted as an integer
umeh_drutsa_high quality,umeh_drutsa_high quality - page 4,Modern,line,0.7,2.5,5.0,False,0.1,False,0,4.846600294113159,0.0,0,0,0,Line processing failed: 'list' object cannot be interpreted as an integer
umeh_drutsa_high quality,umeh_drutsa_high quality - page 4,Modern,layout,0.7,2.0,2.5,True,0.1,True,5,8.956207036972046,39.51,81,32,49,
umeh_drutsa_high quality,umeh_drutsa_high quality - page 4,Modern,layout,0.7,2.0,2.5,False,0.1,True,6,9.201903581619264,39.51,81,32,49,
umeh_drutsa_high quality,umeh_drutsa_high quality - page 4,Modern,layout,0.7,2.0,3.5,True,0.1,True,5,7.861937046051025,50.82,61,31,30,
umeh_drutsa_high quality,umeh_drutsa_high quality - page 4,Modern,layout,0.7,2.0,3.5,False,0.1,True,6,8.326177597045898,57.38,61,35,26,
umeh_drutsa_high quality,umeh_drutsa_high quality - page 4,Modern,layout,0.7,2.0,4.0,True,0.1,True,5,8.48342227935791,46.55,58,27,31,
umeh_drutsa_high quality,umeh_drutsa_high quality - page 4,Modern,layout,0.7,2.0,4.0,False,0.1,True,6,8.074326276779175,50.0,62,31,31,
umeh_drutsa_high quality,umeh_drutsa_high quality - page 4,Modern,layout,0.7,2.0,5.0,True,0.1,True,5,8.743628025054932,55.88,34,19,15,
umeh_drutsa_high quality,umeh_drutsa_high quality - page 4,Modern,layout,0.7,2.0,5.0,False,0.1,True,6,8.92374587059021,53.12,32,17,15,
umeh_drutsa_high quality,umeh_drutsa_high quality - page 4,Modern,layout,0.7,2.5,2.5,True,0.1,True,5,8.820732831954956,38.96,77,30,47,
umeh_drutsa_high quality,umeh_drutsa_high quality - page 4,Modern,layout,0.7,2.5,2.5,False,0.1,True,6,8.714918613433838,38.96,77,30,47,
umeh_drutsa_high quality,umeh_drutsa_high quality - page 4,Modern,layout,0.7,2.5,3.5,True,0.1,True,5,8.233215093612671,50.82,61,31,30,
umeh_drutsa_high quality,umeh_drutsa_high quality - page 4,Modern,layout,0.7,2.5,3.5,False,0.1,True,6,8.537369728088379,57.38,61,35,26,
umeh_drutsa_high quality,umeh_drutsa_high quality - page 4,Modern,layout,0.7,2.5,4.0,True,0.1,True,5,8.280011653900146,46.55,58,27,31,
umeh_drutsa_high quality,umeh_drutsa_high quality - page 4,Modern,layout,0.7,2.5,4.0,False,0.1,True,6,8.293217658996582,50.0,62,31,31,
umeh_drutsa_high quality,umeh_drutsa_high quality - page 4,Modern,layout,0.7,2.5,5.0,True,0.1,True,5,8.950501441955566,35.14,37,13,24,
umeh_drutsa_high quality,umeh_drutsa_high quality - page 4,Modern,layout,0.7,2.5,5.0,False,0.1,True,6,9.06533169746399,32.35,34,11,23,
