file_name,image_name,ocr_model_name,line_mode,class_threshold,k_factor,bbox_tolerance,merge_lines,tps_threshold,success,num_lines_detected,processing_time,quality_score,total_tokens,valid_tokens,invalid_tokens,error
umeh_dhernangdri_high quality(1),umeh_dhernangdri_high quality(1) - page 1,Ume_Druma,line,0.7,2.0,2.5,True,0.1,False,0,6.852243900299072,0.0,0,0,0,Line processing failed: 'list' object cannot be interpreted as an integer
umeh_dhernangdri_high quality(1),umeh_dhernangdri_high quality(1) - page 1,Ume_Druma,line,0.7,2.0,2.5,True,0.25,False,0,6.048307418823242,0.0,0,0,0,Line processing failed: 'list' object cannot be interpreted as an integer
umeh_dhernangdri_high quality(1),umeh_dhernangdri_high quality(1) - page 1,Ume_Druma,line,0.7,2.0,2.5,True,0.5,True,4,7.39629864692688,0.0,0,0,0,
umeh_dhernangdri_high quality(1),umeh_dhernangdri_high quality(1) - page 1,Ume_Druma,line,0.7,2.0,2.5,True,0.9,True,4,7.228965997695923,0.0,0,0,0,
umeh_dhernangdri_high quality(1),umeh_dhernangdri_high quality(1) - page 1,Ume_Druma,line,0.7,2.0,2.5,False,0.1,False,0,5.900760889053345,0.0,0,0,0,Line processing failed: 'list' object cannot be interpreted as an integer
umeh_dhernangdri_high quality(1),umeh_dhernangdri_high quality(1) - page 1,Ume_Druma,line,0.7,2.0,2.5,False,0.25,False,0,6.231783866882324,0.0,0,0,0,Line processing failed: 'list' object cannot be interpreted as an integer
umeh_dhernangdri_high quality(1),umeh_dhernangdri_high quality(1) - page 1,Ume_Druma,line,0.7,2.0,2.5,False,0.5,True,6,7.583986043930054,0.0,0,0,0,
umeh_dhernangdri_high quality(1),umeh_dhernangdri_high quality(1) - page 1,Ume_Druma,line,0.7,2.0,2.5,False,0.9,True,6,6.832310438156128,0.0,0,0,0,
umeh_dhernangdri_high quality(1),umeh_dhernangdri_high quality(1) - page 1,Ume_Druma,line,0.7,2.0,3.5,True,0.1,False,0,4.8637635707855225,0.0,0,0,0,Line processing failed: 'list' object cannot be interpreted as an integer
umeh_dhernangdri_high quality(1),umeh_dhernangdri_high quality(1) - page 1,Ume_Druma,line,0.7,2.0,3.5,True,0.25,False,0,4.473739862442017,0.0,0,0,0,Line processing failed: 'list' object cannot be interpreted as an integer
umeh_dhernangdri_high quality(1),umeh_dhernangdri_high quality(1) - page 1,Ume_Druma,line,0.7,2.0,3.5,True,0.5,True,4,5.507058620452881,0.0,0,0,0,
umeh_dhernangdri_high quality(1),umeh_dhernangdri_high quality(1) - page 1,Ume_Druma,line,0.7,2.0,3.5,True,0.9,True,4,5.527876377105713,0.0,0,0,0,
umeh_dhernangdri_high quality(1),umeh_dhernangdri_high quality(1) - page 1,Ume_Druma,line,0.7,2.0,3.5,False,0.1,False,0,5.492705821990967,0.0,0,0,0,Line processing failed: 'list' object cannot be interpreted as an integer
umeh_dhernangdri_high quality(1),umeh_dhernangdri_high quality(1) - page 1,Ume_Druma,line,0.7,2.0,3.5,False,0.25,False,0,6.322999954223633,0.0,0,0,0,Line processing failed: 'list' object cannot be interpreted as an integer
umeh_dhernangdri_high quality(1),umeh_dhernangdri_high quality(1) - page 1,Ume_Druma,line,0.7,2.0,3.5,False,0.5,True,6,7.955052375793457,0.0,0,0,0,
umeh_dhernangdri_high quality(1),umeh_dhernangdri_high quality(1) - page 1,Ume_Druma,line,0.7,2.0,3.5,False,0.9,True,6,7.359715461730957,0.0,0,0,0,
umeh_dhernangdri_high quality(1),umeh_dhernangdri_high quality(1) - page 1,Ume_Druma,line,0.7,2.0,4.0,True,0.1,False,0,4.845304727554321,0.0,0,0,0,Line processing failed: 'list' object cannot be interpreted as an integer
umeh_dhernangdri_high quality(1),umeh_dhernangdri_high quality(1) - page 1,Ume_Druma,line,0.7,2.0,4.0,True,0.25,False,0,4.489355802536011,0.0,0,0,0,Line processing failed: 'list' object cannot be interpreted as an integer
umeh_dhernangdri_high quality(1),umeh_dhernangdri_high quality(1) - page 1,Ume_Druma,line,0.7,2.0,4.0,True,0.5,True,4,5.614591360092163,0.0,0,0,0,
umeh_dhernangdri_high quality(1),umeh_dhernangdri_high quality(1) - page 1,Ume_Druma,line,0.7,2.0,4.0,True,0.9,True,4,6.499704122543335,0.0,0,0,0,
umeh_dhernangdri_high quality(1),umeh_dhernangdri_high quality(1) - page 1,Ume_Druma,line,0.7,2.0,4.0,False,0.1,False,0,4.946490049362183,0.0,0,0,0,Line processing failed: 'list' object cannot be interpreted as an integer
umeh_dhernangdri_high quality(1),umeh_dhernangdri_high quality(1) - page 1,Ume_Druma,line,0.7,2.0,4.0,False,0.25,False,0,4.495438575744629,0.0,0,0,0,Line processing failed: 'list' object cannot be interpreted as an integer
umeh_dhernangdri_high quality(1),umeh_dhernangdri_high quality(1) - page 1,Ume_Druma,line,0.7,2.0,4.0,False,0.5,True,6,7.362101078033447,0.0,0,0,0,
umeh_dhernangdri_high quality(1),umeh_dhernangdri_high quality(1) - page 1,Ume_Druma,line,0.7,2.0,4.0,False,0.9,True,6,8.061736106872559,0.0,0,0,0,
umeh_dhernangdri_high quality(1),umeh_dhernangdri_high quality(1) - page 1,Ume_Druma,line,0.7,2.0,5.0,True,0.1,False,0,5.7994232177734375,0.0,0,0,0,Line processing failed: 'list' object cannot be interpreted as an integer
umeh_dhernangdri_high quality(1),umeh_dhernangdri_high quality(1) - page 1,Ume_Druma,line,0.7,2.0,5.0,True,0.25,False,0,5.666222333908081,0.0,0,0,0,Line processing failed: 'list' object cannot be interpreted as an integer
umeh_dhernangdri_high quality(1),umeh_dhernangdri_high quality(1) - page 1,Ume_Druma,line,0.7,2.0,5.0,True,0.5,True,4,5.799913644790649,0.0,0,0,0,
umeh_dhernangdri_high quality(1),umeh_dhernangdri_high quality(1) - page 1,Ume_Druma,line,0.7,2.0,5.0,True,0.9,True,4,5.800537109375,0.0,0,0,0,
umeh_dhernangdri_high quality(1),umeh_dhernangdri_high quality(1) - page 1,Ume_Druma,line,0.7,2.0,5.0,False,0.1,False,0,4.437599182128906,0.0,0,0,0,Line processing failed: 'list' object cannot be interpreted as an integer
umeh_dhernangdri_high quality(1),umeh_dhernangdri_high quality(1) - page 1,Ume_Druma,line,0.7,2.0,5.0,False,0.25,False,0,5.474139213562012,0.0,0,0,0,Line processing failed: 'list' object cannot be interpreted as an integer
umeh_dhernangdri_high quality(1),umeh_dhernangdri_high quality(1) - page 1,Ume_Druma,line,0.7,2.0,5.0,False,0.5,True,6,7.950242280960083,0.0,0,0,0,
umeh_dhernangdri_high quality(1),umeh_dhernangdri_high quality(1) - page 1,Ume_Druma,line,0.7,2.0,5.0,False,0.9,True,6,7.347830533981323,0.0,0,0,0,
umeh_dhernangdri_high quality(1),umeh_dhernangdri_high quality(1) - page 1,Ume_Druma,line,0.7,2.5,2.5,True,0.1,False,0,5.6975672245025635,0.0,0,0,0,Line processing failed: 'list' object cannot be interpreted as an integer
umeh_dhernangdri_high quality(1),umeh_dhernangdri_high quality(1) - page 1,Ume_Druma,line,0.7,2.5,2.5,True,0.25,False,0,4.514799118041992,0.0,0,0,0,Line processing failed: 'list' object cannot be interpreted as an integer
umeh_dhernangdri_high quality(1),umeh_dhernangdri_high quality(1) - page 1,Ume_Druma,line,0.7,2.5,2.5,True,0.5,True,4,5.872420787811279,0.0,0,0,0,
umeh_dhernangdri_high quality(1),umeh_dhernangdri_high quality(1) - page 1,Ume_Druma,line,0.7,2.5,2.5,True,0.9,True,4,7.222927808761597,0.0,0,0,0,
umeh_dhernangdri_high quality(1),umeh_dhernangdri_high quality(1) - page 1,Ume_Druma,line,0.7,2.5,2.5,False,0.1,False,0,4.804993391036987,0.0,0,0,0,Line processing failed: 'list' object cannot be interpreted as an integer
umeh_dhernangdri_high quality(1),umeh_dhernangdri_high quality(1) - page 1,Ume_Druma,line,0.7,2.5,2.5,False,0.25,False,0,5.85231614112854,0.0,0,0,0,Line processing failed: 'list' object cannot be interpreted as an integer
umeh_dhernangdri_high quality(1),umeh_dhernangdri_high quality(1) - page 1,Ume_Druma,line,0.7,2.5,2.5,False,0.5,True,6,6.853582859039307,0.0,0,0,0,
umeh_dhernangdri_high quality(1),umeh_dhernangdri_high quality(1) - page 1,Ume_Druma,line,0.7,2.5,2.5,False,0.9,True,6,8.14663028717041,0.0,0,0,0,
umeh_dhernangdri_high quality(1),umeh_dhernangdri_high quality(1) - page 1,Ume_Druma,line,0.7,2.5,3.5,True,0.1,False,0,6.326868534088135,0.0,0,0,0,Line processing failed: 'list' object cannot be interpreted as an integer
umeh_dhernangdri_high quality(1),umeh_dhernangdri_high quality(1) - page 1,Ume_Druma,line,0.7,2.5,3.5,True,0.25,False,0,5.7007575035095215,0.0,0,0,0,Line processing failed: 'list' object cannot be interpreted as an integer
umeh_dhernangdri_high quality(1),umeh_dhernangdri_high quality(1) - page 1,Ume_Druma,line,0.7,2.5,3.5,True,0.5,True,4,6.1079699993133545,0.0,0,0,0,
umeh_dhernangdri_high quality(1),umeh_dhernangdri_high quality(1) - page 1,Ume_Druma,line,0.7,2.5,3.5,True,0.9,True,4,6.210590124130249,0.0,0,0,0,
umeh_dhernangdri_high quality(1),umeh_dhernangdri_high quality(1) - page 1,Ume_Druma,line,0.7,2.5,3.5,False,0.1,False,0,5.686213254928589,0.0,0,0,0,Line processing failed: 'list' object cannot be interpreted as an integer
umeh_dhernangdri_high quality(1),umeh_dhernangdri_high quality(1) - page 1,Ume_Druma,line,0.7,2.5,3.5,False,0.25,False,0,5.795248031616211,0.0,0,0,0,Line processing failed: 'list' object cannot be interpreted as an integer
umeh_dhernangdri_high quality(1),umeh_dhernangdri_high quality(1) - page 1,Ume_Druma,line,0.7,2.5,3.5,False,0.5,True,6,6.041143894195557,0.0,0,0,0,
umeh_dhernangdri_high quality(1),umeh_dhernangdri_high quality(1) - page 1,Ume_Druma,line,0.7,2.5,3.5,False,0.9,True,6,6.138946056365967,0.0,0,0,0,
umeh_dhernangdri_high quality(1),umeh_dhernangdri_high quality(1) - page 1,Ume_Druma,line,0.7,2.5,4.0,True,0.1,False,0,5.12015438079834,0.0,0,0,0,Line processing failed: 'list' object cannot be interpreted as an integer
umeh_dhernangdri_high quality(1),umeh_dhernangdri_high quality(1) - page 1,Ume_Druma,line,0.7,2.5,4.0,True,0.25,False,0,5.517663955688477,0.0,0,0,0,Line processing failed: 'list' object cannot be interpreted as an integer
umeh_dhernangdri_high quality(1),umeh_dhernangdri_high quality(1) - page 1,Ume_Druma,line,0.7,2.5,4.0,True,0.5,True,4,7.496539354324341,0.0,0,0,0,
umeh_dhernangdri_high quality(1),umeh_dhernangdri_high quality(1) - page 1,Ume_Druma,line,0.7,2.5,4.0,True,0.9,True,4,7.556770324707031,0.0,0,0,0,
umeh_dhernangdri_high quality(1),umeh_dhernangdri_high quality(1) - page 1,Ume_Druma,line,0.7,2.5,4.0,False,0.1,False,0,5.576525688171387,0.0,0,0,0,Line processing failed: 'list' object cannot be interpreted as an integer
umeh_dhernangdri_high quality(1),umeh_dhernangdri_high quality(1) - page 1,Ume_Druma,line,0.7,2.5,4.0,False,0.25,False,0,5.027186870574951,0.0,0,0,0,Line processing failed: 'list' object cannot be interpreted as an integer
umeh_dhernangdri_high quality(1),umeh_dhernangdri_high quality(1) - page 1,Ume_Druma,line,0.7,2.5,4.0,False,0.5,True,6,7.189532995223999,0.0,0,0,0,
umeh_dhernangdri_high quality(1),umeh_dhernangdri_high quality(1) - page 1,Ume_Druma,line,0.7,2.5,4.0,False,0.9,True,6,8.216650009155273,0.0,0,0,0,
umeh_dhernangdri_high quality(1),umeh_dhernangdri_high quality(1) - page 1,Ume_Druma,line,0.7,2.5,5.0,True,0.1,False,0,5.464356899261475,0.0,0,0,0,Line processing failed: 'list' object cannot be interpreted as an integer
umeh_dhernangdri_high quality(1),umeh_dhernangdri_high quality(1) - page 1,Ume_Druma,line,0.7,2.5,5.0,True,0.25,False,0,5.678555965423584,0.0,0,0,0,Line processing failed: 'list' object cannot be interpreted as an integer
umeh_dhernangdri_high quality(1),umeh_dhernangdri_high quality(1) - page 1,Ume_Druma,line,0.7,2.5,5.0,True,0.5,True,4,5.332512378692627,0.0,0,0,0,
umeh_dhernangdri_high quality(1),umeh_dhernangdri_high quality(1) - page 1,Ume_Druma,line,0.7,2.5,5.0,True,0.9,True,4,5.16348671913147,0.0,0,0,0,
umeh_dhernangdri_high quality(1),umeh_dhernangdri_high quality(1) - page 1,Ume_Druma,line,0.7,2.5,5.0,False,0.1,False,0,4.194594144821167,0.0,0,0,0,Line processing failed: 'list' object cannot be interpreted as an integer
umeh_dhernangdri_high quality(1),umeh_dhernangdri_high quality(1) - page 1,Ume_Druma,line,0.7,2.5,5.0,False,0.25,False,0,5.778654098510742,0.0,0,0,0,Line processing failed: 'list' object cannot be interpreted as an integer
umeh_dhernangdri_high quality(1),umeh_dhernangdri_high quality(1) - page 1,Ume_Druma,line,0.7,2.5,5.0,False,0.5,True,6,6.369802236557007,0.0,0,0,0,
umeh_dhernangdri_high quality(1),umeh_dhernangdri_high quality(1) - page 1,Ume_Druma,line,0.7,2.5,5.0,False,0.9,True,6,5.92455792427063,0.0,0,0,0,
umeh_dhernangdri_high quality(1),umeh_dhernangdri_high quality(1) - page 1,Ume_Druma,line,0.7,3.0,2.5,True,0.1,False,0,4.506547927856445,0.0,0,0,0,Line processing failed: 'list' object cannot be interpreted as an integer
umeh_dhernangdri_high quality(1),umeh_dhernangdri_high quality(1) - page 1,Ume_Druma,line,0.7,3.0,2.5,True,0.25,False,0,5.696683168411255,0.0,0,0,0,Line processing failed: 'list' object cannot be interpreted as an integer
umeh_dhernangdri_high quality(1),umeh_dhernangdri_high quality(1) - page 1,Ume_Druma,line,0.7,3.0,2.5,True,0.5,True,4,7.39222264289856,0.0,0,0,0,
umeh_dhernangdri_high quality(1),umeh_dhernangdri_high quality(1) - page 1,Ume_Druma,line,0.7,3.0,2.5,True,0.9,True,4,6.497543811798096,0.0,0,0,0,
umeh_dhernangdri_high quality(1),umeh_dhernangdri_high quality(1) - page 1,Ume_Druma,line,0.7,3.0,2.5,False,0.1,False,0,5.599862813949585,0.0,0,0,0,Line processing failed: 'list' object cannot be interpreted as an integer
umeh_dhernangdri_high quality(1),umeh_dhernangdri_high quality(1) - page 1,Ume_Druma,line,0.7,3.0,2.5,False,0.25,False,0,6.4426352977752686,0.0,0,0,0,Line processing failed: 'list' object cannot be interpreted as an integer
umeh_dhernangdri_high quality(1),umeh_dhernangdri_high quality(1) - page 1,Ume_Druma,line,0.7,3.0,2.5,False,0.5,True,6,7.878866910934448,0.0,0,0,0,
umeh_dhernangdri_high quality(1),umeh_dhernangdri_high quality(1) - page 1,Ume_Druma,line,0.7,3.0,2.5,False,0.9,True,6,6.886065483093262,0.0,0,0,0,
umeh_dhernangdri_high quality(1),umeh_dhernangdri_high quality(1) - page 1,Ume_Druma,line,0.7,3.0,3.5,True,0.1,False,0,4.329678058624268,0.0,0,0,0,Line processing failed: 'list' object cannot be interpreted as an integer
umeh_dhernangdri_high quality(1),umeh_dhernangdri_high quality(1) - page 1,Ume_Druma,line,0.7,3.0,3.5,True,0.25,False,0,4.190768241882324,0.0,0,0,0,Line processing failed: 'list' object cannot be interpreted as an integer
umeh_dhernangdri_high quality(1),umeh_dhernangdri_high quality(1) - page 1,Ume_Druma,line,0.7,3.0,3.5,True,0.5,True,4,5.643687009811401,0.0,0,0,0,
umeh_dhernangdri_high quality(1),umeh_dhernangdri_high quality(1) - page 1,Ume_Druma,line,0.7,3.0,3.5,True,0.9,True,4,7.192648887634277,0.0,0,0,0,
umeh_dhernangdri_high quality(1),umeh_dhernangdri_high quality(1) - page 1,Ume_Druma,line,0.7,3.0,3.5,False,0.1,False,0,4.058750152587891,0.0,0,0,0,Line processing failed: 'list' object cannot be interpreted as an integer
umeh_dhernangdri_high quality(1),umeh_dhernangdri_high quality(1) - page 1,Ume_Druma,line,0.7,3.0,3.5,False,0.25,False,0,4.169640064239502,0.0,0,0,0,Line processing failed: 'list' object cannot be interpreted as an integer
umeh_dhernangdri_high quality(1),umeh_dhernangdri_high quality(1) - page 1,Ume_Druma,line,0.7,3.0,3.5,False,0.5,True,6,6.040204763412476,0.0,0,0,0,
umeh_dhernangdri_high quality(1),umeh_dhernangdri_high quality(1) - page 1,Ume_Druma,line,0.7,3.0,3.5,False,0.9,True,6,7.6197638511657715,0.0,0,0,0,
umeh_dhernangdri_high quality(1),umeh_dhernangdri_high quality(1) - page 1,Ume_Druma,line,0.7,3.0,4.0,True,0.1,False,0,4.10629415512085,0.0,0,0,0,Line processing failed: 'list' object cannot be interpreted as an integer
umeh_dhernangdri_high quality(1),umeh_dhernangdri_high quality(1) - page 1,Ume_Druma,line,0.7,3.0,4.0,True,0.25,False,0,4.34266996383667,0.0,0,0,0,Line processing failed: 'list' object cannot be interpreted as an integer
umeh_dhernangdri_high quality(1),umeh_dhernangdri_high quality(1) - page 1,Ume_Druma,line,0.7,3.0,4.0,True,0.5,True,4,5.514357328414917,0.0,0,0,0,
umeh_dhernangdri_high quality(1),umeh_dhernangdri_high quality(1) - page 1,Ume_Druma,line,0.7,3.0,4.0,True,0.9,True,4,5.470484256744385,0.0,0,0,0,
umeh_dhernangdri_high quality(1),umeh_dhernangdri_high quality(1) - page 1,Ume_Druma,line,0.7,3.0,4.0,False,0.1,False,0,4.299132347106934,0.0,0,0,0,Line processing failed: 'list' object cannot be interpreted as an integer
umeh_dhernangdri_high quality(1),umeh_dhernangdri_high quality(1) - page 1,Ume_Druma,line,0.7,3.0,4.0,False,0.25,False,0,4.177692890167236,0.0,0,0,0,Line processing failed: 'list' object cannot be interpreted as an integer
umeh_dhernangdri_high quality(1),umeh_dhernangdri_high quality(1) - page 1,Ume_Druma,line,0.7,3.0,4.0,False,0.5,True,6,5.798285961151123,0.0,0,0,0,
umeh_dhernangdri_high quality(1),umeh_dhernangdri_high quality(1) - page 1,Ume_Druma,line,0.7,3.0,4.0,False,0.9,True,6,6.048240900039673,0.0,0,0,0,
umeh_dhernangdri_high quality(1),umeh_dhernangdri_high quality(1) - page 1,Ume_Druma,line,0.7,3.0,5.0,True,0.1,False,0,4.135240793228149,0.0,0,0,0,Line processing failed: 'list' object cannot be interpreted as an integer
umeh_dhernangdri_high quality(1),umeh_dhernangdri_high quality(1) - page 1,Ume_Druma,line,0.7,3.0,5.0,True,0.25,False,0,4.146695613861084,0.0,0,0,0,Line processing failed: 'list' object cannot be interpreted as an integer
umeh_dhernangdri_high quality(1),umeh_dhernangdri_high quality(1) - page 1,Ume_Druma,line,0.7,3.0,5.0,True,0.5,True,4,5.388112545013428,0.0,0,0,0,
umeh_dhernangdri_high quality(1),umeh_dhernangdri_high quality(1) - page 1,Ume_Druma,line,0.7,3.0,5.0,True,0.9,True,4,5.367861986160278,0.0,0,0,0,
umeh_dhernangdri_high quality(1),umeh_dhernangdri_high quality(1) - page 1,Ume_Druma,line,0.7,3.0,5.0,False,0.1,False,0,4.210393667221069,0.0,0,0,0,Line processing failed: 'list' object cannot be interpreted as an integer
umeh_dhernangdri_high quality(1),umeh_dhernangdri_high quality(1) - page 1,Ume_Druma,line,0.7,3.0,5.0,False,0.25,False,0,4.298330783843994,0.0,0,0,0,Line processing failed: 'list' object cannot be interpreted as an integer
umeh_dhernangdri_high quality(1),umeh_dhernangdri_high quality(1) - page 1,Ume_Druma,line,0.7,3.0,5.0,False,0.5,True,6,6.018538951873779,0.0,0,0,0,
umeh_dhernangdri_high quality(1),umeh_dhernangdri_high quality(1) - page 1,Ume_Druma,line,0.7,3.0,5.0,False,0.9,True,6,5.82199239730835,0.0,0,0,0,
umeh_dhernangdri_high quality(1),umeh_dhernangdri_high quality(1) - page 1,Ume_Druma,line,0.8,2.0,2.5,True,0.1,False,0,4.162952423095703,0.0,0,0,0,Line processing failed: 'list' object cannot be interpreted as an integer
umeh_dhernangdri_high quality(1),umeh_dhernangdri_high quality(1) - page 1,Ume_Druma,line,0.8,2.0,2.5,True,0.25,False,0,4.310272455215454,0.0,0,0,0,Line processing failed: 'list' object cannot be interpreted as an integer
umeh_dhernangdri_high quality(1),umeh_dhernangdri_high quality(1) - page 1,Ume_Druma,line,0.8,2.0,2.5,True,0.5,True,4,5.433177471160889,0.0,0,0,0,
umeh_dhernangdri_high quality(1),umeh_dhernangdri_high quality(1) - page 1,Ume_Druma,line,0.8,2.0,2.5,True,0.9,True,4,5.61420750617981,0.0,0,0,0,
umeh_dhernangdri_high quality(1),umeh_dhernangdri_high quality(1) - page 1,Ume_Druma,line,0.8,2.0,2.5,False,0.1,False,0,4.669698476791382,0.0,0,0,0,Line processing failed: 'list' object cannot be interpreted as an integer
umeh_dhernangdri_high quality(1),umeh_dhernangdri_high quality(1) - page 1,Ume_Druma,line,0.8,2.0,2.5,False,0.25,False,0,4.216914415359497,0.0,0,0,0,Line processing failed: 'list' object cannot be interpreted as an integer
umeh_dhernangdri_high quality(1),umeh_dhernangdri_high quality(1) - page 1,Ume_Druma,line,0.8,2.0,2.5,False,0.5,True,6,5.854461669921875,0.0,0,0,0,
umeh_dhernangdri_high quality(1),umeh_dhernangdri_high quality(1) - page 1,Ume_Druma,line,0.8,2.0,2.5,False,0.9,True,6,5.836712837219238,0.0,0,0,0,
umeh_dhernangdri_high quality(1),umeh_dhernangdri_high quality(1) - page 1,Ume_Druma,line,0.8,2.0,3.5,True,0.1,False,0,4.257858037948608,0.0,0,0,0,Line processing failed: 'list' object cannot be interpreted as an integer
umeh_dhernangdri_high quality(1),umeh_dhernangdri_high quality(1) - page 1,Ume_Druma,line,0.8,2.0,3.5,True,0.25,False,0,4.2328386306762695,0.0,0,0,0,Line processing failed: 'list' object cannot be interpreted as an integer
umeh_dhernangdri_high quality(1),umeh_dhernangdri_high quality(1) - page 1,Ume_Druma,line,0.8,2.0,3.5,True,0.5,True,4,5.06909966468811,0.0,0,0,0,
umeh_dhernangdri_high quality(1),umeh_dhernangdri_high quality(1) - page 1,Ume_Druma,line,0.8,2.0,3.5,True,0.9,True,4,5.067464351654053,0.0,0,0,0,
umeh_dhernangdri_high quality(1),umeh_dhernangdri_high quality(1) - page 1,Ume_Druma,line,0.8,2.0,3.5,False,0.1,False,0,4.155409097671509,0.0,0,0,0,Line processing failed: 'list' object cannot be interpreted as an integer
umeh_dhernangdri_high quality(1),umeh_dhernangdri_high quality(1) - page 1,Ume_Druma,line,0.8,2.0,3.5,False,0.25,False,0,4.211210489273071,0.0,0,0,0,Line processing failed: 'list' object cannot be interpreted as an integer
umeh_dhernangdri_high quality(1),umeh_dhernangdri_high quality(1) - page 1,Ume_Druma,line,0.8,2.0,3.5,False,0.5,True,6,5.567615985870361,0.0,0,0,0,
umeh_dhernangdri_high quality(1),umeh_dhernangdri_high quality(1) - page 1,Ume_Druma,line,0.8,2.0,3.5,False,0.9,True,6,5.399937868118286,0.0,0,0,0,
umeh_dhernangdri_high quality(1),umeh_dhernangdri_high quality(1) - page 1,Ume_Druma,line,0.8,2.0,4.0,True,0.1,False,0,4.157247304916382,0.0,0,0,0,Line processing failed: 'list' object cannot be interpreted as an integer
umeh_dhernangdri_high quality(1),umeh_dhernangdri_high quality(1) - page 1,Ume_Druma,line,0.8,2.0,4.0,True,0.25,False,0,4.7784929275512695,0.0,0,0,0,Line processing failed: 'list' object cannot be interpreted as an integer
umeh_dhernangdri_high quality(1),umeh_dhernangdri_high quality(1) - page 1,Ume_Druma,line,0.8,2.0,4.0,True,0.5,True,4,5.006441593170166,0.0,0,0,0,
umeh_dhernangdri_high quality(1),umeh_dhernangdri_high quality(1) - page 1,Ume_Druma,line,0.8,2.0,4.0,True,0.9,True,4,5.1798272132873535,0.0,0,0,0,
umeh_dhernangdri_high quality(1),umeh_dhernangdri_high quality(1) - page 1,Ume_Druma,line,0.8,2.0,4.0,False,0.1,False,0,4.167725324630737,0.0,0,0,0,Line processing failed: 'list' object cannot be interpreted as an integer
umeh_dhernangdri_high quality(1),umeh_dhernangdri_high quality(1) - page 1,Ume_Druma,line,0.8,2.0,4.0,False,0.25,False,0,4.1365439891815186,0.0,0,0,0,Line processing failed: 'list' object cannot be interpreted as an integer
umeh_dhernangdri_high quality(1),umeh_dhernangdri_high quality(1) - page 1,Ume_Druma,line,0.8,2.0,4.0,False,0.5,True,6,5.428208589553833,0.0,0,0,0,
umeh_dhernangdri_high quality(1),umeh_dhernangdri_high quality(1) - page 1,Ume_Druma,line,0.8,2.0,4.0,False,0.9,True,6,5.459461450576782,0.0,0,0,0,
umeh_dhernangdri_high quality(1),umeh_dhernangdri_high quality(1) - page 1,Ume_Druma,line,0.8,2.0,5.0,True,0.1,False,0,4.126996994018555,0.0,0,0,0,Line processing failed: 'list' object cannot be interpreted as an integer
umeh_dhernangdri_high quality(1),umeh_dhernangdri_high quality(1) - page 1,Ume_Druma,line,0.8,2.0,5.0,True,0.25,False,0,4.144009113311768,0.0,0,0,0,Line processing failed: 'list' object cannot be interpreted as an integer
umeh_dhernangdri_high quality(1),umeh_dhernangdri_high quality(1) - page 1,Ume_Druma,line,0.8,2.0,5.0,True,0.5,True,4,5.177241802215576,0.0,0,0,0,
umeh_dhernangdri_high quality(1),umeh_dhernangdri_high quality(1) - page 1,Ume_Druma,line,0.8,2.0,5.0,True,0.9,True,4,4.974075078964233,0.0,0,0,0,
umeh_dhernangdri_high quality(1),umeh_dhernangdri_high quality(1) - page 1,Ume_Druma,line,0.8,2.0,5.0,False,0.1,False,0,4.124699115753174,0.0,0,0,0,Line processing failed: 'list' object cannot be interpreted as an integer
umeh_dhernangdri_high quality(1),umeh_dhernangdri_high quality(1) - page 1,Ume_Druma,line,0.8,2.0,5.0,False,0.25,False,0,4.201629400253296,0.0,0,0,0,Line processing failed: 'list' object cannot be interpreted as an integer
umeh_dhernangdri_high quality(1),umeh_dhernangdri_high quality(1) - page 1,Ume_Druma,line,0.8,2.0,5.0,False,0.5,True,6,5.3538429737091064,0.0,0,0,0,
umeh_dhernangdri_high quality(1),umeh_dhernangdri_high quality(1) - page 1,Ume_Druma,line,0.8,2.0,5.0,False,0.9,True,6,4.605794429779053,0.0,0,0,0,
umeh_dhernangdri_high quality(1),umeh_dhernangdri_high quality(1) - page 1,Ume_Druma,line,0.8,2.5,2.5,True,0.1,False,0,3.4012978076934814,0.0,0,0,0,Line processing failed: 'list' object cannot be interpreted as an integer
umeh_dhernangdri_high quality(1),umeh_dhernangdri_high quality(1) - page 1,Ume_Druma,line,0.8,2.5,2.5,True,0.25,False,0,3.367281436920166,0.0,0,0,0,Line processing failed: 'list' object cannot be interpreted as an integer
umeh_dhernangdri_high quality(1),umeh_dhernangdri_high quality(1) - page 1,Ume_Druma,line,0.8,2.5,2.5,True,0.5,True,4,4.45938515663147,0.0,0,0,0,
umeh_dhernangdri_high quality(1),umeh_dhernangdri_high quality(1) - page 1,Ume_Druma,line,0.8,2.5,2.5,True,0.9,True,4,4.858814477920532,0.0,0,0,0,
umeh_dhernangdri_high quality(1),umeh_dhernangdri_high quality(1) - page 1,Ume_Druma,line,0.8,2.5,2.5,False,0.1,False,0,3.299140214920044,0.0,0,0,0,Line processing failed: 'list' object cannot be interpreted as an integer
umeh_dhernangdri_high quality(1),umeh_dhernangdri_high quality(1) - page 1,Ume_Druma,line,0.8,2.5,2.5,False,0.25,False,0,3.3559141159057617,0.0,0,0,0,Line processing failed: 'list' object cannot be interpreted as an integer
umeh_dhernangdri_high quality(1),umeh_dhernangdri_high quality(1) - page 1,Ume_Druma,line,0.8,2.5,2.5,False,0.5,True,6,4.623143434524536,0.0,0,0,0,
umeh_dhernangdri_high quality(1),umeh_dhernangdri_high quality(1) - page 1,Ume_Druma,line,0.8,2.5,2.5,False,0.9,True,6,4.575360059738159,0.0,0,0,0,
umeh_dhernangdri_high quality(1),umeh_dhernangdri_high quality(1) - page 1,Ume_Druma,line,0.8,2.5,3.5,True,0.1,False,0,3.330935478210449,0.0,0,0,0,Line processing failed: 'list' object cannot be interpreted as an integer
umeh_dhernangdri_high quality(1),umeh_dhernangdri_high quality(1) - page 1,Ume_Druma,line,0.8,2.5,3.5,True,0.25,False,0,3.4579696655273438,0.0,0,0,0,Line processing failed: 'list' object cannot be interpreted as an integer
umeh_dhernangdri_high quality(1),umeh_dhernangdri_high quality(1) - page 1,Ume_Druma,line,0.8,2.5,3.5,True,0.5,True,4,4.224034547805786,0.0,0,0,0,
umeh_dhernangdri_high quality(1),umeh_dhernangdri_high quality(1) - page 1,Ume_Druma,line,0.8,2.5,3.5,True,0.9,True,4,4.196892976760864,0.0,0,0,0,
umeh_dhernangdri_high quality(1),umeh_dhernangdri_high quality(1) - page 1,Ume_Druma,line,0.8,2.5,3.5,False,0.1,False,0,3.3260462284088135,0.0,0,0,0,Line processing failed: 'list' object cannot be interpreted as an integer
umeh_dhernangdri_high quality(1),umeh_dhernangdri_high quality(1) - page 1,Ume_Druma,line,0.8,2.5,3.5,False,0.25,False,0,3.3538644313812256,0.0,0,0,0,Line processing failed: 'list' object cannot be interpreted as an integer
umeh_dhernangdri_high quality(1),umeh_dhernangdri_high quality(1) - page 1,Ume_Druma,line,0.8,2.5,3.5,False,0.5,True,6,4.482820749282837,0.0,0,0,0,
umeh_dhernangdri_high quality(1),umeh_dhernangdri_high quality(1) - page 1,Ume_Druma,line,0.8,2.5,3.5,False,0.9,True,6,4.48479151725769,0.0,0,0,0,
umeh_dhernangdri_high quality(1),umeh_dhernangdri_high quality(1) - page 1,Ume_Druma,line,0.8,2.5,4.0,True,0.1,False,0,3.449763774871826,0.0,0,0,0,Line processing failed: 'list' object cannot be interpreted as an integer
umeh_dhernangdri_high quality(1),umeh_dhernangdri_high quality(1) - page 1,Ume_Druma,line,0.8,2.5,4.0,True,0.25,False,0,3.3610665798187256,0.0,0,0,0,Line processing failed: 'list' object cannot be interpreted as an integer
umeh_dhernangdri_high quality(1),umeh_dhernangdri_high quality(1) - page 1,Ume_Druma,line,0.8,2.5,4.0,True,0.5,True,4,6.539774656295776,0.0,0,0,0,
umeh_dhernangdri_high quality(1),umeh_dhernangdri_high quality(1) - page 1,Ume_Druma,line,0.8,2.5,4.0,True,0.9,True,4,3.9449920654296875,0.0,0,0,0,
umeh_dhernangdri_high quality(1),umeh_dhernangdri_high quality(1) - page 1,Ume_Druma,line,0.8,2.5,4.0,False,0.1,False,0,3.231109857559204,0.0,0,0,0,Line processing failed: 'list' object cannot be interpreted as an integer
umeh_dhernangdri_high quality(1),umeh_dhernangdri_high quality(1) - page 1,Ume_Druma,line,0.8,2.5,4.0,False,0.25,False,0,3.36836314201355,0.0,0,0,0,Line processing failed: 'list' object cannot be interpreted as an integer
umeh_dhernangdri_high quality(1),umeh_dhernangdri_high quality(1) - page 1,Ume_Druma,line,0.8,2.5,4.0,False,0.5,True,6,4.45315146446228,0.0,0,0,0,
umeh_dhernangdri_high quality(1),umeh_dhernangdri_high quality(1) - page 1,Ume_Druma,line,0.8,2.5,4.0,False,0.9,True,6,4.575519323348999,0.0,0,0,0,
umeh_dhernangdri_high quality(1),umeh_dhernangdri_high quality(1) - page 1,Ume_Druma,line,0.8,2.5,5.0,True,0.1,False,0,3.343623638153076,0.0,0,0,0,Line processing failed: 'list' object cannot be interpreted as an integer
umeh_dhernangdri_high quality(1),umeh_dhernangdri_high quality(1) - page 1,Ume_Druma,line,0.8,2.5,5.0,True,0.25,False,0,3.355290651321411,0.0,0,0,0,Line processing failed: 'list' object cannot be interpreted as an integer
umeh_dhernangdri_high quality(1),umeh_dhernangdri_high quality(1) - page 1,Ume_Druma,line,0.8,2.5,5.0,True,0.5,True,4,4.0984883308410645,0.0,0,0,0,
umeh_dhernangdri_high quality(1),umeh_dhernangdri_high quality(1) - page 1,Ume_Druma,line,0.8,2.5,5.0,True,0.9,True,4,4.086703538894653,0.0,0,0,0,
umeh_dhernangdri_high quality(1),umeh_dhernangdri_high quality(1) - page 1,Ume_Druma,line,0.8,2.5,5.0,False,0.1,False,0,3.3333396911621094,0.0,0,0,0,Line processing failed: 'list' object cannot be interpreted as an integer
umeh_dhernangdri_high quality(1),umeh_dhernangdri_high quality(1) - page 1,Ume_Druma,line,0.8,2.5,5.0,False,0.25,False,0,3.3555140495300293,0.0,0,0,0,Line processing failed: 'list' object cannot be interpreted as an integer
umeh_dhernangdri_high quality(1),umeh_dhernangdri_high quality(1) - page 1,Ume_Druma,line,0.8,2.5,5.0,False,0.5,True,6,4.3747217655181885,0.0,0,0,0,
umeh_dhernangdri_high quality(1),umeh_dhernangdri_high quality(1) - page 1,Ume_Druma,line,0.8,2.5,5.0,False,0.9,True,6,4.474457025527954,0.0,0,0,0,
umeh_dhernangdri_high quality(1),umeh_dhernangdri_high quality(1) - page 1,Ume_Druma,line,0.8,3.0,2.5,True,0.1,False,0,3.3452658653259277,0.0,0,0,0,Line processing failed: 'list' object cannot be interpreted as an integer
umeh_dhernangdri_high quality(1),umeh_dhernangdri_high quality(1) - page 1,Ume_Druma,line,0.8,3.0,2.5,True,0.25,False,0,3.3559744358062744,0.0,0,0,0,Line processing failed: 'list' object cannot be interpreted as an integer
umeh_dhernangdri_high quality(1),umeh_dhernangdri_high quality(1) - page 1,Ume_Druma,line,0.8,3.0,2.5,True,0.5,True,4,4.536689519882202,0.0,0,0,0,
umeh_dhernangdri_high quality(1),umeh_dhernangdri_high quality(1) - page 1,Ume_Druma,line,0.8,3.0,2.5,True,0.9,True,4,4.459109306335449,0.0,0,0,0,
umeh_dhernangdri_high quality(1),umeh_dhernangdri_high quality(1) - page 1,Ume_Druma,line,0.8,3.0,2.5,False,0.1,False,0,3.2939631938934326,0.0,0,0,0,Line processing failed: 'list' object cannot be interpreted as an integer
umeh_dhernangdri_high quality(1),umeh_dhernangdri_high quality(1) - page 1,Ume_Druma,line,0.8,3.0,2.5,False,0.25,False,0,3.3550992012023926,0.0,0,0,0,Line processing failed: 'list' object cannot be interpreted as an integer
umeh_dhernangdri_high quality(1),umeh_dhernangdri_high quality(1) - page 1,Ume_Druma,line,0.8,3.0,2.5,False,0.5,True,6,4.819989442825317,0.0,0,0,0,
umeh_dhernangdri_high quality(1),umeh_dhernangdri_high quality(1) - page 1,Ume_Druma,line,0.8,3.0,2.5,False,0.9,True,6,4.8292906284332275,0.0,0,0,0,
umeh_dhernangdri_high quality(1),umeh_dhernangdri_high quality(1) - page 1,Ume_Druma,line,0.8,3.0,3.5,True,0.1,False,0,3.2919962406158447,0.0,0,0,0,Line processing failed: 'list' object cannot be interpreted as an integer
umeh_dhernangdri_high quality(1),umeh_dhernangdri_high quality(1) - page 1,Ume_Druma,line,0.8,3.0,3.5,True,0.25,False,0,3.361215114593506,0.0,0,0,0,Line processing failed: 'list' object cannot be interpreted as an integer
umeh_dhernangdri_high quality(1),umeh_dhernangdri_high quality(1) - page 1,Ume_Druma,line,0.8,3.0,3.5,True,0.5,True,4,4.395217180252075,0.0,0,0,0,
umeh_dhernangdri_high quality(1),umeh_dhernangdri_high quality(1) - page 1,Ume_Druma,line,0.8,3.0,3.5,True,0.9,True,4,4.34033203125,0.0,0,0,0,
umeh_dhernangdri_high quality(1),umeh_dhernangdri_high quality(1) - page 1,Ume_Druma,line,0.8,3.0,3.5,False,0.1,False,0,3.302382230758667,0.0,0,0,0,Line processing failed: 'list' object cannot be interpreted as an integer
umeh_dhernangdri_high quality(1),umeh_dhernangdri_high quality(1) - page 1,Ume_Druma,line,0.8,3.0,3.5,False,0.25,False,0,3.4828314781188965,0.0,0,0,0,Line processing failed: 'list' object cannot be interpreted as an integer
umeh_dhernangdri_high quality(1),umeh_dhernangdri_high quality(1) - page 1,Ume_Druma,line,0.8,3.0,3.5,False,0.5,True,6,4.654181480407715,0.0,0,0,0,
umeh_dhernangdri_high quality(1),umeh_dhernangdri_high quality(1) - page 1,Ume_Druma,line,0.8,3.0,3.5,False,0.9,True,6,4.622717380523682,0.0,0,0,0,
umeh_dhernangdri_high quality(1),umeh_dhernangdri_high quality(1) - page 1,Ume_Druma,line,0.8,3.0,4.0,True,0.1,False,0,3.313394546508789,0.0,0,0,0,Line processing failed: 'list' object cannot be interpreted as an integer
umeh_dhernangdri_high quality(1),umeh_dhernangdri_high quality(1) - page 1,Ume_Druma,line,0.8,3.0,4.0,True,0.25,False,0,3.362957715988159,0.0,0,0,0,Line processing failed: 'list' object cannot be interpreted as an integer
umeh_dhernangdri_high quality(1),umeh_dhernangdri_high quality(1) - page 1,Ume_Druma,line,0.8,3.0,4.0,True,0.5,True,4,4.363838195800781,0.0,0,0,0,
umeh_dhernangdri_high quality(1),umeh_dhernangdri_high quality(1) - page 1,Ume_Druma,line,0.8,3.0,4.0,True,0.9,True,4,4.314935207366943,0.0,0,0,0,
umeh_dhernangdri_high quality(1),umeh_dhernangdri_high quality(1) - page 1,Ume_Druma,line,0.8,3.0,4.0,False,0.1,False,0,3.307417154312134,0.0,0,0,0,Line processing failed: 'list' object cannot be interpreted as an integer
umeh_dhernangdri_high quality(1),umeh_dhernangdri_high quality(1) - page 1,Ume_Druma,line,0.8,3.0,4.0,False,0.25,False,0,3.3906824588775635,0.0,0,0,0,Line processing failed: 'list' object cannot be interpreted as an integer
umeh_dhernangdri_high quality(1),umeh_dhernangdri_high quality(1) - page 1,Ume_Druma,line,0.8,3.0,4.0,False,0.5,True,6,4.6667258739471436,0.0,0,0,0,
umeh_dhernangdri_high quality(1),umeh_dhernangdri_high quality(1) - page 1,Ume_Druma,line,0.8,3.0,4.0,False,0.9,True,6,4.602590560913086,0.0,0,0,0,
umeh_dhernangdri_high quality(1),umeh_dhernangdri_high quality(1) - page 1,Ume_Druma,line,0.8,3.0,5.0,True,0.1,False,0,3.3126096725463867,0.0,0,0,0,Line processing failed: 'list' object cannot be interpreted as an integer
umeh_dhernangdri_high quality(1),umeh_dhernangdri_high quality(1) - page 1,Ume_Druma,line,0.8,3.0,5.0,True,0.25,False,0,3.369001865386963,0.0,0,0,0,Line processing failed: 'list' object cannot be interpreted as an integer
umeh_dhernangdri_high quality(1),umeh_dhernangdri_high quality(1) - page 1,Ume_Druma,line,0.8,3.0,5.0,True,0.5,True,4,4.26456618309021,0.0,0,0,0,
umeh_dhernangdri_high quality(1),umeh_dhernangdri_high quality(1) - page 1,Ume_Druma,line,0.8,3.0,5.0,True,0.9,True,4,4.243759632110596,0.0,0,0,0,
umeh_dhernangdri_high quality(1),umeh_dhernangdri_high quality(1) - page 1,Ume_Druma,line,0.8,3.0,5.0,False,0.1,False,0,3.3174984455108643,0.0,0,0,0,Line processing failed: 'list' object cannot be interpreted as an integer
umeh_dhernangdri_high quality(1),umeh_dhernangdri_high quality(1) - page 1,Ume_Druma,line,0.8,3.0,5.0,False,0.25,False,0,3.361736536026001,0.0,0,0,0,Line processing failed: 'list' object cannot be interpreted as an integer
umeh_dhernangdri_high quality(1),umeh_dhernangdri_high quality(1) - page 1,Ume_Druma,line,0.8,3.0,5.0,False,0.5,True,6,4.646302223205566,0.0,0,0,0,
umeh_dhernangdri_high quality(1),umeh_dhernangdri_high quality(1) - page 1,Ume_Druma,line,0.8,3.0,5.0,False,0.9,True,6,4.530574083328247,0.0,0,0,0,
umeh_dhernangdri_high quality(1),umeh_dhernangdri_high quality(1) - page 1,Ume_Druma,line,0.9,2.0,2.5,True,0.1,False,0,3.3327064514160156,0.0,0,0,0,Line processing failed: 'list' object cannot be interpreted as an integer
umeh_dhernangdri_high quality(1),umeh_dhernangdri_high quality(1) - page 1,Ume_Druma,line,0.9,2.0,2.5,True,0.25,False,0,3.3545169830322266,0.0,0,0,0,Line processing failed: 'list' object cannot be interpreted as an integer
umeh_dhernangdri_high quality(1),umeh_dhernangdri_high quality(1) - page 1,Ume_Druma,line,0.9,2.0,2.5,True,0.5,True,4,6.2521514892578125,0.0,0,0,0,
umeh_dhernangdri_high quality(1),umeh_dhernangdri_high quality(1) - page 1,Ume_Druma,line,0.9,2.0,2.5,True,0.9,True,4,3.913924217224121,0.0,0,0,0,
umeh_dhernangdri_high quality(1),umeh_dhernangdri_high quality(1) - page 1,Ume_Druma,line,0.9,2.0,2.5,False,0.1,False,0,3.332738161087036,0.0,0,0,0,Line processing failed: 'list' object cannot be interpreted as an integer
umeh_dhernangdri_high quality(1),umeh_dhernangdri_high quality(1) - page 1,Ume_Druma,line,0.9,2.0,2.5,False,0.25,False,0,3.4130122661590576,0.0,0,0,0,Line processing failed: 'list' object cannot be interpreted as an integer
umeh_dhernangdri_high quality(1),umeh_dhernangdri_high quality(1) - page 1,Ume_Druma,line,0.9,2.0,2.5,False,0.5,True,6,4.440636157989502,0.0,0,0,0,
umeh_dhernangdri_high quality(1),umeh_dhernangdri_high quality(1) - page 1,Ume_Druma,line,0.9,2.0,2.5,False,0.9,True,6,4.4270546436309814,0.0,0,0,0,
umeh_dhernangdri_high quality(1),umeh_dhernangdri_high quality(1) - page 1,Ume_Druma,line,0.9,2.0,3.5,True,0.1,False,0,3.3478691577911377,0.0,0,0,0,Line processing failed: 'list' object cannot be interpreted as an integer
umeh_dhernangdri_high quality(1),umeh_dhernangdri_high quality(1) - page 1,Ume_Druma,line,0.9,2.0,3.5,True,0.25,False,0,3.358207941055298,0.0,0,0,0,Line processing failed: 'list' object cannot be interpreted as an integer
umeh_dhernangdri_high quality(1),umeh_dhernangdri_high quality(1) - page 1,Ume_Druma,line,0.9,2.0,3.5,True,0.5,True,4,4.142567873001099,0.0,0,0,0,
umeh_dhernangdri_high quality(1),umeh_dhernangdri_high quality(1) - page 1,Ume_Druma,line,0.9,2.0,3.5,True,0.9,True,4,4.062703847885132,0.0,0,0,0,
umeh_dhernangdri_high quality(1),umeh_dhernangdri_high quality(1) - page 1,Ume_Druma,line,0.9,2.0,3.5,False,0.1,False,0,3.4515957832336426,0.0,0,0,0,Line processing failed: 'list' object cannot be interpreted as an integer
umeh_dhernangdri_high quality(1),umeh_dhernangdri_high quality(1) - page 1,Ume_Druma,line,0.9,2.0,3.5,False,0.25,False,0,3.3530826568603516,0.0,0,0,0,Line processing failed: 'list' object cannot be interpreted as an integer
umeh_dhernangdri_high quality(1),umeh_dhernangdri_high quality(1) - page 1,Ume_Druma,line,0.9,2.0,3.5,False,0.5,True,6,4.320822477340698,0.0,0,0,0,
umeh_dhernangdri_high quality(1),umeh_dhernangdri_high quality(1) - page 1,Ume_Druma,line,0.9,2.0,3.5,False,0.9,True,6,4.348578691482544,0.0,0,0,0,
umeh_dhernangdri_high quality(1),umeh_dhernangdri_high quality(1) - page 1,Ume_Druma,line,0.9,2.0,4.0,True,0.1,False,0,3.3494319915771484,0.0,0,0,0,Line processing failed: 'list' object cannot be interpreted as an integer
umeh_dhernangdri_high quality(1),umeh_dhernangdri_high quality(1) - page 1,Ume_Druma,line,0.9,2.0,4.0,True,0.25,False,0,3.3551430702209473,0.0,0,0,0,Line processing failed: 'list' object cannot be interpreted as an integer
umeh_dhernangdri_high quality(1),umeh_dhernangdri_high quality(1) - page 1,Ume_Druma,line,0.9,2.0,4.0,True,0.5,True,4,4.020438194274902,0.0,0,0,0,
umeh_dhernangdri_high quality(1),umeh_dhernangdri_high quality(1) - page 1,Ume_Druma,line,0.9,2.0,4.0,True,0.9,True,4,4.018735408782959,0.0,0,0,0,
umeh_dhernangdri_high quality(1),umeh_dhernangdri_high quality(1) - page 1,Ume_Druma,line,0.9,2.0,4.0,False,0.1,False,0,3.3802459239959717,0.0,0,0,0,Line processing failed: 'list' object cannot be interpreted as an integer
umeh_dhernangdri_high quality(1),umeh_dhernangdri_high quality(1) - page 1,Ume_Druma,line,0.9,2.0,4.0,False,0.25,False,0,3.438612461090088,0.0,0,0,0,Line processing failed: 'list' object cannot be interpreted as an integer
umeh_dhernangdri_high quality(1),umeh_dhernangdri_high quality(1) - page 1,Ume_Druma,line,0.9,2.0,4.0,False,0.5,True,6,4.285682678222656,0.0,0,0,0,
umeh_dhernangdri_high quality(1),umeh_dhernangdri_high quality(1) - page 1,Ume_Druma,line,0.9,2.0,4.0,False,0.9,True,6,4.29174542427063,0.0,0,0,0,
umeh_dhernangdri_high quality(1),umeh_dhernangdri_high quality(1) - page 1,Ume_Druma,line,0.9,2.0,5.0,True,0.1,False,0,3.350226879119873,0.0,0,0,0,Line processing failed: 'list' object cannot be interpreted as an integer
umeh_dhernangdri_high quality(1),umeh_dhernangdri_high quality(1) - page 1,Ume_Druma,line,0.9,2.0,5.0,True,0.25,False,0,3.354602098464966,0.0,0,0,0,Line processing failed: 'list' object cannot be interpreted as an integer
umeh_dhernangdri_high quality(1),umeh_dhernangdri_high quality(1) - page 1,Ume_Druma,line,0.9,2.0,5.0,True,0.5,True,4,3.9397051334381104,0.0,0,0,0,
umeh_dhernangdri_high quality(1),umeh_dhernangdri_high quality(1) - page 1,Ume_Druma,line,0.9,2.0,5.0,True,0.9,True,4,4.0448737144470215,0.0,0,0,0,
umeh_dhernangdri_high quality(1),umeh_dhernangdri_high quality(1) - page 1,Ume_Druma,line,0.9,2.0,5.0,False,0.1,False,0,3.3622939586639404,0.0,0,0,0,Line processing failed: 'list' object cannot be interpreted as an integer
umeh_dhernangdri_high quality(1),umeh_dhernangdri_high quality(1) - page 1,Ume_Druma,line,0.9,2.0,5.0,False,0.25,False,0,3.3532485961914062,0.0,0,0,0,Line processing failed: 'list' object cannot be interpreted as an integer
umeh_dhernangdri_high quality(1),umeh_dhernangdri_high quality(1) - page 1,Ume_Druma,line,0.9,2.0,5.0,False,0.5,True,6,4.279489994049072,0.0,0,0,0,
umeh_dhernangdri_high quality(1),umeh_dhernangdri_high quality(1) - page 1,Ume_Druma,line,0.9,2.0,5.0,False,0.9,True,6,4.23383355140686,0.0,0,0,0,
umeh_dhernangdri_high quality(1),umeh_dhernangdri_high quality(1) - page 1,Ume_Druma,line,0.9,2.5,2.5,True,0.1,False,0,3.3519911766052246,0.0,0,0,0,Line processing failed: 'list' object cannot be interpreted as an integer
umeh_dhernangdri_high quality(1),umeh_dhernangdri_high quality(1) - page 1,Ume_Druma,line,0.9,2.5,2.5,True,0.25,False,0,3.3679356575012207,0.0,0,0,0,Line processing failed: 'list' object cannot be interpreted as an integer
umeh_dhernangdri_high quality(1),umeh_dhernangdri_high quality(1) - page 1,Ume_Druma,line,0.9,2.5,2.5,True,0.5,True,4,4.333993434906006,0.0,0,0,0,
umeh_dhernangdri_high quality(1),umeh_dhernangdri_high quality(1) - page 1,Ume_Druma,line,0.9,2.5,2.5,True,0.9,True,4,4.309992790222168,0.0,0,0,0,
umeh_dhernangdri_high quality(1),umeh_dhernangdri_high quality(1) - page 1,Ume_Druma,line,0.9,2.5,2.5,False,0.1,False,0,3.3447601795196533,0.0,0,0,0,Line processing failed: 'list' object cannot be interpreted as an integer
umeh_dhernangdri_high quality(1),umeh_dhernangdri_high quality(1) - page 1,Ume_Druma,line,0.9,2.5,2.5,False,0.25,False,0,3.3613569736480713,0.0,0,0,0,Line processing failed: 'list' object cannot be interpreted as an integer
umeh_dhernangdri_high quality(1),umeh_dhernangdri_high quality(1) - page 1,Ume_Druma,line,0.9,2.5,2.5,False,0.5,True,6,7.085998773574829,0.0,0,0,0,
umeh_dhernangdri_high quality(1),umeh_dhernangdri_high quality(1) - page 1,Ume_Druma,line,0.9,2.5,2.5,False,0.9,True,6,4.897812843322754,0.0,0,0,0,
umeh_dhernangdri_high quality(1),umeh_dhernangdri_high quality(1) - page 1,Ume_Druma,line,0.9,2.5,3.5,True,0.1,False,0,3.1108837127685547,0.0,0,0,0,Line processing failed: 'list' object cannot be interpreted as an integer
umeh_dhernangdri_high quality(1),umeh_dhernangdri_high quality(1) - page 1,Ume_Druma,line,0.9,2.5,3.5,True,0.25,False,0,3.3534719944000244,0.0,0,0,0,Line processing failed: 'list' object cannot be interpreted as an integer
umeh_dhernangdri_high quality(1),umeh_dhernangdri_high quality(1) - page 1,Ume_Druma,line,0.9,2.5,3.5,True,0.5,True,4,4.334516763687134,0.0,0,0,0,
umeh_dhernangdri_high quality(1),umeh_dhernangdri_high quality(1) - page 1,Ume_Druma,line,0.9,2.5,3.5,True,0.9,True,4,4.197579622268677,0.0,0,0,0,
umeh_dhernangdri_high quality(1),umeh_dhernangdri_high quality(1) - page 1,Ume_Druma,line,0.9,2.5,3.5,False,0.1,False,0,3.3284988403320312,0.0,0,0,0,Line processing failed: 'list' object cannot be interpreted as an integer
umeh_dhernangdri_high quality(1),umeh_dhernangdri_high quality(1) - page 1,Ume_Druma,line,0.9,2.5,3.5,False,0.25,False,0,3.350774049758911,0.0,0,0,0,Line processing failed: 'list' object cannot be interpreted as an integer
umeh_dhernangdri_high quality(1),umeh_dhernangdri_high quality(1) - page 1,Ume_Druma,line,0.9,2.5,3.5,False,0.5,True,6,4.483274459838867,0.0,0,0,0,
umeh_dhernangdri_high quality(1),umeh_dhernangdri_high quality(1) - page 1,Ume_Druma,line,0.9,2.5,3.5,False,0.9,True,6,4.480952024459839,0.0,0,0,0,
umeh_dhernangdri_high quality(1),umeh_dhernangdri_high quality(1) - page 1,Ume_Druma,line,0.9,2.5,4.0,True,0.1,False,0,3.328709363937378,0.0,0,0,0,Line processing failed: 'list' object cannot be interpreted as an integer
umeh_dhernangdri_high quality(1),umeh_dhernangdri_high quality(1) - page 1,Ume_Druma,line,0.9,2.5,4.0,True,0.25,False,0,3.3485734462738037,0.0,0,0,0,Line processing failed: 'list' object cannot be interpreted as an integer
umeh_dhernangdri_high quality(1),umeh_dhernangdri_high quality(1) - page 1,Ume_Druma,line,0.9,2.5,4.0,True,0.5,True,4,4.193714380264282,0.0,0,0,0,
umeh_dhernangdri_high quality(1),umeh_dhernangdri_high quality(1) - page 1,Ume_Druma,line,0.9,2.5,4.0,True,0.9,True,4,4.190043687820435,0.0,0,0,0,
umeh_dhernangdri_high quality(1),umeh_dhernangdri_high quality(1) - page 1,Ume_Druma,line,0.9,2.5,4.0,False,0.1,False,0,3.332723379135132,0.0,0,0,0,Line processing failed: 'list' object cannot be interpreted as an integer
umeh_dhernangdri_high quality(1),umeh_dhernangdri_high quality(1) - page 1,Ume_Druma,line,0.9,2.5,4.0,False,0.25,False,0,3.442391872406006,0.0,0,0,0,Line processing failed: 'list' object cannot be interpreted as an integer
umeh_dhernangdri_high quality(1),umeh_dhernangdri_high quality(1) - page 1,Ume_Druma,line,0.9,2.5,4.0,False,0.5,True,6,4.453138828277588,0.0,0,0,0,
umeh_dhernangdri_high quality(1),umeh_dhernangdri_high quality(1) - page 1,Ume_Druma,line,0.9,2.5,4.0,False,0.9,True,6,4.426048278808594,0.0,0,0,0,
umeh_dhernangdri_high quality(1),umeh_dhernangdri_high quality(1) - page 1,Ume_Druma,line,0.9,2.5,5.0,True,0.1,False,0,3.4297962188720703,0.0,0,0,0,Line processing failed: 'list' object cannot be interpreted as an integer
umeh_dhernangdri_high quality(1),umeh_dhernangdri_high quality(1) - page 1,Ume_Druma,line,0.9,2.5,5.0,True,0.25,False,0,3.370845317840576,0.0,0,0,0,Line processing failed: 'list' object cannot be interpreted as an integer
umeh_dhernangdri_high quality(1),umeh_dhernangdri_high quality(1) - page 1,Ume_Druma,line,0.9,2.5,5.0,True,0.5,True,4,4.1166675090789795,0.0,0,0,0,
umeh_dhernangdri_high quality(1),umeh_dhernangdri_high quality(1) - page 1,Ume_Druma,line,0.9,2.5,5.0,True,0.9,True,4,4.111208200454712,0.0,0,0,0,
umeh_dhernangdri_high quality(1),umeh_dhernangdri_high quality(1) - page 1,Ume_Druma,line,0.9,2.5,5.0,False,0.1,False,0,3.3597848415374756,0.0,0,0,0,Line processing failed: 'list' object cannot be interpreted as an integer
umeh_dhernangdri_high quality(1),umeh_dhernangdri_high quality(1) - page 1,Ume_Druma,line,0.9,2.5,5.0,False,0.25,False,0,3.3582868576049805,0.0,0,0,0,Line processing failed: 'list' object cannot be interpreted as an integer
umeh_dhernangdri_high quality(1),umeh_dhernangdri_high quality(1) - page 1,Ume_Druma,line,0.9,2.5,5.0,False,0.5,True,6,4.364365100860596,0.0,0,0,0,
umeh_dhernangdri_high quality(1),umeh_dhernangdri_high quality(1) - page 1,Ume_Druma,line,0.9,2.5,5.0,False,0.9,True,6,4.381338357925415,0.0,0,0,0,
umeh_dhernangdri_high quality(1),umeh_dhernangdri_high quality(1) - page 1,Ume_Druma,line,0.9,3.0,2.5,True,0.1,False,0,3.3482298851013184,0.0,0,0,0,Line processing failed: 'list' object cannot be interpreted as an integer
umeh_dhernangdri_high quality(1),umeh_dhernangdri_high quality(1) - page 1,Ume_Druma,line,0.9,3.0,2.5,True,0.25,False,0,3.3514246940612793,0.0,0,0,0,Line processing failed: 'list' object cannot be interpreted as an integer
umeh_dhernangdri_high quality(1),umeh_dhernangdri_high quality(1) - page 1,Ume_Druma,line,0.9,3.0,2.5,True,0.5,True,4,4.5647132396698,0.0,0,0,0,
umeh_dhernangdri_high quality(1),umeh_dhernangdri_high quality(1) - page 1,Ume_Druma,line,0.9,3.0,2.5,True,0.9,True,4,4.46192479133606,0.0,0,0,0,
umeh_dhernangdri_high quality(1),umeh_dhernangdri_high quality(1) - page 1,Ume_Druma,line,0.9,3.0,2.5,False,0.1,False,0,3.3727993965148926,0.0,0,0,0,Line processing failed: 'list' object cannot be interpreted as an integer
umeh_dhernangdri_high quality(1),umeh_dhernangdri_high quality(1) - page 1,Ume_Druma,line,0.9,3.0,2.5,False,0.25,False,0,3.3585689067840576,0.0,0,0,0,Line processing failed: 'list' object cannot be interpreted as an integer
umeh_dhernangdri_high quality(1),umeh_dhernangdri_high quality(1) - page 1,Ume_Druma,line,0.9,3.0,2.5,False,0.5,True,6,4.793221712112427,0.0,0,0,0,
umeh_dhernangdri_high quality(1),umeh_dhernangdri_high quality(1) - page 1,Ume_Druma,line,0.9,3.0,2.5,False,0.9,True,6,4.833282709121704,0.0,0,0,0,
umeh_dhernangdri_high quality(1),umeh_dhernangdri_high quality(1) - page 1,Ume_Druma,line,0.9,3.0,3.5,True,0.1,False,0,3.298582077026367,0.0,0,0,0,Line processing failed: 'list' object cannot be interpreted as an integer
umeh_dhernangdri_high quality(1),umeh_dhernangdri_high quality(1) - page 1,Ume_Druma,line,0.9,3.0,3.5,True,0.25,False,0,3.352585554122925,0.0,0,0,0,Line processing failed: 'list' object cannot be interpreted as an integer
umeh_dhernangdri_high quality(1),umeh_dhernangdri_high quality(1) - page 1,Ume_Druma,line,0.9,3.0,3.5,True,0.5,True,4,4.402471542358398,0.0,0,0,0,
umeh_dhernangdri_high quality(1),umeh_dhernangdri_high quality(1) - page 1,Ume_Druma,line,0.9,3.0,3.5,True,0.9,True,4,4.34034538269043,0.0,0,0,0,
umeh_dhernangdri_high quality(1),umeh_dhernangdri_high quality(1) - page 1,Ume_Druma,line,0.9,3.0,3.5,False,0.1,False,0,3.3101272583007812,0.0,0,0,0,Line processing failed: 'list' object cannot be interpreted as an integer
umeh_dhernangdri_high quality(1),umeh_dhernangdri_high quality(1) - page 1,Ume_Druma,line,0.9,3.0,3.5,False,0.25,False,0,3.3589894771575928,0.0,0,0,0,Line processing failed: 'list' object cannot be interpreted as an integer
umeh_dhernangdri_high quality(1),umeh_dhernangdri_high quality(1) - page 1,Ume_Druma,line,0.9,3.0,3.5,False,0.5,True,6,4.667564153671265,0.0,0,0,0,
umeh_dhernangdri_high quality(1),umeh_dhernangdri_high quality(1) - page 1,Ume_Druma,line,0.9,3.0,3.5,False,0.9,True,6,4.636033296585083,0.0,0,0,0,
umeh_dhernangdri_high quality(1),umeh_dhernangdri_high quality(1) - page 1,Ume_Druma,line,0.9,3.0,4.0,True,0.1,False,0,3.3050734996795654,0.0,0,0,0,Line processing failed: 'list' object cannot be interpreted as an integer
umeh_dhernangdri_high quality(1),umeh_dhernangdri_high quality(1) - page 1,Ume_Druma,line,0.9,3.0,4.0,True,0.25,False,0,3.357638120651245,0.0,0,0,0,Line processing failed: 'list' object cannot be interpreted as an integer
umeh_dhernangdri_high quality(1),umeh_dhernangdri_high quality(1) - page 1,Ume_Druma,line,0.9,3.0,4.0,True,0.5,True,4,4.404804944992065,0.0,0,0,0,
umeh_dhernangdri_high quality(1),umeh_dhernangdri_high quality(1) - page 1,Ume_Druma,line,0.9,3.0,4.0,True,0.9,True,4,4.628247022628784,0.0,0,0,0,
umeh_dhernangdri_high quality(1),umeh_dhernangdri_high quality(1) - page 1,Ume_Druma,line,0.9,3.0,4.0,False,0.1,False,0,3.234940767288208,0.0,0,0,0,Line processing failed: 'list' object cannot be interpreted as an integer
umeh_dhernangdri_high quality(1),umeh_dhernangdri_high quality(1) - page 1,Ume_Druma,line,0.9,3.0,4.0,False,0.25,False,0,3.3675551414489746,0.0,0,0,0,Line processing failed: 'list' object cannot be interpreted as an integer
umeh_dhernangdri_high quality(1),umeh_dhernangdri_high quality(1) - page 1,Ume_Druma,line,0.9,3.0,4.0,False,0.5,True,6,4.715843915939331,0.0,0,0,0,
umeh_dhernangdri_high quality(1),umeh_dhernangdri_high quality(1) - page 1,Ume_Druma,line,0.9,3.0,4.0,False,0.9,True,6,4.6019346714019775,0.0,0,0,0,
umeh_dhernangdri_high quality(1),umeh_dhernangdri_high quality(1) - page 1,Ume_Druma,line,0.9,3.0,5.0,True,0.1,False,0,3.3151113986968994,0.0,0,0,0,Line processing failed: 'list' object cannot be interpreted as an integer
umeh_dhernangdri_high quality(1),umeh_dhernangdri_high quality(1) - page 1,Ume_Druma,line,0.9,3.0,5.0,True,0.25,False,0,3.3676700592041016,0.0,0,0,0,Line processing failed: 'list' object cannot be interpreted as an integer
umeh_dhernangdri_high quality(1),umeh_dhernangdri_high quality(1) - page 1,Ume_Druma,line,0.9,3.0,5.0,True,0.5,True,4,4.2806236743927,0.0,0,0,0,
umeh_dhernangdri_high quality(1),umeh_dhernangdri_high quality(1) - page 1,Ume_Druma,line,0.9,3.0,5.0,True,0.9,True,4,4.261121034622192,0.0,0,0,0,
umeh_dhernangdri_high quality(1),umeh_dhernangdri_high quality(1) - page 1,Ume_Druma,line,0.9,3.0,5.0,False,0.1,False,0,3.3164632320404053,0.0,0,0,0,Line processing failed: 'list' object cannot be interpreted as an integer
umeh_dhernangdri_high quality(1),umeh_dhernangdri_high quality(1) - page 1,Ume_Druma,line,0.9,3.0,5.0,False,0.25,False,0,3.3645026683807373,0.0,0,0,0,Line processing failed: 'list' object cannot be interpreted as an integer
umeh_dhernangdri_high quality(1),umeh_dhernangdri_high quality(1) - page 1,Ume_Druma,line,0.9,3.0,5.0,False,0.5,True,6,4.5443150997161865,0.0,0,0,0,
umeh_dhernangdri_high quality(1),umeh_dhernangdri_high quality(1) - page 1,Ume_Druma,line,0.9,3.0,5.0,False,0.9,True,6,4.51470422744751,0.0,0,0,0,
umeh_dhernangdri_high quality(1),umeh_dhernangdri_high quality(1) - page 1,Ume_Druma,layout,0.7,2.0,2.5,True,0.1,False,0,4.050356149673462,0.0,0,0,0,No lines detected
umeh_dhernangdri_high quality(1),umeh_dhernangdri_high quality(1) - page 1,Ume_Druma,layout,0.7,2.0,2.5,True,0.25,False,0,3.505256175994873,0.0,0,0,0,No lines detected
umeh_dhernangdri_high quality(1),umeh_dhernangdri_high quality(1) - page 1,Ume_Druma,layout,0.7,2.0,2.5,True,0.5,False,0,3.4686965942382812,0.0,0,0,0,No lines detected
umeh_dhernangdri_high quality(1),umeh_dhernangdri_high quality(1) - page 1,Ume_Druma,layout,0.7,2.0,2.5,True,0.9,False,0,3.56911039352417,0.0,0,0,0,No lines detected
umeh_dhernangdri_high quality(1),umeh_dhernangdri_high quality(1) - page 1,Ume_Druma,layout,0.7,2.0,2.5,False,0.1,False,0,3.561067819595337,0.0,0,0,0,No lines detected
umeh_dhernangdri_high quality(1),umeh_dhernangdri_high quality(1) - page 1,Ume_Druma,layout,0.7,2.0,2.5,False,0.25,False,0,3.484194278717041,0.0,0,0,0,No lines detected
umeh_dhernangdri_high quality(1),umeh_dhernangdri_high quality(1) - page 1,Ume_Druma,layout,0.7,2.0,2.5,False,0.5,False,0,3.4652483463287354,0.0,0,0,0,No lines detected
umeh_dhernangdri_high quality(1),umeh_dhernangdri_high quality(1) - page 1,Ume_Druma,layout,0.7,2.0,2.5,False,0.9,False,0,3.470837354660034,0.0,0,0,0,No lines detected
umeh_dhernangdri_high quality(1),umeh_dhernangdri_high quality(1) - page 1,Ume_Druma,layout,0.7,2.0,3.5,True,0.1,False,0,3.4736006259918213,0.0,0,0,0,No lines detected
umeh_dhernangdri_high quality(1),umeh_dhernangdri_high quality(1) - page 1,Ume_Druma,layout,0.7,2.0,3.5,True,0.25,False,0,3.4801855087280273,0.0,0,0,0,No lines detected
umeh_dhernangdri_high quality(1),umeh_dhernangdri_high quality(1) - page 1,Ume_Druma,layout,0.7,2.0,3.5,True,0.5,False,0,3.4651544094085693,0.0,0,0,0,No lines detected
umeh_dhernangdri_high quality(1),umeh_dhernangdri_high quality(1) - page 1,Ume_Druma,layout,0.7,2.0,3.5,True,0.9,False,0,3.4696688652038574,0.0,0,0,0,No lines detected
umeh_dhernangdri_high quality(1),umeh_dhernangdri_high quality(1) - page 1,Ume_Druma,layout,0.7,2.0,3.5,False,0.1,False,0,3.4690358638763428,0.0,0,0,0,No lines detected
umeh_dhernangdri_high quality(1),umeh_dhernangdri_high quality(1) - page 1,Ume_Druma,layout,0.7,2.0,3.5,False,0.25,False,0,3.484722852706909,0.0,0,0,0,No lines detected
umeh_dhernangdri_high quality(1),umeh_dhernangdri_high quality(1) - page 1,Ume_Druma,layout,0.7,2.0,3.5,False,0.5,False,0,3.4852311611175537,0.0,0,0,0,No lines detected
umeh_dhernangdri_high quality(1),umeh_dhernangdri_high quality(1) - page 1,Ume_Druma,layout,0.7,2.0,3.5,False,0.9,False,0,3.4706599712371826,0.0,0,0,0,No lines detected
umeh_dhernangdri_high quality(1),umeh_dhernangdri_high quality(1) - page 1,Ume_Druma,layout,0.7,2.0,4.0,True,0.1,False,0,3.4750893115997314,0.0,0,0,0,No lines detected
umeh_dhernangdri_high quality(1),umeh_dhernangdri_high quality(1) - page 1,Ume_Druma,layout,0.7,2.0,4.0,True,0.25,False,0,3.473860263824463,0.0,0,0,0,No lines detected
umeh_dhernangdri_high quality(1),umeh_dhernangdri_high quality(1) - page 1,Ume_Druma,layout,0.7,2.0,4.0,True,0.5,False,0,3.514265775680542,0.0,0,0,0,No lines detected
umeh_dhernangdri_high quality(1),umeh_dhernangdri_high quality(1) - page 1,Ume_Druma,layout,0.7,2.0,4.0,True,0.9,False,0,3.5772736072540283,0.0,0,0,0,No lines detected
umeh_dhernangdri_high quality(1),umeh_dhernangdri_high quality(1) - page 1,Ume_Druma,layout,0.7,2.0,4.0,False,0.1,False,0,3.5699892044067383,0.0,0,0,0,No lines detected
umeh_dhernangdri_high quality(1),umeh_dhernangdri_high quality(1) - page 1,Ume_Druma,layout,0.7,2.0,4.0,False,0.25,False,0,3.4678993225097656,0.0,0,0,0,No lines detected
umeh_dhernangdri_high quality(1),umeh_dhernangdri_high quality(1) - page 1,Ume_Druma,layout,0.7,2.0,4.0,False,0.5,False,0,3.472324848175049,0.0,0,0,0,No lines detected
umeh_dhernangdri_high quality(1),umeh_dhernangdri_high quality(1) - page 1,Ume_Druma,layout,0.7,2.0,4.0,False,0.9,False,0,3.4603188037872314,0.0,0,0,0,No lines detected
umeh_dhernangdri_high quality(1),umeh_dhernangdri_high quality(1) - page 1,Ume_Druma,layout,0.7,2.0,5.0,True,0.1,False,0,3.478618860244751,0.0,0,0,0,No lines detected
umeh_dhernangdri_high quality(1),umeh_dhernangdri_high quality(1) - page 1,Ume_Druma,layout,0.7,2.0,5.0,True,0.25,False,0,3.4641799926757812,0.0,0,0,0,No lines detected
umeh_dhernangdri_high quality(1),umeh_dhernangdri_high quality(1) - page 1,Ume_Druma,layout,0.7,2.0,5.0,True,0.5,False,0,3.4819233417510986,0.0,0,0,0,No lines detected
umeh_dhernangdri_high quality(1),umeh_dhernangdri_high quality(1) - page 1,Ume_Druma,layout,0.7,2.0,5.0,True,0.9,False,0,3.4672956466674805,0.0,0,0,0,No lines detected
umeh_dhernangdri_high quality(1),umeh_dhernangdri_high quality(1) - page 1,Ume_Druma,layout,0.7,2.0,5.0,False,0.1,False,0,3.471682071685791,0.0,0,0,0,No lines detected
umeh_dhernangdri_high quality(1),umeh_dhernangdri_high quality(1) - page 1,Ume_Druma,layout,0.7,2.0,5.0,False,0.25,False,0,3.465219020843506,0.0,0,0,0,No lines detected
umeh_dhernangdri_high quality(1),umeh_dhernangdri_high quality(1) - page 1,Ume_Druma,layout,0.7,2.0,5.0,False,0.5,False,0,3.475026845932007,0.0,0,0,0,No lines detected
umeh_dhernangdri_high quality(1),umeh_dhernangdri_high quality(1) - page 1,Ume_Druma,layout,0.7,2.0,5.0,False,0.9,False,0,3.4897825717926025,0.0,0,0,0,No lines detected
umeh_dhernangdri_high quality(1),umeh_dhernangdri_high quality(1) - page 1,Ume_Druma,layout,0.7,2.5,2.5,True,0.1,False,0,3.471038579940796,0.0,0,0,0,No lines detected
umeh_dhernangdri_high quality(1),umeh_dhernangdri_high quality(1) - page 1,Ume_Druma,layout,0.7,2.5,2.5,True,0.25,False,0,3.4680089950561523,0.0,0,0,0,No lines detected
umeh_dhernangdri_high quality(1),umeh_dhernangdri_high quality(1) - page 1,Ume_Druma,layout,0.7,2.5,2.5,True,0.5,False,0,3.5890145301818848,0.0,0,0,0,No lines detected
umeh_dhernangdri_high quality(1),umeh_dhernangdri_high quality(1) - page 1,Ume_Druma,layout,0.7,2.5,2.5,True,0.9,False,0,3.5012197494506836,0.0,0,0,0,No lines detected
umeh_dhernangdri_high quality(1),umeh_dhernangdri_high quality(1) - page 1,Ume_Druma,layout,0.7,2.5,2.5,False,0.1,False,0,3.4786765575408936,0.0,0,0,0,No lines detected
umeh_dhernangdri_high quality(1),umeh_dhernangdri_high quality(1) - page 1,Ume_Druma,layout,0.7,2.5,2.5,False,0.25,False,0,3.550290822982788,0.0,0,0,0,No lines detected
umeh_dhernangdri_high quality(1),umeh_dhernangdri_high quality(1) - page 1,Ume_Druma,layout,0.7,2.5,2.5,False,0.5,False,0,3.464909791946411,0.0,0,0,0,No lines detected
umeh_dhernangdri_high quality(1),umeh_dhernangdri_high quality(1) - page 1,Ume_Druma,layout,0.7,2.5,2.5,False,0.9,False,0,3.4737398624420166,0.0,0,0,0,No lines detected
umeh_dhernangdri_high quality(1),umeh_dhernangdri_high quality(1) - page 1,Ume_Druma,layout,0.7,2.5,3.5,True,0.1,False,0,3.4709978103637695,0.0,0,0,0,No lines detected
umeh_dhernangdri_high quality(1),umeh_dhernangdri_high quality(1) - page 1,Ume_Druma,layout,0.7,2.5,3.5,True,0.25,False,0,3.4578158855438232,0.0,0,0,0,No lines detected
umeh_dhernangdri_high quality(1),umeh_dhernangdri_high quality(1) - page 1,Ume_Druma,layout,0.7,2.5,3.5,True,0.5,False,0,3.4743237495422363,0.0,0,0,0,No lines detected
umeh_dhernangdri_high quality(1),umeh_dhernangdri_high quality(1) - page 1,Ume_Druma,layout,0.7,2.5,3.5,True,0.9,False,0,3.455886125564575,0.0,0,0,0,No lines detected
umeh_dhernangdri_high quality(1),umeh_dhernangdri_high quality(1) - page 1,Ume_Druma,layout,0.7,2.5,3.5,False,0.1,False,0,3.487276554107666,0.0,0,0,0,No lines detected
umeh_dhernangdri_high quality(1),umeh_dhernangdri_high quality(1) - page 1,Ume_Druma,layout,0.7,2.5,3.5,False,0.25,False,0,3.468484401702881,0.0,0,0,0,No lines detected
umeh_dhernangdri_high quality(1),umeh_dhernangdri_high quality(1) - page 1,Ume_Druma,layout,0.7,2.5,3.5,False,0.5,False,0,3.4585306644439697,0.0,0,0,0,No lines detected
umeh_dhernangdri_high quality(1),umeh_dhernangdri_high quality(1) - page 1,Ume_Druma,layout,0.7,2.5,3.5,False,0.9,False,0,3.460509777069092,0.0,0,0,0,No lines detected
umeh_dhernangdri_high quality(1),umeh_dhernangdri_high quality(1) - page 1,Ume_Druma,layout,0.7,2.5,4.0,True,0.1,False,0,3.5704262256622314,0.0,0,0,0,No lines detected
umeh_dhernangdri_high quality(1),umeh_dhernangdri_high quality(1) - page 1,Ume_Druma,layout,0.7,2.5,4.0,True,0.25,False,0,3.456883430480957,0.0,0,0,0,No lines detected
umeh_dhernangdri_high quality(1),umeh_dhernangdri_high quality(1) - page 1,Ume_Druma,layout,0.7,2.5,4.0,True,0.5,False,0,3.4642767906188965,0.0,0,0,0,No lines detected
umeh_dhernangdri_high quality(1),umeh_dhernangdri_high quality(1) - page 1,Ume_Druma,layout,0.7,2.5,4.0,True,0.9,False,0,3.4657304286956787,0.0,0,0,0,No lines detected
umeh_dhernangdri_high quality(1),umeh_dhernangdri_high quality(1) - page 1,Ume_Druma,layout,0.7,2.5,4.0,False,0.1,False,0,3.4656600952148438,0.0,0,0,0,No lines detected
umeh_dhernangdri_high quality(1),umeh_dhernangdri_high quality(1) - page 1,Ume_Druma,layout,0.7,2.5,4.0,False,0.25,False,0,3.4711382389068604,0.0,0,0,0,No lines detected
umeh_dhernangdri_high quality(1),umeh_dhernangdri_high quality(1) - page 1,Ume_Druma,layout,0.7,2.5,4.0,False,0.5,False,0,3.516522169113159,0.0,0,0,0,No lines detected
umeh_dhernangdri_high quality(1),umeh_dhernangdri_high quality(1) - page 1,Ume_Druma,layout,0.7,2.5,4.0,False,0.9,False,0,3.453334093093872,0.0,0,0,0,No lines detected
umeh_dhernangdri_high quality(1),umeh_dhernangdri_high quality(1) - page 1,Ume_Druma,layout,0.7,2.5,5.0,True,0.1,False,0,3.45562744140625,0.0,0,0,0,No lines detected
umeh_dhernangdri_high quality(1),umeh_dhernangdri_high quality(1) - page 1,Ume_Druma,layout,0.7,2.5,5.0,True,0.25,False,0,3.455167055130005,0.0,0,0,0,No lines detected
umeh_dhernangdri_high quality(1),umeh_dhernangdri_high quality(1) - page 1,Ume_Druma,layout,0.7,2.5,5.0,True,0.5,False,0,3.454709053039551,0.0,0,0,0,No lines detected
umeh_dhernangdri_high quality(1),umeh_dhernangdri_high quality(1) - page 1,Ume_Druma,layout,0.7,2.5,5.0,True,0.9,False,0,3.4517483711242676,0.0,0,0,0,No lines detected
umeh_dhernangdri_high quality(1),umeh_dhernangdri_high quality(1) - page 1,Ume_Druma,layout,0.7,2.5,5.0,False,0.1,False,0,3.450580596923828,0.0,0,0,0,No lines detected
umeh_dhernangdri_high quality(1),umeh_dhernangdri_high quality(1) - page 1,Ume_Druma,layout,0.7,2.5,5.0,False,0.25,False,0,3.469735860824585,0.0,0,0,0,No lines detected
umeh_dhernangdri_high quality(1),umeh_dhernangdri_high quality(1) - page 1,Ume_Druma,layout,0.7,2.5,5.0,False,0.5,False,0,3.536007881164551,0.0,0,0,0,No lines detected
umeh_dhernangdri_high quality(1),umeh_dhernangdri_high quality(1) - page 1,Ume_Druma,layout,0.7,2.5,5.0,False,0.9,False,0,3.4541170597076416,0.0,0,0,0,No lines detected
umeh_dhernangdri_high quality(1),umeh_dhernangdri_high quality(1) - page 1,Ume_Druma,layout,0.7,3.0,2.5,True,0.1,False,0,3.44765305519104,0.0,0,0,0,No lines detected
umeh_dhernangdri_high quality(1),umeh_dhernangdri_high quality(1) - page 1,Ume_Druma,layout,0.7,3.0,2.5,True,0.25,False,0,5.556394577026367,0.0,0,0,0,No lines detected
umeh_dhernangdri_high quality(1),umeh_dhernangdri_high quality(1) - page 1,Ume_Druma,layout,0.7,3.0,2.5,True,0.5,False,0,3.2403979301452637,0.0,0,0,0,No lines detected
umeh_dhernangdri_high quality(1),umeh_dhernangdri_high quality(1) - page 1,Ume_Druma,layout,0.7,3.0,2.5,True,0.9,False,0,3.3789234161376953,0.0,0,0,0,No lines detected
umeh_dhernangdri_high quality(1),umeh_dhernangdri_high quality(1) - page 1,Ume_Druma,layout,0.7,3.0,2.5,False,0.1,False,0,3.458785057067871,0.0,0,0,0,No lines detected
umeh_dhernangdri_high quality(1),umeh_dhernangdri_high quality(1) - page 1,Ume_Druma,layout,0.7,3.0,2.5,False,0.25,False,0,3.479349374771118,0.0,0,0,0,No lines detected
umeh_dhernangdri_high quality(1),umeh_dhernangdri_high quality(1) - page 1,Ume_Druma,layout,0.7,3.0,2.5,False,0.5,False,0,3.470715045928955,0.0,0,0,0,No lines detected
umeh_dhernangdri_high quality(1),umeh_dhernangdri_high quality(1) - page 1,Ume_Druma,layout,0.7,3.0,2.5,False,0.9,False,0,3.5595269203186035,0.0,0,0,0,No lines detected
umeh_dhernangdri_high quality(1),umeh_dhernangdri_high quality(1) - page 1,Ume_Druma,layout,0.7,3.0,3.5,True,0.1,False,0,3.4544198513031006,0.0,0,0,0,No lines detected
umeh_dhernangdri_high quality(1),umeh_dhernangdri_high quality(1) - page 1,Ume_Druma,layout,0.7,3.0,3.5,True,0.25,False,0,3.464090347290039,0.0,0,0,0,No lines detected
umeh_dhernangdri_high quality(1),umeh_dhernangdri_high quality(1) - page 1,Ume_Druma,layout,0.7,3.0,3.5,True,0.5,False,0,3.4565439224243164,0.0,0,0,0,No lines detected
umeh_dhernangdri_high quality(1),umeh_dhernangdri_high quality(1) - page 1,Ume_Druma,layout,0.7,3.0,3.5,True,0.9,False,0,3.454390287399292,0.0,0,0,0,No lines detected
umeh_dhernangdri_high quality(1),umeh_dhernangdri_high quality(1) - page 1,Ume_Druma,layout,0.7,3.0,3.5,False,0.1,False,0,3.5454258918762207,0.0,0,0,0,No lines detected
umeh_dhernangdri_high quality(1),umeh_dhernangdri_high quality(1) - page 1,Ume_Druma,layout,0.7,3.0,3.5,False,0.25,False,0,3.546572685241699,0.0,0,0,0,No lines detected
umeh_dhernangdri_high quality(1),umeh_dhernangdri_high quality(1) - page 1,Ume_Druma,layout,0.7,3.0,3.5,False,0.5,False,0,3.4728755950927734,0.0,0,0,0,No lines detected
umeh_dhernangdri_high quality(1),umeh_dhernangdri_high quality(1) - page 1,Ume_Druma,layout,0.7,3.0,3.5,False,0.9,False,0,3.4524903297424316,0.0,0,0,0,No lines detected
umeh_dhernangdri_high quality(1),umeh_dhernangdri_high quality(1) - page 1,Ume_Druma,layout,0.7,3.0,4.0,True,0.1,False,0,3.4592840671539307,0.0,0,0,0,No lines detected
umeh_dhernangdri_high quality(1),umeh_dhernangdri_high quality(1) - page 1,Ume_Druma,layout,0.7,3.0,4.0,True,0.25,False,0,3.4518930912017822,0.0,0,0,0,No lines detected
umeh_dhernangdri_high quality(1),umeh_dhernangdri_high quality(1) - page 1,Ume_Druma,layout,0.7,3.0,4.0,True,0.5,False,0,3.4662466049194336,0.0,0,0,0,No lines detected
umeh_dhernangdri_high quality(1),umeh_dhernangdri_high quality(1) - page 1,Ume_Druma,layout,0.7,3.0,4.0,True,0.9,False,0,3.453498125076294,0.0,0,0,0,No lines detected
umeh_dhernangdri_high quality(1),umeh_dhernangdri_high quality(1) - page 1,Ume_Druma,layout,0.7,3.0,4.0,False,0.1,False,0,3.454137086868286,0.0,0,0,0,No lines detected
umeh_dhernangdri_high quality(1),umeh_dhernangdri_high quality(1) - page 1,Ume_Druma,layout,0.7,3.0,4.0,False,0.25,False,0,5.574935436248779,0.0,0,0,0,No lines detected
umeh_dhernangdri_high quality(1),umeh_dhernangdri_high quality(1) - page 1,Ume_Druma,layout,0.7,3.0,4.0,False,0.5,False,0,3.2908639907836914,0.0,0,0,0,No lines detected
umeh_dhernangdri_high quality(1),umeh_dhernangdri_high quality(1) - page 1,Ume_Druma,layout,0.7,3.0,4.0,False,0.9,False,0,3.3764541149139404,0.0,0,0,0,No lines detected
umeh_dhernangdri_high quality(1),umeh_dhernangdri_high quality(1) - page 1,Ume_Druma,layout,0.7,3.0,5.0,True,0.1,False,0,3.540369987487793,0.0,0,0,0,No lines detected
umeh_dhernangdri_high quality(1),umeh_dhernangdri_high quality(1) - page 1,Ume_Druma,layout,0.7,3.0,5.0,True,0.25,False,0,3.456789970397949,0.0,0,0,0,No lines detected
umeh_dhernangdri_high quality(1),umeh_dhernangdri_high quality(1) - page 1,Ume_Druma,layout,0.7,3.0,5.0,True,0.5,False,0,3.4588630199432373,0.0,0,0,0,No lines detected
umeh_dhernangdri_high quality(1),umeh_dhernangdri_high quality(1) - page 1,Ume_Druma,layout,0.7,3.0,5.0,True,0.9,False,0,3.5524632930755615,0.0,0,0,0,No lines detected
umeh_dhernangdri_high quality(1),umeh_dhernangdri_high quality(1) - page 1,Ume_Druma,layout,0.7,3.0,5.0,False,0.1,False,0,3.445878267288208,0.0,0,0,0,No lines detected
umeh_dhernangdri_high quality(1),umeh_dhernangdri_high quality(1) - page 1,Ume_Druma,layout,0.7,3.0,5.0,False,0.25,False,0,3.4643871784210205,0.0,0,0,0,No lines detected
umeh_dhernangdri_high quality(1),umeh_dhernangdri_high quality(1) - page 1,Ume_Druma,layout,0.7,3.0,5.0,False,0.5,False,0,3.4608843326568604,0.0,0,0,0,No lines detected
umeh_dhernangdri_high quality(1),umeh_dhernangdri_high quality(1) - page 1,Ume_Druma,layout,0.7,3.0,5.0,False,0.9,False,0,3.4453847408294678,0.0,0,0,0,No lines detected
umeh_dhernangdri_high quality(1),umeh_dhernangdri_high quality(1) - page 1,Ume_Druma,layout,0.8,2.0,2.5,True,0.1,False,0,3.503812551498413,0.0,0,0,0,No lines detected
umeh_dhernangdri_high quality(1),umeh_dhernangdri_high quality(1) - page 1,Ume_Druma,layout,0.8,2.0,2.5,True,0.25,False,0,3.4564661979675293,0.0,0,0,0,No lines detected
umeh_dhernangdri_high quality(1),umeh_dhernangdri_high quality(1) - page 1,Ume_Druma,layout,0.8,2.0,2.5,True,0.5,False,0,3.4515886306762695,0.0,0,0,0,No lines detected
umeh_dhernangdri_high quality(1),umeh_dhernangdri_high quality(1) - page 1,Ume_Druma,layout,0.8,2.0,2.5,True,0.9,False,0,3.470559597015381,0.0,0,0,0,No lines detected
umeh_dhernangdri_high quality(1),umeh_dhernangdri_high quality(1) - page 1,Ume_Druma,layout,0.8,2.0,2.5,False,0.1,False,0,3.4550704956054688,0.0,0,0,0,No lines detected
umeh_dhernangdri_high quality(1),umeh_dhernangdri_high quality(1) - page 1,Ume_Druma,layout,0.8,2.0,2.5,False,0.25,False,0,3.450843572616577,0.0,0,0,0,No lines detected
umeh_dhernangdri_high quality(1),umeh_dhernangdri_high quality(1) - page 1,Ume_Druma,layout,0.8,2.0,2.5,False,0.5,False,0,3.4517133235931396,0.0,0,0,0,No lines detected
umeh_dhernangdri_high quality(1),umeh_dhernangdri_high quality(1) - page 1,Ume_Druma,layout,0.8,2.0,2.5,False,0.9,False,0,3.4783518314361572,0.0,0,0,0,No lines detected
umeh_dhernangdri_high quality(1),umeh_dhernangdri_high quality(1) - page 1,Ume_Druma,layout,0.8,2.0,3.5,True,0.1,False,0,3.4535272121429443,0.0,0,0,0,No lines detected
umeh_dhernangdri_high quality(1),umeh_dhernangdri_high quality(1) - page 1,Ume_Druma,layout,0.8,2.0,3.5,True,0.25,False,0,3.533313274383545,0.0,0,0,0,No lines detected
umeh_dhernangdri_high quality(1),umeh_dhernangdri_high quality(1) - page 1,Ume_Druma,layout,0.8,2.0,3.5,True,0.5,False,0,3.5623698234558105,0.0,0,0,0,No lines detected
umeh_dhernangdri_high quality(1),umeh_dhernangdri_high quality(1) - page 1,Ume_Druma,layout,0.8,2.0,3.5,True,0.9,False,0,3.4519622325897217,0.0,0,0,0,No lines detected
umeh_dhernangdri_high quality(1),umeh_dhernangdri_high quality(1) - page 1,Ume_Druma,layout,0.8,2.0,3.5,False,0.1,False,0,3.4984195232391357,0.0,0,0,0,No lines detected
umeh_dhernangdri_high quality(1),umeh_dhernangdri_high quality(1) - page 1,Ume_Druma,layout,0.8,2.0,3.5,False,0.25,False,0,3.44585919380188,0.0,0,0,0,No lines detected
umeh_dhernangdri_high quality(1),umeh_dhernangdri_high quality(1) - page 1,Ume_Druma,layout,0.8,2.0,3.5,False,0.5,False,0,3.457202672958374,0.0,0,0,0,No lines detected
umeh_dhernangdri_high quality(1),umeh_dhernangdri_high quality(1) - page 1,Ume_Druma,layout,0.8,2.0,3.5,False,0.9,False,0,3.4458768367767334,0.0,0,0,0,No lines detected
umeh_dhernangdri_high quality(1),umeh_dhernangdri_high quality(1) - page 1,Ume_Druma,layout,0.8,2.0,4.0,True,0.1,False,0,3.4615039825439453,0.0,0,0,0,No lines detected
umeh_dhernangdri_high quality(1),umeh_dhernangdri_high quality(1) - page 1,Ume_Druma,layout,0.8,2.0,4.0,True,0.25,False,0,3.4536893367767334,0.0,0,0,0,No lines detected
umeh_dhernangdri_high quality(1),umeh_dhernangdri_high quality(1) - page 1,Ume_Druma,layout,0.8,2.0,4.0,True,0.5,False,0,3.4475488662719727,0.0,0,0,0,No lines detected
umeh_dhernangdri_high quality(1),umeh_dhernangdri_high quality(1) - page 1,Ume_Druma,layout,0.8,2.0,4.0,True,0.9,False,0,3.4531891345977783,0.0,0,0,0,No lines detected
umeh_dhernangdri_high quality(1),umeh_dhernangdri_high quality(1) - page 1,Ume_Druma,layout,0.8,2.0,4.0,False,0.1,False,0,3.460538148880005,0.0,0,0,0,No lines detected
umeh_dhernangdri_high quality(1),umeh_dhernangdri_high quality(1) - page 1,Ume_Druma,layout,0.8,2.0,4.0,False,0.25,False,0,3.4497950077056885,0.0,0,0,0,No lines detected
umeh_dhernangdri_high quality(1),umeh_dhernangdri_high quality(1) - page 1,Ume_Druma,layout,0.8,2.0,4.0,False,0.5,False,0,3.4554498195648193,0.0,0,0,0,No lines detected
umeh_dhernangdri_high quality(1),umeh_dhernangdri_high quality(1) - page 1,Ume_Druma,layout,0.8,2.0,4.0,False,0.9,False,0,3.4499542713165283,0.0,0,0,0,No lines detected
umeh_dhernangdri_high quality(1),umeh_dhernangdri_high quality(1) - page 1,Ume_Druma,layout,0.8,2.0,5.0,True,0.1,False,0,3.4502525329589844,0.0,0,0,0,No lines detected
umeh_dhernangdri_high quality(1),umeh_dhernangdri_high quality(1) - page 1,Ume_Druma,layout,0.8,2.0,5.0,True,0.25,False,0,3.5955941677093506,0.0,0,0,0,No lines detected
umeh_dhernangdri_high quality(1),umeh_dhernangdri_high quality(1) - page 1,Ume_Druma,layout,0.8,2.0,5.0,True,0.5,False,0,3.5060555934906006,0.0,0,0,0,No lines detected
umeh_dhernangdri_high quality(1),umeh_dhernangdri_high quality(1) - page 1,Ume_Druma,layout,0.8,2.0,5.0,True,0.9,False,0,3.4552457332611084,0.0,0,0,0,No lines detected
umeh_dhernangdri_high quality(1),umeh_dhernangdri_high quality(1) - page 1,Ume_Druma,layout,0.8,2.0,5.0,False,0.1,False,0,3.440748929977417,0.0,0,0,0,No lines detected
umeh_dhernangdri_high quality(1),umeh_dhernangdri_high quality(1) - page 1,Ume_Druma,layout,0.8,2.0,5.0,False,0.25,False,0,3.4614017009735107,0.0,0,0,0,No lines detected
umeh_dhernangdri_high quality(1),umeh_dhernangdri_high quality(1) - page 1,Ume_Druma,layout,0.8,2.0,5.0,False,0.5,False,0,3.447298765182495,0.0,0,0,0,No lines detected
umeh_dhernangdri_high quality(1),umeh_dhernangdri_high quality(1) - page 1,Ume_Druma,layout,0.8,2.0,5.0,False,0.9,False,0,3.4468486309051514,0.0,0,0,0,No lines detected
umeh_dhernangdri_high quality(1),umeh_dhernangdri_high quality(1) - page 1,Ume_Druma,layout,0.8,2.5,2.5,True,0.1,False,0,3.715029716491699,0.0,0,0,0,No lines detected
umeh_dhernangdri_high quality(1),umeh_dhernangdri_high quality(1) - page 1,Ume_Druma,layout,0.8,2.5,2.5,True,0.25,False,0,3.4567346572875977,0.0,0,0,0,No lines detected
umeh_dhernangdri_high quality(1),umeh_dhernangdri_high quality(1) - page 1,Ume_Druma,layout,0.8,2.5,2.5,True,0.5,False,0,3.4473633766174316,0.0,0,0,0,No lines detected
umeh_dhernangdri_high quality(1),umeh_dhernangdri_high quality(1) - page 1,Ume_Druma,layout,0.8,2.5,2.5,True,0.9,False,0,3.4611475467681885,0.0,0,0,0,No lines detected
umeh_dhernangdri_high quality(1),umeh_dhernangdri_high quality(1) - page 1,Ume_Druma,layout,0.8,2.5,2.5,False,0.1,False,0,3.955970525741577,0.0,0,0,0,No lines detected
umeh_dhernangdri_high quality(1),umeh_dhernangdri_high quality(1) - page 1,Ume_Druma,layout,0.8,2.5,2.5,False,0.25,False,0,3.6250967979431152,0.0,0,0,0,No lines detected
umeh_dhernangdri_high quality(1),umeh_dhernangdri_high quality(1) - page 1,Ume_Druma,layout,0.8,2.5,2.5,False,0.5,False,0,3.4563591480255127,0.0,0,0,0,No lines detected
umeh_dhernangdri_high quality(1),umeh_dhernangdri_high quality(1) - page 1,Ume_Druma,layout,0.8,2.5,2.5,False,0.9,False,0,3.454549789428711,0.0,0,0,0,No lines detected
umeh_dhernangdri_high quality(1),umeh_dhernangdri_high quality(1) - page 1,Ume_Druma,layout,0.8,2.5,3.5,True,0.1,False,0,3.558886766433716,0.0,0,0,0,No lines detected
umeh_dhernangdri_high quality(1),umeh_dhernangdri_high quality(1) - page 1,Ume_Druma,layout,0.8,2.5,3.5,True,0.25,False,0,3.448749542236328,0.0,0,0,0,No lines detected
umeh_dhernangdri_high quality(1),umeh_dhernangdri_high quality(1) - page 1,Ume_Druma,layout,0.8,2.5,3.5,True,0.5,False,0,3.4945406913757324,0.0,0,0,0,No lines detected
umeh_dhernangdri_high quality(1),umeh_dhernangdri_high quality(1) - page 1,Ume_Druma,layout,0.8,2.5,3.5,True,0.9,False,0,3.4879868030548096,0.0,0,0,0,No lines detected
umeh_dhernangdri_high quality(1),umeh_dhernangdri_high quality(1) - page 1,Ume_Druma,layout,0.8,2.5,3.5,False,0.1,False,0,3.4640376567840576,0.0,0,0,0,No lines detected
umeh_dhernangdri_high quality(1),umeh_dhernangdri_high quality(1) - page 1,Ume_Druma,layout,0.8,2.5,3.5,False,0.25,False,0,3.4458463191986084,0.0,0,0,0,No lines detected
umeh_dhernangdri_high quality(1),umeh_dhernangdri_high quality(1) - page 1,Ume_Druma,layout,0.8,2.5,3.5,False,0.5,False,0,4.224281072616577,0.0,0,0,0,No lines detected
umeh_dhernangdri_high quality(1),umeh_dhernangdri_high quality(1) - page 1,Ume_Druma,layout,0.8,2.5,3.5,False,0.9,False,0,3.722137928009033,0.0,0,0,0,No lines detected
umeh_dhernangdri_high quality(1),umeh_dhernangdri_high quality(1) - page 1,Ume_Druma,layout,0.8,2.5,4.0,True,0.1,False,0,3.4203951358795166,0.0,0,0,0,No lines detected
umeh_dhernangdri_high quality(1),umeh_dhernangdri_high quality(1) - page 1,Ume_Druma,layout,0.8,2.5,4.0,True,0.25,False,0,3.4503469467163086,0.0,0,0,0,No lines detected
umeh_dhernangdri_high quality(1),umeh_dhernangdri_high quality(1) - page 1,Ume_Druma,layout,0.8,2.5,4.0,True,0.5,False,0,3.4650015830993652,0.0,0,0,0,No lines detected
umeh_dhernangdri_high quality(1),umeh_dhernangdri_high quality(1) - page 1,Ume_Druma,layout,0.8,2.5,4.0,True,0.9,False,0,3.451890230178833,0.0,0,0,0,No lines detected
umeh_dhernangdri_high quality(1),umeh_dhernangdri_high quality(1) - page 1,Ume_Druma,layout,0.8,2.5,4.0,False,0.1,False,0,3.45619797706604,0.0,0,0,0,No lines detected
umeh_dhernangdri_high quality(1),umeh_dhernangdri_high quality(1) - page 1,Ume_Druma,layout,0.8,2.5,4.0,False,0.25,False,0,3.4772756099700928,0.0,0,0,0,No lines detected
umeh_dhernangdri_high quality(1),umeh_dhernangdri_high quality(1) - page 1,Ume_Druma,layout,0.8,2.5,4.0,False,0.5,False,0,3.459404945373535,0.0,0,0,0,No lines detected
umeh_dhernangdri_high quality(1),umeh_dhernangdri_high quality(1) - page 1,Ume_Druma,layout,0.8,2.5,4.0,False,0.9,False,0,3.5521233081817627,0.0,0,0,0,No lines detected
umeh_dhernangdri_high quality(1),umeh_dhernangdri_high quality(1) - page 1,Ume_Druma,layout,0.8,2.5,5.0,True,0.1,False,0,3.4509730339050293,0.0,0,0,0,No lines detected
umeh_dhernangdri_high quality(1),umeh_dhernangdri_high quality(1) - page 1,Ume_Druma,layout,0.8,2.5,5.0,True,0.25,False,0,3.456547260284424,0.0,0,0,0,No lines detected
umeh_dhernangdri_high quality(1),umeh_dhernangdri_high quality(1) - page 1,Ume_Druma,layout,0.8,2.5,5.0,True,0.5,False,0,3.4546000957489014,0.0,0,0,0,No lines detected
umeh_dhernangdri_high quality(1),umeh_dhernangdri_high quality(1) - page 1,Ume_Druma,layout,0.8,2.5,5.0,True,0.9,False,0,3.4944405555725098,0.0,0,0,0,No lines detected
umeh_dhernangdri_high quality(1),umeh_dhernangdri_high quality(1) - page 1,Ume_Druma,layout,0.8,2.5,5.0,False,0.1,False,0,3.4905641078948975,0.0,0,0,0,No lines detected
umeh_dhernangdri_high quality(1),umeh_dhernangdri_high quality(1) - page 1,Ume_Druma,layout,0.8,2.5,5.0,False,0.25,False,0,3.4605207443237305,0.0,0,0,0,No lines detected
umeh_dhernangdri_high quality(1),umeh_dhernangdri_high quality(1) - page 1,Ume_Druma,layout,0.8,2.5,5.0,False,0.5,False,0,3.460599422454834,0.0,0,0,0,No lines detected
umeh_dhernangdri_high quality(1),umeh_dhernangdri_high quality(1) - page 1,Ume_Druma,layout,0.8,2.5,5.0,False,0.9,False,0,3.453856945037842,0.0,0,0,0,No lines detected
umeh_dhernangdri_high quality(1),umeh_dhernangdri_high quality(1) - page 1,Ume_Druma,layout,0.8,3.0,2.5,True,0.1,False,0,3.450411319732666,0.0,0,0,0,No lines detected
umeh_dhernangdri_high quality(1),umeh_dhernangdri_high quality(1) - page 1,Ume_Druma,layout,0.8,3.0,2.5,True,0.25,False,0,3.4490678310394287,0.0,0,0,0,No lines detected
umeh_dhernangdri_high quality(1),umeh_dhernangdri_high quality(1) - page 1,Ume_Druma,layout,0.8,3.0,2.5,True,0.5,False,0,3.454799175262451,0.0,0,0,0,No lines detected
umeh_dhernangdri_high quality(1),umeh_dhernangdri_high quality(1) - page 1,Ume_Druma,layout,0.8,3.0,2.5,True,0.9,False,0,3.4605910778045654,0.0,0,0,0,No lines detected
umeh_dhernangdri_high quality(1),umeh_dhernangdri_high quality(1) - page 1,Ume_Druma,layout,0.8,3.0,2.5,False,0.1,False,0,3.4553420543670654,0.0,0,0,0,No lines detected
umeh_dhernangdri_high quality(1),umeh_dhernangdri_high quality(1) - page 1,Ume_Druma,layout,0.8,3.0,2.5,False,0.25,False,0,3.465352773666382,0.0,0,0,0,No lines detected
umeh_dhernangdri_high quality(1),umeh_dhernangdri_high quality(1) - page 1,Ume_Druma,layout,0.8,3.0,2.5,False,0.5,False,0,3.5558533668518066,0.0,0,0,0,No lines detected
umeh_dhernangdri_high quality(1),umeh_dhernangdri_high quality(1) - page 1,Ume_Druma,layout,0.8,3.0,2.5,False,0.9,False,0,3.45735764503479,0.0,0,0,0,No lines detected
umeh_dhernangdri_high quality(1),umeh_dhernangdri_high quality(1) - page 1,Ume_Druma,layout,0.8,3.0,3.5,True,0.1,False,0,3.457336902618408,0.0,0,0,0,No lines detected
umeh_dhernangdri_high quality(1),umeh_dhernangdri_high quality(1) - page 1,Ume_Druma,layout,0.8,3.0,3.5,True,0.25,False,0,3.44643235206604,0.0,0,0,0,No lines detected
umeh_dhernangdri_high quality(1),umeh_dhernangdri_high quality(1) - page 1,Ume_Druma,layout,0.8,3.0,3.5,True,0.5,False,0,3.4586730003356934,0.0,0,0,0,No lines detected
umeh_dhernangdri_high quality(1),umeh_dhernangdri_high quality(1) - page 1,Ume_Druma,layout,0.8,3.0,3.5,True,0.9,False,0,3.4497289657592773,0.0,0,0,0,No lines detected
umeh_dhernangdri_high quality(1),umeh_dhernangdri_high quality(1) - page 1,Ume_Druma,layout,0.8,3.0,3.5,False,0.1,False,0,3.4878475666046143,0.0,0,0,0,No lines detected
umeh_dhernangdri_high quality(1),umeh_dhernangdri_high quality(1) - page 1,Ume_Druma,layout,0.8,3.0,3.5,False,0.25,False,0,5.56909704208374,0.0,0,0,0,No lines detected
umeh_dhernangdri_high quality(1),umeh_dhernangdri_high quality(1) - page 1,Ume_Druma,layout,0.8,3.0,3.5,False,0.5,False,0,5.5669732093811035,0.0,0,0,0,No lines detected
umeh_dhernangdri_high quality(1),umeh_dhernangdri_high quality(1) - page 1,Ume_Druma,layout,0.8,3.0,3.5,False,0.9,False,0,5.565371036529541,0.0,0,0,0,No lines detected
umeh_dhernangdri_high quality(1),umeh_dhernangdri_high quality(1) - page 1,Ume_Druma,layout,0.8,3.0,4.0,True,0.1,False,0,4.182959318161011,0.0,0,0,0,No lines detected
umeh_dhernangdri_high quality(1),umeh_dhernangdri_high quality(1) - page 1,Ume_Druma,layout,0.8,3.0,4.0,True,0.25,False,0,3.236480236053467,0.0,0,0,0,No lines detected
umeh_dhernangdri_high quality(1),umeh_dhernangdri_high quality(1) - page 1,Ume_Druma,layout,0.8,3.0,4.0,True,0.5,False,0,3.230210065841675,0.0,0,0,0,No lines detected
umeh_dhernangdri_high quality(1),umeh_dhernangdri_high quality(1) - page 1,Ume_Druma,layout,0.8,3.0,4.0,True,0.9,False,0,3.3031108379364014,0.0,0,0,0,No lines detected
umeh_dhernangdri_high quality(1),umeh_dhernangdri_high quality(1) - page 1,Ume_Druma,layout,0.8,3.0,4.0,False,0.1,False,0,3.558344602584839,0.0,0,0,0,No lines detected
umeh_dhernangdri_high quality(1),umeh_dhernangdri_high quality(1) - page 1,Ume_Druma,layout,0.8,3.0,4.0,False,0.25,False,0,3.4569759368896484,0.0,0,0,0,No lines detected
umeh_dhernangdri_high quality(1),umeh_dhernangdri_high quality(1) - page 1,Ume_Druma,layout,0.8,3.0,4.0,False,0.5,False,0,3.4589412212371826,0.0,0,0,0,No lines detected
umeh_dhernangdri_high quality(1),umeh_dhernangdri_high quality(1) - page 1,Ume_Druma,layout,0.8,3.0,4.0,False,0.9,False,0,3.4646003246307373,0.0,0,0,0,No lines detected
umeh_dhernangdri_high quality(1),umeh_dhernangdri_high quality(1) - page 1,Ume_Druma,layout,0.8,3.0,5.0,True,0.1,False,0,3.4539904594421387,0.0,0,0,0,No lines detected
umeh_dhernangdri_high quality(1),umeh_dhernangdri_high quality(1) - page 1,Ume_Druma,layout,0.8,3.0,5.0,True,0.25,False,0,3.4481587409973145,0.0,0,0,0,No lines detected
umeh_dhernangdri_high quality(1),umeh_dhernangdri_high quality(1) - page 1,Ume_Druma,layout,0.8,3.0,5.0,True,0.5,False,0,3.4482529163360596,0.0,0,0,0,No lines detected
umeh_dhernangdri_high quality(1),umeh_dhernangdri_high quality(1) - page 1,Ume_Druma,layout,0.8,3.0,5.0,True,0.9,False,0,3.4478018283843994,0.0,0,0,0,No lines detected
umeh_dhernangdri_high quality(1),umeh_dhernangdri_high quality(1) - page 1,Ume_Druma,layout,0.8,3.0,5.0,False,0.1,False,0,3.5914604663848877,0.0,0,0,0,No lines detected
umeh_dhernangdri_high quality(1),umeh_dhernangdri_high quality(1) - page 1,Ume_Druma,layout,0.8,3.0,5.0,False,0.25,False,0,3.5360682010650635,0.0,0,0,0,No lines detected
umeh_dhernangdri_high quality(1),umeh_dhernangdri_high quality(1) - page 1,Ume_Druma,layout,0.8,3.0,5.0,False,0.5,False,0,3.451223134994507,0.0,0,0,0,No lines detected
umeh_dhernangdri_high quality(1),umeh_dhernangdri_high quality(1) - page 1,Ume_Druma,layout,0.8,3.0,5.0,False,0.9,False,0,3.4589905738830566,0.0,0,0,0,No lines detected
umeh_dhernangdri_high quality(1),umeh_dhernangdri_high quality(1) - page 1,Ume_Druma,layout,0.9,2.0,2.5,True,0.1,False,0,3.4530701637268066,0.0,0,0,0,No lines detected
umeh_dhernangdri_high quality(1),umeh_dhernangdri_high quality(1) - page 1,Ume_Druma,layout,0.9,2.0,2.5,True,0.25,False,0,3.4436089992523193,0.0,0,0,0,No lines detected
umeh_dhernangdri_high quality(1),umeh_dhernangdri_high quality(1) - page 1,Ume_Druma,layout,0.9,2.0,2.5,True,0.5,False,0,3.4522933959960938,0.0,0,0,0,No lines detected
umeh_dhernangdri_high quality(1),umeh_dhernangdri_high quality(1) - page 1,Ume_Druma,layout,0.9,2.0,2.5,True,0.9,False,0,3.552473306655884,0.0,0,0,0,No lines detected
umeh_dhernangdri_high quality(1),umeh_dhernangdri_high quality(1) - page 1,Ume_Druma,layout,0.9,2.0,2.5,False,0.1,False,0,3.462170124053955,0.0,0,0,0,No lines detected
umeh_dhernangdri_high quality(1),umeh_dhernangdri_high quality(1) - page 1,Ume_Druma,layout,0.9,2.0,2.5,False,0.25,False,0,3.453796625137329,0.0,0,0,0,No lines detected
umeh_dhernangdri_high quality(1),umeh_dhernangdri_high quality(1) - page 1,Ume_Druma,layout,0.9,2.0,2.5,False,0.5,False,0,3.4514260292053223,0.0,0,0,0,No lines detected
umeh_dhernangdri_high quality(1),umeh_dhernangdri_high quality(1) - page 1,Ume_Druma,layout,0.9,2.0,2.5,False,0.9,False,0,3.448465585708618,0.0,0,0,0,No lines detected
umeh_dhernangdri_high quality(1),umeh_dhernangdri_high quality(1) - page 1,Ume_Druma,layout,0.9,2.0,3.5,True,0.1,False,0,3.4649786949157715,0.0,0,0,0,No lines detected
umeh_dhernangdri_high quality(1),umeh_dhernangdri_high quality(1) - page 1,Ume_Druma,layout,0.9,2.0,3.5,True,0.25,False,0,3.7908551692962646,0.0,0,0,0,No lines detected
umeh_dhernangdri_high quality(1),umeh_dhernangdri_high quality(1) - page 1,Ume_Druma,layout,0.9,2.0,3.5,True,0.5,False,0,3.4552338123321533,0.0,0,0,0,No lines detected
umeh_dhernangdri_high quality(1),umeh_dhernangdri_high quality(1) - page 1,Ume_Druma,layout,0.9,2.0,3.5,True,0.9,False,0,5.557730436325073,0.0,0,0,0,No lines detected
umeh_dhernangdri_high quality(1),umeh_dhernangdri_high quality(1) - page 1,Ume_Druma,layout,0.9,2.0,3.5,False,0.1,False,0,3.285924196243286,0.0,0,0,0,No lines detected
umeh_dhernangdri_high quality(1),umeh_dhernangdri_high quality(1) - page 1,Ume_Druma,layout,0.9,2.0,3.5,False,0.25,False,0,3.368328809738159,0.0,0,0,0,No lines detected
umeh_dhernangdri_high quality(1),umeh_dhernangdri_high quality(1) - page 1,Ume_Druma,layout,0.9,2.0,3.5,False,0.5,False,0,5.545445442199707,0.0,0,0,0,No lines detected
umeh_dhernangdri_high quality(1),umeh_dhernangdri_high quality(1) - page 1,Ume_Druma,layout,0.9,2.0,3.5,False,0.9,False,0,4.144454002380371,0.0,0,0,0,No lines detected
umeh_dhernangdri_high quality(1),umeh_dhernangdri_high quality(1) - page 1,Ume_Druma,layout,0.9,2.0,4.0,True,0.1,False,0,3.23404598236084,0.0,0,0,0,No lines detected
umeh_dhernangdri_high quality(1),umeh_dhernangdri_high quality(1) - page 1,Ume_Druma,layout,0.9,2.0,4.0,True,0.25,False,0,3.542886972427368,0.0,0,0,0,No lines detected
umeh_dhernangdri_high quality(1),umeh_dhernangdri_high quality(1) - page 1,Ume_Druma,layout,0.9,2.0,4.0,True,0.5,False,0,3.457916498184204,0.0,0,0,0,No lines detected
umeh_dhernangdri_high quality(1),umeh_dhernangdri_high quality(1) - page 1,Ume_Druma,layout,0.9,2.0,4.0,True,0.9,False,0,3.453986644744873,0.0,0,0,0,No lines detected
umeh_dhernangdri_high quality(1),umeh_dhernangdri_high quality(1) - page 1,Ume_Druma,layout,0.9,2.0,4.0,False,0.1,False,0,3.470461130142212,0.0,0,0,0,No lines detected
umeh_dhernangdri_high quality(1),umeh_dhernangdri_high quality(1) - page 1,Ume_Druma,layout,0.9,2.0,4.0,False,0.25,False,0,3.4465506076812744,0.0,0,0,0,No lines detected
umeh_dhernangdri_high quality(1),umeh_dhernangdri_high quality(1) - page 1,Ume_Druma,layout,0.9,2.0,4.0,False,0.5,False,0,3.454162120819092,0.0,0,0,0,No lines detected
umeh_dhernangdri_high quality(1),umeh_dhernangdri_high quality(1) - page 1,Ume_Druma,layout,0.9,2.0,4.0,False,0.9,False,0,3.449618101119995,0.0,0,0,0,No lines detected
umeh_dhernangdri_high quality(1),umeh_dhernangdri_high quality(1) - page 1,Ume_Druma,layout,0.9,2.0,5.0,True,0.1,False,0,3.4640111923217773,0.0,0,0,0,No lines detected
umeh_dhernangdri_high quality(1),umeh_dhernangdri_high quality(1) - page 1,Ume_Druma,layout,0.9,2.0,5.0,True,0.25,False,0,3.449425220489502,0.0,0,0,0,No lines detected
umeh_dhernangdri_high quality(1),umeh_dhernangdri_high quality(1) - page 1,Ume_Druma,layout,0.9,2.0,5.0,True,0.5,False,0,3.45117449760437,0.0,0,0,0,No lines detected
umeh_dhernangdri_high quality(1),umeh_dhernangdri_high quality(1) - page 1,Ume_Druma,layout,0.9,2.0,5.0,True,0.9,False,0,3.4591541290283203,0.0,0,0,0,No lines detected
umeh_dhernangdri_high quality(1),umeh_dhernangdri_high quality(1) - page 1,Ume_Druma,layout,0.9,2.0,5.0,False,0.1,False,0,3.4804422855377197,0.0,0,0,0,No lines detected
umeh_dhernangdri_high quality(1),umeh_dhernangdri_high quality(1) - page 1,Ume_Druma,layout,0.9,2.0,5.0,False,0.25,False,0,3.485607385635376,0.0,0,0,0,No lines detected
umeh_dhernangdri_high quality(1),umeh_dhernangdri_high quality(1) - page 1,Ume_Druma,layout,0.9,2.0,5.0,False,0.5,False,0,3.5156192779541016,0.0,0,0,0,No lines detected
umeh_dhernangdri_high quality(1),umeh_dhernangdri_high quality(1) - page 1,Ume_Druma,layout,0.9,2.0,5.0,False,0.9,False,0,3.460002899169922,0.0,0,0,0,No lines detected
umeh_dhernangdri_high quality(1),umeh_dhernangdri_high quality(1) - page 1,Ume_Druma,layout,0.9,2.5,2.5,True,0.1,False,0,3.543131113052368,0.0,0,0,0,No lines detected
umeh_dhernangdri_high quality(1),umeh_dhernangdri_high quality(1) - page 1,Ume_Druma,layout,0.9,2.5,2.5,True,0.25,False,0,3.453315496444702,0.0,0,0,0,No lines detected
umeh_dhernangdri_high quality(1),umeh_dhernangdri_high quality(1) - page 1,Ume_Druma,layout,0.9,2.5,2.5,True,0.5,False,0,3.452440023422241,0.0,0,0,0,No lines detected
umeh_dhernangdri_high quality(1),umeh_dhernangdri_high quality(1) - page 1,Ume_Druma,layout,0.9,2.5,2.5,True,0.9,False,0,3.4572525024414062,0.0,0,0,0,No lines detected
umeh_dhernangdri_high quality(1),umeh_dhernangdri_high quality(1) - page 1,Ume_Druma,layout,0.9,2.5,2.5,False,0.1,False,0,3.4485955238342285,0.0,0,0,0,No lines detected
umeh_dhernangdri_high quality(1),umeh_dhernangdri_high quality(1) - page 1,Ume_Druma,layout,0.9,2.5,2.5,False,0.25,False,0,3.4634175300598145,0.0,0,0,0,No lines detected
umeh_dhernangdri_high quality(1),umeh_dhernangdri_high quality(1) - page 1,Ume_Druma,layout,0.9,2.5,2.5,False,0.5,False,0,3.449911117553711,0.0,0,0,0,No lines detected
umeh_dhernangdri_high quality(1),umeh_dhernangdri_high quality(1) - page 1,Ume_Druma,layout,0.9,2.5,2.5,False,0.9,False,0,3.448622226715088,0.0,0,0,0,No lines detected
umeh_dhernangdri_high quality(1),umeh_dhernangdri_high quality(1) - page 1,Ume_Druma,layout,0.9,2.5,3.5,True,0.1,False,0,3.4549918174743652,0.0,0,0,0,No lines detected
umeh_dhernangdri_high quality(1),umeh_dhernangdri_high quality(1) - page 1,Ume_Druma,layout,0.9,2.5,3.5,True,0.25,False,0,3.463869571685791,0.0,0,0,0,No lines detected
umeh_dhernangdri_high quality(1),umeh_dhernangdri_high quality(1) - page 1,Ume_Druma,layout,0.9,2.5,3.5,True,0.5,False,0,3.4537432193756104,0.0,0,0,0,No lines detected
umeh_dhernangdri_high quality(1),umeh_dhernangdri_high quality(1) - page 1,Ume_Druma,layout,0.9,2.5,3.5,True,0.9,False,0,3.4657533168792725,0.0,0,0,0,No lines detected
umeh_dhernangdri_high quality(1),umeh_dhernangdri_high quality(1) - page 1,Ume_Druma,layout,0.9,2.5,3.5,False,0.1,False,0,3.4668331146240234,0.0,0,0,0,No lines detected
umeh_dhernangdri_high quality(1),umeh_dhernangdri_high quality(1) - page 1,Ume_Druma,layout,0.9,2.5,3.5,False,0.25,False,0,3.4642395973205566,0.0,0,0,0,No lines detected
umeh_dhernangdri_high quality(1),umeh_dhernangdri_high quality(1) - page 1,Ume_Druma,layout,0.9,2.5,3.5,False,0.5,False,0,3.6051065921783447,0.0,0,0,0,No lines detected
umeh_dhernangdri_high quality(1),umeh_dhernangdri_high quality(1) - page 1,Ume_Druma,layout,0.9,2.5,3.5,False,0.9,False,0,3.467644691467285,0.0,0,0,0,No lines detected
umeh_dhernangdri_high quality(1),umeh_dhernangdri_high quality(1) - page 1,Ume_Druma,layout,0.9,2.5,4.0,True,0.1,False,0,3.5643601417541504,0.0,0,0,0,No lines detected
umeh_dhernangdri_high quality(1),umeh_dhernangdri_high quality(1) - page 1,Ume_Druma,layout,0.9,2.5,4.0,True,0.25,False,0,3.467040538787842,0.0,0,0,0,No lines detected
umeh_dhernangdri_high quality(1),umeh_dhernangdri_high quality(1) - page 1,Ume_Druma,layout,0.9,2.5,4.0,True,0.5,False,0,3.476508855819702,0.0,0,0,0,No lines detected
umeh_dhernangdri_high quality(1),umeh_dhernangdri_high quality(1) - page 1,Ume_Druma,layout,0.9,2.5,4.0,True,0.9,False,0,3.4621217250823975,0.0,0,0,0,No lines detected
umeh_dhernangdri_high quality(1),umeh_dhernangdri_high quality(1) - page 1,Ume_Druma,layout,0.9,2.5,4.0,False,0.1,False,0,3.4698939323425293,0.0,0,0,0,No lines detected
umeh_dhernangdri_high quality(1),umeh_dhernangdri_high quality(1) - page 1,Ume_Druma,layout,0.9,2.5,4.0,False,0.25,False,0,3.46814227104187,0.0,0,0,0,No lines detected
umeh_dhernangdri_high quality(1),umeh_dhernangdri_high quality(1) - page 1,Ume_Druma,layout,0.9,2.5,4.0,False,0.5,False,0,3.479923963546753,0.0,0,0,0,No lines detected
umeh_dhernangdri_high quality(1),umeh_dhernangdri_high quality(1) - page 1,Ume_Druma,layout,0.9,2.5,4.0,False,0.9,False,0,3.458779811859131,0.0,0,0,0,No lines detected
umeh_dhernangdri_high quality(1),umeh_dhernangdri_high quality(1) - page 1,Ume_Druma,layout,0.9,2.5,5.0,True,0.1,False,0,3.463303327560425,0.0,0,0,0,No lines detected
umeh_dhernangdri_high quality(1),umeh_dhernangdri_high quality(1) - page 1,Ume_Druma,layout,0.9,2.5,5.0,True,0.25,False,0,3.474869966506958,0.0,0,0,0,No lines detected
umeh_dhernangdri_high quality(1),umeh_dhernangdri_high quality(1) - page 1,Ume_Druma,layout,0.9,2.5,5.0,True,0.5,False,0,3.471998929977417,0.0,0,0,0,No lines detected
umeh_dhernangdri_high quality(1),umeh_dhernangdri_high quality(1) - page 1,Ume_Druma,layout,0.9,2.5,5.0,True,0.9,False,0,3.4644927978515625,0.0,0,0,0,No lines detected
umeh_dhernangdri_high quality(1),umeh_dhernangdri_high quality(1) - page 1,Ume_Druma,layout,0.9,2.5,5.0,False,0.1,False,0,3.5602381229400635,0.0,0,0,0,No lines detected
umeh_dhernangdri_high quality(1),umeh_dhernangdri_high quality(1) - page 1,Ume_Druma,layout,0.9,2.5,5.0,False,0.25,False,0,3.457230806350708,0.0,0,0,0,No lines detected
umeh_dhernangdri_high quality(1),umeh_dhernangdri_high quality(1) - page 1,Ume_Druma,layout,0.9,2.5,5.0,False,0.5,False,0,5.377661943435669,0.0,0,0,0,No lines detected
umeh_dhernangdri_high quality(1),umeh_dhernangdri_high quality(1) - page 1,Ume_Druma,layout,0.9,2.5,5.0,False,0.9,False,0,4.605404376983643,0.0,0,0,0,No lines detected
umeh_dhernangdri_high quality(1),umeh_dhernangdri_high quality(1) - page 1,Ume_Druma,layout,0.9,3.0,2.5,True,0.1,False,0,3.318497657775879,0.0,0,0,0,No lines detected
umeh_dhernangdri_high quality(1),umeh_dhernangdri_high quality(1) - page 1,Ume_Druma,layout,0.9,3.0,2.5,True,0.25,False,0,3.3992373943328857,0.0,0,0,0,No lines detected
umeh_dhernangdri_high quality(1),umeh_dhernangdri_high quality(1) - page 1,Ume_Druma,layout,0.9,3.0,2.5,True,0.5,False,0,3.466013193130493,0.0,0,0,0,No lines detected
umeh_dhernangdri_high quality(1),umeh_dhernangdri_high quality(1) - page 1,Ume_Druma,layout,0.9,3.0,2.5,True,0.9,False,0,3.469933271408081,0.0,0,0,0,No lines detected
umeh_dhernangdri_high quality(1),umeh_dhernangdri_high quality(1) - page 1,Ume_Druma,layout,0.9,3.0,2.5,False,0.1,False,0,3.462369441986084,0.0,0,0,0,No lines detected
umeh_dhernangdri_high quality(1),umeh_dhernangdri_high quality(1) - page 1,Ume_Druma,layout,0.9,3.0,2.5,False,0.25,False,0,3.4693257808685303,0.0,0,0,0,No lines detected
umeh_dhernangdri_high quality(1),umeh_dhernangdri_high quality(1) - page 1,Ume_Druma,layout,0.9,3.0,2.5,False,0.5,False,0,3.457937240600586,0.0,0,0,0,No lines detected
umeh_dhernangdri_high quality(1),umeh_dhernangdri_high quality(1) - page 1,Ume_Druma,layout,0.9,3.0,2.5,False,0.9,False,0,3.486172676086426,0.0,0,0,0,No lines detected
umeh_dhernangdri_high quality(1),umeh_dhernangdri_high quality(1) - page 1,Ume_Druma,layout,0.9,3.0,3.5,True,0.1,False,0,3.5081515312194824,0.0,0,0,0,No lines detected
umeh_dhernangdri_high quality(1),umeh_dhernangdri_high quality(1) - page 1,Ume_Druma,layout,0.9,3.0,3.5,True,0.25,False,0,3.46535062789917,0.0,0,0,0,No lines detected
umeh_dhernangdri_high quality(1),umeh_dhernangdri_high quality(1) - page 1,Ume_Druma,layout,0.9,3.0,3.5,True,0.5,False,0,3.471372365951538,0.0,0,0,0,No lines detected
umeh_dhernangdri_high quality(1),umeh_dhernangdri_high quality(1) - page 1,Ume_Druma,layout,0.9,3.0,3.5,True,0.9,False,0,5.588669300079346,0.0,0,0,0,No lines detected
umeh_dhernangdri_high quality(1),umeh_dhernangdri_high quality(1) - page 1,Ume_Druma,layout,0.9,3.0,3.5,False,0.1,False,0,3.5207302570343018,0.0,0,0,0,No lines detected
umeh_dhernangdri_high quality(1),umeh_dhernangdri_high quality(1) - page 1,Ume_Druma,layout,0.9,3.0,3.5,False,0.25,False,0,3.3444435596466064,0.0,0,0,0,No lines detected
umeh_dhernangdri_high quality(1),umeh_dhernangdri_high quality(1) - page 1,Ume_Druma,layout,0.9,3.0,3.5,False,0.5,False,0,3.474388837814331,0.0,0,0,0,No lines detected
umeh_dhernangdri_high quality(1),umeh_dhernangdri_high quality(1) - page 1,Ume_Druma,layout,0.9,3.0,3.5,False,0.9,False,0,3.5017876625061035,0.0,0,0,0,No lines detected
umeh_dhernangdri_high quality(1),umeh_dhernangdri_high quality(1) - page 1,Ume_Druma,layout,0.9,3.0,4.0,True,0.1,False,0,3.4602832794189453,0.0,0,0,0,No lines detected
umeh_dhernangdri_high quality(1),umeh_dhernangdri_high quality(1) - page 1,Ume_Druma,layout,0.9,3.0,4.0,True,0.25,False,0,3.5496811866760254,0.0,0,0,0,No lines detected
umeh_dhernangdri_high quality(1),umeh_dhernangdri_high quality(1) - page 1,Ume_Druma,layout,0.9,3.0,4.0,True,0.5,False,0,3.4599366188049316,0.0,0,0,0,No lines detected
umeh_dhernangdri_high quality(1),umeh_dhernangdri_high quality(1) - page 1,Ume_Druma,layout,0.9,3.0,4.0,True,0.9,False,0,3.46628475189209,0.0,0,0,0,No lines detected
umeh_dhernangdri_high quality(1),umeh_dhernangdri_high quality(1) - page 1,Ume_Druma,layout,0.9,3.0,4.0,False,0.1,False,0,3.4686336517333984,0.0,0,0,0,No lines detected
umeh_dhernangdri_high quality(1),umeh_dhernangdri_high quality(1) - page 1,Ume_Druma,layout,0.9,3.0,4.0,False,0.25,False,0,3.464778423309326,0.0,0,0,0,No lines detected
umeh_dhernangdri_high quality(1),umeh_dhernangdri_high quality(1) - page 1,Ume_Druma,layout,0.9,3.0,4.0,False,0.5,False,0,3.4686014652252197,0.0,0,0,0,No lines detected
umeh_dhernangdri_high quality(1),umeh_dhernangdri_high quality(1) - page 1,Ume_Druma,layout,0.9,3.0,4.0,False,0.9,False,0,3.4673635959625244,0.0,0,0,0,No lines detected
umeh_dhernangdri_high quality(1),umeh_dhernangdri_high quality(1) - page 1,Ume_Druma,layout,0.9,3.0,5.0,True,0.1,False,0,3.4682164192199707,0.0,0,0,0,No lines detected
umeh_dhernangdri_high quality(1),umeh_dhernangdri_high quality(1) - page 1,Ume_Druma,layout,0.9,3.0,5.0,True,0.25,False,0,3.4636735916137695,0.0,0,0,0,No lines detected
umeh_dhernangdri_high quality(1),umeh_dhernangdri_high quality(1) - page 1,Ume_Druma,layout,0.9,3.0,5.0,True,0.5,False,0,4.871994256973267,0.0,0,0,0,No lines detected
umeh_dhernangdri_high quality(1),umeh_dhernangdri_high quality(1) - page 1,Ume_Druma,layout,0.9,3.0,5.0,True,0.9,False,0,3.298682451248169,0.0,0,0,0,No lines detected
umeh_dhernangdri_high quality(1),umeh_dhernangdri_high quality(1) - page 1,Ume_Druma,layout,0.9,3.0,5.0,False,0.1,False,0,3.4701905250549316,0.0,0,0,0,No lines detected
umeh_dhernangdri_high quality(1),umeh_dhernangdri_high quality(1) - page 1,Ume_Druma,layout,0.9,3.0,5.0,False,0.25,False,0,3.464691400527954,0.0,0,0,0,No lines detected
umeh_dhernangdri_high quality(1),umeh_dhernangdri_high quality(1) - page 1,Ume_Druma,layout,0.9,3.0,5.0,False,0.5,False,0,3.4590601921081543,0.0,0,0,0,No lines detected
umeh_dhernangdri_high quality(1),umeh_dhernangdri_high quality(1) - page 1,Ume_Druma,layout,0.9,3.0,5.0,False,0.9,False,0,3.4562783241271973,0.0,0,0,0,No lines detected
umeh_dhernangdri_high quality(1),umeh_dhernangdri_high quality(1) - page 1,Ume_Petsuk,line,0.7,2.0,2.5,True,0.1,False,0,3.7436654567718506,0.0,0,0,0,Line processing failed: 'list' object cannot be interpreted as an integer
umeh_dhernangdri_high quality(1),umeh_dhernangdri_high quality(1) - page 1,Ume_Petsuk,line,0.7,2.0,2.5,True,0.25,False,0,3.4281868934631348,0.0,0,0,0,Line processing failed: 'list' object cannot be interpreted as an integer
umeh_dhernangdri_high quality(1),umeh_dhernangdri_high quality(1) - page 1,Ume_Petsuk,line,0.7,2.0,2.5,True,0.5,True,4,4.312750816345215,0.0,0,0,0,
umeh_dhernangdri_high quality(1),umeh_dhernangdri_high quality(1) - page 1,Ume_Petsuk,line,0.7,2.0,2.5,True,0.9,True,4,4.199402570724487,0.0,0,0,0,
umeh_dhernangdri_high quality(1),umeh_dhernangdri_high quality(1) - page 1,Ume_Petsuk,line,0.7,2.0,2.5,False,0.1,False,0,3.3296852111816406,0.0,0,0,0,Line processing failed: 'list' object cannot be interpreted as an integer
umeh_dhernangdri_high quality(1),umeh_dhernangdri_high quality(1) - page 1,Ume_Petsuk,line,0.7,2.0,2.5,False,0.25,False,0,3.6601033210754395,0.0,0,0,0,Line processing failed: 'list' object cannot be interpreted as an integer
umeh_dhernangdri_high quality(1),umeh_dhernangdri_high quality(1) - page 1,Ume_Petsuk,line,0.7,2.0,2.5,False,0.5,True,6,4.506269693374634,0.0,0,0,0,
umeh_dhernangdri_high quality(1),umeh_dhernangdri_high quality(1) - page 1,Ume_Petsuk,line,0.7,2.0,2.5,False,0.9,True,6,4.518677711486816,0.0,0,0,0,
umeh_dhernangdri_high quality(1),umeh_dhernangdri_high quality(1) - page 1,Ume_Petsuk,line,0.7,2.0,3.5,True,0.1,False,0,3.4322240352630615,0.0,0,0,0,Line processing failed: 'list' object cannot be interpreted as an integer
umeh_dhernangdri_high quality(1),umeh_dhernangdri_high quality(1) - page 1,Ume_Petsuk,line,0.7,2.0,3.5,True,0.25,False,0,5.452014446258545,0.0,0,0,0,Line processing failed: 'list' object cannot be interpreted as an integer
umeh_dhernangdri_high quality(1),umeh_dhernangdri_high quality(1) - page 1,Ume_Petsuk,line,0.7,2.0,3.5,True,0.5,True,4,4.0368242263793945,0.0,0,0,0,
umeh_dhernangdri_high quality(1),umeh_dhernangdri_high quality(1) - page 1,Ume_Petsuk,line,0.7,2.0,3.5,True,0.9,True,4,4.023481369018555,0.0,0,0,0,
umeh_dhernangdri_high quality(1),umeh_dhernangdri_high quality(1) - page 1,Ume_Petsuk,line,0.7,2.0,3.5,False,0.1,False,0,3.3584401607513428,0.0,0,0,0,Line processing failed: 'list' object cannot be interpreted as an integer
umeh_dhernangdri_high quality(1),umeh_dhernangdri_high quality(1) - page 1,Ume_Petsuk,line,0.7,2.0,3.5,False,0.25,False,0,3.3639206886291504,0.0,0,0,0,Line processing failed: 'list' object cannot be interpreted as an integer
umeh_dhernangdri_high quality(1),umeh_dhernangdri_high quality(1) - page 1,Ume_Petsuk,line,0.7,2.0,3.5,False,0.5,True,6,4.380909442901611,0.0,0,0,0,
umeh_dhernangdri_high quality(1),umeh_dhernangdri_high quality(1) - page 1,Ume_Petsuk,line,0.7,2.0,3.5,False,0.9,True,6,4.422523498535156,0.0,0,0,0,
umeh_dhernangdri_high quality(1),umeh_dhernangdri_high quality(1) - page 1,Ume_Petsuk,line,0.7,2.0,4.0,True,0.1,False,0,3.3417916297912598,0.0,0,0,0,Line processing failed: 'list' object cannot be interpreted as an integer
umeh_dhernangdri_high quality(1),umeh_dhernangdri_high quality(1) - page 1,Ume_Petsuk,line,0.7,2.0,4.0,True,0.25,False,0,3.446967363357544,0.0,0,0,0,Line processing failed: 'list' object cannot be interpreted as an integer
umeh_dhernangdri_high quality(1),umeh_dhernangdri_high quality(1) - page 1,Ume_Petsuk,line,0.7,2.0,4.0,True,0.5,True,4,4.064205646514893,0.0,0,0,0,
umeh_dhernangdri_high quality(1),umeh_dhernangdri_high quality(1) - page 1,Ume_Petsuk,line,0.7,2.0,4.0,True,0.9,True,4,4.056614398956299,0.0,0,0,0,
umeh_dhernangdri_high quality(1),umeh_dhernangdri_high quality(1) - page 1,Ume_Petsuk,line,0.7,2.0,4.0,False,0.1,False,0,3.355050563812256,0.0,0,0,0,Line processing failed: 'list' object cannot be interpreted as an integer
umeh_dhernangdri_high quality(1),umeh_dhernangdri_high quality(1) - page 1,Ume_Petsuk,line,0.7,2.0,4.0,False,0.25,False,0,3.3508527278900146,0.0,0,0,0,Line processing failed: 'list' object cannot be interpreted as an integer
umeh_dhernangdri_high quality(1),umeh_dhernangdri_high quality(1) - page 1,Ume_Petsuk,line,0.7,2.0,4.0,False,0.5,True,6,4.3560991287231445,0.0,0,0,0,
umeh_dhernangdri_high quality(1),umeh_dhernangdri_high quality(1) - page 1,Ume_Petsuk,line,0.7,2.0,4.0,False,0.9,True,6,4.457008600234985,0.0,0,0,0,
umeh_dhernangdri_high quality(1),umeh_dhernangdri_high quality(1) - page 1,Ume_Petsuk,line,0.7,2.0,5.0,True,0.1,False,0,3.3555660247802734,0.0,0,0,0,Line processing failed: 'list' object cannot be interpreted as an integer
umeh_dhernangdri_high quality(1),umeh_dhernangdri_high quality(1) - page 1,Ume_Petsuk,line,0.7,2.0,5.0,True,0.25,False,0,3.3636739253997803,0.0,0,0,0,Line processing failed: 'list' object cannot be interpreted as an integer
umeh_dhernangdri_high quality(1),umeh_dhernangdri_high quality(1) - page 1,Ume_Petsuk,line,0.7,2.0,5.0,True,0.5,True,4,4.009323358535767,0.0,0,0,0,
umeh_dhernangdri_high quality(1),umeh_dhernangdri_high quality(1) - page 1,Ume_Petsuk,line,0.7,2.0,5.0,True,0.9,True,4,3.9767351150512695,0.0,0,0,0,
umeh_dhernangdri_high quality(1),umeh_dhernangdri_high quality(1) - page 1,Ume_Petsuk,line,0.7,2.0,5.0,False,0.1,False,0,3.3486599922180176,0.0,0,0,0,Line processing failed: 'list' object cannot be interpreted as an integer
umeh_dhernangdri_high quality(1),umeh_dhernangdri_high quality(1) - page 1,Ume_Petsuk,line,0.7,2.0,5.0,False,0.25,False,0,3.357693910598755,0.0,0,0,0,Line processing failed: 'list' object cannot be interpreted as an integer
umeh_dhernangdri_high quality(1),umeh_dhernangdri_high quality(1) - page 1,Ume_Petsuk,line,0.7,2.0,5.0,False,0.5,True,6,4.280534029006958,0.0,0,0,0,
umeh_dhernangdri_high quality(1),umeh_dhernangdri_high quality(1) - page 1,Ume_Petsuk,line,0.7,2.0,5.0,False,0.9,True,6,4.309183120727539,0.0,0,0,0,
umeh_dhernangdri_high quality(1),umeh_dhernangdri_high quality(1) - page 1,Ume_Petsuk,line,0.7,2.5,2.5,True,0.1,False,0,3.4362316131591797,0.0,0,0,0,Line processing failed: 'list' object cannot be interpreted as an integer
umeh_dhernangdri_high quality(1),umeh_dhernangdri_high quality(1) - page 1,Ume_Petsuk,line,0.7,2.5,2.5,True,0.25,False,0,3.365028142929077,0.0,0,0,0,Line processing failed: 'list' object cannot be interpreted as an integer
umeh_dhernangdri_high quality(1),umeh_dhernangdri_high quality(1) - page 1,Ume_Petsuk,line,0.7,2.5,2.5,True,0.5,True,4,4.405941963195801,0.0,0,0,0,
umeh_dhernangdri_high quality(1),umeh_dhernangdri_high quality(1) - page 1,Ume_Petsuk,line,0.7,2.5,2.5,True,0.9,True,4,4.34212589263916,0.0,0,0,0,
umeh_dhernangdri_high quality(1),umeh_dhernangdri_high quality(1) - page 1,Ume_Petsuk,line,0.7,2.5,2.5,False,0.1,False,0,3.303392171859741,0.0,0,0,0,Line processing failed: 'list' object cannot be interpreted as an integer
umeh_dhernangdri_high quality(1),umeh_dhernangdri_high quality(1) - page 1,Ume_Petsuk,line,0.7,2.5,2.5,False,0.25,False,0,3.3604254722595215,0.0,0,0,0,Line processing failed: 'list' object cannot be interpreted as an integer
umeh_dhernangdri_high quality(1),umeh_dhernangdri_high quality(1) - page 1,Ume_Petsuk,line,0.7,2.5,2.5,False,0.5,True,6,4.790186882019043,0.0,0,0,0,
umeh_dhernangdri_high quality(1),umeh_dhernangdri_high quality(1) - page 1,Ume_Petsuk,line,0.7,2.5,2.5,False,0.9,True,6,4.651545286178589,0.0,0,0,0,
umeh_dhernangdri_high quality(1),umeh_dhernangdri_high quality(1) - page 1,Ume_Petsuk,line,0.7,2.5,3.5,True,0.1,False,0,3.3117752075195312,0.0,0,0,0,Line processing failed: 'list' object cannot be interpreted as an integer
umeh_dhernangdri_high quality(1),umeh_dhernangdri_high quality(1) - page 1,Ume_Petsuk,line,0.7,2.5,3.5,True,0.25,False,0,3.369454860687256,0.0,0,0,0,Line processing failed: 'list' object cannot be interpreted as an integer
umeh_dhernangdri_high quality(1),umeh_dhernangdri_high quality(1) - page 1,Ume_Petsuk,line,0.7,2.5,3.5,True,0.5,True,4,4.286015033721924,0.0,0,0,0,
umeh_dhernangdri_high quality(1),umeh_dhernangdri_high quality(1) - page 1,Ume_Petsuk,line,0.7,2.5,3.5,True,0.9,True,4,4.218829154968262,0.0,0,0,0,
umeh_dhernangdri_high quality(1),umeh_dhernangdri_high quality(1) - page 1,Ume_Petsuk,line,0.7,2.5,3.5,False,0.1,False,0,3.3309073448181152,0.0,0,0,0,Line processing failed: 'list' object cannot be interpreted as an integer
umeh_dhernangdri_high quality(1),umeh_dhernangdri_high quality(1) - page 1,Ume_Petsuk,line,0.7,2.5,3.5,False,0.25,False,0,3.3584554195404053,0.0,0,0,0,Line processing failed: 'list' object cannot be interpreted as an integer
umeh_dhernangdri_high quality(1),umeh_dhernangdri_high quality(1) - page 1,Ume_Petsuk,line,0.7,2.5,3.5,False,0.5,True,6,4.577887058258057,0.0,0,0,0,
umeh_dhernangdri_high quality(1),umeh_dhernangdri_high quality(1) - page 1,Ume_Petsuk,line,0.7,2.5,3.5,False,0.9,True,6,4.518564701080322,0.0,0,0,0,
umeh_dhernangdri_high quality(1),umeh_dhernangdri_high quality(1) - page 1,Ume_Petsuk,line,0.7,2.5,4.0,True,0.1,False,0,3.412426471710205,0.0,0,0,0,Line processing failed: 'list' object cannot be interpreted as an integer
umeh_dhernangdri_high quality(1),umeh_dhernangdri_high quality(1) - page 1,Ume_Petsuk,line,0.7,2.5,4.0,True,0.25,False,0,3.3578922748565674,0.0,0,0,0,Line processing failed: 'list' object cannot be interpreted as an integer
umeh_dhernangdri_high quality(1),umeh_dhernangdri_high quality(1) - page 1,Ume_Petsuk,line,0.7,2.5,4.0,True,0.5,True,4,4.247760772705078,0.0,0,0,0,
umeh_dhernangdri_high quality(1),umeh_dhernangdri_high quality(1) - page 1,Ume_Petsuk,line,0.7,2.5,4.0,True,0.9,True,4,4.200114965438843,0.0,0,0,0,
umeh_dhernangdri_high quality(1),umeh_dhernangdri_high quality(1) - page 1,Ume_Petsuk,line,0.7,2.5,4.0,False,0.1,False,0,3.4175827503204346,0.0,0,0,0,Line processing failed: 'list' object cannot be interpreted as an integer
umeh_dhernangdri_high quality(1),umeh_dhernangdri_high quality(1) - page 1,Ume_Petsuk,line,0.7,2.5,4.0,False,0.25,False,0,3.3705883026123047,0.0,0,0,0,Line processing failed: 'list' object cannot be interpreted as an integer
umeh_dhernangdri_high quality(1),umeh_dhernangdri_high quality(1) - page 1,Ume_Petsuk,line,0.7,2.5,4.0,False,0.5,True,6,4.514536619186401,0.0,0,0,0,
umeh_dhernangdri_high quality(1),umeh_dhernangdri_high quality(1) - page 1,Ume_Petsuk,line,0.7,2.5,4.0,False,0.9,True,6,4.495620489120483,0.0,0,0,0,
umeh_dhernangdri_high quality(1),umeh_dhernangdri_high quality(1) - page 1,Ume_Petsuk,line,0.7,2.5,5.0,True,0.1,False,0,3.3439204692840576,0.0,0,0,0,Line processing failed: 'list' object cannot be interpreted as an integer
umeh_dhernangdri_high quality(1),umeh_dhernangdri_high quality(1) - page 1,Ume_Petsuk,line,0.7,2.5,5.0,True,0.25,False,0,3.356163263320923,0.0,0,0,0,Line processing failed: 'list' object cannot be interpreted as an integer
umeh_dhernangdri_high quality(1),umeh_dhernangdri_high quality(1) - page 1,Ume_Petsuk,line,0.7,2.5,5.0,True,0.5,True,4,4.161595106124878,0.0,0,0,0,
umeh_dhernangdri_high quality(1),umeh_dhernangdri_high quality(1) - page 1,Ume_Petsuk,line,0.7,2.5,5.0,True,0.9,True,4,4.135585308074951,0.0,0,0,0,
umeh_dhernangdri_high quality(1),umeh_dhernangdri_high quality(1) - page 1,Ume_Petsuk,line,0.7,2.5,5.0,False,0.1,False,0,3.338400363922119,0.0,0,0,0,Line processing failed: 'list' object cannot be interpreted as an integer
umeh_dhernangdri_high quality(1),umeh_dhernangdri_high quality(1) - page 1,Ume_Petsuk,line,0.7,2.5,5.0,False,0.25,False,0,3.3610730171203613,0.0,0,0,0,Line processing failed: 'list' object cannot be interpreted as an integer
umeh_dhernangdri_high quality(1),umeh_dhernangdri_high quality(1) - page 1,Ume_Petsuk,line,0.7,2.5,5.0,False,0.5,True,6,4.4695820808410645,0.0,0,0,0,
umeh_dhernangdri_high quality(1),umeh_dhernangdri_high quality(1) - page 1,Ume_Petsuk,line,0.7,2.5,5.0,False,0.9,True,6,4.85723614692688,0.0,0,0,0,
umeh_dhernangdri_high quality(1),umeh_dhernangdri_high quality(1) - page 1,Ume_Petsuk,line,0.7,3.0,2.5,True,0.1,False,0,5.450433731079102,0.0,0,0,0,Line processing failed: 'list' object cannot be interpreted as an integer
umeh_dhernangdri_high quality(1),umeh_dhernangdri_high quality(1) - page 1,Ume_Petsuk,line,0.7,3.0,2.5,True,0.25,False,0,3.1940360069274902,0.0,0,0,0,Line processing failed: 'list' object cannot be interpreted as an integer
umeh_dhernangdri_high quality(1),umeh_dhernangdri_high quality(1) - page 1,Ume_Petsuk,line,0.7,3.0,2.5,True,0.5,True,4,4.417047023773193,0.0,0,0,0,
umeh_dhernangdri_high quality(1),umeh_dhernangdri_high quality(1) - page 1,Ume_Petsuk,line,0.7,3.0,2.5,True,0.9,True,4,4.578132152557373,0.0,0,0,0,
umeh_dhernangdri_high quality(1),umeh_dhernangdri_high quality(1) - page 1,Ume_Petsuk,line,0.7,3.0,2.5,False,0.1,False,0,3.301807403564453,0.0,0,0,0,Line processing failed: 'list' object cannot be interpreted as an integer
umeh_dhernangdri_high quality(1),umeh_dhernangdri_high quality(1) - page 1,Ume_Petsuk,line,0.7,3.0,2.5,False,0.25,False,0,3.362696409225464,0.0,0,0,0,Line processing failed: 'list' object cannot be interpreted as an integer
umeh_dhernangdri_high quality(1),umeh_dhernangdri_high quality(1) - page 1,Ume_Petsuk,line,0.7,3.0,2.5,False,0.5,True,6,4.8444983959198,0.0,0,0,0,
umeh_dhernangdri_high quality(1),umeh_dhernangdri_high quality(1) - page 1,Ume_Petsuk,line,0.7,3.0,2.5,False,0.9,True,6,4.784203767776489,0.0,0,0,0,
umeh_dhernangdri_high quality(1),umeh_dhernangdri_high quality(1) - page 1,Ume_Petsuk,line,0.7,3.0,3.5,True,0.1,False,0,3.305304527282715,0.0,0,0,0,Line processing failed: 'list' object cannot be interpreted as an integer
umeh_dhernangdri_high quality(1),umeh_dhernangdri_high quality(1) - page 1,Ume_Petsuk,line,0.7,3.0,3.5,True,0.25,False,0,3.359822988510132,0.0,0,0,0,Line processing failed: 'list' object cannot be interpreted as an integer
umeh_dhernangdri_high quality(1),umeh_dhernangdri_high quality(1) - page 1,Ume_Petsuk,line,0.7,3.0,3.5,True,0.5,True,4,4.439454555511475,0.0,0,0,0,
umeh_dhernangdri_high quality(1),umeh_dhernangdri_high quality(1) - page 1,Ume_Petsuk,line,0.7,3.0,3.5,True,0.9,True,4,4.373578310012817,0.0,0,0,0,
umeh_dhernangdri_high quality(1),umeh_dhernangdri_high quality(1) - page 1,Ume_Petsuk,line,0.7,3.0,3.5,False,0.1,False,0,3.310636520385742,0.0,0,0,0,Line processing failed: 'list' object cannot be interpreted as an integer
umeh_dhernangdri_high quality(1),umeh_dhernangdri_high quality(1) - page 1,Ume_Petsuk,line,0.7,3.0,3.5,False,0.25,False,0,3.4035115242004395,0.0,0,0,0,Line processing failed: 'list' object cannot be interpreted as an integer
umeh_dhernangdri_high quality(1),umeh_dhernangdri_high quality(1) - page 1,Ume_Petsuk,line,0.7,3.0,3.5,False,0.5,True,6,4.824999809265137,0.0,0,0,0,
umeh_dhernangdri_high quality(1),umeh_dhernangdri_high quality(1) - page 1,Ume_Petsuk,line,0.7,3.0,3.5,False,0.9,True,6,4.674174785614014,0.0,0,0,0,
umeh_dhernangdri_high quality(1),umeh_dhernangdri_high quality(1) - page 1,Ume_Petsuk,line,0.7,3.0,4.0,True,0.1,False,0,3.320413589477539,0.0,0,0,0,Line processing failed: 'list' object cannot be interpreted as an integer
umeh_dhernangdri_high quality(1),umeh_dhernangdri_high quality(1) - page 1,Ume_Petsuk,line,0.7,3.0,4.0,True,0.25,False,0,3.3558666706085205,0.0,0,0,0,Line processing failed: 'list' object cannot be interpreted as an integer
umeh_dhernangdri_high quality(1),umeh_dhernangdri_high quality(1) - page 1,Ume_Petsuk,line,0.7,3.0,4.0,True,0.5,True,4,4.506190776824951,0.0,0,0,0,
umeh_dhernangdri_high quality(1),umeh_dhernangdri_high quality(1) - page 1,Ume_Petsuk,line,0.7,3.0,4.0,True,0.9,True,4,4.376706600189209,0.0,0,0,0,
umeh_dhernangdri_high quality(1),umeh_dhernangdri_high quality(1) - page 1,Ume_Petsuk,line,0.7,3.0,4.0,False,0.1,False,0,3.3040337562561035,0.0,0,0,0,Line processing failed: 'list' object cannot be interpreted as an integer
umeh_dhernangdri_high quality(1),umeh_dhernangdri_high quality(1) - page 1,Ume_Petsuk,line,0.7,3.0,4.0,False,0.25,False,0,3.3709094524383545,0.0,0,0,0,Line processing failed: 'list' object cannot be interpreted as an integer
umeh_dhernangdri_high quality(1),umeh_dhernangdri_high quality(1) - page 1,Ume_Petsuk,line,0.7,3.0,4.0,False,0.5,True,6,4.699477672576904,0.0,0,0,0,
umeh_dhernangdri_high quality(1),umeh_dhernangdri_high quality(1) - page 1,Ume_Petsuk,line,0.7,3.0,4.0,False,0.9,True,6,4.658482313156128,0.0,0,0,0,
umeh_dhernangdri_high quality(1),umeh_dhernangdri_high quality(1) - page 1,Ume_Petsuk,line,0.7,3.0,5.0,True,0.1,False,0,3.3144354820251465,0.0,0,0,0,Line processing failed: 'list' object cannot be interpreted as an integer
umeh_dhernangdri_high quality(1),umeh_dhernangdri_high quality(1) - page 1,Ume_Petsuk,line,0.7,3.0,5.0,True,0.25,False,0,3.3700156211853027,0.0,0,0,0,Line processing failed: 'list' object cannot be interpreted as an integer
umeh_dhernangdri_high quality(1),umeh_dhernangdri_high quality(1) - page 1,Ume_Petsuk,line,0.7,3.0,5.0,True,0.5,True,4,4.328243017196655,0.0,0,0,0,
umeh_dhernangdri_high quality(1),umeh_dhernangdri_high quality(1) - page 1,Ume_Petsuk,line,0.7,3.0,5.0,True,0.9,True,4,6.6869120597839355,0.0,0,0,0,
umeh_dhernangdri_high quality(1),umeh_dhernangdri_high quality(1) - page 1,Ume_Petsuk,line,0.7,3.0,5.0,False,0.1,False,0,5.4563257694244385,0.0,0,0,0,Line processing failed: 'list' object cannot be interpreted as an integer
umeh_dhernangdri_high quality(1),umeh_dhernangdri_high quality(1) - page 1,Ume_Petsuk,line,0.7,3.0,5.0,False,0.25,False,0,4.87996768951416,0.0,0,0,0,Line processing failed: 'list' object cannot be interpreted as an integer
umeh_dhernangdri_high quality(1),umeh_dhernangdri_high quality(1) - page 1,Ume_Petsuk,line,0.7,3.0,5.0,False,0.5,True,6,4.345115661621094,0.0,0,0,0,
umeh_dhernangdri_high quality(1),umeh_dhernangdri_high quality(1) - page 1,Ume_Petsuk,line,0.7,3.0,5.0,False,0.9,True,6,4.364828586578369,0.0,0,0,0,
umeh_dhernangdri_high quality(1),umeh_dhernangdri_high quality(1) - page 1,Ume_Petsuk,line,0.8,2.0,2.5,True,0.1,False,0,3.2009146213531494,0.0,0,0,0,Line processing failed: 'list' object cannot be interpreted as an integer
umeh_dhernangdri_high quality(1),umeh_dhernangdri_high quality(1) - page 1,Ume_Petsuk,line,0.8,2.0,2.5,True,0.25,False,0,3.3807272911071777,0.0,0,0,0,Line processing failed: 'list' object cannot be interpreted as an integer
umeh_dhernangdri_high quality(1),umeh_dhernangdri_high quality(1) - page 1,Ume_Petsuk,line,0.8,2.0,2.5,True,0.5,True,4,4.244923830032349,0.0,0,0,0,
umeh_dhernangdri_high quality(1),umeh_dhernangdri_high quality(1) - page 1,Ume_Petsuk,line,0.8,2.0,2.5,True,0.9,True,4,4.208283185958862,0.0,0,0,0,
umeh_dhernangdri_high quality(1),umeh_dhernangdri_high quality(1) - page 1,Ume_Petsuk,line,0.8,2.0,2.5,False,0.1,False,0,3.434598445892334,0.0,0,0,0,Line processing failed: 'list' object cannot be interpreted as an integer
umeh_dhernangdri_high quality(1),umeh_dhernangdri_high quality(1) - page 1,Ume_Petsuk,line,0.8,2.0,2.5,False,0.25,False,0,3.3603403568267822,0.0,0,0,0,Line processing failed: 'list' object cannot be interpreted as an integer
umeh_dhernangdri_high quality(1),umeh_dhernangdri_high quality(1) - page 1,Ume_Petsuk,line,0.8,2.0,2.5,False,0.5,True,6,4.52739953994751,0.0,0,0,0,
umeh_dhernangdri_high quality(1),umeh_dhernangdri_high quality(1) - page 1,Ume_Petsuk,line,0.8,2.0,2.5,False,0.9,True,6,4.491255760192871,0.0,0,0,0,
umeh_dhernangdri_high quality(1),umeh_dhernangdri_high quality(1) - page 1,Ume_Petsuk,line,0.8,2.0,3.5,True,0.1,False,0,3.3345842361450195,0.0,0,0,0,Line processing failed: 'list' object cannot be interpreted as an integer
umeh_dhernangdri_high quality(1),umeh_dhernangdri_high quality(1) - page 1,Ume_Petsuk,line,0.8,2.0,3.5,True,0.25,False,0,3.363879919052124,0.0,0,0,0,Line processing failed: 'list' object cannot be interpreted as an integer
umeh_dhernangdri_high quality(1),umeh_dhernangdri_high quality(1) - page 1,Ume_Petsuk,line,0.8,2.0,3.5,True,0.5,True,4,4.141465663909912,0.0,0,0,0,
umeh_dhernangdri_high quality(1),umeh_dhernangdri_high quality(1) - page 1,Ume_Petsuk,line,0.8,2.0,3.5,True,0.9,True,4,4.170619010925293,0.0,0,0,0,
umeh_dhernangdri_high quality(1),umeh_dhernangdri_high quality(1) - page 1,Ume_Petsuk,line,0.8,2.0,3.5,False,0.1,False,0,3.3465449810028076,0.0,0,0,0,Line processing failed: 'list' object cannot be interpreted as an integer
umeh_dhernangdri_high quality(1),umeh_dhernangdri_high quality(1) - page 1,Ume_Petsuk,line,0.8,2.0,3.5,False,0.25,False,0,3.3762850761413574,0.0,0,0,0,Line processing failed: 'list' object cannot be interpreted as an integer
umeh_dhernangdri_high quality(1),umeh_dhernangdri_high quality(1) - page 1,Ume_Petsuk,line,0.8,2.0,3.5,False,0.5,True,6,4.392366409301758,0.0,0,0,0,
umeh_dhernangdri_high quality(1),umeh_dhernangdri_high quality(1) - page 1,Ume_Petsuk,line,0.8,2.0,3.5,False,0.9,True,6,4.375363826751709,0.0,0,0,0,
umeh_dhernangdri_high quality(1),umeh_dhernangdri_high quality(1) - page 1,Ume_Petsuk,line,0.8,2.0,4.0,True,0.1,False,0,3.35539174079895,0.0,0,0,0,Line processing failed: 'list' object cannot be interpreted as an integer
umeh_dhernangdri_high quality(1),umeh_dhernangdri_high quality(1) - page 1,Ume_Petsuk,line,0.8,2.0,4.0,True,0.25,False,0,3.3793513774871826,0.0,0,0,0,Line processing failed: 'list' object cannot be interpreted as an integer
umeh_dhernangdri_high quality(1),umeh_dhernangdri_high quality(1) - page 1,Ume_Petsuk,line,0.8,2.0,4.0,True,0.5,True,4,4.066587686538696,0.0,0,0,0,
umeh_dhernangdri_high quality(1),umeh_dhernangdri_high quality(1) - page 1,Ume_Petsuk,line,0.8,2.0,4.0,True,0.9,True,4,4.157792329788208,0.0,0,0,0,
umeh_dhernangdri_high quality(1),umeh_dhernangdri_high quality(1) - page 1,Ume_Petsuk,line,0.8,2.0,4.0,False,0.1,False,0,3.363410234451294,0.0,0,0,0,Line processing failed: 'list' object cannot be interpreted as an integer
umeh_dhernangdri_high quality(1),umeh_dhernangdri_high quality(1) - page 1,Ume_Petsuk,line,0.8,2.0,4.0,False,0.25,False,0,3.378028631210327,0.0,0,0,0,Line processing failed: 'list' object cannot be interpreted as an integer
umeh_dhernangdri_high quality(1),umeh_dhernangdri_high quality(1) - page 1,Ume_Petsuk,line,0.8,2.0,4.0,False,0.5,True,6,4.349123477935791,0.0,0,0,0,
umeh_dhernangdri_high quality(1),umeh_dhernangdri_high quality(1) - page 1,Ume_Petsuk,line,0.8,2.0,4.0,False,0.9,True,6,4.353517055511475,0.0,0,0,0,
umeh_dhernangdri_high quality(1),umeh_dhernangdri_high quality(1) - page 1,Ume_Petsuk,line,0.8,2.0,5.0,True,0.1,False,0,3.37524151802063,0.0,0,0,0,Line processing failed: 'list' object cannot be interpreted as an integer
umeh_dhernangdri_high quality(1),umeh_dhernangdri_high quality(1) - page 1,Ume_Petsuk,line,0.8,2.0,5.0,True,0.25,False,0,3.3670732975006104,0.0,0,0,0,Line processing failed: 'list' object cannot be interpreted as an integer
umeh_dhernangdri_high quality(1),umeh_dhernangdri_high quality(1) - page 1,Ume_Petsuk,line,0.8,2.0,5.0,True,0.5,True,4,4.013354539871216,0.0,0,0,0,
umeh_dhernangdri_high quality(1),umeh_dhernangdri_high quality(1) - page 1,Ume_Petsuk,line,0.8,2.0,5.0,True,0.9,True,4,4.054770469665527,0.0,0,0,0,
umeh_dhernangdri_high quality(1),umeh_dhernangdri_high quality(1) - page 1,Ume_Petsuk,line,0.8,2.0,5.0,False,0.1,False,0,3.3667852878570557,0.0,0,0,0,Line processing failed: 'list' object cannot be interpreted as an integer
umeh_dhernangdri_high quality(1),umeh_dhernangdri_high quality(1) - page 1,Ume_Petsuk,line,0.8,2.0,5.0,False,0.25,False,0,3.352445125579834,0.0,0,0,0,Line processing failed: 'list' object cannot be interpreted as an integer
umeh_dhernangdri_high quality(1),umeh_dhernangdri_high quality(1) - page 1,Ume_Petsuk,line,0.8,2.0,5.0,False,0.5,True,6,4.274476766586304,0.0,0,0,0,
umeh_dhernangdri_high quality(1),umeh_dhernangdri_high quality(1) - page 1,Ume_Petsuk,line,0.8,2.0,5.0,False,0.9,True,6,4.267989873886108,0.0,0,0,0,
umeh_dhernangdri_high quality(1),umeh_dhernangdri_high quality(1) - page 1,Ume_Petsuk,line,0.8,2.5,2.5,True,0.1,False,0,3.362267255783081,0.0,0,0,0,Line processing failed: 'list' object cannot be interpreted as an integer
umeh_dhernangdri_high quality(1),umeh_dhernangdri_high quality(1) - page 1,Ume_Petsuk,line,0.8,2.5,2.5,True,0.25,False,0,3.4769749641418457,0.0,0,0,0,Line processing failed: 'list' object cannot be interpreted as an integer
umeh_dhernangdri_high quality(1),umeh_dhernangdri_high quality(1) - page 1,Ume_Petsuk,line,0.8,2.5,2.5,True,0.5,True,4,4.394805908203125,0.0,0,0,0,
umeh_dhernangdri_high quality(1),umeh_dhernangdri_high quality(1) - page 1,Ume_Petsuk,line,0.8,2.5,2.5,True,0.9,True,4,4.387292861938477,0.0,0,0,0,
umeh_dhernangdri_high quality(1),umeh_dhernangdri_high quality(1) - page 1,Ume_Petsuk,line,0.8,2.5,2.5,False,0.1,False,0,3.313835620880127,0.0,0,0,0,Line processing failed: 'list' object cannot be interpreted as an integer
umeh_dhernangdri_high quality(1),umeh_dhernangdri_high quality(1) - page 1,Ume_Petsuk,line,0.8,2.5,2.5,False,0.25,False,0,3.3774640560150146,0.0,0,0,0,Line processing failed: 'list' object cannot be interpreted as an integer
umeh_dhernangdri_high quality(1),umeh_dhernangdri_high quality(1) - page 1,Ume_Petsuk,line,0.8,2.5,2.5,False,0.5,True,6,4.674494504928589,0.0,0,0,0,
umeh_dhernangdri_high quality(1),umeh_dhernangdri_high quality(1) - page 1,Ume_Petsuk,line,0.8,2.5,2.5,False,0.9,True,6,4.6259918212890625,0.0,0,0,0,
umeh_dhernangdri_high quality(1),umeh_dhernangdri_high quality(1) - page 1,Ume_Petsuk,line,0.8,2.5,3.5,True,0.1,False,0,3.323638677597046,0.0,0,0,0,Line processing failed: 'list' object cannot be interpreted as an integer
umeh_dhernangdri_high quality(1),umeh_dhernangdri_high quality(1) - page 1,Ume_Petsuk,line,0.8,2.5,3.5,True,0.25,False,0,3.4011592864990234,0.0,0,0,0,Line processing failed: 'list' object cannot be interpreted as an integer
umeh_dhernangdri_high quality(1),umeh_dhernangdri_high quality(1) - page 1,Ume_Petsuk,line,0.8,2.5,3.5,True,0.5,True,4,4.36890435218811,0.0,0,0,0,
umeh_dhernangdri_high quality(1),umeh_dhernangdri_high quality(1) - page 1,Ume_Petsuk,line,0.8,2.5,3.5,True,0.9,True,4,4.228599548339844,0.0,0,0,0,
umeh_dhernangdri_high quality(1),umeh_dhernangdri_high quality(1) - page 1,Ume_Petsuk,line,0.8,2.5,3.5,False,0.1,False,0,3.3352179527282715,0.0,0,0,0,Line processing failed: 'list' object cannot be interpreted as an integer
umeh_dhernangdri_high quality(1),umeh_dhernangdri_high quality(1) - page 1,Ume_Petsuk,line,0.8,2.5,3.5,False,0.25,False,0,3.3682010173797607,0.0,0,0,0,Line processing failed: 'list' object cannot be interpreted as an integer
umeh_dhernangdri_high quality(1),umeh_dhernangdri_high quality(1) - page 1,Ume_Petsuk,line,0.8,2.5,3.5,False,0.5,True,6,4.536982536315918,0.0,0,0,0,
umeh_dhernangdri_high quality(1),umeh_dhernangdri_high quality(1) - page 1,Ume_Petsuk,line,0.8,2.5,3.5,False,0.9,True,6,4.516470432281494,0.0,0,0,0,
umeh_dhernangdri_high quality(1),umeh_dhernangdri_high quality(1) - page 1,Ume_Petsuk,line,0.8,2.5,4.0,True,0.1,False,0,3.444526433944702,0.0,0,0,0,Line processing failed: 'list' object cannot be interpreted as an integer
umeh_dhernangdri_high quality(1),umeh_dhernangdri_high quality(1) - page 1,Ume_Petsuk,line,0.8,2.5,4.0,True,0.25,False,0,3.365501880645752,0.0,0,0,0,Line processing failed: 'list' object cannot be interpreted as an integer
umeh_dhernangdri_high quality(1),umeh_dhernangdri_high quality(1) - page 1,Ume_Petsuk,line,0.8,2.5,4.0,True,0.5,True,4,4.234543800354004,0.0,0,0,0,
umeh_dhernangdri_high quality(1),umeh_dhernangdri_high quality(1) - page 1,Ume_Petsuk,line,0.8,2.5,4.0,True,0.9,True,4,4.21261739730835,0.0,0,0,0,
umeh_dhernangdri_high quality(1),umeh_dhernangdri_high quality(1) - page 1,Ume_Petsuk,line,0.8,2.5,4.0,False,0.1,False,0,3.344118118286133,0.0,0,0,0,Line processing failed: 'list' object cannot be interpreted as an integer
umeh_dhernangdri_high quality(1),umeh_dhernangdri_high quality(1) - page 1,Ume_Petsuk,line,0.8,2.5,4.0,False,0.25,False,0,3.358661413192749,0.0,0,0,0,Line processing failed: 'list' object cannot be interpreted as an integer
umeh_dhernangdri_high quality(1),umeh_dhernangdri_high quality(1) - page 1,Ume_Petsuk,line,0.8,2.5,4.0,False,0.5,True,6,4.517575979232788,0.0,0,0,0,
umeh_dhernangdri_high quality(1),umeh_dhernangdri_high quality(1) - page 1,Ume_Petsuk,line,0.8,2.5,4.0,False,0.9,True,6,4.488685607910156,0.0,0,0,0,
umeh_dhernangdri_high quality(1),umeh_dhernangdri_high quality(1) - page 1,Ume_Petsuk,line,0.8,2.5,5.0,True,0.1,False,0,3.339204788208008,0.0,0,0,0,Line processing failed: 'list' object cannot be interpreted as an integer
umeh_dhernangdri_high quality(1),umeh_dhernangdri_high quality(1) - page 1,Ume_Petsuk,line,0.8,2.5,5.0,True,0.25,False,0,3.398345708847046,0.0,0,0,0,Line processing failed: 'list' object cannot be interpreted as an integer
umeh_dhernangdri_high quality(1),umeh_dhernangdri_high quality(1) - page 1,Ume_Petsuk,line,0.8,2.5,5.0,True,0.5,True,4,4.226168155670166,0.0,0,0,0,
umeh_dhernangdri_high quality(1),umeh_dhernangdri_high quality(1) - page 1,Ume_Petsuk,line,0.8,2.5,5.0,True,0.9,True,4,4.1334228515625,0.0,0,0,0,
umeh_dhernangdri_high quality(1),umeh_dhernangdri_high quality(1) - page 1,Ume_Petsuk,line,0.8,2.5,5.0,False,0.1,False,0,3.3450260162353516,0.0,0,0,0,Line processing failed: 'list' object cannot be interpreted as an integer
umeh_dhernangdri_high quality(1),umeh_dhernangdri_high quality(1) - page 1,Ume_Petsuk,line,0.8,2.5,5.0,False,0.25,False,0,3.3557610511779785,0.0,0,0,0,Line processing failed: 'list' object cannot be interpreted as an integer
umeh_dhernangdri_high quality(1),umeh_dhernangdri_high quality(1) - page 1,Ume_Petsuk,line,0.8,2.5,5.0,False,0.5,True,6,4.433721303939819,0.0,0,0,0,
umeh_dhernangdri_high quality(1),umeh_dhernangdri_high quality(1) - page 1,Ume_Petsuk,line,0.8,2.5,5.0,False,0.9,True,6,4.522101640701294,0.0,0,0,0,
umeh_dhernangdri_high quality(1),umeh_dhernangdri_high quality(1) - page 1,Ume_Petsuk,line,0.8,3.0,2.5,True,0.1,False,0,3.3570163249969482,0.0,0,0,0,Line processing failed: 'list' object cannot be interpreted as an integer
umeh_dhernangdri_high quality(1),umeh_dhernangdri_high quality(1) - page 1,Ume_Petsuk,line,0.8,3.0,2.5,True,0.25,False,0,3.371420383453369,0.0,0,0,0,Line processing failed: 'list' object cannot be interpreted as an integer
umeh_dhernangdri_high quality(1),umeh_dhernangdri_high quality(1) - page 1,Ume_Petsuk,line,0.8,3.0,2.5,True,0.5,True,4,4.564881086349487,0.0,0,0,0,
umeh_dhernangdri_high quality(1),umeh_dhernangdri_high quality(1) - page 1,Ume_Petsuk,line,0.8,3.0,2.5,True,0.9,True,4,4.526354789733887,0.0,0,0,0,
umeh_dhernangdri_high quality(1),umeh_dhernangdri_high quality(1) - page 1,Ume_Petsuk,line,0.8,3.0,2.5,False,0.1,False,0,3.3161306381225586,0.0,0,0,0,Line processing failed: 'list' object cannot be interpreted as an integer
umeh_dhernangdri_high quality(1),umeh_dhernangdri_high quality(1) - page 1,Ume_Petsuk,line,0.8,3.0,2.5,False,0.25,False,0,3.3788905143737793,0.0,0,0,0,Line processing failed: 'list' object cannot be interpreted as an integer
umeh_dhernangdri_high quality(1),umeh_dhernangdri_high quality(1) - page 1,Ume_Petsuk,line,0.8,3.0,2.5,False,0.5,True,6,4.87176513671875,0.0,0,0,0,
umeh_dhernangdri_high quality(1),umeh_dhernangdri_high quality(1) - page 1,Ume_Petsuk,line,0.8,3.0,2.5,False,0.9,True,6,4.809706687927246,0.0,0,0,0,
umeh_dhernangdri_high quality(1),umeh_dhernangdri_high quality(1) - page 1,Ume_Petsuk,line,0.8,3.0,3.5,True,0.1,False,0,3.346923828125,0.0,0,0,0,Line processing failed: 'list' object cannot be interpreted as an integer
umeh_dhernangdri_high quality(1),umeh_dhernangdri_high quality(1) - page 1,Ume_Petsuk,line,0.8,3.0,3.5,True,0.25,False,0,3.4598453044891357,0.0,0,0,0,Line processing failed: 'list' object cannot be interpreted as an integer
umeh_dhernangdri_high quality(1),umeh_dhernangdri_high quality(1) - page 1,Ume_Petsuk,line,0.8,3.0,3.5,True,0.5,True,4,4.484512567520142,0.0,0,0,0,
umeh_dhernangdri_high quality(1),umeh_dhernangdri_high quality(1) - page 1,Ume_Petsuk,line,0.8,3.0,3.5,True,0.9,True,4,4.381184339523315,0.0,0,0,0,
umeh_dhernangdri_high quality(1),umeh_dhernangdri_high quality(1) - page 1,Ume_Petsuk,line,0.8,3.0,3.5,False,0.1,False,0,3.3097550868988037,0.0,0,0,0,Line processing failed: 'list' object cannot be interpreted as an integer
umeh_dhernangdri_high quality(1),umeh_dhernangdri_high quality(1) - page 1,Ume_Petsuk,line,0.8,3.0,3.5,False,0.25,False,0,3.385963201522827,0.0,0,0,0,Line processing failed: 'list' object cannot be interpreted as an integer
umeh_dhernangdri_high quality(1),umeh_dhernangdri_high quality(1) - page 1,Ume_Petsuk,line,0.8,3.0,3.5,False,0.5,True,6,4.833733558654785,0.0,0,0,0,
umeh_dhernangdri_high quality(1),umeh_dhernangdri_high quality(1) - page 1,Ume_Petsuk,line,0.8,3.0,3.5,False,0.9,True,6,4.698364734649658,0.0,0,0,0,
umeh_dhernangdri_high quality(1),umeh_dhernangdri_high quality(1) - page 1,Ume_Petsuk,line,0.8,3.0,4.0,True,0.1,False,0,3.3279709815979004,0.0,0,0,0,Line processing failed: 'list' object cannot be interpreted as an integer
umeh_dhernangdri_high quality(1),umeh_dhernangdri_high quality(1) - page 1,Ume_Petsuk,line,0.8,3.0,4.0,True,0.25,False,0,3.3716962337493896,0.0,0,0,0,Line processing failed: 'list' object cannot be interpreted as an integer
umeh_dhernangdri_high quality(1),umeh_dhernangdri_high quality(1) - page 1,Ume_Petsuk,line,0.8,3.0,4.0,True,0.5,True,4,4.429574251174927,0.0,0,0,0,
umeh_dhernangdri_high quality(1),umeh_dhernangdri_high quality(1) - page 1,Ume_Petsuk,line,0.8,3.0,4.0,True,0.9,True,4,4.388298749923706,0.0,0,0,0,
umeh_dhernangdri_high quality(1),umeh_dhernangdri_high quality(1) - page 1,Ume_Petsuk,line,0.8,3.0,4.0,False,0.1,False,0,3.3191401958465576,0.0,0,0,0,Line processing failed: 'list' object cannot be interpreted as an integer
umeh_dhernangdri_high quality(1),umeh_dhernangdri_high quality(1) - page 1,Ume_Petsuk,line,0.8,3.0,4.0,False,0.25,False,0,3.378678560256958,0.0,0,0,0,Line processing failed: 'list' object cannot be interpreted as an integer
umeh_dhernangdri_high quality(1),umeh_dhernangdri_high quality(1) - page 1,Ume_Petsuk,line,0.8,3.0,4.0,False,0.5,True,6,4.720124006271362,0.0,0,0,0,
umeh_dhernangdri_high quality(1),umeh_dhernangdri_high quality(1) - page 1,Ume_Petsuk,line,0.8,3.0,4.0,False,0.9,True,6,4.71068000793457,0.0,0,0,0,
umeh_dhernangdri_high quality(1),umeh_dhernangdri_high quality(1) - page 1,Ume_Petsuk,line,0.8,3.0,5.0,True,0.1,False,0,3.4059009552001953,0.0,0,0,0,Line processing failed: 'list' object cannot be interpreted as an integer
umeh_dhernangdri_high quality(1),umeh_dhernangdri_high quality(1) - page 1,Ume_Petsuk,line,0.8,3.0,5.0,True,0.25,False,0,3.384068012237549,0.0,0,0,0,Line processing failed: 'list' object cannot be interpreted as an integer
umeh_dhernangdri_high quality(1),umeh_dhernangdri_high quality(1) - page 1,Ume_Petsuk,line,0.8,3.0,5.0,True,0.5,True,4,4.34556770324707,0.0,0,0,0,
umeh_dhernangdri_high quality(1),umeh_dhernangdri_high quality(1) - page 1,Ume_Petsuk,line,0.8,3.0,5.0,True,0.9,True,4,4.288224220275879,0.0,0,0,0,
umeh_dhernangdri_high quality(1),umeh_dhernangdri_high quality(1) - page 1,Ume_Petsuk,line,0.8,3.0,5.0,False,0.1,False,0,3.3421196937561035,0.0,0,0,0,Line processing failed: 'list' object cannot be interpreted as an integer
umeh_dhernangdri_high quality(1),umeh_dhernangdri_high quality(1) - page 1,Ume_Petsuk,line,0.8,3.0,5.0,False,0.25,False,0,3.4645495414733887,0.0,0,0,0,Line processing failed: 'list' object cannot be interpreted as an integer
umeh_dhernangdri_high quality(1),umeh_dhernangdri_high quality(1) - page 1,Ume_Petsuk,line,0.8,3.0,5.0,False,0.5,True,6,4.629199504852295,0.0,0,0,0,
umeh_dhernangdri_high quality(1),umeh_dhernangdri_high quality(1) - page 1,Ume_Petsuk,line,0.8,3.0,5.0,False,0.9,True,6,4.56593656539917,0.0,0,0,0,
umeh_dhernangdri_high quality(1),umeh_dhernangdri_high quality(1) - page 1,Ume_Petsuk,line,0.9,2.0,2.5,True,0.1,False,0,3.3514559268951416,0.0,0,0,0,Line processing failed: 'list' object cannot be interpreted as an integer
umeh_dhernangdri_high quality(1),umeh_dhernangdri_high quality(1) - page 1,Ume_Petsuk,line,0.9,2.0,2.5,True,0.25,False,0,3.3755760192871094,0.0,0,0,0,Line processing failed: 'list' object cannot be interpreted as an integer
umeh_dhernangdri_high quality(1),umeh_dhernangdri_high quality(1) - page 1,Ume_Petsuk,line,0.9,2.0,2.5,True,0.5,True,4,4.248376846313477,0.0,0,0,0,
umeh_dhernangdri_high quality(1),umeh_dhernangdri_high quality(1) - page 1,Ume_Petsuk,line,0.9,2.0,2.5,True,0.9,True,4,4.224316835403442,0.0,0,0,0,
umeh_dhernangdri_high quality(1),umeh_dhernangdri_high quality(1) - page 1,Ume_Petsuk,line,0.9,2.0,2.5,False,0.1,False,0,5.460610866546631,0.0,0,0,0,Line processing failed: 'list' object cannot be interpreted as an integer
umeh_dhernangdri_high quality(1),umeh_dhernangdri_high quality(1) - page 1,Ume_Petsuk,line,0.9,2.0,2.5,False,0.25,False,0,5.467500448226929,0.0,0,0,0,Line processing failed: 'list' object cannot be interpreted as an integer
umeh_dhernangdri_high quality(1),umeh_dhernangdri_high quality(1) - page 1,Ume_Petsuk,line,0.9,2.0,2.5,False,0.5,True,6,7.024312496185303,0.0,0,0,0,
umeh_dhernangdri_high quality(1),umeh_dhernangdri_high quality(1) - page 1,Ume_Petsuk,line,0.9,2.0,2.5,False,0.9,True,6,6.015020847320557,0.0,0,0,0,
umeh_dhernangdri_high quality(1),umeh_dhernangdri_high quality(1) - page 1,Ume_Petsuk,line,0.9,2.0,3.5,True,0.1,False,0,3.1302175521850586,0.0,0,0,0,Line processing failed: 'list' object cannot be interpreted as an integer
umeh_dhernangdri_high quality(1),umeh_dhernangdri_high quality(1) - page 1,Ume_Petsuk,line,0.9,2.0,3.5,True,0.25,False,0,3.121426820755005,0.0,0,0,0,Line processing failed: 'list' object cannot be interpreted as an integer
umeh_dhernangdri_high quality(1),umeh_dhernangdri_high quality(1) - page 1,Ume_Petsuk,line,0.9,2.0,3.5,True,0.5,True,4,3.872805595397949,0.0,0,0,0,
umeh_dhernangdri_high quality(1),umeh_dhernangdri_high quality(1) - page 1,Ume_Petsuk,line,0.9,2.0,3.5,True,0.9,True,4,4.238162279129028,0.0,0,0,0,
umeh_dhernangdri_high quality(1),umeh_dhernangdri_high quality(1) - page 1,Ume_Petsuk,line,0.9,2.0,3.5,False,0.1,False,0,3.3637173175811768,0.0,0,0,0,Line processing failed: 'list' object cannot be interpreted as an integer
umeh_dhernangdri_high quality(1),umeh_dhernangdri_high quality(1) - page 1,Ume_Petsuk,line,0.9,2.0,3.5,False,0.25,False,0,3.3792431354522705,0.0,0,0,0,Line processing failed: 'list' object cannot be interpreted as an integer
umeh_dhernangdri_high quality(1),umeh_dhernangdri_high quality(1) - page 1,Ume_Petsuk,line,0.9,2.0,3.5,False,0.5,True,6,4.39325475692749,0.0,0,0,0,
umeh_dhernangdri_high quality(1),umeh_dhernangdri_high quality(1) - page 1,Ume_Petsuk,line,0.9,2.0,3.5,False,0.9,True,6,4.411996364593506,0.0,0,0,0,
umeh_dhernangdri_high quality(1),umeh_dhernangdri_high quality(1) - page 1,Ume_Petsuk,line,0.9,2.0,4.0,True,0.1,False,0,3.364422559738159,0.0,0,0,0,Line processing failed: 'list' object cannot be interpreted as an integer
umeh_dhernangdri_high quality(1),umeh_dhernangdri_high quality(1) - page 1,Ume_Petsuk,line,0.9,2.0,4.0,True,0.25,False,0,3.3630521297454834,0.0,0,0,0,Line processing failed: 'list' object cannot be interpreted as an integer
umeh_dhernangdri_high quality(1),umeh_dhernangdri_high quality(1) - page 1,Ume_Petsuk,line,0.9,2.0,4.0,True,0.5,True,4,4.060612201690674,0.0,0,0,0,
umeh_dhernangdri_high quality(1),umeh_dhernangdri_high quality(1) - page 1,Ume_Petsuk,line,0.9,2.0,4.0,True,0.9,True,4,4.055434703826904,0.0,0,0,0,
umeh_dhernangdri_high quality(1),umeh_dhernangdri_high quality(1) - page 1,Ume_Petsuk,line,0.9,2.0,4.0,False,0.1,False,0,3.395618438720703,0.0,0,0,0,Line processing failed: 'list' object cannot be interpreted as an integer
umeh_dhernangdri_high quality(1),umeh_dhernangdri_high quality(1) - page 1,Ume_Petsuk,line,0.9,2.0,4.0,False,0.25,False,0,3.353231191635132,0.0,0,0,0,Line processing failed: 'list' object cannot be interpreted as an integer
umeh_dhernangdri_high quality(1),umeh_dhernangdri_high quality(1) - page 1,Ume_Petsuk,line,0.9,2.0,4.0,False,0.5,True,6,4.46333646774292,0.0,0,0,0,
umeh_dhernangdri_high quality(1),umeh_dhernangdri_high quality(1) - page 1,Ume_Petsuk,line,0.9,2.0,4.0,False,0.9,True,6,4.346641778945923,0.0,0,0,0,
umeh_dhernangdri_high quality(1),umeh_dhernangdri_high quality(1) - page 1,Ume_Petsuk,line,0.9,2.0,5.0,True,0.1,False,0,3.35282564163208,0.0,0,0,0,Line processing failed: 'list' object cannot be interpreted as an integer
umeh_dhernangdri_high quality(1),umeh_dhernangdri_high quality(1) - page 1,Ume_Petsuk,line,0.9,2.0,5.0,True,0.25,False,0,3.3612632751464844,0.0,0,0,0,Line processing failed: 'list' object cannot be interpreted as an integer
umeh_dhernangdri_high quality(1),umeh_dhernangdri_high quality(1) - page 1,Ume_Petsuk,line,0.9,2.0,5.0,True,0.5,True,4,4.251708030700684,0.0,0,0,0,
umeh_dhernangdri_high quality(1),umeh_dhernangdri_high quality(1) - page 1,Ume_Petsuk,line,0.9,2.0,5.0,True,0.9,True,4,3.9810171127319336,0.0,0,0,0,
umeh_dhernangdri_high quality(1),umeh_dhernangdri_high quality(1) - page 1,Ume_Petsuk,line,0.9,2.0,5.0,False,0.1,False,0,3.3609488010406494,0.0,0,0,0,Line processing failed: 'list' object cannot be interpreted as an integer
umeh_dhernangdri_high quality(1),umeh_dhernangdri_high quality(1) - page 1,Ume_Petsuk,line,0.9,2.0,5.0,False,0.25,False,0,3.359811782836914,0.0,0,0,0,Line processing failed: 'list' object cannot be interpreted as an integer
umeh_dhernangdri_high quality(1),umeh_dhernangdri_high quality(1) - page 1,Ume_Petsuk,line,0.9,2.0,5.0,False,0.5,True,6,4.270592212677002,0.0,0,0,0,
umeh_dhernangdri_high quality(1),umeh_dhernangdri_high quality(1) - page 1,Ume_Petsuk,line,0.9,2.0,5.0,False,0.9,True,6,4.296410322189331,0.0,0,0,0,
umeh_dhernangdri_high quality(1),umeh_dhernangdri_high quality(1) - page 1,Ume_Petsuk,line,0.9,2.5,2.5,True,0.1,False,0,3.358309745788574,0.0,0,0,0,Line processing failed: 'list' object cannot be interpreted as an integer
umeh_dhernangdri_high quality(1),umeh_dhernangdri_high quality(1) - page 1,Ume_Petsuk,line,0.9,2.5,2.5,True,0.25,False,0,3.357851028442383,0.0,0,0,0,Line processing failed: 'list' object cannot be interpreted as an integer
umeh_dhernangdri_high quality(1),umeh_dhernangdri_high quality(1) - page 1,Ume_Petsuk,line,0.9,2.5,2.5,True,0.5,True,4,4.38964581489563,0.0,0,0,0,
umeh_dhernangdri_high quality(1),umeh_dhernangdri_high quality(1) - page 1,Ume_Petsuk,line,0.9,2.5,2.5,True,0.9,True,4,4.348290681838989,0.0,0,0,0,
umeh_dhernangdri_high quality(1),umeh_dhernangdri_high quality(1) - page 1,Ume_Petsuk,line,0.9,2.5,2.5,False,0.1,False,0,3.3413472175598145,0.0,0,0,0,Line processing failed: 'list' object cannot be interpreted as an integer
umeh_dhernangdri_high quality(1),umeh_dhernangdri_high quality(1) - page 1,Ume_Petsuk,line,0.9,2.5,2.5,False,0.25,False,0,3.4445528984069824,0.0,0,0,0,Line processing failed: 'list' object cannot be interpreted as an integer
umeh_dhernangdri_high quality(1),umeh_dhernangdri_high quality(1) - page 1,Ume_Petsuk,line,0.9,2.5,2.5,False,0.5,True,6,4.682340860366821,0.0,0,0,0,
umeh_dhernangdri_high quality(1),umeh_dhernangdri_high quality(1) - page 1,Ume_Petsuk,line,0.9,2.5,2.5,False,0.9,True,6,4.6386353969573975,0.0,0,0,0,
umeh_dhernangdri_high quality(1),umeh_dhernangdri_high quality(1) - page 1,Ume_Petsuk,line,0.9,2.5,3.5,True,0.1,False,0,3.3145980834960938,0.0,0,0,0,Line processing failed: 'list' object cannot be interpreted as an integer
umeh_dhernangdri_high quality(1),umeh_dhernangdri_high quality(1) - page 1,Ume_Petsuk,line,0.9,2.5,3.5,True,0.25,False,0,3.357555866241455,0.0,0,0,0,Line processing failed: 'list' object cannot be interpreted as an integer
umeh_dhernangdri_high quality(1),umeh_dhernangdri_high quality(1) - page 1,Ume_Petsuk,line,0.9,2.5,3.5,True,0.5,True,4,4.6952269077301025,0.0,0,0,0,
umeh_dhernangdri_high quality(1),umeh_dhernangdri_high quality(1) - page 1,Ume_Petsuk,line,0.9,2.5,3.5,True,0.9,True,4,5.6281561851501465,0.0,0,0,0,
umeh_dhernangdri_high quality(1),umeh_dhernangdri_high quality(1) - page 1,Ume_Petsuk,line,0.9,2.5,3.5,False,0.1,False,0,3.1102044582366943,0.0,0,0,0,Line processing failed: 'list' object cannot be interpreted as an integer
umeh_dhernangdri_high quality(1),umeh_dhernangdri_high quality(1) - page 1,Ume_Petsuk,line,0.9,2.5,3.5,False,0.25,False,0,3.3612473011016846,0.0,0,0,0,Line processing failed: 'list' object cannot be interpreted as an integer
umeh_dhernangdri_high quality(1),umeh_dhernangdri_high quality(1) - page 1,Ume_Petsuk,line,0.9,2.5,3.5,False,0.5,True,6,4.572927236557007,0.0,0,0,0,
umeh_dhernangdri_high quality(1),umeh_dhernangdri_high quality(1) - page 1,Ume_Petsuk,line,0.9,2.5,3.5,False,0.9,True,6,4.535225868225098,0.0,0,0,0,
umeh_dhernangdri_high quality(1),umeh_dhernangdri_high quality(1) - page 1,Ume_Petsuk,line,0.9,2.5,4.0,True,0.1,False,0,3.3405489921569824,0.0,0,0,0,Line processing failed: 'list' object cannot be interpreted as an integer
umeh_dhernangdri_high quality(1),umeh_dhernangdri_high quality(1) - page 1,Ume_Petsuk,line,0.9,2.5,4.0,True,0.25,False,0,3.3586738109588623,0.0,0,0,0,Line processing failed: 'list' object cannot be interpreted as an integer
umeh_dhernangdri_high quality(1),umeh_dhernangdri_high quality(1) - page 1,Ume_Petsuk,line,0.9,2.5,4.0,True,0.5,True,4,4.239160060882568,0.0,0,0,0,
umeh_dhernangdri_high quality(1),umeh_dhernangdri_high quality(1) - page 1,Ume_Petsuk,line,0.9,2.5,4.0,True,0.9,True,4,4.25959849357605,0.0,0,0,0,
umeh_dhernangdri_high quality(1),umeh_dhernangdri_high quality(1) - page 1,Ume_Petsuk,line,0.9,2.5,4.0,False,0.1,False,0,3.4181885719299316,0.0,0,0,0,Line processing failed: 'list' object cannot be interpreted as an integer
umeh_dhernangdri_high quality(1),umeh_dhernangdri_high quality(1) - page 1,Ume_Petsuk,line,0.9,2.5,4.0,False,0.25,False,0,3.3644113540649414,0.0,0,0,0,Line processing failed: 'list' object cannot be interpreted as an integer
umeh_dhernangdri_high quality(1),umeh_dhernangdri_high quality(1) - page 1,Ume_Petsuk,line,0.9,2.5,4.0,False,0.5,True,6,4.536339998245239,0.0,0,0,0,
umeh_dhernangdri_high quality(1),umeh_dhernangdri_high quality(1) - page 1,Ume_Petsuk,line,0.9,2.5,4.0,False,0.9,True,6,4.486924409866333,0.0,0,0,0,
umeh_dhernangdri_high quality(1),umeh_dhernangdri_high quality(1) - page 1,Ume_Petsuk,line,0.9,2.5,5.0,True,0.1,False,0,3.430955171585083,0.0,0,0,0,Line processing failed: 'list' object cannot be interpreted as an integer
umeh_dhernangdri_high quality(1),umeh_dhernangdri_high quality(1) - page 1,Ume_Petsuk,line,0.9,2.5,5.0,True,0.25,False,0,3.360250234603882,0.0,0,0,0,Line processing failed: 'list' object cannot be interpreted as an integer
umeh_dhernangdri_high quality(1),umeh_dhernangdri_high quality(1) - page 1,Ume_Petsuk,line,0.9,2.5,5.0,True,0.5,True,4,4.139520645141602,0.0,0,0,0,
umeh_dhernangdri_high quality(1),umeh_dhernangdri_high quality(1) - page 1,Ume_Petsuk,line,0.9,2.5,5.0,True,0.9,True,4,4.119479417800903,0.0,0,0,0,
umeh_dhernangdri_high quality(1),umeh_dhernangdri_high quality(1) - page 1,Ume_Petsuk,line,0.9,2.5,5.0,False,0.1,False,0,3.3449926376342773,0.0,0,0,0,Line processing failed: 'list' object cannot be interpreted as an integer
umeh_dhernangdri_high quality(1),umeh_dhernangdri_high quality(1) - page 1,Ume_Petsuk,line,0.9,2.5,5.0,False,0.25,False,0,3.358095407485962,0.0,0,0,0,Line processing failed: 'list' object cannot be interpreted as an integer
umeh_dhernangdri_high quality(1),umeh_dhernangdri_high quality(1) - page 1,Ume_Petsuk,line,0.9,2.5,5.0,False,0.5,True,6,6.909490346908569,0.0,0,0,0,
umeh_dhernangdri_high quality(1),umeh_dhernangdri_high quality(1) - page 1,Ume_Petsuk,line,0.9,2.5,5.0,False,0.9,True,6,6.90673303604126,0.0,0,0,0,
umeh_dhernangdri_high quality(1),umeh_dhernangdri_high quality(1) - page 1,Ume_Petsuk,line,0.9,3.0,2.5,True,0.1,False,0,5.4493865966796875,0.0,0,0,0,Line processing failed: 'list' object cannot be interpreted as an integer
umeh_dhernangdri_high quality(1),umeh_dhernangdri_high quality(1) - page 1,Ume_Petsuk,line,0.9,3.0,2.5,True,0.25,False,0,3.170302152633667,0.0,0,0,0,Line processing failed: 'list' object cannot be interpreted as an integer
umeh_dhernangdri_high quality(1),umeh_dhernangdri_high quality(1) - page 1,Ume_Petsuk,line,0.9,3.0,2.5,True,0.5,True,4,4.4288599491119385,0.0,0,0,0,
umeh_dhernangdri_high quality(1),umeh_dhernangdri_high quality(1) - page 1,Ume_Petsuk,line,0.9,3.0,2.5,True,0.9,True,4,4.31652569770813,0.0,0,0,0,
umeh_dhernangdri_high quality(1),umeh_dhernangdri_high quality(1) - page 1,Ume_Petsuk,line,0.9,3.0,2.5,False,0.1,False,0,3.231140375137329,0.0,0,0,0,Line processing failed: 'list' object cannot be interpreted as an integer
umeh_dhernangdri_high quality(1),umeh_dhernangdri_high quality(1) - page 1,Ume_Petsuk,line,0.9,3.0,2.5,False,0.25,False,0,3.365368366241455,0.0,0,0,0,Line processing failed: 'list' object cannot be interpreted as an integer
umeh_dhernangdri_high quality(1),umeh_dhernangdri_high quality(1) - page 1,Ume_Petsuk,line,0.9,3.0,2.5,False,0.5,True,6,4.869108438491821,0.0,0,0,0,
umeh_dhernangdri_high quality(1),umeh_dhernangdri_high quality(1) - page 1,Ume_Petsuk,line,0.9,3.0,2.5,False,0.9,True,6,4.886660099029541,0.0,0,0,0,
umeh_dhernangdri_high quality(1),umeh_dhernangdri_high quality(1) - page 1,Ume_Petsuk,line,0.9,3.0,3.5,True,0.1,False,0,3.296647310256958,0.0,0,0,0,Line processing failed: 'list' object cannot be interpreted as an integer
umeh_dhernangdri_high quality(1),umeh_dhernangdri_high quality(1) - page 1,Ume_Petsuk,line,0.9,3.0,3.5,True,0.25,False,0,3.360454559326172,0.0,0,0,0,Line processing failed: 'list' object cannot be interpreted as an integer
umeh_dhernangdri_high quality(1),umeh_dhernangdri_high quality(1) - page 1,Ume_Petsuk,line,0.9,3.0,3.5,True,0.5,True,4,4.449137210845947,0.0,0,0,0,
umeh_dhernangdri_high quality(1),umeh_dhernangdri_high quality(1) - page 1,Ume_Petsuk,line,0.9,3.0,3.5,True,0.9,True,4,4.379098415374756,0.0,0,0,0,
umeh_dhernangdri_high quality(1),umeh_dhernangdri_high quality(1) - page 1,Ume_Petsuk,line,0.9,3.0,3.5,False,0.1,False,0,3.3114049434661865,0.0,0,0,0,Line processing failed: 'list' object cannot be interpreted as an integer
umeh_dhernangdri_high quality(1),umeh_dhernangdri_high quality(1) - page 1,Ume_Petsuk,line,0.9,3.0,3.5,False,0.25,False,0,3.3690640926361084,0.0,0,0,0,Line processing failed: 'list' object cannot be interpreted as an integer
umeh_dhernangdri_high quality(1),umeh_dhernangdri_high quality(1) - page 1,Ume_Petsuk,line,0.9,3.0,3.5,False,0.5,True,6,4.7115983963012695,0.0,0,0,0,
umeh_dhernangdri_high quality(1),umeh_dhernangdri_high quality(1) - page 1,Ume_Petsuk,line,0.9,3.0,3.5,False,0.9,True,6,4.67490816116333,0.0,0,0,0,
umeh_dhernangdri_high quality(1),umeh_dhernangdri_high quality(1) - page 1,Ume_Petsuk,line,0.9,3.0,4.0,True,0.1,False,0,3.346356153488159,0.0,0,0,0,Line processing failed: 'list' object cannot be interpreted as an integer
umeh_dhernangdri_high quality(1),umeh_dhernangdri_high quality(1) - page 1,Ume_Petsuk,line,0.9,3.0,4.0,True,0.25,False,0,3.445873975753784,0.0,0,0,0,Line processing failed: 'list' object cannot be interpreted as an integer
umeh_dhernangdri_high quality(1),umeh_dhernangdri_high quality(1) - page 1,Ume_Petsuk,line,0.9,3.0,4.0,True,0.5,True,4,4.410283803939819,0.0,0,0,0,
umeh_dhernangdri_high quality(1),umeh_dhernangdri_high quality(1) - page 1,Ume_Petsuk,line,0.9,3.0,4.0,True,0.9,True,4,4.3717217445373535,0.0,0,0,0,
umeh_dhernangdri_high quality(1),umeh_dhernangdri_high quality(1) - page 1,Ume_Petsuk,line,0.9,3.0,4.0,False,0.1,False,0,3.3068103790283203,0.0,0,0,0,Line processing failed: 'list' object cannot be interpreted as an integer
umeh_dhernangdri_high quality(1),umeh_dhernangdri_high quality(1) - page 1,Ume_Petsuk,line,0.9,3.0,4.0,False,0.25,False,0,3.3631839752197266,0.0,0,0,0,Line processing failed: 'list' object cannot be interpreted as an integer
umeh_dhernangdri_high quality(1),umeh_dhernangdri_high quality(1) - page 1,Ume_Petsuk,line,0.9,3.0,4.0,False,0.5,True,6,4.801680326461792,0.0,0,0,0,
umeh_dhernangdri_high quality(1),umeh_dhernangdri_high quality(1) - page 1,Ume_Petsuk,line,0.9,3.0,4.0,False,0.9,True,6,4.672848463058472,0.0,0,0,0,
umeh_dhernangdri_high quality(1),umeh_dhernangdri_high quality(1) - page 1,Ume_Petsuk,line,0.9,3.0,5.0,True,0.1,False,0,3.351156234741211,0.0,0,0,0,Line processing failed: 'list' object cannot be interpreted as an integer
umeh_dhernangdri_high quality(1),umeh_dhernangdri_high quality(1) - page 1,Ume_Petsuk,line,0.9,3.0,5.0,True,0.25,False,0,3.3688576221466064,0.0,0,0,0,Line processing failed: 'list' object cannot be interpreted as an integer
umeh_dhernangdri_high quality(1),umeh_dhernangdri_high quality(1) - page 1,Ume_Petsuk,line,0.9,3.0,5.0,True,0.5,True,4,4.319442272186279,0.0,0,0,0,
umeh_dhernangdri_high quality(1),umeh_dhernangdri_high quality(1) - page 1,Ume_Petsuk,line,0.9,3.0,5.0,True,0.9,True,4,4.295714378356934,0.0,0,0,0,
umeh_dhernangdri_high quality(1),umeh_dhernangdri_high quality(1) - page 1,Ume_Petsuk,line,0.9,3.0,5.0,False,0.1,False,0,3.3171582221984863,0.0,0,0,0,Line processing failed: 'list' object cannot be interpreted as an integer
umeh_dhernangdri_high quality(1),umeh_dhernangdri_high quality(1) - page 1,Ume_Petsuk,line,0.9,3.0,5.0,False,0.25,False,0,3.3532872200012207,0.0,0,0,0,Line processing failed: 'list' object cannot be interpreted as an integer
umeh_dhernangdri_high quality(1),umeh_dhernangdri_high quality(1) - page 1,Ume_Petsuk,line,0.9,3.0,5.0,False,0.5,True,6,4.6027445793151855,0.0,0,0,0,
umeh_dhernangdri_high quality(1),umeh_dhernangdri_high quality(1) - page 1,Ume_Petsuk,line,0.9,3.0,5.0,False,0.9,True,6,5.983631134033203,0.0,0,0,0,
umeh_dhernangdri_high quality(1),umeh_dhernangdri_high quality(1) - page 1,Ume_Petsuk,layout,0.7,2.0,2.5,True,0.1,False,0,3.7123591899871826,0.0,0,0,0,No lines detected
umeh_dhernangdri_high quality(1),umeh_dhernangdri_high quality(1) - page 1,Ume_Petsuk,layout,0.7,2.0,2.5,True,0.25,False,0,3.526313066482544,0.0,0,0,0,No lines detected
umeh_dhernangdri_high quality(1),umeh_dhernangdri_high quality(1) - page 1,Ume_Petsuk,layout,0.7,2.0,2.5,True,0.5,False,0,3.457101583480835,0.0,0,0,0,No lines detected
umeh_dhernangdri_high quality(1),umeh_dhernangdri_high quality(1) - page 1,Ume_Petsuk,layout,0.7,2.0,2.5,True,0.9,False,0,3.4693562984466553,0.0,0,0,0,No lines detected
umeh_dhernangdri_high quality(1),umeh_dhernangdri_high quality(1) - page 1,Ume_Petsuk,layout,0.7,2.0,2.5,False,0.1,False,0,3.4522287845611572,0.0,0,0,0,No lines detected
umeh_dhernangdri_high quality(1),umeh_dhernangdri_high quality(1) - page 1,Ume_Petsuk,layout,0.7,2.0,2.5,False,0.25,False,0,3.5784718990325928,0.0,0,0,0,No lines detected
umeh_dhernangdri_high quality(1),umeh_dhernangdri_high quality(1) - page 1,Ume_Petsuk,layout,0.7,2.0,2.5,False,0.5,False,0,3.467914342880249,0.0,0,0,0,No lines detected
umeh_dhernangdri_high quality(1),umeh_dhernangdri_high quality(1) - page 1,Ume_Petsuk,layout,0.7,2.0,2.5,False,0.9,False,0,3.4608449935913086,0.0,0,0,0,No lines detected
umeh_dhernangdri_high quality(1),umeh_dhernangdri_high quality(1) - page 1,Ume_Petsuk,layout,0.7,2.0,3.5,True,0.1,False,0,3.452324151992798,0.0,0,0,0,No lines detected
umeh_dhernangdri_high quality(1),umeh_dhernangdri_high quality(1) - page 1,Ume_Petsuk,layout,0.7,2.0,3.5,True,0.25,False,0,3.466330051422119,0.0,0,0,0,No lines detected
umeh_dhernangdri_high quality(1),umeh_dhernangdri_high quality(1) - page 1,Ume_Petsuk,layout,0.7,2.0,3.5,True,0.5,False,0,3.4575717449188232,0.0,0,0,0,No lines detected
umeh_dhernangdri_high quality(1),umeh_dhernangdri_high quality(1) - page 1,Ume_Petsuk,layout,0.7,2.0,3.5,True,0.9,False,0,3.4674320220947266,0.0,0,0,0,No lines detected
umeh_dhernangdri_high quality(1),umeh_dhernangdri_high quality(1) - page 1,Ume_Petsuk,layout,0.7,2.0,3.5,False,0.1,False,0,3.4626593589782715,0.0,0,0,0,No lines detected
umeh_dhernangdri_high quality(1),umeh_dhernangdri_high quality(1) - page 1,Ume_Petsuk,layout,0.7,2.0,3.5,False,0.25,False,0,3.454244613647461,0.0,0,0,0,No lines detected
umeh_dhernangdri_high quality(1),umeh_dhernangdri_high quality(1) - page 1,Ume_Petsuk,layout,0.7,2.0,3.5,False,0.5,False,0,3.458134174346924,0.0,0,0,0,No lines detected
umeh_dhernangdri_high quality(1),umeh_dhernangdri_high quality(1) - page 1,Ume_Petsuk,layout,0.7,2.0,3.5,False,0.9,False,0,3.4599106311798096,0.0,0,0,0,No lines detected
umeh_dhernangdri_high quality(1),umeh_dhernangdri_high quality(1) - page 1,Ume_Petsuk,layout,0.7,2.0,4.0,True,0.1,False,0,3.4933595657348633,0.0,0,0,0,No lines detected
umeh_dhernangdri_high quality(1),umeh_dhernangdri_high quality(1) - page 1,Ume_Petsuk,layout,0.7,2.0,4.0,True,0.25,False,0,3.546693801879883,0.0,0,0,0,No lines detected
umeh_dhernangdri_high quality(1),umeh_dhernangdri_high quality(1) - page 1,Ume_Petsuk,layout,0.7,2.0,4.0,True,0.5,False,0,3.457148551940918,0.0,0,0,0,No lines detected
umeh_dhernangdri_high quality(1),umeh_dhernangdri_high quality(1) - page 1,Ume_Petsuk,layout,0.7,2.0,4.0,True,0.9,False,0,3.4541842937469482,0.0,0,0,0,No lines detected
umeh_dhernangdri_high quality(1),umeh_dhernangdri_high quality(1) - page 1,Ume_Petsuk,layout,0.7,2.0,4.0,False,0.1,False,0,3.561091661453247,0.0,0,0,0,No lines detected
umeh_dhernangdri_high quality(1),umeh_dhernangdri_high quality(1) - page 1,Ume_Petsuk,layout,0.7,2.0,4.0,False,0.25,False,0,3.452105760574341,0.0,0,0,0,No lines detected
umeh_dhernangdri_high quality(1),umeh_dhernangdri_high quality(1) - page 1,Ume_Petsuk,layout,0.7,2.0,4.0,False,0.5,False,0,3.4556305408477783,0.0,0,0,0,No lines detected
umeh_dhernangdri_high quality(1),umeh_dhernangdri_high quality(1) - page 1,Ume_Petsuk,layout,0.7,2.0,4.0,False,0.9,False,0,3.4507713317871094,0.0,0,0,0,No lines detected
umeh_dhernangdri_high quality(1),umeh_dhernangdri_high quality(1) - page 1,Ume_Petsuk,layout,0.7,2.0,5.0,True,0.1,False,0,3.84226655960083,0.0,0,0,0,No lines detected
umeh_dhernangdri_high quality(1),umeh_dhernangdri_high quality(1) - page 1,Ume_Petsuk,layout,0.7,2.0,5.0,True,0.25,False,0,3.4590954780578613,0.0,0,0,0,No lines detected
umeh_dhernangdri_high quality(1),umeh_dhernangdri_high quality(1) - page 1,Ume_Petsuk,layout,0.7,2.0,5.0,True,0.5,False,0,3.460710048675537,0.0,0,0,0,No lines detected
umeh_dhernangdri_high quality(1),umeh_dhernangdri_high quality(1) - page 1,Ume_Petsuk,layout,0.7,2.0,5.0,True,0.9,False,0,3.4655492305755615,0.0,0,0,0,No lines detected
umeh_dhernangdri_high quality(1),umeh_dhernangdri_high quality(1) - page 1,Ume_Petsuk,layout,0.7,2.0,5.0,False,0.1,False,0,3.4809305667877197,0.0,0,0,0,No lines detected
umeh_dhernangdri_high quality(1),umeh_dhernangdri_high quality(1) - page 1,Ume_Petsuk,layout,0.7,2.0,5.0,False,0.25,False,0,3.457197666168213,0.0,0,0,0,No lines detected
umeh_dhernangdri_high quality(1),umeh_dhernangdri_high quality(1) - page 1,Ume_Petsuk,layout,0.7,2.0,5.0,False,0.5,False,0,3.460951805114746,0.0,0,0,0,No lines detected
umeh_dhernangdri_high quality(1),umeh_dhernangdri_high quality(1) - page 1,Ume_Petsuk,layout,0.7,2.0,5.0,False,0.9,False,0,3.4600162506103516,0.0,0,0,0,No lines detected
umeh_dhernangdri_high quality(1),umeh_dhernangdri_high quality(1) - page 1,Ume_Petsuk,layout,0.7,2.5,2.5,True,0.1,False,0,3.45495867729187,0.0,0,0,0,No lines detected
umeh_dhernangdri_high quality(1),umeh_dhernangdri_high quality(1) - page 1,Ume_Petsuk,layout,0.7,2.5,2.5,True,0.25,False,0,3.4820170402526855,0.0,0,0,0,No lines detected
umeh_dhernangdri_high quality(1),umeh_dhernangdri_high quality(1) - page 1,Ume_Petsuk,layout,0.7,2.5,2.5,True,0.5,False,0,3.54315447807312,0.0,0,0,0,No lines detected
umeh_dhernangdri_high quality(1),umeh_dhernangdri_high quality(1) - page 1,Ume_Petsuk,layout,0.7,2.5,2.5,True,0.9,False,0,3.5512290000915527,0.0,0,0,0,No lines detected
umeh_dhernangdri_high quality(1),umeh_dhernangdri_high quality(1) - page 1,Ume_Petsuk,layout,0.7,2.5,2.5,False,0.1,False,0,3.464172601699829,0.0,0,0,0,No lines detected
umeh_dhernangdri_high quality(1),umeh_dhernangdri_high quality(1) - page 1,Ume_Petsuk,layout,0.7,2.5,2.5,False,0.25,False,0,3.462924003601074,0.0,0,0,0,No lines detected
umeh_dhernangdri_high quality(1),umeh_dhernangdri_high quality(1) - page 1,Ume_Petsuk,layout,0.7,2.5,2.5,False,0.5,False,0,3.4617536067962646,0.0,0,0,0,No lines detected
umeh_dhernangdri_high quality(1),umeh_dhernangdri_high quality(1) - page 1,Ume_Petsuk,layout,0.7,2.5,2.5,False,0.9,False,0,3.454761266708374,0.0,0,0,0,No lines detected
umeh_dhernangdri_high quality(1),umeh_dhernangdri_high quality(1) - page 1,Ume_Petsuk,layout,0.7,2.5,3.5,True,0.1,False,0,3.4606237411499023,0.0,0,0,0,No lines detected
umeh_dhernangdri_high quality(1),umeh_dhernangdri_high quality(1) - page 1,Ume_Petsuk,layout,0.7,2.5,3.5,True,0.25,False,0,3.46791672706604,0.0,0,0,0,No lines detected
umeh_dhernangdri_high quality(1),umeh_dhernangdri_high quality(1) - page 1,Ume_Petsuk,layout,0.7,2.5,3.5,True,0.5,False,0,3.462372064590454,0.0,0,0,0,No lines detected
umeh_dhernangdri_high quality(1),umeh_dhernangdri_high quality(1) - page 1,Ume_Petsuk,layout,0.7,2.5,3.5,True,0.9,False,0,3.453845500946045,0.0,0,0,0,No lines detected
umeh_dhernangdri_high quality(1),umeh_dhernangdri_high quality(1) - page 1,Ume_Petsuk,layout,0.7,2.5,3.5,False,0.1,False,0,3.4587390422821045,0.0,0,0,0,No lines detected
umeh_dhernangdri_high quality(1),umeh_dhernangdri_high quality(1) - page 1,Ume_Petsuk,layout,0.7,2.5,3.5,False,0.25,False,0,3.4674577713012695,0.0,0,0,0,No lines detected
umeh_dhernangdri_high quality(1),umeh_dhernangdri_high quality(1) - page 1,Ume_Petsuk,layout,0.7,2.5,3.5,False,0.5,False,0,3.4548447132110596,0.0,0,0,0,No lines detected
umeh_dhernangdri_high quality(1),umeh_dhernangdri_high quality(1) - page 1,Ume_Petsuk,layout,0.7,2.5,3.5,False,0.9,False,0,3.4646317958831787,0.0,0,0,0,No lines detected
umeh_dhernangdri_high quality(1),umeh_dhernangdri_high quality(1) - page 1,Ume_Petsuk,layout,0.7,2.5,4.0,True,0.1,False,0,3.457084894180298,0.0,0,0,0,No lines detected
umeh_dhernangdri_high quality(1),umeh_dhernangdri_high quality(1) - page 1,Ume_Petsuk,layout,0.7,2.5,4.0,True,0.25,False,0,3.4545693397521973,0.0,0,0,0,No lines detected
umeh_dhernangdri_high quality(1),umeh_dhernangdri_high quality(1) - page 1,Ume_Petsuk,layout,0.7,2.5,4.0,True,0.5,False,0,3.592552423477173,0.0,0,0,0,No lines detected
umeh_dhernangdri_high quality(1),umeh_dhernangdri_high quality(1) - page 1,Ume_Petsuk,layout,0.7,2.5,4.0,True,0.9,False,0,3.5136337280273438,0.0,0,0,0,No lines detected
umeh_dhernangdri_high quality(1),umeh_dhernangdri_high quality(1) - page 1,Ume_Petsuk,layout,0.7,2.5,4.0,False,0.1,False,0,3.4534709453582764,0.0,0,0,0,No lines detected
umeh_dhernangdri_high quality(1),umeh_dhernangdri_high quality(1) - page 1,Ume_Petsuk,layout,0.7,2.5,4.0,False,0.25,False,0,3.605678081512451,0.0,0,0,0,No lines detected
umeh_dhernangdri_high quality(1),umeh_dhernangdri_high quality(1) - page 1,Ume_Petsuk,layout,0.7,2.5,4.0,False,0.5,False,0,5.579341411590576,0.0,0,0,0,No lines detected
umeh_dhernangdri_high quality(1),umeh_dhernangdri_high quality(1) - page 1,Ume_Petsuk,layout,0.7,2.5,4.0,False,0.9,False,0,5.3944971561431885,0.0,0,0,0,No lines detected
umeh_dhernangdri_high quality(1),umeh_dhernangdri_high quality(1) - page 1,Ume_Petsuk,layout,0.7,2.5,5.0,True,0.1,False,0,3.232665538787842,0.0,0,0,0,No lines detected
umeh_dhernangdri_high quality(1),umeh_dhernangdri_high quality(1) - page 1,Ume_Petsuk,layout,0.7,2.5,5.0,True,0.25,False,0,3.2465922832489014,0.0,0,0,0,No lines detected
umeh_dhernangdri_high quality(1),umeh_dhernangdri_high quality(1) - page 1,Ume_Petsuk,layout,0.7,2.5,5.0,True,0.5,False,0,3.385441303253174,0.0,0,0,0,No lines detected
umeh_dhernangdri_high quality(1),umeh_dhernangdri_high quality(1) - page 1,Ume_Petsuk,layout,0.7,2.5,5.0,True,0.9,False,0,5.569720268249512,0.0,0,0,0,No lines detected
umeh_dhernangdri_high quality(1),umeh_dhernangdri_high quality(1) - page 1,Ume_Petsuk,layout,0.7,2.5,5.0,False,0.1,False,0,3.263104200363159,0.0,0,0,0,No lines detected
umeh_dhernangdri_high quality(1),umeh_dhernangdri_high quality(1) - page 1,Ume_Petsuk,layout,0.7,2.5,5.0,False,0.25,False,0,3.383369207382202,0.0,0,0,0,No lines detected
umeh_dhernangdri_high quality(1),umeh_dhernangdri_high quality(1) - page 1,Ume_Petsuk,layout,0.7,2.5,5.0,False,0.5,False,0,3.462001323699951,0.0,0,0,0,No lines detected
umeh_dhernangdri_high quality(1),umeh_dhernangdri_high quality(1) - page 1,Ume_Petsuk,layout,0.7,2.5,5.0,False,0.9,False,0,3.4655792713165283,0.0,0,0,0,No lines detected
umeh_dhernangdri_high quality(1),umeh_dhernangdri_high quality(1) - page 1,Ume_Petsuk,layout,0.7,3.0,2.5,True,0.1,False,0,3.4538440704345703,0.0,0,0,0,No lines detected
umeh_dhernangdri_high quality(1),umeh_dhernangdri_high quality(1) - page 1,Ume_Petsuk,layout,0.7,3.0,2.5,True,0.25,False,0,3.569243907928467,0.0,0,0,0,No lines detected
umeh_dhernangdri_high quality(1),umeh_dhernangdri_high quality(1) - page 1,Ume_Petsuk,layout,0.7,3.0,2.5,True,0.5,False,0,5.576874017715454,0.0,0,0,0,No lines detected
umeh_dhernangdri_high quality(1),umeh_dhernangdri_high quality(1) - page 1,Ume_Petsuk,layout,0.7,3.0,2.5,True,0.9,False,0,3.300642490386963,0.0,0,0,0,No lines detected
umeh_dhernangdri_high quality(1),umeh_dhernangdri_high quality(1) - page 1,Ume_Petsuk,layout,0.7,3.0,2.5,False,0.1,False,0,3.3872599601745605,0.0,0,0,0,No lines detected
umeh_dhernangdri_high quality(1),umeh_dhernangdri_high quality(1) - page 1,Ume_Petsuk,layout,0.7,3.0,2.5,False,0.25,False,0,3.473677635192871,0.0,0,0,0,No lines detected
umeh_dhernangdri_high quality(1),umeh_dhernangdri_high quality(1) - page 1,Ume_Petsuk,layout,0.7,3.0,2.5,False,0.5,False,0,3.4563944339752197,0.0,0,0,0,No lines detected
umeh_dhernangdri_high quality(1),umeh_dhernangdri_high quality(1) - page 1,Ume_Petsuk,layout,0.7,3.0,2.5,False,0.9,False,0,3.464728593826294,0.0,0,0,0,No lines detected
umeh_dhernangdri_high quality(1),umeh_dhernangdri_high quality(1) - page 1,Ume_Petsuk,layout,0.7,3.0,3.5,True,0.1,False,0,3.4606757164001465,0.0,0,0,0,No lines detected
umeh_dhernangdri_high quality(1),umeh_dhernangdri_high quality(1) - page 1,Ume_Petsuk,layout,0.7,3.0,3.5,True,0.25,False,0,3.4672226905822754,0.0,0,0,0,No lines detected
umeh_dhernangdri_high quality(1),umeh_dhernangdri_high quality(1) - page 1,Ume_Petsuk,layout,0.7,3.0,3.5,True,0.5,False,0,3.4516422748565674,0.0,0,0,0,No lines detected
umeh_dhernangdri_high quality(1),umeh_dhernangdri_high quality(1) - page 1,Ume_Petsuk,layout,0.7,3.0,3.5,True,0.9,False,0,3.4581692218780518,0.0,0,0,0,No lines detected
umeh_dhernangdri_high quality(1),umeh_dhernangdri_high quality(1) - page 1,Ume_Petsuk,layout,0.7,3.0,3.5,False,0.1,False,0,3.4582841396331787,0.0,0,0,0,No lines detected
umeh_dhernangdri_high quality(1),umeh_dhernangdri_high quality(1) - page 1,Ume_Petsuk,layout,0.7,3.0,3.5,False,0.25,False,0,3.4617273807525635,0.0,0,0,0,No lines detected
umeh_dhernangdri_high quality(1),umeh_dhernangdri_high quality(1) - page 1,Ume_Petsuk,layout,0.7,3.0,3.5,False,0.5,False,0,3.46106219291687,0.0,0,0,0,No lines detected
umeh_dhernangdri_high quality(1),umeh_dhernangdri_high quality(1) - page 1,Ume_Petsuk,layout,0.7,3.0,3.5,False,0.9,False,0,3.4552345275878906,0.0,0,0,0,No lines detected
umeh_dhernangdri_high quality(1),umeh_dhernangdri_high quality(1) - page 1,Ume_Petsuk,layout,0.7,3.0,4.0,True,0.1,False,0,5.2197816371917725,0.0,0,0,0,No lines detected
umeh_dhernangdri_high quality(1),umeh_dhernangdri_high quality(1) - page 1,Ume_Petsuk,layout,0.7,3.0,4.0,True,0.25,False,0,4.934894561767578,0.0,0,0,0,No lines detected
umeh_dhernangdri_high quality(1),umeh_dhernangdri_high quality(1) - page 1,Ume_Petsuk,layout,0.7,3.0,4.0,True,0.5,False,0,5.598855257034302,0.0,0,0,0,No lines detected
umeh_dhernangdri_high quality(1),umeh_dhernangdri_high quality(1) - page 1,Ume_Petsuk,layout,0.7,3.0,4.0,True,0.9,False,0,3.7789225578308105,0.0,0,0,0,No lines detected
umeh_dhernangdri_high quality(1),umeh_dhernangdri_high quality(1) - page 1,Ume_Petsuk,layout,0.7,3.0,4.0,False,0.1,False,0,3.242993116378784,0.0,0,0,0,No lines detected
umeh_dhernangdri_high quality(1),umeh_dhernangdri_high quality(1) - page 1,Ume_Petsuk,layout,0.7,3.0,4.0,False,0.25,False,0,3.2684714794158936,0.0,0,0,0,No lines detected
umeh_dhernangdri_high quality(1),umeh_dhernangdri_high quality(1) - page 1,Ume_Petsuk,layout,0.7,3.0,4.0,False,0.5,False,0,3.4640145301818848,0.0,0,0,0,No lines detected
umeh_dhernangdri_high quality(1),umeh_dhernangdri_high quality(1) - page 1,Ume_Petsuk,layout,0.7,3.0,4.0,False,0.9,False,0,3.459594249725342,0.0,0,0,0,No lines detected
umeh_dhernangdri_high quality(1),umeh_dhernangdri_high quality(1) - page 1,Ume_Petsuk,layout,0.7,3.0,5.0,True,0.1,False,0,3.4693429470062256,0.0,0,0,0,No lines detected
umeh_dhernangdri_high quality(1),umeh_dhernangdri_high quality(1) - page 1,Ume_Petsuk,layout,0.7,3.0,5.0,True,0.25,False,0,3.4692301750183105,0.0,0,0,0,No lines detected
umeh_dhernangdri_high quality(1),umeh_dhernangdri_high quality(1) - page 1,Ume_Petsuk,layout,0.7,3.0,5.0,True,0.5,False,0,3.46897554397583,0.0,0,0,0,No lines detected
umeh_dhernangdri_high quality(1),umeh_dhernangdri_high quality(1) - page 1,Ume_Petsuk,layout,0.7,3.0,5.0,True,0.9,False,0,3.4666428565979004,0.0,0,0,0,No lines detected
umeh_dhernangdri_high quality(1),umeh_dhernangdri_high quality(1) - page 1,Ume_Petsuk,layout,0.7,3.0,5.0,False,0.1,False,0,3.5057802200317383,0.0,0,0,0,No lines detected
umeh_dhernangdri_high quality(1),umeh_dhernangdri_high quality(1) - page 1,Ume_Petsuk,layout,0.7,3.0,5.0,False,0.25,False,0,3.4829611778259277,0.0,0,0,0,No lines detected
umeh_dhernangdri_high quality(1),umeh_dhernangdri_high quality(1) - page 1,Ume_Petsuk,layout,0.7,3.0,5.0,False,0.5,False,0,3.4749414920806885,0.0,0,0,0,No lines detected
umeh_dhernangdri_high quality(1),umeh_dhernangdri_high quality(1) - page 1,Ume_Petsuk,layout,0.7,3.0,5.0,False,0.9,False,0,3.53605318069458,0.0,0,0,0,No lines detected
umeh_dhernangdri_high quality(1),umeh_dhernangdri_high quality(1) - page 1,Ume_Petsuk,layout,0.8,2.0,2.5,True,0.1,False,0,3.4806249141693115,0.0,0,0,0,No lines detected
umeh_dhernangdri_high quality(1),umeh_dhernangdri_high quality(1) - page 1,Ume_Petsuk,layout,0.8,2.0,2.5,True,0.25,False,0,3.4685182571411133,0.0,0,0,0,No lines detected
umeh_dhernangdri_high quality(1),umeh_dhernangdri_high quality(1) - page 1,Ume_Petsuk,layout,0.8,2.0,2.5,True,0.5,False,0,3.48641300201416,0.0,0,0,0,No lines detected
umeh_dhernangdri_high quality(1),umeh_dhernangdri_high quality(1) - page 1,Ume_Petsuk,layout,0.8,2.0,2.5,True,0.9,False,0,3.488520860671997,0.0,0,0,0,No lines detected
umeh_dhernangdri_high quality(1),umeh_dhernangdri_high quality(1) - page 1,Ume_Petsuk,layout,0.8,2.0,2.5,False,0.1,False,0,4.882938861846924,0.0,0,0,0,No lines detected
umeh_dhernangdri_high quality(1),umeh_dhernangdri_high quality(1) - page 1,Ume_Petsuk,layout,0.8,2.0,2.5,False,0.25,False,0,3.2627573013305664,0.0,0,0,0,No lines detected
umeh_dhernangdri_high quality(1),umeh_dhernangdri_high quality(1) - page 1,Ume_Petsuk,layout,0.8,2.0,2.5,False,0.5,False,0,3.479809045791626,0.0,0,0,0,No lines detected
umeh_dhernangdri_high quality(1),umeh_dhernangdri_high quality(1) - page 1,Ume_Petsuk,layout,0.8,2.0,2.5,False,0.9,False,0,3.4733335971832275,0.0,0,0,0,No lines detected
umeh_dhernangdri_high quality(1),umeh_dhernangdri_high quality(1) - page 1,Ume_Petsuk,layout,0.8,2.0,3.5,True,0.1,False,0,3.4750277996063232,0.0,0,0,0,No lines detected
umeh_dhernangdri_high quality(1),umeh_dhernangdri_high quality(1) - page 1,Ume_Petsuk,layout,0.8,2.0,3.5,True,0.25,False,0,3.4737813472747803,0.0,0,0,0,No lines detected
umeh_dhernangdri_high quality(1),umeh_dhernangdri_high quality(1) - page 1,Ume_Petsuk,layout,0.8,2.0,3.5,True,0.5,False,0,3.4885473251342773,0.0,0,0,0,No lines detected
umeh_dhernangdri_high quality(1),umeh_dhernangdri_high quality(1) - page 1,Ume_Petsuk,layout,0.8,2.0,3.5,True,0.9,False,0,3.4675309658050537,0.0,0,0,0,No lines detected
umeh_dhernangdri_high quality(1),umeh_dhernangdri_high quality(1) - page 1,Ume_Petsuk,layout,0.8,2.0,3.5,False,0.1,False,0,3.4735219478607178,0.0,0,0,0,No lines detected
umeh_dhernangdri_high quality(1),umeh_dhernangdri_high quality(1) - page 1,Ume_Petsuk,layout,0.8,2.0,3.5,False,0.25,False,0,3.465186357498169,0.0,0,0,0,No lines detected
umeh_dhernangdri_high quality(1),umeh_dhernangdri_high quality(1) - page 1,Ume_Petsuk,layout,0.8,2.0,3.5,False,0.5,False,0,3.5804758071899414,0.0,0,0,0,No lines detected
umeh_dhernangdri_high quality(1),umeh_dhernangdri_high quality(1) - page 1,Ume_Petsuk,layout,0.8,2.0,3.5,False,0.9,False,0,3.4658260345458984,0.0,0,0,0,No lines detected
umeh_dhernangdri_high quality(1),umeh_dhernangdri_high quality(1) - page 1,Ume_Petsuk,layout,0.8,2.0,4.0,True,0.1,False,0,3.4765617847442627,0.0,0,0,0,No lines detected
umeh_dhernangdri_high quality(1),umeh_dhernangdri_high quality(1) - page 1,Ume_Petsuk,layout,0.8,2.0,4.0,True,0.25,False,0,3.4949898719787598,0.0,0,0,0,No lines detected
umeh_dhernangdri_high quality(1),umeh_dhernangdri_high quality(1) - page 1,Ume_Petsuk,layout,0.8,2.0,4.0,True,0.5,False,0,3.4716951847076416,0.0,0,0,0,No lines detected
umeh_dhernangdri_high quality(1),umeh_dhernangdri_high quality(1) - page 1,Ume_Petsuk,layout,0.8,2.0,4.0,True,0.9,False,0,3.488614082336426,0.0,0,0,0,No lines detected
umeh_dhernangdri_high quality(1),umeh_dhernangdri_high quality(1) - page 1,Ume_Petsuk,layout,0.8,2.0,4.0,False,0.1,False,0,3.52974009513855,0.0,0,0,0,No lines detected
umeh_dhernangdri_high quality(1),umeh_dhernangdri_high quality(1) - page 1,Ume_Petsuk,layout,0.8,2.0,4.0,False,0.25,False,0,3.4691672325134277,0.0,0,0,0,No lines detected
umeh_dhernangdri_high quality(1),umeh_dhernangdri_high quality(1) - page 1,Ume_Petsuk,layout,0.8,2.0,4.0,False,0.5,False,0,3.4730021953582764,0.0,0,0,0,No lines detected
umeh_dhernangdri_high quality(1),umeh_dhernangdri_high quality(1) - page 1,Ume_Petsuk,layout,0.8,2.0,4.0,False,0.9,False,0,3.467365264892578,0.0,0,0,0,No lines detected
umeh_dhernangdri_high quality(1),umeh_dhernangdri_high quality(1) - page 1,Ume_Petsuk,layout,0.8,2.0,5.0,True,0.1,False,0,3.4739911556243896,0.0,0,0,0,No lines detected
umeh_dhernangdri_high quality(1),umeh_dhernangdri_high quality(1) - page 1,Ume_Petsuk,layout,0.8,2.0,5.0,True,0.25,False,0,3.4661335945129395,0.0,0,0,0,No lines detected
umeh_dhernangdri_high quality(1),umeh_dhernangdri_high quality(1) - page 1,Ume_Petsuk,layout,0.8,2.0,5.0,True,0.5,False,0,3.4682722091674805,0.0,0,0,0,No lines detected
umeh_dhernangdri_high quality(1),umeh_dhernangdri_high quality(1) - page 1,Ume_Petsuk,layout,0.8,2.0,5.0,True,0.9,False,0,3.472791910171509,0.0,0,0,0,No lines detected
umeh_dhernangdri_high quality(1),umeh_dhernangdri_high quality(1) - page 1,Ume_Petsuk,layout,0.8,2.0,5.0,False,0.1,False,0,3.4737932682037354,0.0,0,0,0,No lines detected
umeh_dhernangdri_high quality(1),umeh_dhernangdri_high quality(1) - page 1,Ume_Petsuk,layout,0.8,2.0,5.0,False,0.25,False,0,3.560802698135376,0.0,0,0,0,No lines detected
umeh_dhernangdri_high quality(1),umeh_dhernangdri_high quality(1) - page 1,Ume_Petsuk,layout,0.8,2.0,5.0,False,0.5,False,0,3.471254587173462,0.0,0,0,0,No lines detected
umeh_dhernangdri_high quality(1),umeh_dhernangdri_high quality(1) - page 1,Ume_Petsuk,layout,0.8,2.0,5.0,False,0.9,False,0,3.4817001819610596,0.0,0,0,0,No lines detected
umeh_dhernangdri_high quality(1),umeh_dhernangdri_high quality(1) - page 1,Ume_Petsuk,layout,0.8,2.5,2.5,True,0.1,False,0,3.4789841175079346,0.0,0,0,0,No lines detected
umeh_dhernangdri_high quality(1),umeh_dhernangdri_high quality(1) - page 1,Ume_Petsuk,layout,0.8,2.5,2.5,True,0.25,False,0,3.4592397212982178,0.0,0,0,0,No lines detected
umeh_dhernangdri_high quality(1),umeh_dhernangdri_high quality(1) - page 1,Ume_Petsuk,layout,0.8,2.5,2.5,True,0.5,False,0,3.4629194736480713,0.0,0,0,0,No lines detected
umeh_dhernangdri_high quality(1),umeh_dhernangdri_high quality(1) - page 1,Ume_Petsuk,layout,0.8,2.5,2.5,True,0.9,False,0,3.4730401039123535,0.0,0,0,0,No lines detected
umeh_dhernangdri_high quality(1),umeh_dhernangdri_high quality(1) - page 1,Ume_Petsuk,layout,0.8,2.5,2.5,False,0.1,False,0,3.4675960540771484,0.0,0,0,0,No lines detected
umeh_dhernangdri_high quality(1),umeh_dhernangdri_high quality(1) - page 1,Ume_Petsuk,layout,0.8,2.5,2.5,False,0.25,False,0,3.5024333000183105,0.0,0,0,0,No lines detected
umeh_dhernangdri_high quality(1),umeh_dhernangdri_high quality(1) - page 1,Ume_Petsuk,layout,0.8,2.5,2.5,False,0.5,False,0,3.556100368499756,0.0,0,0,0,No lines detected
umeh_dhernangdri_high quality(1),umeh_dhernangdri_high quality(1) - page 1,Ume_Petsuk,layout,0.8,2.5,2.5,False,0.9,False,0,3.471351146697998,0.0,0,0,0,No lines detected
umeh_dhernangdri_high quality(1),umeh_dhernangdri_high quality(1) - page 1,Ume_Petsuk,layout,0.8,2.5,3.5,True,0.1,False,0,3.4672393798828125,0.0,0,0,0,No lines detected
umeh_dhernangdri_high quality(1),umeh_dhernangdri_high quality(1) - page 1,Ume_Petsuk,layout,0.8,2.5,3.5,True,0.25,False,0,3.4747633934020996,0.0,0,0,0,No lines detected
umeh_dhernangdri_high quality(1),umeh_dhernangdri_high quality(1) - page 1,Ume_Petsuk,layout,0.8,2.5,3.5,True,0.5,False,0,3.4674184322357178,0.0,0,0,0,No lines detected
umeh_dhernangdri_high quality(1),umeh_dhernangdri_high quality(1) - page 1,Ume_Petsuk,layout,0.8,2.5,3.5,True,0.9,False,0,3.469783067703247,0.0,0,0,0,No lines detected
umeh_dhernangdri_high quality(1),umeh_dhernangdri_high quality(1) - page 1,Ume_Petsuk,layout,0.8,2.5,3.5,False,0.1,False,0,5.570860862731934,0.0,0,0,0,No lines detected
umeh_dhernangdri_high quality(1),umeh_dhernangdri_high quality(1) - page 1,Ume_Petsuk,layout,0.8,2.5,3.5,False,0.25,False,0,3.265242099761963,0.0,0,0,0,No lines detected
umeh_dhernangdri_high quality(1),umeh_dhernangdri_high quality(1) - page 1,Ume_Petsuk,layout,0.8,2.5,3.5,False,0.5,False,0,3.3979198932647705,0.0,0,0,0,No lines detected
umeh_dhernangdri_high quality(1),umeh_dhernangdri_high quality(1) - page 1,Ume_Petsuk,layout,0.8,2.5,3.5,False,0.9,False,0,3.46998929977417,0.0,0,0,0,No lines detected
umeh_dhernangdri_high quality(1),umeh_dhernangdri_high quality(1) - page 1,Ume_Petsuk,layout,0.8,2.5,4.0,True,0.1,False,0,3.4668426513671875,0.0,0,0,0,No lines detected
umeh_dhernangdri_high quality(1),umeh_dhernangdri_high quality(1) - page 1,Ume_Petsuk,layout,0.8,2.5,4.0,True,0.25,False,0,3.4611921310424805,0.0,0,0,0,No lines detected
umeh_dhernangdri_high quality(1),umeh_dhernangdri_high quality(1) - page 1,Ume_Petsuk,layout,0.8,2.5,4.0,True,0.5,False,0,3.4574568271636963,0.0,0,0,0,No lines detected
umeh_dhernangdri_high quality(1),umeh_dhernangdri_high quality(1) - page 1,Ume_Petsuk,layout,0.8,2.5,4.0,True,0.9,False,0,3.455223798751831,0.0,0,0,0,No lines detected
umeh_dhernangdri_high quality(1),umeh_dhernangdri_high quality(1) - page 1,Ume_Petsuk,layout,0.8,2.5,4.0,False,0.1,False,0,3.461015462875366,0.0,0,0,0,No lines detected
umeh_dhernangdri_high quality(1),umeh_dhernangdri_high quality(1) - page 1,Ume_Petsuk,layout,0.8,2.5,4.0,False,0.25,False,0,3.4867939949035645,0.0,0,0,0,No lines detected
umeh_dhernangdri_high quality(1),umeh_dhernangdri_high quality(1) - page 1,Ume_Petsuk,layout,0.8,2.5,4.0,False,0.5,False,0,3.516505718231201,0.0,0,0,0,No lines detected
umeh_dhernangdri_high quality(1),umeh_dhernangdri_high quality(1) - page 1,Ume_Petsuk,layout,0.8,2.5,4.0,False,0.9,False,0,3.4500486850738525,0.0,0,0,0,No lines detected
umeh_dhernangdri_high quality(1),umeh_dhernangdri_high quality(1) - page 1,Ume_Petsuk,layout,0.8,2.5,5.0,True,0.1,False,0,3.4643466472625732,0.0,0,0,0,No lines detected
umeh_dhernangdri_high quality(1),umeh_dhernangdri_high quality(1) - page 1,Ume_Petsuk,layout,0.8,2.5,5.0,True,0.25,False,0,3.4566733837127686,0.0,0,0,0,No lines detected
umeh_dhernangdri_high quality(1),umeh_dhernangdri_high quality(1) - page 1,Ume_Petsuk,layout,0.8,2.5,5.0,True,0.5,False,0,3.4649384021759033,0.0,0,0,0,No lines detected
umeh_dhernangdri_high quality(1),umeh_dhernangdri_high quality(1) - page 1,Ume_Petsuk,layout,0.8,2.5,5.0,True,0.9,False,0,3.548509359359741,0.0,0,0,0,No lines detected
umeh_dhernangdri_high quality(1),umeh_dhernangdri_high quality(1) - page 1,Ume_Petsuk,layout,0.8,2.5,5.0,False,0.1,False,0,3.467153549194336,0.0,0,0,0,No lines detected
umeh_dhernangdri_high quality(1),umeh_dhernangdri_high quality(1) - page 1,Ume_Petsuk,layout,0.8,2.5,5.0,False,0.25,False,0,3.469496726989746,0.0,0,0,0,No lines detected
umeh_dhernangdri_high quality(1),umeh_dhernangdri_high quality(1) - page 1,Ume_Petsuk,layout,0.8,2.5,5.0,False,0.5,False,0,3.4527034759521484,0.0,0,0,0,No lines detected
umeh_dhernangdri_high quality(1),umeh_dhernangdri_high quality(1) - page 1,Ume_Petsuk,layout,0.8,2.5,5.0,False,0.9,False,0,3.502150535583496,0.0,0,0,0,No lines detected
umeh_dhernangdri_high quality(1),umeh_dhernangdri_high quality(1) - page 1,Ume_Petsuk,layout,0.8,3.0,2.5,True,0.1,False,0,3.4663681983947754,0.0,0,0,0,No lines detected
umeh_dhernangdri_high quality(1),umeh_dhernangdri_high quality(1) - page 1,Ume_Petsuk,layout,0.8,3.0,2.5,True,0.25,False,0,3.4644110202789307,0.0,0,0,0,No lines detected
umeh_dhernangdri_high quality(1),umeh_dhernangdri_high quality(1) - page 1,Ume_Petsuk,layout,0.8,3.0,2.5,True,0.5,False,0,3.4606194496154785,0.0,0,0,0,No lines detected
umeh_dhernangdri_high quality(1),umeh_dhernangdri_high quality(1) - page 1,Ume_Petsuk,layout,0.8,3.0,2.5,True,0.9,False,0,3.4688663482666016,0.0,0,0,0,No lines detected
umeh_dhernangdri_high quality(1),umeh_dhernangdri_high quality(1) - page 1,Ume_Petsuk,layout,0.8,3.0,2.5,False,0.1,False,0,3.4584765434265137,0.0,0,0,0,No lines detected
umeh_dhernangdri_high quality(1),umeh_dhernangdri_high quality(1) - page 1,Ume_Petsuk,layout,0.8,3.0,2.5,False,0.25,False,0,3.4558990001678467,0.0,0,0,0,No lines detected
umeh_dhernangdri_high quality(1),umeh_dhernangdri_high quality(1) - page 1,Ume_Petsuk,layout,0.8,3.0,2.5,False,0.5,False,0,3.4596757888793945,0.0,0,0,0,No lines detected
umeh_dhernangdri_high quality(1),umeh_dhernangdri_high quality(1) - page 1,Ume_Petsuk,layout,0.8,3.0,2.5,False,0.9,False,0,3.494823932647705,0.0,0,0,0,No lines detected
umeh_dhernangdri_high quality(1),umeh_dhernangdri_high quality(1) - page 1,Ume_Petsuk,layout,0.8,3.0,3.5,True,0.1,False,0,3.547122001647949,0.0,0,0,0,No lines detected
umeh_dhernangdri_high quality(1),umeh_dhernangdri_high quality(1) - page 1,Ume_Petsuk,layout,0.8,3.0,3.5,True,0.25,False,0,3.4537270069122314,0.0,0,0,0,No lines detected
umeh_dhernangdri_high quality(1),umeh_dhernangdri_high quality(1) - page 1,Ume_Petsuk,layout,0.8,3.0,3.5,True,0.5,False,0,4.739636421203613,0.0,0,0,0,No lines detected
umeh_dhernangdri_high quality(1),umeh_dhernangdri_high quality(1) - page 1,Ume_Petsuk,layout,0.8,3.0,3.5,True,0.9,False,0,5.584843397140503,0.0,0,0,0,No lines detected
umeh_dhernangdri_high quality(1),umeh_dhernangdri_high quality(1) - page 1,Ume_Petsuk,layout,0.8,3.0,3.5,False,0.1,False,0,5.584968566894531,0.0,0,0,0,No lines detected
umeh_dhernangdri_high quality(1),umeh_dhernangdri_high quality(1) - page 1,Ume_Petsuk,layout,0.8,3.0,3.5,False,0.25,False,0,3.280914783477783,0.0,0,0,0,No lines detected
umeh_dhernangdri_high quality(1),umeh_dhernangdri_high quality(1) - page 1,Ume_Petsuk,layout,0.8,3.0,3.5,False,0.5,False,0,3.2340595722198486,0.0,0,0,0,No lines detected
umeh_dhernangdri_high quality(1),umeh_dhernangdri_high quality(1) - page 1,Ume_Petsuk,layout,0.8,3.0,3.5,False,0.9,False,0,3.267008066177368,0.0,0,0,0,No lines detected
umeh_dhernangdri_high quality(1),umeh_dhernangdri_high quality(1) - page 1,Ume_Petsuk,layout,0.8,3.0,4.0,True,0.1,False,0,3.4592831134796143,0.0,0,0,0,No lines detected
umeh_dhernangdri_high quality(1),umeh_dhernangdri_high quality(1) - page 1,Ume_Petsuk,layout,0.8,3.0,4.0,True,0.25,False,0,3.470118284225464,0.0,0,0,0,No lines detected
umeh_dhernangdri_high quality(1),umeh_dhernangdri_high quality(1) - page 1,Ume_Petsuk,layout,0.8,3.0,4.0,True,0.5,False,0,3.45595121383667,0.0,0,0,0,No lines detected
umeh_dhernangdri_high quality(1),umeh_dhernangdri_high quality(1) - page 1,Ume_Petsuk,layout,0.8,3.0,4.0,True,0.9,False,0,3.4625697135925293,0.0,0,0,0,No lines detected
umeh_dhernangdri_high quality(1),umeh_dhernangdri_high quality(1) - page 1,Ume_Petsuk,layout,0.8,3.0,4.0,False,0.1,False,0,3.4600577354431152,0.0,0,0,0,No lines detected
umeh_dhernangdri_high quality(1),umeh_dhernangdri_high quality(1) - page 1,Ume_Petsuk,layout,0.8,3.0,4.0,False,0.25,False,0,3.464235782623291,0.0,0,0,0,No lines detected
umeh_dhernangdri_high quality(1),umeh_dhernangdri_high quality(1) - page 1,Ume_Petsuk,layout,0.8,3.0,4.0,False,0.5,False,0,3.460540294647217,0.0,0,0,0,No lines detected
umeh_dhernangdri_high quality(1),umeh_dhernangdri_high quality(1) - page 1,Ume_Petsuk,layout,0.8,3.0,4.0,False,0.9,False,0,3.515530824661255,0.0,0,0,0,No lines detected
umeh_dhernangdri_high quality(1),umeh_dhernangdri_high quality(1) - page 1,Ume_Petsuk,layout,0.8,3.0,5.0,True,0.1,False,0,3.535231351852417,0.0,0,0,0,No lines detected
umeh_dhernangdri_high quality(1),umeh_dhernangdri_high quality(1) - page 1,Ume_Petsuk,layout,0.8,3.0,5.0,True,0.25,False,0,5.600827217102051,0.0,0,0,0,No lines detected
umeh_dhernangdri_high quality(1),umeh_dhernangdri_high quality(1) - page 1,Ume_Petsuk,layout,0.8,3.0,5.0,True,0.5,False,0,3.32393741607666,0.0,0,0,0,No lines detected
umeh_dhernangdri_high quality(1),umeh_dhernangdri_high quality(1) - page 1,Ume_Petsuk,layout,0.8,3.0,5.0,True,0.9,False,0,3.370819091796875,0.0,0,0,0,No lines detected
umeh_dhernangdri_high quality(1),umeh_dhernangdri_high quality(1) - page 1,Ume_Petsuk,layout,0.8,3.0,5.0,False,0.1,False,0,3.471181869506836,0.0,0,0,0,No lines detected
umeh_dhernangdri_high quality(1),umeh_dhernangdri_high quality(1) - page 1,Ume_Petsuk,layout,0.8,3.0,5.0,False,0.25,False,0,3.4574134349823,0.0,0,0,0,No lines detected
umeh_dhernangdri_high quality(1),umeh_dhernangdri_high quality(1) - page 1,Ume_Petsuk,layout,0.8,3.0,5.0,False,0.5,False,0,3.463085889816284,0.0,0,0,0,No lines detected
umeh_dhernangdri_high quality(1),umeh_dhernangdri_high quality(1) - page 1,Ume_Petsuk,layout,0.8,3.0,5.0,False,0.9,False,0,3.4556164741516113,0.0,0,0,0,No lines detected
umeh_dhernangdri_high quality(1),umeh_dhernangdri_high quality(1) - page 1,Ume_Petsuk,layout,0.9,2.0,2.5,True,0.1,False,0,3.4625935554504395,0.0,0,0,0,No lines detected
umeh_dhernangdri_high quality(1),umeh_dhernangdri_high quality(1) - page 1,Ume_Petsuk,layout,0.9,2.0,2.5,True,0.25,False,0,3.469712018966675,0.0,0,0,0,No lines detected
umeh_dhernangdri_high quality(1),umeh_dhernangdri_high quality(1) - page 1,Ume_Petsuk,layout,0.9,2.0,2.5,True,0.5,False,0,3.4844672679901123,0.0,0,0,0,No lines detected
umeh_dhernangdri_high quality(1),umeh_dhernangdri_high quality(1) - page 1,Ume_Petsuk,layout,0.9,2.0,2.5,True,0.9,False,0,5.592753887176514,0.0,0,0,0,No lines detected
umeh_dhernangdri_high quality(1),umeh_dhernangdri_high quality(1) - page 1,Ume_Petsuk,layout,0.9,2.0,2.5,False,0.1,False,0,3.339613437652588,0.0,0,0,0,No lines detected
umeh_dhernangdri_high quality(1),umeh_dhernangdri_high quality(1) - page 1,Ume_Petsuk,layout,0.9,2.0,2.5,False,0.25,False,0,3.3449208736419678,0.0,0,0,0,No lines detected
umeh_dhernangdri_high quality(1),umeh_dhernangdri_high quality(1) - page 1,Ume_Petsuk,layout,0.9,2.0,2.5,False,0.5,False,0,3.463447332382202,0.0,0,0,0,No lines detected
umeh_dhernangdri_high quality(1),umeh_dhernangdri_high quality(1) - page 1,Ume_Petsuk,layout,0.9,2.0,2.5,False,0.9,False,0,3.495216131210327,0.0,0,0,0,No lines detected
umeh_dhernangdri_high quality(1),umeh_dhernangdri_high quality(1) - page 1,Ume_Petsuk,layout,0.9,2.0,3.5,True,0.1,False,0,3.54599666595459,0.0,0,0,0,No lines detected
umeh_dhernangdri_high quality(1),umeh_dhernangdri_high quality(1) - page 1,Ume_Petsuk,layout,0.9,2.0,3.5,True,0.25,False,0,3.5490589141845703,0.0,0,0,0,No lines detected
umeh_dhernangdri_high quality(1),umeh_dhernangdri_high quality(1) - page 1,Ume_Petsuk,layout,0.9,2.0,3.5,True,0.5,False,0,3.4558069705963135,0.0,0,0,0,No lines detected
umeh_dhernangdri_high quality(1),umeh_dhernangdri_high quality(1) - page 1,Ume_Petsuk,layout,0.9,2.0,3.5,True,0.9,False,0,3.458240032196045,0.0,0,0,0,No lines detected
umeh_dhernangdri_high quality(1),umeh_dhernangdri_high quality(1) - page 1,Ume_Petsuk,layout,0.9,2.0,3.5,False,0.1,False,0,3.455687999725342,0.0,0,0,0,No lines detected
umeh_dhernangdri_high quality(1),umeh_dhernangdri_high quality(1) - page 1,Ume_Petsuk,layout,0.9,2.0,3.5,False,0.25,False,0,3.455306053161621,0.0,0,0,0,No lines detected
umeh_dhernangdri_high quality(1),umeh_dhernangdri_high quality(1) - page 1,Ume_Petsuk,layout,0.9,2.0,3.5,False,0.5,False,0,3.4489641189575195,0.0,0,0,0,No lines detected
umeh_dhernangdri_high quality(1),umeh_dhernangdri_high quality(1) - page 1,Ume_Petsuk,layout,0.9,2.0,3.5,False,0.9,False,0,3.462273359298706,0.0,0,0,0,No lines detected
umeh_dhernangdri_high quality(1),umeh_dhernangdri_high quality(1) - page 1,Ume_Petsuk,layout,0.9,2.0,4.0,True,0.1,False,0,3.4454047679901123,0.0,0,0,0,No lines detected
umeh_dhernangdri_high quality(1),umeh_dhernangdri_high quality(1) - page 1,Ume_Petsuk,layout,0.9,2.0,4.0,True,0.25,False,0,3.461974620819092,0.0,0,0,0,No lines detected
umeh_dhernangdri_high quality(1),umeh_dhernangdri_high quality(1) - page 1,Ume_Petsuk,layout,0.9,2.0,4.0,True,0.5,False,0,3.472508668899536,0.0,0,0,0,No lines detected
umeh_dhernangdri_high quality(1),umeh_dhernangdri_high quality(1) - page 1,Ume_Petsuk,layout,0.9,2.0,4.0,True,0.9,False,0,3.467146396636963,0.0,0,0,0,No lines detected
umeh_dhernangdri_high quality(1),umeh_dhernangdri_high quality(1) - page 1,Ume_Petsuk,layout,0.9,2.0,4.0,False,0.1,False,0,3.461449384689331,0.0,0,0,0,No lines detected
umeh_dhernangdri_high quality(1),umeh_dhernangdri_high quality(1) - page 1,Ume_Petsuk,layout,0.9,2.0,4.0,False,0.25,False,0,3.466763496398926,0.0,0,0,0,No lines detected
umeh_dhernangdri_high quality(1),umeh_dhernangdri_high quality(1) - page 1,Ume_Petsuk,layout,0.9,2.0,4.0,False,0.5,False,0,3.459759473800659,0.0,0,0,0,No lines detected
umeh_dhernangdri_high quality(1),umeh_dhernangdri_high quality(1) - page 1,Ume_Petsuk,layout,0.9,2.0,4.0,False,0.9,False,0,3.454983949661255,0.0,0,0,0,No lines detected
umeh_dhernangdri_high quality(1),umeh_dhernangdri_high quality(1) - page 1,Ume_Petsuk,layout,0.9,2.0,5.0,True,0.1,False,0,3.5859856605529785,0.0,0,0,0,No lines detected
umeh_dhernangdri_high quality(1),umeh_dhernangdri_high quality(1) - page 1,Ume_Petsuk,layout,0.9,2.0,5.0,True,0.25,False,0,3.535688638687134,0.0,0,0,0,No lines detected
umeh_dhernangdri_high quality(1),umeh_dhernangdri_high quality(1) - page 1,Ume_Petsuk,layout,0.9,2.0,5.0,True,0.5,False,0,3.4599380493164062,0.0,0,0,0,No lines detected
umeh_dhernangdri_high quality(1),umeh_dhernangdri_high quality(1) - page 1,Ume_Petsuk,layout,0.9,2.0,5.0,True,0.9,False,0,3.4561007022857666,0.0,0,0,0,No lines detected
umeh_dhernangdri_high quality(1),umeh_dhernangdri_high quality(1) - page 1,Ume_Petsuk,layout,0.9,2.0,5.0,False,0.1,False,0,3.4618823528289795,0.0,0,0,0,No lines detected
umeh_dhernangdri_high quality(1),umeh_dhernangdri_high quality(1) - page 1,Ume_Petsuk,layout,0.9,2.0,5.0,False,0.25,False,0,3.4580132961273193,0.0,0,0,0,No lines detected
umeh_dhernangdri_high quality(1),umeh_dhernangdri_high quality(1) - page 1,Ume_Petsuk,layout,0.9,2.0,5.0,False,0.5,False,0,4.853262901306152,0.0,0,0,0,No lines detected
umeh_dhernangdri_high quality(1),umeh_dhernangdri_high quality(1) - page 1,Ume_Petsuk,layout,0.9,2.0,5.0,False,0.9,False,0,3.783456325531006,0.0,0,0,0,No lines detected
umeh_dhernangdri_high quality(1),umeh_dhernangdri_high quality(1) - page 1,Ume_Petsuk,layout,0.9,2.5,2.5,True,0.1,False,0,3.3395798206329346,0.0,0,0,0,No lines detected
umeh_dhernangdri_high quality(1),umeh_dhernangdri_high quality(1) - page 1,Ume_Petsuk,layout,0.9,2.5,2.5,True,0.25,False,0,3.4656009674072266,0.0,0,0,0,No lines detected
umeh_dhernangdri_high quality(1),umeh_dhernangdri_high quality(1) - page 1,Ume_Petsuk,layout,0.9,2.5,2.5,True,0.5,False,0,3.46242094039917,0.0,0,0,0,No lines detected
umeh_dhernangdri_high quality(1),umeh_dhernangdri_high quality(1) - page 1,Ume_Petsuk,layout,0.9,2.5,2.5,True,0.9,False,0,3.4629931449890137,0.0,0,0,0,No lines detected
umeh_dhernangdri_high quality(1),umeh_dhernangdri_high quality(1) - page 1,Ume_Petsuk,layout,0.9,2.5,2.5,False,0.1,False,0,3.4621639251708984,0.0,0,0,0,No lines detected
umeh_dhernangdri_high quality(1),umeh_dhernangdri_high quality(1) - page 1,Ume_Petsuk,layout,0.9,2.5,2.5,False,0.25,False,0,3.4685089588165283,0.0,0,0,0,No lines detected
umeh_dhernangdri_high quality(1),umeh_dhernangdri_high quality(1) - page 1,Ume_Petsuk,layout,0.9,2.5,2.5,False,0.5,False,0,3.5496106147766113,0.0,0,0,0,No lines detected
umeh_dhernangdri_high quality(1),umeh_dhernangdri_high quality(1) - page 1,Ume_Petsuk,layout,0.9,2.5,2.5,False,0.9,False,0,3.4620397090911865,0.0,0,0,0,No lines detected
umeh_dhernangdri_high quality(1),umeh_dhernangdri_high quality(1) - page 1,Ume_Petsuk,layout,0.9,2.5,3.5,True,0.1,False,0,3.453557014465332,0.0,0,0,0,No lines detected
umeh_dhernangdri_high quality(1),umeh_dhernangdri_high quality(1) - page 1,Ume_Petsuk,layout,0.9,2.5,3.5,True,0.25,False,0,3.490267753601074,0.0,0,0,0,No lines detected
umeh_dhernangdri_high quality(1),umeh_dhernangdri_high quality(1) - page 1,Ume_Petsuk,layout,0.9,2.5,3.5,True,0.5,False,0,3.5394396781921387,0.0,0,0,0,No lines detected
umeh_dhernangdri_high quality(1),umeh_dhernangdri_high quality(1) - page 1,Ume_Petsuk,layout,0.9,2.5,3.5,True,0.9,False,0,3.4551846981048584,0.0,0,0,0,No lines detected
umeh_dhernangdri_high quality(1),umeh_dhernangdri_high quality(1) - page 1,Ume_Petsuk,layout,0.9,2.5,3.5,False,0.1,False,0,3.462588310241699,0.0,0,0,0,No lines detected
umeh_dhernangdri_high quality(1),umeh_dhernangdri_high quality(1) - page 1,Ume_Petsuk,layout,0.9,2.5,3.5,False,0.25,False,0,3.4648098945617676,0.0,0,0,0,No lines detected
umeh_dhernangdri_high quality(1),umeh_dhernangdri_high quality(1) - page 1,Ume_Petsuk,layout,0.9,2.5,3.5,False,0.5,False,0,3.4575815200805664,0.0,0,0,0,No lines detected
umeh_dhernangdri_high quality(1),umeh_dhernangdri_high quality(1) - page 1,Ume_Petsuk,layout,0.9,2.5,3.5,False,0.9,False,0,3.455815076828003,0.0,0,0,0,No lines detected
umeh_dhernangdri_high quality(1),umeh_dhernangdri_high quality(1) - page 1,Ume_Petsuk,layout,0.9,2.5,4.0,True,0.1,False,0,3.4586308002471924,0.0,0,0,0,No lines detected
umeh_dhernangdri_high quality(1),umeh_dhernangdri_high quality(1) - page 1,Ume_Petsuk,layout,0.9,2.5,4.0,True,0.25,False,0,3.4558515548706055,0.0,0,0,0,No lines detected
umeh_dhernangdri_high quality(1),umeh_dhernangdri_high quality(1) - page 1,Ume_Petsuk,layout,0.9,2.5,4.0,True,0.5,False,0,3.459557294845581,0.0,0,0,0,No lines detected
umeh_dhernangdri_high quality(1),umeh_dhernangdri_high quality(1) - page 1,Ume_Petsuk,layout,0.9,2.5,4.0,True,0.9,False,0,3.4591705799102783,0.0,0,0,0,No lines detected
umeh_dhernangdri_high quality(1),umeh_dhernangdri_high quality(1) - page 1,Ume_Petsuk,layout,0.9,2.5,4.0,False,0.1,False,0,3.453554630279541,0.0,0,0,0,No lines detected
umeh_dhernangdri_high quality(1),umeh_dhernangdri_high quality(1) - page 1,Ume_Petsuk,layout,0.9,2.5,4.0,False,0.25,False,0,3.561007261276245,0.0,0,0,0,No lines detected
umeh_dhernangdri_high quality(1),umeh_dhernangdri_high quality(1) - page 1,Ume_Petsuk,layout,0.9,2.5,4.0,False,0.5,False,0,3.468305826187134,0.0,0,0,0,No lines detected
umeh_dhernangdri_high quality(1),umeh_dhernangdri_high quality(1) - page 1,Ume_Petsuk,layout,0.9,2.5,4.0,False,0.9,False,0,3.4668314456939697,0.0,0,0,0,No lines detected
umeh_dhernangdri_high quality(1),umeh_dhernangdri_high quality(1) - page 1,Ume_Petsuk,layout,0.9,2.5,5.0,True,0.1,False,0,3.45934796333313,0.0,0,0,0,No lines detected
umeh_dhernangdri_high quality(1),umeh_dhernangdri_high quality(1) - page 1,Ume_Petsuk,layout,0.9,2.5,5.0,True,0.25,False,0,5.5939202308654785,0.0,0,0,0,No lines detected
umeh_dhernangdri_high quality(1),umeh_dhernangdri_high quality(1) - page 1,Ume_Petsuk,layout,0.9,2.5,5.0,True,0.5,False,0,5.596649169921875,0.0,0,0,0,No lines detected
umeh_dhernangdri_high quality(1),umeh_dhernangdri_high quality(1) - page 1,Ume_Petsuk,layout,0.9,2.5,5.0,True,0.9,False,0,5.596121311187744,0.0,0,0,0,No lines detected
umeh_dhernangdri_high quality(1),umeh_dhernangdri_high quality(1) - page 1,Ume_Petsuk,layout,0.9,2.5,5.0,False,0.1,False,0,3.2404916286468506,0.0,0,0,0,No lines detected
umeh_dhernangdri_high quality(1),umeh_dhernangdri_high quality(1) - page 1,Ume_Petsuk,layout,0.9,2.5,5.0,False,0.25,False,0,3.2373621463775635,0.0,0,0,0,No lines detected
umeh_dhernangdri_high quality(1),umeh_dhernangdri_high quality(1) - page 1,Ume_Petsuk,layout,0.9,2.5,5.0,False,0.5,False,0,3.2401819229125977,0.0,0,0,0,No lines detected
umeh_dhernangdri_high quality(1),umeh_dhernangdri_high quality(1) - page 1,Ume_Petsuk,layout,0.9,2.5,5.0,False,0.9,False,0,3.4472711086273193,0.0,0,0,0,No lines detected
umeh_dhernangdri_high quality(1),umeh_dhernangdri_high quality(1) - page 1,Ume_Petsuk,layout,0.9,3.0,2.5,True,0.1,False,0,3.45347261428833,0.0,0,0,0,No lines detected
umeh_dhernangdri_high quality(1),umeh_dhernangdri_high quality(1) - page 1,Ume_Petsuk,layout,0.9,3.0,2.5,True,0.25,False,0,3.4775118827819824,0.0,0,0,0,No lines detected
umeh_dhernangdri_high quality(1),umeh_dhernangdri_high quality(1) - page 1,Ume_Petsuk,layout,0.9,3.0,2.5,True,0.5,False,0,3.463663339614868,0.0,0,0,0,No lines detected
umeh_dhernangdri_high quality(1),umeh_dhernangdri_high quality(1) - page 1,Ume_Petsuk,layout,0.9,3.0,2.5,True,0.9,False,0,3.462146759033203,0.0,0,0,0,No lines detected
umeh_dhernangdri_high quality(1),umeh_dhernangdri_high quality(1) - page 1,Ume_Petsuk,layout,0.9,3.0,2.5,False,0.1,False,0,3.5638039112091064,0.0,0,0,0,No lines detected
umeh_dhernangdri_high quality(1),umeh_dhernangdri_high quality(1) - page 1,Ume_Petsuk,layout,0.9,3.0,2.5,False,0.25,False,0,3.463512420654297,0.0,0,0,0,No lines detected
umeh_dhernangdri_high quality(1),umeh_dhernangdri_high quality(1) - page 1,Ume_Petsuk,layout,0.9,3.0,2.5,False,0.5,False,0,3.4706382751464844,0.0,0,0,0,No lines detected
umeh_dhernangdri_high quality(1),umeh_dhernangdri_high quality(1) - page 1,Ume_Petsuk,layout,0.9,3.0,2.5,False,0.9,False,0,3.4524619579315186,0.0,0,0,0,No lines detected
umeh_dhernangdri_high quality(1),umeh_dhernangdri_high quality(1) - page 1,Ume_Petsuk,layout,0.9,3.0,3.5,True,0.1,False,0,3.5646049976348877,0.0,0,0,0,No lines detected
umeh_dhernangdri_high quality(1),umeh_dhernangdri_high quality(1) - page 1,Ume_Petsuk,layout,0.9,3.0,3.5,True,0.25,False,0,3.4432413578033447,0.0,0,0,0,No lines detected
umeh_dhernangdri_high quality(1),umeh_dhernangdri_high quality(1) - page 1,Ume_Petsuk,layout,0.9,3.0,3.5,True,0.5,False,0,3.497548818588257,0.0,0,0,0,No lines detected
umeh_dhernangdri_high quality(1),umeh_dhernangdri_high quality(1) - page 1,Ume_Petsuk,layout,0.9,3.0,3.5,True,0.9,False,0,3.542440891265869,0.0,0,0,0,No lines detected
umeh_dhernangdri_high quality(1),umeh_dhernangdri_high quality(1) - page 1,Ume_Petsuk,layout,0.9,3.0,3.5,False,0.1,False,0,3.4522433280944824,0.0,0,0,0,No lines detected
umeh_dhernangdri_high quality(1),umeh_dhernangdri_high quality(1) - page 1,Ume_Petsuk,layout,0.9,3.0,3.5,False,0.25,False,0,3.4639792442321777,0.0,0,0,0,No lines detected
umeh_dhernangdri_high quality(1),umeh_dhernangdri_high quality(1) - page 1,Ume_Petsuk,layout,0.9,3.0,3.5,False,0.5,False,0,3.456890344619751,0.0,0,0,0,No lines detected
umeh_dhernangdri_high quality(1),umeh_dhernangdri_high quality(1) - page 1,Ume_Petsuk,layout,0.9,3.0,3.5,False,0.9,False,0,3.455099105834961,0.0,0,0,0,No lines detected
umeh_dhernangdri_high quality(1),umeh_dhernangdri_high quality(1) - page 1,Ume_Petsuk,layout,0.9,3.0,4.0,True,0.1,False,0,3.4558417797088623,0.0,0,0,0,No lines detected
umeh_dhernangdri_high quality(1),umeh_dhernangdri_high quality(1) - page 1,Ume_Petsuk,layout,0.9,3.0,4.0,True,0.25,False,0,3.458035469055176,0.0,0,0,0,No lines detected
umeh_dhernangdri_high quality(1),umeh_dhernangdri_high quality(1) - page 1,Ume_Petsuk,layout,0.9,3.0,4.0,True,0.5,False,0,3.452314615249634,0.0,0,0,0,No lines detected
umeh_dhernangdri_high quality(1),umeh_dhernangdri_high quality(1) - page 1,Ume_Petsuk,layout,0.9,3.0,4.0,True,0.9,False,0,3.4535233974456787,0.0,0,0,0,No lines detected
umeh_dhernangdri_high quality(1),umeh_dhernangdri_high quality(1) - page 1,Ume_Petsuk,layout,0.9,3.0,4.0,False,0.1,False,0,3.552217483520508,0.0,0,0,0,No lines detected
umeh_dhernangdri_high quality(1),umeh_dhernangdri_high quality(1) - page 1,Ume_Petsuk,layout,0.9,3.0,4.0,False,0.25,False,0,3.453874349594116,0.0,0,0,0,No lines detected
umeh_dhernangdri_high quality(1),umeh_dhernangdri_high quality(1) - page 1,Ume_Petsuk,layout,0.9,3.0,4.0,False,0.5,False,0,3.4730474948883057,0.0,0,0,0,No lines detected
umeh_dhernangdri_high quality(1),umeh_dhernangdri_high quality(1) - page 1,Ume_Petsuk,layout,0.9,3.0,4.0,False,0.9,False,0,3.4566774368286133,0.0,0,0,0,No lines detected
umeh_dhernangdri_high quality(1),umeh_dhernangdri_high quality(1) - page 1,Ume_Petsuk,layout,0.9,3.0,5.0,True,0.1,False,0,3.509256601333618,0.0,0,0,0,No lines detected
umeh_dhernangdri_high quality(1),umeh_dhernangdri_high quality(1) - page 1,Ume_Petsuk,layout,0.9,3.0,5.0,True,0.25,False,0,3.4586410522460938,0.0,0,0,0,No lines detected
umeh_dhernangdri_high quality(1),umeh_dhernangdri_high quality(1) - page 1,Ume_Petsuk,layout,0.9,3.0,5.0,True,0.5,False,0,3.453479528427124,0.0,0,0,0,No lines detected
umeh_dhernangdri_high quality(1),umeh_dhernangdri_high quality(1) - page 1,Ume_Petsuk,layout,0.9,3.0,5.0,True,0.9,False,0,3.4888317584991455,0.0,0,0,0,No lines detected
umeh_dhernangdri_high quality(1),umeh_dhernangdri_high quality(1) - page 1,Ume_Petsuk,layout,0.9,3.0,5.0,False,0.1,False,0,3.5424818992614746,0.0,0,0,0,No lines detected
umeh_dhernangdri_high quality(1),umeh_dhernangdri_high quality(1) - page 1,Ume_Petsuk,layout,0.9,3.0,5.0,False,0.25,False,0,3.4482908248901367,0.0,0,0,0,No lines detected
umeh_dhernangdri_high quality(1),umeh_dhernangdri_high quality(1) - page 1,Ume_Petsuk,layout,0.9,3.0,5.0,False,0.5,False,0,3.45773983001709,0.0,0,0,0,No lines detected
umeh_dhernangdri_high quality(1),umeh_dhernangdri_high quality(1) - page 1,Ume_Petsuk,layout,0.9,3.0,5.0,False,0.9,False,0,3.4799249172210693,0.0,0,0,0,No lines detected
umeh_dhernangdri_high quality(1),umeh_dhernangdri_high quality(1) - page 1,Modern,line,0.7,2.0,2.5,True,0.1,False,0,3.712061882019043,0.0,0,0,0,Line processing failed: 'list' object cannot be interpreted as an integer
umeh_dhernangdri_high quality(1),umeh_dhernangdri_high quality(1) - page 1,Modern,line,0.7,2.0,2.5,True,0.25,False,0,3.416073799133301,0.0,0,0,0,Line processing failed: 'list' object cannot be interpreted as an integer
umeh_dhernangdri_high quality(1),umeh_dhernangdri_high quality(1) - page 1,Modern,line,0.7,2.0,2.5,True,0.5,True,4,5.157896995544434,62.5,8,5,3,
umeh_dhernangdri_high quality(1),umeh_dhernangdri_high quality(1) - page 1,Modern,line,0.7,2.0,2.5,True,0.9,True,4,4.616394758224487,62.5,8,5,3,
umeh_dhernangdri_high quality(1),umeh_dhernangdri_high quality(1) - page 1,Modern,line,0.7,2.0,2.5,False,0.1,False,0,3.2558841705322266,0.0,0,0,0,Line processing failed: 'list' object cannot be interpreted as an integer
umeh_dhernangdri_high quality(1),umeh_dhernangdri_high quality(1) - page 1,Modern,line,0.7,2.0,2.5,False,0.25,False,0,3.343670606613159,0.0,0,0,0,Line processing failed: 'list' object cannot be interpreted as an integer
umeh_dhernangdri_high quality(1),umeh_dhernangdri_high quality(1) - page 1,Modern,line,0.7,2.0,2.5,False,0.5,True,6,5.814969301223755,60.0,10,6,4,
umeh_dhernangdri_high quality(1),umeh_dhernangdri_high quality(1) - page 1,Modern,line,0.7,2.0,2.5,False,0.9,True,6,5.2912437915802,60.0,10,6,4,
umeh_dhernangdri_high quality(1),umeh_dhernangdri_high quality(1) - page 1,Modern,line,0.7,2.0,3.5,True,0.1,False,0,3.2231338024139404,0.0,0,0,0,Line processing failed: 'list' object cannot be interpreted as an integer
umeh_dhernangdri_high quality(1),umeh_dhernangdri_high quality(1) - page 1,Modern,line,0.7,2.0,3.5,True,0.25,False,0,3.3494009971618652,0.0,0,0,0,Line processing failed: 'list' object cannot be interpreted as an integer
umeh_dhernangdri_high quality(1),umeh_dhernangdri_high quality(1) - page 1,Modern,line,0.7,2.0,3.5,True,0.5,True,4,4.722315788269043,0.0,3,0,3,
umeh_dhernangdri_high quality(1),umeh_dhernangdri_high quality(1) - page 1,Modern,line,0.7,2.0,3.5,True,0.9,True,4,4.683971643447876,0.0,3,0,3,
umeh_dhernangdri_high quality(1),umeh_dhernangdri_high quality(1) - page 1,Modern,line,0.7,2.0,3.5,False,0.1,False,0,3.2678515911102295,0.0,0,0,0,Line processing failed: 'list' object cannot be interpreted as an integer
umeh_dhernangdri_high quality(1),umeh_dhernangdri_high quality(1) - page 1,Modern,line,0.7,2.0,3.5,False,0.25,False,0,3.3473498821258545,0.0,0,0,0,Line processing failed: 'list' object cannot be interpreted as an integer
umeh_dhernangdri_high quality(1),umeh_dhernangdri_high quality(1) - page 1,Modern,line,0.7,2.0,3.5,False,0.5,True,6,4.955142021179199,0.0,4,0,4,
umeh_dhernangdri_high quality(1),umeh_dhernangdri_high quality(1) - page 1,Modern,line,0.7,2.0,3.5,False,0.9,True,6,4.853302717208862,0.0,4,0,4,
umeh_dhernangdri_high quality(1),umeh_dhernangdri_high quality(1) - page 1,Modern,line,0.7,2.0,4.0,True,0.1,False,0,3.2724781036376953,0.0,0,0,0,Line processing failed: 'list' object cannot be interpreted as an integer
umeh_dhernangdri_high quality(1),umeh_dhernangdri_high quality(1) - page 1,Modern,line,0.7,2.0,4.0,True,0.25,False,0,5.431098222732544,0.0,0,0,0,Line processing failed: 'list' object cannot be interpreted as an integer
umeh_dhernangdri_high quality(1),umeh_dhernangdri_high quality(1) - page 1,Modern,line,0.7,2.0,4.0,True,0.5,True,4,6.971689224243164,50.0,4,2,2,
umeh_dhernangdri_high quality(1),umeh_dhernangdri_high quality(1) - page 1,Modern,line,0.7,2.0,4.0,True,0.9,True,4,6.96849799156189,50.0,4,2,2,
umeh_dhernangdri_high quality(1),umeh_dhernangdri_high quality(1) - page 1,Modern,line,0.7,2.0,4.0,False,0.1,False,0,5.398094654083252,0.0,0,0,0,Line processing failed: 'list' object cannot be interpreted as an integer
umeh_dhernangdri_high quality(1),umeh_dhernangdri_high quality(1) - page 1,Modern,line,0.7,2.0,4.0,False,0.25,False,0,5.403041124343872,0.0,0,0,0,Line processing failed: 'list' object cannot be interpreted as an integer
umeh_dhernangdri_high quality(1),umeh_dhernangdri_high quality(1) - page 1,Modern,line,0.7,2.0,4.0,False,0.5,True,6,7.381015062332153,40.0,5,2,3,
umeh_dhernangdri_high quality(1),umeh_dhernangdri_high quality(1) - page 1,Modern,line,0.7,2.0,4.0,False,0.9,True,6,4.947873830795288,40.0,5,2,3,
umeh_dhernangdri_high quality(1),umeh_dhernangdri_high quality(1) - page 1,Modern,line,0.7,2.0,5.0,True,0.1,False,0,3.1005842685699463,0.0,0,0,0,Line processing failed: 'list' object cannot be interpreted as an integer
umeh_dhernangdri_high quality(1),umeh_dhernangdri_high quality(1) - page 1,Modern,line,0.7,2.0,5.0,True,0.25,False,0,3.100942373275757,0.0,0,0,0,Line processing failed: 'list' object cannot be interpreted as an integer
umeh_dhernangdri_high quality(1),umeh_dhernangdri_high quality(1) - page 1,Modern,line,0.7,2.0,5.0,True,0.5,True,4,4.2091004848480225,66.67,3,2,1,
umeh_dhernangdri_high quality(1),umeh_dhernangdri_high quality(1) - page 1,Modern,line,0.7,2.0,5.0,True,0.9,True,4,4.285750865936279,66.67,3,2,1,
umeh_dhernangdri_high quality(1),umeh_dhernangdri_high quality(1) - page 1,Modern,line,0.7,2.0,5.0,False,0.1,False,0,3.3125829696655273,0.0,0,0,0,Line processing failed: 'list' object cannot be interpreted as an integer
umeh_dhernangdri_high quality(1),umeh_dhernangdri_high quality(1) - page 1,Modern,line,0.7,2.0,5.0,False,0.25,False,0,3.3578343391418457,0.0,0,0,0,Line processing failed: 'list' object cannot be interpreted as an integer
umeh_dhernangdri_high quality(1),umeh_dhernangdri_high quality(1) - page 1,Modern,line,0.7,2.0,5.0,False,0.5,True,6,4.784733772277832,50.0,4,2,2,
umeh_dhernangdri_high quality(1),umeh_dhernangdri_high quality(1) - page 1,Modern,line,0.7,2.0,5.0,False,0.9,True,6,4.769726753234863,50.0,4,2,2,
umeh_dhernangdri_high quality(1),umeh_dhernangdri_high quality(1) - page 1,Modern,line,0.7,2.5,2.5,True,0.1,False,0,3.321773052215576,0.0,0,0,0,Line processing failed: 'list' object cannot be interpreted as an integer
umeh_dhernangdri_high quality(1),umeh_dhernangdri_high quality(1) - page 1,Modern,line,0.7,2.5,2.5,True,0.25,False,0,3.3585376739501953,0.0,0,0,0,Line processing failed: 'list' object cannot be interpreted as an integer
umeh_dhernangdri_high quality(1),umeh_dhernangdri_high quality(1) - page 1,Modern,line,0.7,2.5,2.5,True,0.5,True,4,5.014621734619141,62.5,8,5,3,
umeh_dhernangdri_high quality(1),umeh_dhernangdri_high quality(1) - page 1,Modern,line,0.7,2.5,2.5,True,0.9,True,4,4.881858587265015,62.5,8,5,3,
umeh_dhernangdri_high quality(1),umeh_dhernangdri_high quality(1) - page 1,Modern,line,0.7,2.5,2.5,False,0.1,False,0,3.2448573112487793,0.0,0,0,0,Line processing failed: 'list' object cannot be interpreted as an integer
umeh_dhernangdri_high quality(1),umeh_dhernangdri_high quality(1) - page 1,Modern,line,0.7,2.5,2.5,False,0.25,False,0,3.3957457542419434,0.0,0,0,0,Line processing failed: 'list' object cannot be interpreted as an integer
umeh_dhernangdri_high quality(1),umeh_dhernangdri_high quality(1) - page 1,Modern,line,0.7,2.5,2.5,False,0.5,True,6,5.784142255783081,60.0,10,6,4,
umeh_dhernangdri_high quality(1),umeh_dhernangdri_high quality(1) - page 1,Modern,line,0.7,2.5,2.5,False,0.9,True,6,5.544892072677612,60.0,10,6,4,
umeh_dhernangdri_high quality(1),umeh_dhernangdri_high quality(1) - page 1,Modern,line,0.7,2.5,3.5,True,0.1,False,0,3.209617853164673,0.0,0,0,0,Line processing failed: 'list' object cannot be interpreted as an integer
umeh_dhernangdri_high quality(1),umeh_dhernangdri_high quality(1) - page 1,Modern,line,0.7,2.5,3.5,True,0.25,False,0,3.3634469509124756,0.0,0,0,0,Line processing failed: 'list' object cannot be interpreted as an integer
umeh_dhernangdri_high quality(1),umeh_dhernangdri_high quality(1) - page 1,Modern,line,0.7,2.5,3.5,True,0.5,True,4,4.878893136978149,25.0,4,1,3,
umeh_dhernangdri_high quality(1),umeh_dhernangdri_high quality(1) - page 1,Modern,line,0.7,2.5,3.5,True,0.9,True,4,4.769463062286377,25.0,4,1,3,
umeh_dhernangdri_high quality(1),umeh_dhernangdri_high quality(1) - page 1,Modern,line,0.7,2.5,3.5,False,0.1,False,0,3.2605555057525635,0.0,0,0,0,Line processing failed: 'list' object cannot be interpreted as an integer
umeh_dhernangdri_high quality(1),umeh_dhernangdri_high quality(1) - page 1,Modern,line,0.7,2.5,3.5,False,0.25,False,0,3.365494966506958,0.0,0,0,0,Line processing failed: 'list' object cannot be interpreted as an integer
umeh_dhernangdri_high quality(1),umeh_dhernangdri_high quality(1) - page 1,Modern,line,0.7,2.5,3.5,False,0.5,True,6,5.010206937789917,0.0,3,0,3,
umeh_dhernangdri_high quality(1),umeh_dhernangdri_high quality(1) - page 1,Modern,line,0.7,2.5,3.5,False,0.9,True,6,4.918903589248657,0.0,3,0,3,
umeh_dhernangdri_high quality(1),umeh_dhernangdri_high quality(1) - page 1,Modern,line,0.7,2.5,4.0,True,0.1,False,0,3.298055410385132,0.0,0,0,0,Line processing failed: 'list' object cannot be interpreted as an integer
umeh_dhernangdri_high quality(1),umeh_dhernangdri_high quality(1) - page 1,Modern,line,0.7,2.5,4.0,True,0.25,False,0,3.3646130561828613,0.0,0,0,0,Line processing failed: 'list' object cannot be interpreted as an integer
umeh_dhernangdri_high quality(1),umeh_dhernangdri_high quality(1) - page 1,Modern,line,0.7,2.5,4.0,True,0.5,True,4,5.330625295639038,57.14,7,4,3,
umeh_dhernangdri_high quality(1),umeh_dhernangdri_high quality(1) - page 1,Modern,line,0.7,2.5,4.0,True,0.9,True,4,4.844493389129639,57.14,7,4,3,
umeh_dhernangdri_high quality(1),umeh_dhernangdri_high quality(1) - page 1,Modern,line,0.7,2.5,4.0,False,0.1,False,0,3.2555179595947266,0.0,0,0,0,Line processing failed: 'list' object cannot be interpreted as an integer
umeh_dhernangdri_high quality(1),umeh_dhernangdri_high quality(1) - page 1,Modern,line,0.7,2.5,4.0,False,0.25,False,0,3.357363224029541,0.0,0,0,0,Line processing failed: 'list' object cannot be interpreted as an integer
umeh_dhernangdri_high quality(1),umeh_dhernangdri_high quality(1) - page 1,Modern,line,0.7,2.5,4.0,False,0.5,True,6,4.921342849731445,50.0,4,2,2,
umeh_dhernangdri_high quality(1),umeh_dhernangdri_high quality(1) - page 1,Modern,line,0.7,2.5,4.0,False,0.9,True,6,4.873413562774658,50.0,4,2,2,
umeh_dhernangdri_high quality(1),umeh_dhernangdri_high quality(1) - page 1,Modern,line,0.7,2.5,5.0,True,0.1,False,0,3.303635835647583,0.0,0,0,0,Line processing failed: 'list' object cannot be interpreted as an integer
umeh_dhernangdri_high quality(1),umeh_dhernangdri_high quality(1) - page 1,Modern,line,0.7,2.5,5.0,True,0.25,False,0,3.3521673679351807,0.0,0,0,0,Line processing failed: 'list' object cannot be interpreted as an integer
umeh_dhernangdri_high quality(1),umeh_dhernangdri_high quality(1) - page 1,Modern,line,0.7,2.5,5.0,True,0.5,True,4,5.157071113586426,66.67,6,4,2,
umeh_dhernangdri_high quality(1),umeh_dhernangdri_high quality(1) - page 1,Modern,line,0.7,2.5,5.0,True,0.9,True,4,4.715386867523193,66.67,6,4,2,
umeh_dhernangdri_high quality(1),umeh_dhernangdri_high quality(1) - page 1,Modern,line,0.7,2.5,5.0,False,0.1,False,0,3.2436068058013916,0.0,0,0,0,Line processing failed: 'list' object cannot be interpreted as an integer
umeh_dhernangdri_high quality(1),umeh_dhernangdri_high quality(1) - page 1,Modern,line,0.7,2.5,5.0,False,0.25,False,0,3.371392250061035,0.0,0,0,0,Line processing failed: 'list' object cannot be interpreted as an integer
umeh_dhernangdri_high quality(1),umeh_dhernangdri_high quality(1) - page 1,Modern,line,0.7,2.5,5.0,False,0.5,True,6,4.992676258087158,100.0,5,5,0,
umeh_dhernangdri_high quality(1),umeh_dhernangdri_high quality(1) - page 1,Modern,line,0.7,2.5,5.0,False,0.9,True,6,4.905833721160889,100.0,5,5,0,
umeh_dhernangdri_high quality(1),umeh_dhernangdri_high quality(1) - page 1,Modern,line,0.7,3.0,2.5,True,0.1,False,0,3.285210132598877,0.0,0,0,0,Line processing failed: 'list' object cannot be interpreted as an integer
umeh_dhernangdri_high quality(1),umeh_dhernangdri_high quality(1) - page 1,Modern,line,0.7,3.0,2.5,True,0.25,False,0,3.4580862522125244,0.0,0,0,0,Line processing failed: 'list' object cannot be interpreted as an integer
umeh_dhernangdri_high quality(1),umeh_dhernangdri_high quality(1) - page 1,Modern,line,0.7,3.0,2.5,True,0.5,True,4,5.175076484680176,71.43,7,5,2,
umeh_dhernangdri_high quality(1),umeh_dhernangdri_high quality(1) - page 1,Modern,line,0.7,3.0,2.5,True,0.9,True,4,4.995254278182983,71.43,7,5,2,
umeh_dhernangdri_high quality(1),umeh_dhernangdri_high quality(1) - page 1,Modern,line,0.7,3.0,2.5,False,0.1,False,0,3.2339255809783936,0.0,0,0,0,Line processing failed: 'list' object cannot be interpreted as an integer
umeh_dhernangdri_high quality(1),umeh_dhernangdri_high quality(1) - page 1,Modern,line,0.7,3.0,2.5,False,0.25,False,0,3.3594539165496826,0.0,0,0,0,Line processing failed: 'list' object cannot be interpreted as an integer
umeh_dhernangdri_high quality(1),umeh_dhernangdri_high quality(1) - page 1,Modern,line,0.7,3.0,2.5,False,0.5,True,6,5.802398681640625,66.67,9,6,3,
umeh_dhernangdri_high quality(1),umeh_dhernangdri_high quality(1) - page 1,Modern,line,0.7,3.0,2.5,False,0.9,True,6,5.911132335662842,66.67,9,6,3,
umeh_dhernangdri_high quality(1),umeh_dhernangdri_high quality(1) - page 1,Modern,line,0.7,3.0,3.5,True,0.1,False,0,3.1178205013275146,0.0,0,0,0,Line processing failed: 'list' object cannot be interpreted as an integer
umeh_dhernangdri_high quality(1),umeh_dhernangdri_high quality(1) - page 1,Modern,line,0.7,3.0,3.5,True,0.25,False,0,3.346215009689331,0.0,0,0,0,Line processing failed: 'list' object cannot be interpreted as an integer
umeh_dhernangdri_high quality(1),umeh_dhernangdri_high quality(1) - page 1,Modern,line,0.7,3.0,3.5,True,0.5,True,4,5.030519723892212,25.0,4,1,3,
umeh_dhernangdri_high quality(1),umeh_dhernangdri_high quality(1) - page 1,Modern,line,0.7,3.0,3.5,True,0.9,True,4,4.939258813858032,25.0,4,1,3,
umeh_dhernangdri_high quality(1),umeh_dhernangdri_high quality(1) - page 1,Modern,line,0.7,3.0,3.5,False,0.1,False,0,3.2265896797180176,0.0,0,0,0,Line processing failed: 'list' object cannot be interpreted as an integer
umeh_dhernangdri_high quality(1),umeh_dhernangdri_high quality(1) - page 1,Modern,line,0.7,3.0,3.5,False,0.25,False,0,3.3611412048339844,0.0,0,0,0,Line processing failed: 'list' object cannot be interpreted as an integer
umeh_dhernangdri_high quality(1),umeh_dhernangdri_high quality(1) - page 1,Modern,line,0.7,3.0,3.5,False,0.5,True,6,5.133641958236694,0.0,3,0,3,
umeh_dhernangdri_high quality(1),umeh_dhernangdri_high quality(1) - page 1,Modern,line,0.7,3.0,3.5,False,0.9,True,6,7.653902053833008,0.0,3,0,3,
umeh_dhernangdri_high quality(1),umeh_dhernangdri_high quality(1) - page 1,Modern,line,0.7,3.0,4.0,True,0.1,False,0,5.393649578094482,0.0,0,0,0,Line processing failed: 'list' object cannot be interpreted as an integer
umeh_dhernangdri_high quality(1),umeh_dhernangdri_high quality(1) - page 1,Modern,line,0.7,3.0,4.0,True,0.25,False,0,3.487238883972168,0.0,0,0,0,Line processing failed: 'list' object cannot be interpreted as an integer
umeh_dhernangdri_high quality(1),umeh_dhernangdri_high quality(1) - page 1,Modern,line,0.7,3.0,4.0,True,0.5,True,4,4.875669479370117,57.14,7,4,3,
umeh_dhernangdri_high quality(1),umeh_dhernangdri_high quality(1) - page 1,Modern,line,0.7,3.0,4.0,True,0.9,True,4,5.147248983383179,57.14,7,4,3,
umeh_dhernangdri_high quality(1),umeh_dhernangdri_high quality(1) - page 1,Modern,line,0.7,3.0,4.0,False,0.1,False,0,3.102281093597412,0.0,0,0,0,Line processing failed: 'list' object cannot be interpreted as an integer
umeh_dhernangdri_high quality(1),umeh_dhernangdri_high quality(1) - page 1,Modern,line,0.7,3.0,4.0,False,0.25,False,0,3.3500287532806396,0.0,0,0,0,Line processing failed: 'list' object cannot be interpreted as an integer
umeh_dhernangdri_high quality(1),umeh_dhernangdri_high quality(1) - page 1,Modern,line,0.7,3.0,4.0,False,0.5,True,6,5.066470384597778,50.0,4,2,2,
umeh_dhernangdri_high quality(1),umeh_dhernangdri_high quality(1) - page 1,Modern,line,0.7,3.0,4.0,False,0.9,True,6,4.991477012634277,50.0,4,2,2,
umeh_dhernangdri_high quality(1),umeh_dhernangdri_high quality(1) - page 1,Modern,line,0.7,3.0,5.0,True,0.1,False,0,3.2749156951904297,0.0,0,0,0,Line processing failed: 'list' object cannot be interpreted as an integer
umeh_dhernangdri_high quality(1),umeh_dhernangdri_high quality(1) - page 1,Modern,line,0.7,3.0,5.0,True,0.25,False,0,3.3509514331817627,0.0,0,0,0,Line processing failed: 'list' object cannot be interpreted as an integer
umeh_dhernangdri_high quality(1),umeh_dhernangdri_high quality(1) - page 1,Modern,line,0.7,3.0,5.0,True,0.5,True,4,5.1182262897491455,80.0,5,4,1,
umeh_dhernangdri_high quality(1),umeh_dhernangdri_high quality(1) - page 1,Modern,line,0.7,3.0,5.0,True,0.9,True,4,4.951188325881958,80.0,5,4,1,
umeh_dhernangdri_high quality(1),umeh_dhernangdri_high quality(1) - page 1,Modern,line,0.7,3.0,5.0,False,0.1,False,0,3.2120919227600098,0.0,0,0,0,Line processing failed: 'list' object cannot be interpreted as an integer
umeh_dhernangdri_high quality(1),umeh_dhernangdri_high quality(1) - page 1,Modern,line,0.7,3.0,5.0,False,0.25,False,0,3.3841874599456787,0.0,0,0,0,Line processing failed: 'list' object cannot be interpreted as an integer
umeh_dhernangdri_high quality(1),umeh_dhernangdri_high quality(1) - page 1,Modern,line,0.7,3.0,5.0,False,0.5,True,6,5.791128396987915,87.5,8,7,1,
umeh_dhernangdri_high quality(1),umeh_dhernangdri_high quality(1) - page 1,Modern,line,0.7,3.0,5.0,False,0.9,True,6,5.1172099113464355,87.5,8,7,1,
umeh_dhernangdri_high quality(1),umeh_dhernangdri_high quality(1) - page 1,Modern,line,0.8,2.0,2.5,True,0.1,False,0,3.2251853942871094,0.0,0,0,0,Line processing failed: 'list' object cannot be interpreted as an integer
umeh_dhernangdri_high quality(1),umeh_dhernangdri_high quality(1) - page 1,Modern,line,0.8,2.0,2.5,True,0.25,False,0,3.36446213722229,0.0,0,0,0,Line processing failed: 'list' object cannot be interpreted as an integer
umeh_dhernangdri_high quality(1),umeh_dhernangdri_high quality(1) - page 1,Modern,line,0.8,2.0,2.5,True,0.5,True,4,4.822157621383667,62.5,8,5,3,
umeh_dhernangdri_high quality(1),umeh_dhernangdri_high quality(1) - page 1,Modern,line,0.8,2.0,2.5,True,0.9,True,4,4.728102922439575,62.5,8,5,3,
umeh_dhernangdri_high quality(1),umeh_dhernangdri_high quality(1) - page 1,Modern,line,0.8,2.0,2.5,False,0.1,False,0,3.2544784545898438,0.0,0,0,0,Line processing failed: 'list' object cannot be interpreted as an integer
umeh_dhernangdri_high quality(1),umeh_dhernangdri_high quality(1) - page 1,Modern,line,0.8,2.0,2.5,False,0.25,False,0,3.3512401580810547,0.0,0,0,0,Line processing failed: 'list' object cannot be interpreted as an integer
umeh_dhernangdri_high quality(1),umeh_dhernangdri_high quality(1) - page 1,Modern,line,0.8,2.0,2.5,False,0.5,True,6,5.512671232223511,60.0,10,6,4,
umeh_dhernangdri_high quality(1),umeh_dhernangdri_high quality(1) - page 1,Modern,line,0.8,2.0,2.5,False,0.9,True,6,5.383204698562622,60.0,10,6,4,
umeh_dhernangdri_high quality(1),umeh_dhernangdri_high quality(1) - page 1,Modern,line,0.8,2.0,3.5,True,0.1,False,0,3.234766721725464,0.0,0,0,0,Line processing failed: 'list' object cannot be interpreted as an integer
umeh_dhernangdri_high quality(1),umeh_dhernangdri_high quality(1) - page 1,Modern,line,0.8,2.0,3.5,True,0.25,False,0,3.346470832824707,0.0,0,0,0,Line processing failed: 'list' object cannot be interpreted as an integer
umeh_dhernangdri_high quality(1),umeh_dhernangdri_high quality(1) - page 1,Modern,line,0.8,2.0,3.5,True,0.5,True,4,4.676823377609253,0.0,3,0,3,
umeh_dhernangdri_high quality(1),umeh_dhernangdri_high quality(1) - page 1,Modern,line,0.8,2.0,3.5,True,0.9,True,4,4.956173419952393,0.0,3,0,3,
umeh_dhernangdri_high quality(1),umeh_dhernangdri_high quality(1) - page 1,Modern,line,0.8,2.0,3.5,False,0.1,False,0,3.3097128868103027,0.0,0,0,0,Line processing failed: 'list' object cannot be interpreted as an integer
umeh_dhernangdri_high quality(1),umeh_dhernangdri_high quality(1) - page 1,Modern,line,0.8,2.0,3.5,False,0.25,False,0,3.350783348083496,0.0,0,0,0,Line processing failed: 'list' object cannot be interpreted as an integer
umeh_dhernangdri_high quality(1),umeh_dhernangdri_high quality(1) - page 1,Modern,line,0.8,2.0,3.5,False,0.5,True,6,4.958230972290039,0.0,4,0,4,
umeh_dhernangdri_high quality(1),umeh_dhernangdri_high quality(1) - page 1,Modern,line,0.8,2.0,3.5,False,0.9,True,6,4.869704961776733,0.0,4,0,4,
umeh_dhernangdri_high quality(1),umeh_dhernangdri_high quality(1) - page 1,Modern,line,0.8,2.0,4.0,True,0.1,False,0,3.280606508255005,0.0,0,0,0,Line processing failed: 'list' object cannot be interpreted as an integer
umeh_dhernangdri_high quality(1),umeh_dhernangdri_high quality(1) - page 1,Modern,line,0.8,2.0,4.0,True,0.25,False,0,3.3513572216033936,0.0,0,0,0,Line processing failed: 'list' object cannot be interpreted as an integer
umeh_dhernangdri_high quality(1),umeh_dhernangdri_high quality(1) - page 1,Modern,line,0.8,2.0,4.0,True,0.5,True,4,4.919766902923584,50.0,4,2,2,
umeh_dhernangdri_high quality(1),umeh_dhernangdri_high quality(1) - page 1,Modern,line,0.8,2.0,4.0,True,0.9,True,4,4.484104156494141,50.0,4,2,2,
umeh_dhernangdri_high quality(1),umeh_dhernangdri_high quality(1) - page 1,Modern,line,0.8,2.0,4.0,False,0.1,False,0,3.285813331604004,0.0,0,0,0,Line processing failed: 'list' object cannot be interpreted as an integer
umeh_dhernangdri_high quality(1),umeh_dhernangdri_high quality(1) - page 1,Modern,line,0.8,2.0,4.0,False,0.25,False,0,3.362093448638916,0.0,0,0,0,Line processing failed: 'list' object cannot be interpreted as an integer
umeh_dhernangdri_high quality(1),umeh_dhernangdri_high quality(1) - page 1,Modern,line,0.8,2.0,4.0,False,0.5,True,6,4.88616943359375,40.0,5,2,3,
umeh_dhernangdri_high quality(1),umeh_dhernangdri_high quality(1) - page 1,Modern,line,0.8,2.0,4.0,False,0.9,True,6,4.8405821323394775,40.0,5,2,3,
umeh_dhernangdri_high quality(1),umeh_dhernangdri_high quality(1) - page 1,Modern,line,0.8,2.0,5.0,True,0.1,False,0,3.284620761871338,0.0,0,0,0,Line processing failed: 'list' object cannot be interpreted as an integer
umeh_dhernangdri_high quality(1),umeh_dhernangdri_high quality(1) - page 1,Modern,line,0.8,2.0,5.0,True,0.25,False,0,3.344900131225586,0.0,0,0,0,Line processing failed: 'list' object cannot be interpreted as an integer
umeh_dhernangdri_high quality(1),umeh_dhernangdri_high quality(1) - page 1,Modern,line,0.8,2.0,5.0,True,0.5,True,4,4.583062648773193,66.67,3,2,1,
umeh_dhernangdri_high quality(1),umeh_dhernangdri_high quality(1) - page 1,Modern,line,0.8,2.0,5.0,True,0.9,True,4,6.801624059677124,66.67,3,2,1,
umeh_dhernangdri_high quality(1),umeh_dhernangdri_high quality(1) - page 1,Modern,line,0.8,2.0,5.0,False,0.1,False,0,3.198676586151123,0.0,0,0,0,Line processing failed: 'list' object cannot be interpreted as an integer
umeh_dhernangdri_high quality(1),umeh_dhernangdri_high quality(1) - page 1,Modern,line,0.8,2.0,5.0,False,0.25,False,0,3.188732624053955,0.0,0,0,0,Line processing failed: 'list' object cannot be interpreted as an integer
umeh_dhernangdri_high quality(1),umeh_dhernangdri_high quality(1) - page 1,Modern,line,0.8,2.0,5.0,False,0.5,True,6,4.705310821533203,50.0,4,2,2,
umeh_dhernangdri_high quality(1),umeh_dhernangdri_high quality(1) - page 1,Modern,line,0.8,2.0,5.0,False,0.9,True,6,4.667759418487549,50.0,4,2,2,
umeh_dhernangdri_high quality(1),umeh_dhernangdri_high quality(1) - page 1,Modern,line,0.8,2.5,2.5,True,0.1,False,0,3.3078250885009766,0.0,0,0,0,Line processing failed: 'list' object cannot be interpreted as an integer
umeh_dhernangdri_high quality(1),umeh_dhernangdri_high quality(1) - page 1,Modern,line,0.8,2.5,2.5,True,0.25,False,0,3.3476948738098145,0.0,0,0,0,Line processing failed: 'list' object cannot be interpreted as an integer
umeh_dhernangdri_high quality(1),umeh_dhernangdri_high quality(1) - page 1,Modern,line,0.8,2.5,2.5,True,0.5,True,4,4.974717855453491,62.5,8,5,3,
umeh_dhernangdri_high quality(1),umeh_dhernangdri_high quality(1) - page 1,Modern,line,0.8,2.5,2.5,True,0.9,True,4,4.858756065368652,62.5,8,5,3,
umeh_dhernangdri_high quality(1),umeh_dhernangdri_high quality(1) - page 1,Modern,line,0.8,2.5,2.5,False,0.1,False,0,3.2397477626800537,0.0,0,0,0,Line processing failed: 'list' object cannot be interpreted as an integer
umeh_dhernangdri_high quality(1),umeh_dhernangdri_high quality(1) - page 1,Modern,line,0.8,2.5,2.5,False,0.25,False,0,3.362624406814575,0.0,0,0,0,Line processing failed: 'list' object cannot be interpreted as an integer
umeh_dhernangdri_high quality(1),umeh_dhernangdri_high quality(1) - page 1,Modern,line,0.8,2.5,2.5,False,0.5,True,6,5.94560170173645,60.0,10,6,4,
umeh_dhernangdri_high quality(1),umeh_dhernangdri_high quality(1) - page 1,Modern,line,0.8,2.5,2.5,False,0.9,True,6,5.485673904418945,60.0,10,6,4,
umeh_dhernangdri_high quality(1),umeh_dhernangdri_high quality(1) - page 1,Modern,line,0.8,2.5,3.5,True,0.1,False,0,3.321465253829956,0.0,0,0,0,Line processing failed: 'list' object cannot be interpreted as an integer
umeh_dhernangdri_high quality(1),umeh_dhernangdri_high quality(1) - page 1,Modern,line,0.8,2.5,3.5,True,0.25,False,0,3.3465871810913086,0.0,0,0,0,Line processing failed: 'list' object cannot be interpreted as an integer
umeh_dhernangdri_high quality(1),umeh_dhernangdri_high quality(1) - page 1,Modern,line,0.8,2.5,3.5,True,0.5,True,4,4.950745105743408,25.0,4,1,3,
umeh_dhernangdri_high quality(1),umeh_dhernangdri_high quality(1) - page 1,Modern,line,0.8,2.5,3.5,True,0.9,True,4,4.779170989990234,25.0,4,1,3,
umeh_dhernangdri_high quality(1),umeh_dhernangdri_high quality(1) - page 1,Modern,line,0.8,2.5,3.5,False,0.1,False,0,3.2463841438293457,0.0,0,0,0,Line processing failed: 'list' object cannot be interpreted as an integer
umeh_dhernangdri_high quality(1),umeh_dhernangdri_high quality(1) - page 1,Modern,line,0.8,2.5,3.5,False,0.25,False,0,3.3599400520324707,0.0,0,0,0,Line processing failed: 'list' object cannot be interpreted as an integer
umeh_dhernangdri_high quality(1),umeh_dhernangdri_high quality(1) - page 1,Modern,line,0.8,2.5,3.5,False,0.5,True,6,4.965497016906738,0.0,3,0,3,
umeh_dhernangdri_high quality(1),umeh_dhernangdri_high quality(1) - page 1,Modern,line,0.8,2.5,3.5,False,0.9,True,6,4.905655384063721,0.0,3,0,3,
umeh_dhernangdri_high quality(1),umeh_dhernangdri_high quality(1) - page 1,Modern,line,0.8,2.5,4.0,True,0.1,False,0,3.2828166484832764,0.0,0,0,0,Line processing failed: 'list' object cannot be interpreted as an integer
umeh_dhernangdri_high quality(1),umeh_dhernangdri_high quality(1) - page 1,Modern,line,0.8,2.5,4.0,True,0.25,False,0,3.3549466133117676,0.0,0,0,0,Line processing failed: 'list' object cannot be interpreted as an integer
umeh_dhernangdri_high quality(1),umeh_dhernangdri_high quality(1) - page 1,Modern,line,0.8,2.5,4.0,True,0.5,True,4,4.964212894439697,57.14,7,4,3,
umeh_dhernangdri_high quality(1),umeh_dhernangdri_high quality(1) - page 1,Modern,line,0.8,2.5,4.0,True,0.9,True,4,5.107466459274292,57.14,7,4,3,
umeh_dhernangdri_high quality(1),umeh_dhernangdri_high quality(1) - page 1,Modern,line,0.8,2.5,4.0,False,0.1,False,0,3.157367467880249,0.0,0,0,0,Line processing failed: 'list' object cannot be interpreted as an integer
umeh_dhernangdri_high quality(1),umeh_dhernangdri_high quality(1) - page 1,Modern,line,0.8,2.5,4.0,False,0.25,False,0,3.3479161262512207,0.0,0,0,0,Line processing failed: 'list' object cannot be interpreted as an integer
umeh_dhernangdri_high quality(1),umeh_dhernangdri_high quality(1) - page 1,Modern,line,0.8,2.5,4.0,False,0.5,True,6,4.943123817443848,50.0,4,2,2,
umeh_dhernangdri_high quality(1),umeh_dhernangdri_high quality(1) - page 1,Modern,line,0.8,2.5,4.0,False,0.9,True,6,4.958033561706543,50.0,4,2,2,
umeh_dhernangdri_high quality(1),umeh_dhernangdri_high quality(1) - page 1,Modern,line,0.8,2.5,5.0,True,0.1,False,0,3.28786563873291,0.0,0,0,0,Line processing failed: 'list' object cannot be interpreted as an integer
umeh_dhernangdri_high quality(1),umeh_dhernangdri_high quality(1) - page 1,Modern,line,0.8,2.5,5.0,True,0.25,False,0,3.4377999305725098,0.0,0,0,0,Line processing failed: 'list' object cannot be interpreted as an integer
umeh_dhernangdri_high quality(1),umeh_dhernangdri_high quality(1) - page 1,Modern,line,0.8,2.5,5.0,True,0.5,True,4,4.918832302093506,66.67,6,4,2,
umeh_dhernangdri_high quality(1),umeh_dhernangdri_high quality(1) - page 1,Modern,line,0.8,2.5,5.0,True,0.9,True,4,4.792622327804565,66.67,6,4,2,
umeh_dhernangdri_high quality(1),umeh_dhernangdri_high quality(1) - page 1,Modern,line,0.8,2.5,5.0,False,0.1,False,0,3.2268693447113037,0.0,0,0,0,Line processing failed: 'list' object cannot be interpreted as an integer
umeh_dhernangdri_high quality(1),umeh_dhernangdri_high quality(1) - page 1,Modern,line,0.8,2.5,5.0,False,0.25,False,0,3.3559577465057373,0.0,0,0,0,Line processing failed: 'list' object cannot be interpreted as an integer
umeh_dhernangdri_high quality(1),umeh_dhernangdri_high quality(1) - page 1,Modern,line,0.8,2.5,5.0,False,0.5,True,6,5.26487922668457,100.0,5,5,0,
umeh_dhernangdri_high quality(1),umeh_dhernangdri_high quality(1) - page 1,Modern,line,0.8,2.5,5.0,False,0.9,True,6,6.445095539093018,100.0,5,5,0,
umeh_dhernangdri_high quality(1),umeh_dhernangdri_high quality(1) - page 1,Modern,line,0.8,3.0,2.5,True,0.1,False,0,3.099567413330078,0.0,0,0,0,Line processing failed: 'list' object cannot be interpreted as an integer
umeh_dhernangdri_high quality(1),umeh_dhernangdri_high quality(1) - page 1,Modern,line,0.8,3.0,2.5,True,0.25,False,0,3.282001256942749,0.0,0,0,0,Line processing failed: 'list' object cannot be interpreted as an integer
umeh_dhernangdri_high quality(1),umeh_dhernangdri_high quality(1) - page 1,Modern,line,0.8,3.0,2.5,True,0.5,True,4,5.13105583190918,71.43,7,5,2,
umeh_dhernangdri_high quality(1),umeh_dhernangdri_high quality(1) - page 1,Modern,line,0.8,3.0,2.5,True,0.9,True,4,4.968835353851318,71.43,7,5,2,
umeh_dhernangdri_high quality(1),umeh_dhernangdri_high quality(1) - page 1,Modern,line,0.8,3.0,2.5,False,0.1,False,0,3.2284841537475586,0.0,0,0,0,Line processing failed: 'list' object cannot be interpreted as an integer
umeh_dhernangdri_high quality(1),umeh_dhernangdri_high quality(1) - page 1,Modern,line,0.8,3.0,2.5,False,0.25,False,0,3.4847753047943115,0.0,0,0,0,Line processing failed: 'list' object cannot be interpreted as an integer
umeh_dhernangdri_high quality(1),umeh_dhernangdri_high quality(1) - page 1,Modern,line,0.8,3.0,2.5,False,0.5,True,6,5.787440061569214,66.67,9,6,3,
umeh_dhernangdri_high quality(1),umeh_dhernangdri_high quality(1) - page 1,Modern,line,0.8,3.0,2.5,False,0.9,True,6,5.617066144943237,66.67,9,6,3,
umeh_dhernangdri_high quality(1),umeh_dhernangdri_high quality(1) - page 1,Modern,line,0.8,3.0,3.5,True,0.1,False,0,3.2799906730651855,0.0,0,0,0,Line processing failed: 'list' object cannot be interpreted as an integer
umeh_dhernangdri_high quality(1),umeh_dhernangdri_high quality(1) - page 1,Modern,line,0.8,3.0,3.5,True,0.25,False,0,3.3530466556549072,0.0,0,0,0,Line processing failed: 'list' object cannot be interpreted as an integer
umeh_dhernangdri_high quality(1),umeh_dhernangdri_high quality(1) - page 1,Modern,line,0.8,3.0,3.5,True,0.5,True,4,5.058894872665405,25.0,4,1,3,
umeh_dhernangdri_high quality(1),umeh_dhernangdri_high quality(1) - page 1,Modern,line,0.8,3.0,3.5,True,0.9,True,4,4.917654514312744,25.0,4,1,3,
umeh_dhernangdri_high quality(1),umeh_dhernangdri_high quality(1) - page 1,Modern,line,0.8,3.0,3.5,False,0.1,False,0,3.247445583343506,0.0,0,0,0,Line processing failed: 'list' object cannot be interpreted as an integer
umeh_dhernangdri_high quality(1),umeh_dhernangdri_high quality(1) - page 1,Modern,line,0.8,3.0,3.5,False,0.25,False,0,3.349381923675537,0.0,0,0,0,Line processing failed: 'list' object cannot be interpreted as an integer
umeh_dhernangdri_high quality(1),umeh_dhernangdri_high quality(1) - page 1,Modern,line,0.8,3.0,3.5,False,0.5,True,6,5.155485153198242,0.0,3,0,3,
umeh_dhernangdri_high quality(1),umeh_dhernangdri_high quality(1) - page 1,Modern,line,0.8,3.0,3.5,False,0.9,True,6,5.053560018539429,0.0,3,0,3,
umeh_dhernangdri_high quality(1),umeh_dhernangdri_high quality(1) - page 1,Modern,line,0.8,3.0,4.0,True,0.1,False,0,3.2684292793273926,0.0,0,0,0,Line processing failed: 'list' object cannot be interpreted as an integer
umeh_dhernangdri_high quality(1),umeh_dhernangdri_high quality(1) - page 1,Modern,line,0.8,3.0,4.0,True,0.25,False,0,3.353538990020752,0.0,0,0,0,Line processing failed: 'list' object cannot be interpreted as an integer
umeh_dhernangdri_high quality(1),umeh_dhernangdri_high quality(1) - page 1,Modern,line,0.8,3.0,4.0,True,0.5,True,4,5.387878179550171,57.14,7,4,3,
umeh_dhernangdri_high quality(1),umeh_dhernangdri_high quality(1) - page 1,Modern,line,0.8,3.0,4.0,True,0.9,True,4,4.9992835521698,57.14,7,4,3,
umeh_dhernangdri_high quality(1),umeh_dhernangdri_high quality(1) - page 1,Modern,line,0.8,3.0,4.0,False,0.1,False,0,5.3959197998046875,0.0,0,0,0,Line processing failed: 'list' object cannot be interpreted as an integer
umeh_dhernangdri_high quality(1),umeh_dhernangdri_high quality(1) - page 1,Modern,line,0.8,3.0,4.0,False,0.25,False,0,3.8235435485839844,0.0,0,0,0,Line processing failed: 'list' object cannot be interpreted as an integer
umeh_dhernangdri_high quality(1),umeh_dhernangdri_high quality(1) - page 1,Modern,line,0.8,3.0,4.0,False,0.5,True,6,4.829305171966553,50.0,4,2,2,
umeh_dhernangdri_high quality(1),umeh_dhernangdri_high quality(1) - page 1,Modern,line,0.8,3.0,4.0,False,0.9,True,6,5.016698360443115,50.0,4,2,2,
umeh_dhernangdri_high quality(1),umeh_dhernangdri_high quality(1) - page 1,Modern,line,0.8,3.0,5.0,True,0.1,False,0,3.368319511413574,0.0,0,0,0,Line processing failed: 'list' object cannot be interpreted as an integer
umeh_dhernangdri_high quality(1),umeh_dhernangdri_high quality(1) - page 1,Modern,line,0.8,3.0,5.0,True,0.25,False,0,3.3479995727539062,0.0,0,0,0,Line processing failed: 'list' object cannot be interpreted as an integer
umeh_dhernangdri_high quality(1),umeh_dhernangdri_high quality(1) - page 1,Modern,line,0.8,3.0,5.0,True,0.5,True,4,5.239561557769775,80.0,5,4,1,
umeh_dhernangdri_high quality(1),umeh_dhernangdri_high quality(1) - page 1,Modern,line,0.8,3.0,5.0,True,0.9,True,4,7.723086357116699,80.0,5,4,1,
umeh_dhernangdri_high quality(1),umeh_dhernangdri_high quality(1) - page 1,Modern,line,0.8,3.0,5.0,False,0.1,False,0,5.402074575424194,0.0,0,0,0,Line processing failed: 'list' object cannot be interpreted as an integer
umeh_dhernangdri_high quality(1),umeh_dhernangdri_high quality(1) - page 1,Modern,line,0.8,3.0,5.0,False,0.25,False,0,4.06819486618042,0.0,0,0,0,Line processing failed: 'list' object cannot be interpreted as an integer
umeh_dhernangdri_high quality(1),umeh_dhernangdri_high quality(1) - page 1,Modern,line,0.8,3.0,5.0,False,0.5,True,6,6.005241870880127,87.5,8,7,1,
umeh_dhernangdri_high quality(1),umeh_dhernangdri_high quality(1) - page 1,Modern,line,0.8,3.0,5.0,False,0.9,True,6,5.452185392379761,87.5,8,7,1,
umeh_dhernangdri_high quality(1),umeh_dhernangdri_high quality(1) - page 1,Modern,line,0.9,2.0,2.5,True,0.1,False,0,3.091857671737671,0.0,0,0,0,Line processing failed: 'list' object cannot be interpreted as an integer
umeh_dhernangdri_high quality(1),umeh_dhernangdri_high quality(1) - page 1,Modern,line,0.9,2.0,2.5,True,0.25,False,0,3.1149709224700928,0.0,0,0,0,Line processing failed: 'list' object cannot be interpreted as an integer
umeh_dhernangdri_high quality(1),umeh_dhernangdri_high quality(1) - page 1,Modern,line,0.9,2.0,2.5,True,0.5,True,4,4.819037675857544,62.5,8,5,3,
umeh_dhernangdri_high quality(1),umeh_dhernangdri_high quality(1) - page 1,Modern,line,0.9,2.0,2.5,True,0.9,True,4,4.746996641159058,62.5,8,5,3,
umeh_dhernangdri_high quality(1),umeh_dhernangdri_high quality(1) - page 1,Modern,line,0.9,2.0,2.5,False,0.1,False,0,3.2611749172210693,0.0,0,0,0,Line processing failed: 'list' object cannot be interpreted as an integer
umeh_dhernangdri_high quality(1),umeh_dhernangdri_high quality(1) - page 1,Modern,line,0.9,2.0,2.5,False,0.25,False,0,3.3486626148223877,0.0,0,0,0,Line processing failed: 'list' object cannot be interpreted as an integer
umeh_dhernangdri_high quality(1),umeh_dhernangdri_high quality(1) - page 1,Modern,line,0.9,2.0,2.5,False,0.5,True,6,5.500931739807129,60.0,10,6,4,
umeh_dhernangdri_high quality(1),umeh_dhernangdri_high quality(1) - page 1,Modern,line,0.9,2.0,2.5,False,0.9,True,6,5.911604166030884,60.0,10,6,4,
umeh_dhernangdri_high quality(1),umeh_dhernangdri_high quality(1) - page 1,Modern,line,0.9,2.0,3.5,True,0.1,False,0,4.365094900131226,0.0,0,0,0,Line processing failed: 'list' object cannot be interpreted as an integer
umeh_dhernangdri_high quality(1),umeh_dhernangdri_high quality(1) - page 1,Modern,line,0.9,2.0,3.5,True,0.25,False,0,3.1010146141052246,0.0,0,0,0,Line processing failed: 'list' object cannot be interpreted as an integer
umeh_dhernangdri_high quality(1),umeh_dhernangdri_high quality(1) - page 1,Modern,line,0.9,2.0,3.5,True,0.5,True,4,4.699155569076538,0.0,3,0,3,
umeh_dhernangdri_high quality(1),umeh_dhernangdri_high quality(1) - page 1,Modern,line,0.9,2.0,3.5,True,0.9,True,4,4.604957818984985,0.0,3,0,3,
umeh_dhernangdri_high quality(1),umeh_dhernangdri_high quality(1) - page 1,Modern,line,0.9,2.0,3.5,False,0.1,False,0,3.2790684700012207,0.0,0,0,0,Line processing failed: 'list' object cannot be interpreted as an integer
umeh_dhernangdri_high quality(1),umeh_dhernangdri_high quality(1) - page 1,Modern,line,0.9,2.0,3.5,False,0.25,False,0,3.451385021209717,0.0,0,0,0,Line processing failed: 'list' object cannot be interpreted as an integer
umeh_dhernangdri_high quality(1),umeh_dhernangdri_high quality(1) - page 1,Modern,line,0.9,2.0,3.5,False,0.5,True,6,5.737930774688721,0.0,4,0,4,
umeh_dhernangdri_high quality(1),umeh_dhernangdri_high quality(1) - page 1,Modern,line,0.9,2.0,3.5,False,0.9,True,6,4.876283168792725,0.0,4,0,4,
umeh_dhernangdri_high quality(1),umeh_dhernangdri_high quality(1) - page 1,Modern,line,0.9,2.0,4.0,True,0.1,False,0,3.276151418685913,0.0,0,0,0,Line processing failed: 'list' object cannot be interpreted as an integer
umeh_dhernangdri_high quality(1),umeh_dhernangdri_high quality(1) - page 1,Modern,line,0.9,2.0,4.0,True,0.25,False,0,3.350332736968994,0.0,0,0,0,Line processing failed: 'list' object cannot be interpreted as an integer
umeh_dhernangdri_high quality(1),umeh_dhernangdri_high quality(1) - page 1,Modern,line,0.9,2.0,4.0,True,0.5,True,4,4.627775192260742,50.0,4,2,2,
umeh_dhernangdri_high quality(1),umeh_dhernangdri_high quality(1) - page 1,Modern,line,0.9,2.0,4.0,True,0.9,True,4,4.809770822525024,50.0,4,2,2,
umeh_dhernangdri_high quality(1),umeh_dhernangdri_high quality(1) - page 1,Modern,line,0.9,2.0,4.0,False,0.1,False,0,3.2023630142211914,0.0,0,0,0,Line processing failed: 'list' object cannot be interpreted as an integer
umeh_dhernangdri_high quality(1),umeh_dhernangdri_high quality(1) - page 1,Modern,line,0.9,2.0,4.0,False,0.25,False,0,3.3535263538360596,0.0,0,0,0,Line processing failed: 'list' object cannot be interpreted as an integer
umeh_dhernangdri_high quality(1),umeh_dhernangdri_high quality(1) - page 1,Modern,line,0.9,2.0,4.0,False,0.5,True,6,5.017991542816162,40.0,5,2,3,
umeh_dhernangdri_high quality(1),umeh_dhernangdri_high quality(1) - page 1,Modern,line,0.9,2.0,4.0,False,0.9,True,6,4.82725977897644,40.0,5,2,3,
umeh_dhernangdri_high quality(1),umeh_dhernangdri_high quality(1) - page 1,Modern,line,0.9,2.0,5.0,True,0.1,False,0,3.298976182937622,0.0,0,0,0,Line processing failed: 'list' object cannot be interpreted as an integer
umeh_dhernangdri_high quality(1),umeh_dhernangdri_high quality(1) - page 1,Modern,line,0.9,2.0,5.0,True,0.25,False,0,3.357119560241699,0.0,0,0,0,Line processing failed: 'list' object cannot be interpreted as an integer
umeh_dhernangdri_high quality(1),umeh_dhernangdri_high quality(1) - page 1,Modern,line,0.9,2.0,5.0,True,0.5,True,4,4.452303409576416,66.67,3,2,1,
umeh_dhernangdri_high quality(1),umeh_dhernangdri_high quality(1) - page 1,Modern,line,0.9,2.0,5.0,True,0.9,True,4,4.4195075035095215,66.67,3,2,1,
umeh_dhernangdri_high quality(1),umeh_dhernangdri_high quality(1) - page 1,Modern,line,0.9,2.0,5.0,False,0.1,False,0,3.397914171218872,0.0,0,0,0,Line processing failed: 'list' object cannot be interpreted as an integer
umeh_dhernangdri_high quality(1),umeh_dhernangdri_high quality(1) - page 1,Modern,line,0.9,2.0,5.0,False,0.25,False,0,3.3667469024658203,0.0,0,0,0,Line processing failed: 'list' object cannot be interpreted as an integer
umeh_dhernangdri_high quality(1),umeh_dhernangdri_high quality(1) - page 1,Modern,line,0.9,2.0,5.0,False,0.5,True,6,4.7382731437683105,50.0,4,2,2,
umeh_dhernangdri_high quality(1),umeh_dhernangdri_high quality(1) - page 1,Modern,line,0.9,2.0,5.0,False,0.9,True,6,4.6748621463775635,50.0,4,2,2,
umeh_dhernangdri_high quality(1),umeh_dhernangdri_high quality(1) - page 1,Modern,line,0.9,2.5,2.5,True,0.1,False,0,3.318474531173706,0.0,0,0,0,Line processing failed: 'list' object cannot be interpreted as an integer
umeh_dhernangdri_high quality(1),umeh_dhernangdri_high quality(1) - page 1,Modern,line,0.9,2.5,2.5,True,0.25,False,0,3.3562421798706055,0.0,0,0,0,Line processing failed: 'list' object cannot be interpreted as an integer
umeh_dhernangdri_high quality(1),umeh_dhernangdri_high quality(1) - page 1,Modern,line,0.9,2.5,2.5,True,0.5,True,4,5.010619640350342,62.5,8,5,3,
umeh_dhernangdri_high quality(1),umeh_dhernangdri_high quality(1) - page 1,Modern,line,0.9,2.5,2.5,True,0.9,True,4,4.8836798667907715,62.5,8,5,3,
umeh_dhernangdri_high quality(1),umeh_dhernangdri_high quality(1) - page 1,Modern,line,0.9,2.5,2.5,False,0.1,False,0,3.254908561706543,0.0,0,0,0,Line processing failed: 'list' object cannot be interpreted as an integer
umeh_dhernangdri_high quality(1),umeh_dhernangdri_high quality(1) - page 1,Modern,line,0.9,2.5,2.5,False,0.25,False,0,3.4691641330718994,0.0,0,0,0,Line processing failed: 'list' object cannot be interpreted as an integer
umeh_dhernangdri_high quality(1),umeh_dhernangdri_high quality(1) - page 1,Modern,line,0.9,2.5,2.5,False,0.5,True,6,5.707592964172363,60.0,10,6,4,
umeh_dhernangdri_high quality(1),umeh_dhernangdri_high quality(1) - page 1,Modern,line,0.9,2.5,2.5,False,0.9,True,6,5.55728554725647,60.0,10,6,4,
umeh_dhernangdri_high quality(1),umeh_dhernangdri_high quality(1) - page 1,Modern,line,0.9,2.5,3.5,True,0.1,False,0,3.2215380668640137,0.0,0,0,0,Line processing failed: 'list' object cannot be interpreted as an integer
umeh_dhernangdri_high quality(1),umeh_dhernangdri_high quality(1) - page 1,Modern,line,0.9,2.5,3.5,True,0.25,False,0,3.3541338443756104,0.0,0,0,0,Line processing failed: 'list' object cannot be interpreted as an integer
umeh_dhernangdri_high quality(1),umeh_dhernangdri_high quality(1) - page 1,Modern,line,0.9,2.5,3.5,True,0.5,True,4,4.986739635467529,25.0,4,1,3,
umeh_dhernangdri_high quality(1),umeh_dhernangdri_high quality(1) - page 1,Modern,line,0.9,2.5,3.5,True,0.9,True,4,4.794520139694214,25.0,4,1,3,
umeh_dhernangdri_high quality(1),umeh_dhernangdri_high quality(1) - page 1,Modern,line,0.9,2.5,3.5,False,0.1,False,0,3.258641242980957,0.0,0,0,0,Line processing failed: 'list' object cannot be interpreted as an integer
umeh_dhernangdri_high quality(1),umeh_dhernangdri_high quality(1) - page 1,Modern,line,0.9,2.5,3.5,False,0.25,False,0,3.357722282409668,0.0,0,0,0,Line processing failed: 'list' object cannot be interpreted as an integer
umeh_dhernangdri_high quality(1),umeh_dhernangdri_high quality(1) - page 1,Modern,line,0.9,2.5,3.5,False,0.5,True,6,4.986119747161865,0.0,3,0,3,
umeh_dhernangdri_high quality(1),umeh_dhernangdri_high quality(1) - page 1,Modern,line,0.9,2.5,3.5,False,0.9,True,6,5.1951704025268555,0.0,3,0,3,
umeh_dhernangdri_high quality(1),umeh_dhernangdri_high quality(1) - page 1,Modern,line,0.9,2.5,4.0,True,0.1,False,0,3.203010082244873,0.0,0,0,0,Line processing failed: 'list' object cannot be interpreted as an integer
umeh_dhernangdri_high quality(1),umeh_dhernangdri_high quality(1) - page 1,Modern,line,0.9,2.5,4.0,True,0.25,False,0,3.359663724899292,0.0,0,0,0,Line processing failed: 'list' object cannot be interpreted as an integer
umeh_dhernangdri_high quality(1),umeh_dhernangdri_high quality(1) - page 1,Modern,line,0.9,2.5,4.0,True,0.5,True,4,4.966343402862549,57.14,7,4,3,
umeh_dhernangdri_high quality(1),umeh_dhernangdri_high quality(1) - page 1,Modern,line,0.9,2.5,4.0,True,0.9,True,4,4.961522102355957,57.14,7,4,3,
umeh_dhernangdri_high quality(1),umeh_dhernangdri_high quality(1) - page 1,Modern,line,0.9,2.5,4.0,False,0.1,False,0,3.2383460998535156,0.0,0,0,0,Line processing failed: 'list' object cannot be interpreted as an integer
umeh_dhernangdri_high quality(1),umeh_dhernangdri_high quality(1) - page 1,Modern,line,0.9,2.5,4.0,False,0.25,False,0,3.3812506198883057,0.0,0,0,0,Line processing failed: 'list' object cannot be interpreted as an integer
umeh_dhernangdri_high quality(1),umeh_dhernangdri_high quality(1) - page 1,Modern,line,0.9,2.5,4.0,False,0.5,True,6,4.9264326095581055,50.0,4,2,2,
umeh_dhernangdri_high quality(1),umeh_dhernangdri_high quality(1) - page 1,Modern,line,0.9,2.5,4.0,False,0.9,True,6,4.8505024909973145,50.0,4,2,2,
umeh_dhernangdri_high quality(1),umeh_dhernangdri_high quality(1) - page 1,Modern,line,0.9,2.5,5.0,True,0.1,False,0,3.2949788570404053,0.0,0,0,0,Line processing failed: 'list' object cannot be interpreted as an integer
umeh_dhernangdri_high quality(1),umeh_dhernangdri_high quality(1) - page 1,Modern,line,0.9,2.5,5.0,True,0.25,False,0,3.5078494548797607,0.0,0,0,0,Line processing failed: 'list' object cannot be interpreted as an integer
umeh_dhernangdri_high quality(1),umeh_dhernangdri_high quality(1) - page 1,Modern,line,0.9,2.5,5.0,True,0.5,True,4,5.1985063552856445,66.67,6,4,2,
umeh_dhernangdri_high quality(1),umeh_dhernangdri_high quality(1) - page 1,Modern,line,0.9,2.5,5.0,True,0.9,True,4,4.715323209762573,66.67,6,4,2,
umeh_dhernangdri_high quality(1),umeh_dhernangdri_high quality(1) - page 1,Modern,line,0.9,2.5,5.0,False,0.1,False,0,3.239934206008911,0.0,0,0,0,Line processing failed: 'list' object cannot be interpreted as an integer
umeh_dhernangdri_high quality(1),umeh_dhernangdri_high quality(1) - page 1,Modern,line,0.9,2.5,5.0,False,0.25,False,0,3.365834951400757,0.0,0,0,0,Line processing failed: 'list' object cannot be interpreted as an integer
umeh_dhernangdri_high quality(1),umeh_dhernangdri_high quality(1) - page 1,Modern,line,0.9,2.5,5.0,False,0.5,True,6,4.990251779556274,100.0,5,5,0,
umeh_dhernangdri_high quality(1),umeh_dhernangdri_high quality(1) - page 1,Modern,line,0.9,2.5,5.0,False,0.9,True,6,4.9220802783966064,100.0,5,5,0,
umeh_dhernangdri_high quality(1),umeh_dhernangdri_high quality(1) - page 1,Modern,line,0.9,3.0,2.5,True,0.1,False,0,3.274782419204712,0.0,0,0,0,Line processing failed: 'list' object cannot be interpreted as an integer
umeh_dhernangdri_high quality(1),umeh_dhernangdri_high quality(1) - page 1,Modern,line,0.9,3.0,2.5,True,0.25,False,0,3.3573904037475586,0.0,0,0,0,Line processing failed: 'list' object cannot be interpreted as an integer
umeh_dhernangdri_high quality(1),umeh_dhernangdri_high quality(1) - page 1,Modern,line,0.9,3.0,2.5,True,0.5,True,4,5.123683452606201,71.43,7,5,2,
umeh_dhernangdri_high quality(1),umeh_dhernangdri_high quality(1) - page 1,Modern,line,0.9,3.0,2.5,True,0.9,True,4,7.462387800216675,71.43,7,5,2,
umeh_dhernangdri_high quality(1),umeh_dhernangdri_high quality(1) - page 1,Modern,line,0.9,3.0,2.5,False,0.1,False,0,5.392189264297485,0.0,0,0,0,Line processing failed: 'list' object cannot be interpreted as an integer
umeh_dhernangdri_high quality(1),umeh_dhernangdri_high quality(1) - page 1,Modern,line,0.9,3.0,2.5,False,0.25,False,0,3.9959733486175537,0.0,0,0,0,Line processing failed: 'list' object cannot be interpreted as an integer
umeh_dhernangdri_high quality(1),umeh_dhernangdri_high quality(1) - page 1,Modern,line,0.9,3.0,2.5,False,0.5,True,6,8.105115413665771,66.67,9,6,3,
umeh_dhernangdri_high quality(1),umeh_dhernangdri_high quality(1) - page 1,Modern,line,0.9,3.0,2.5,False,0.9,True,6,5.5478737354278564,66.67,9,6,3,
umeh_dhernangdri_high quality(1),umeh_dhernangdri_high quality(1) - page 1,Modern,line,0.9,3.0,3.5,True,0.1,False,0,3.104543685913086,0.0,0,0,0,Line processing failed: 'list' object cannot be interpreted as an integer
umeh_dhernangdri_high quality(1),umeh_dhernangdri_high quality(1) - page 1,Modern,line,0.9,3.0,3.5,True,0.25,False,0,3.111449718475342,0.0,0,0,0,Line processing failed: 'list' object cannot be interpreted as an integer
umeh_dhernangdri_high quality(1),umeh_dhernangdri_high quality(1) - page 1,Modern,line,0.9,3.0,3.5,True,0.5,True,4,4.931433916091919,25.0,4,1,3,
umeh_dhernangdri_high quality(1),umeh_dhernangdri_high quality(1) - page 1,Modern,line,0.9,3.0,3.5,True,0.9,True,4,4.917052507400513,25.0,4,1,3,
umeh_dhernangdri_high quality(1),umeh_dhernangdri_high quality(1) - page 1,Modern,line,0.9,3.0,3.5,False,0.1,False,0,3.229912281036377,0.0,0,0,0,Line processing failed: 'list' object cannot be interpreted as an integer
umeh_dhernangdri_high quality(1),umeh_dhernangdri_high quality(1) - page 1,Modern,line,0.9,3.0,3.5,False,0.25,False,0,3.3568897247314453,0.0,0,0,0,Line processing failed: 'list' object cannot be interpreted as an integer
umeh_dhernangdri_high quality(1),umeh_dhernangdri_high quality(1) - page 1,Modern,line,0.9,3.0,3.5,False,0.5,True,6,5.137603521347046,0.0,3,0,3,
umeh_dhernangdri_high quality(1),umeh_dhernangdri_high quality(1) - page 1,Modern,line,0.9,3.0,3.5,False,0.9,True,6,5.0390238761901855,0.0,3,0,3,
umeh_dhernangdri_high quality(1),umeh_dhernangdri_high quality(1) - page 1,Modern,line,0.9,3.0,4.0,True,0.1,False,0,3.271825075149536,0.0,0,0,0,Line processing failed: 'list' object cannot be interpreted as an integer
umeh_dhernangdri_high quality(1),umeh_dhernangdri_high quality(1) - page 1,Modern,line,0.9,3.0,4.0,True,0.25,False,0,3.361395835876465,0.0,0,0,0,Line processing failed: 'list' object cannot be interpreted as an integer
umeh_dhernangdri_high quality(1),umeh_dhernangdri_high quality(1) - page 1,Modern,line,0.9,3.0,4.0,True,0.5,True,4,5.211714744567871,57.14,7,4,3,
umeh_dhernangdri_high quality(1),umeh_dhernangdri_high quality(1) - page 1,Modern,line,0.9,3.0,4.0,True,0.9,True,4,5.292352676391602,57.14,7,4,3,
umeh_dhernangdri_high quality(1),umeh_dhernangdri_high quality(1) - page 1,Modern,line,0.9,3.0,4.0,False,0.1,False,0,3.160824775695801,0.0,0,0,0,Line processing failed: 'list' object cannot be interpreted as an integer
umeh_dhernangdri_high quality(1),umeh_dhernangdri_high quality(1) - page 1,Modern,line,0.9,3.0,4.0,False,0.25,False,0,3.3491084575653076,0.0,0,0,0,Line processing failed: 'list' object cannot be interpreted as an integer
umeh_dhernangdri_high quality(1),umeh_dhernangdri_high quality(1) - page 1,Modern,line,0.9,3.0,4.0,False,0.5,True,6,5.071121454238892,50.0,4,2,2,
umeh_dhernangdri_high quality(1),umeh_dhernangdri_high quality(1) - page 1,Modern,line,0.9,3.0,4.0,False,0.9,True,6,4.976646184921265,50.0,4,2,2,
umeh_dhernangdri_high quality(1),umeh_dhernangdri_high quality(1) - page 1,Modern,line,0.9,3.0,5.0,True,0.1,False,0,3.2655751705169678,0.0,0,0,0,Line processing failed: 'list' object cannot be interpreted as an integer
umeh_dhernangdri_high quality(1),umeh_dhernangdri_high quality(1) - page 1,Modern,line,0.9,3.0,5.0,True,0.25,False,0,5.414945363998413,0.0,0,0,0,Line processing failed: 'list' object cannot be interpreted as an integer
umeh_dhernangdri_high quality(1),umeh_dhernangdri_high quality(1) - page 1,Modern,line,0.9,3.0,5.0,True,0.5,True,4,5.09552001953125,80.0,5,4,1,
umeh_dhernangdri_high quality(1),umeh_dhernangdri_high quality(1) - page 1,Modern,line,0.9,3.0,5.0,True,0.9,True,4,4.882984638214111,80.0,5,4,1,
umeh_dhernangdri_high quality(1),umeh_dhernangdri_high quality(1) - page 1,Modern,line,0.9,3.0,5.0,False,0.1,False,0,3.221580743789673,0.0,0,0,0,Line processing failed: 'list' object cannot be interpreted as an integer
umeh_dhernangdri_high quality(1),umeh_dhernangdri_high quality(1) - page 1,Modern,line,0.9,3.0,5.0,False,0.25,False,0,3.3538272380828857,0.0,0,0,0,Line processing failed: 'list' object cannot be interpreted as an integer
umeh_dhernangdri_high quality(1),umeh_dhernangdri_high quality(1) - page 1,Modern,line,0.9,3.0,5.0,False,0.5,True,6,5.6053383350372314,87.5,8,7,1,
umeh_dhernangdri_high quality(1),umeh_dhernangdri_high quality(1) - page 1,Modern,line,0.9,3.0,5.0,False,0.9,True,6,5.130815029144287,87.5,8,7,1,
umeh_dhernangdri_high quality(1),umeh_dhernangdri_high quality(1) - page 1,Modern,layout,0.7,2.0,2.5,True,0.1,False,0,3.8272180557250977,0.0,0,0,0,No lines detected
umeh_dhernangdri_high quality(1),umeh_dhernangdri_high quality(1) - page 1,Modern,layout,0.7,2.0,2.5,True,0.25,False,0,3.657447576522827,0.0,0,0,0,No lines detected
umeh_dhernangdri_high quality(1),umeh_dhernangdri_high quality(1) - page 1,Modern,layout,0.7,2.0,2.5,True,0.5,False,0,3.4518208503723145,0.0,0,0,0,No lines detected
umeh_dhernangdri_high quality(1),umeh_dhernangdri_high quality(1) - page 1,Modern,layout,0.7,2.0,2.5,True,0.9,False,0,4.8050665855407715,0.0,0,0,0,No lines detected
umeh_dhernangdri_high quality(1),umeh_dhernangdri_high quality(1) - page 1,Modern,layout,0.7,2.0,2.5,False,0.1,False,0,3.691243886947632,0.0,0,0,0,No lines detected
umeh_dhernangdri_high quality(1),umeh_dhernangdri_high quality(1) - page 1,Modern,layout,0.7,2.0,2.5,False,0.25,False,0,3.3721702098846436,0.0,0,0,0,No lines detected
umeh_dhernangdri_high quality(1),umeh_dhernangdri_high quality(1) - page 1,Modern,layout,0.7,2.0,2.5,False,0.5,False,0,3.463809013366699,0.0,0,0,0,No lines detected
umeh_dhernangdri_high quality(1),umeh_dhernangdri_high quality(1) - page 1,Modern,layout,0.7,2.0,2.5,False,0.9,False,0,3.4583282470703125,0.0,0,0,0,No lines detected
umeh_dhernangdri_high quality(1),umeh_dhernangdri_high quality(1) - page 1,Modern,layout,0.7,2.0,3.5,True,0.1,False,0,3.4591946601867676,0.0,0,0,0,No lines detected
umeh_dhernangdri_high quality(1),umeh_dhernangdri_high quality(1) - page 1,Modern,layout,0.7,2.0,3.5,True,0.25,False,0,3.4469151496887207,0.0,0,0,0,No lines detected
umeh_dhernangdri_high quality(1),umeh_dhernangdri_high quality(1) - page 1,Modern,layout,0.7,2.0,3.5,True,0.5,False,0,3.469862222671509,0.0,0,0,0,No lines detected
umeh_dhernangdri_high quality(1),umeh_dhernangdri_high quality(1) - page 1,Modern,layout,0.7,2.0,3.5,True,0.9,False,0,3.451094627380371,0.0,0,0,0,No lines detected
umeh_dhernangdri_high quality(1),umeh_dhernangdri_high quality(1) - page 1,Modern,layout,0.7,2.0,3.5,False,0.1,False,0,3.451206684112549,0.0,0,0,0,No lines detected
umeh_dhernangdri_high quality(1),umeh_dhernangdri_high quality(1) - page 1,Modern,layout,0.7,2.0,3.5,False,0.25,False,0,3.4543211460113525,0.0,0,0,0,No lines detected
umeh_dhernangdri_high quality(1),umeh_dhernangdri_high quality(1) - page 1,Modern,layout,0.7,2.0,3.5,False,0.5,False,0,3.467898368835449,0.0,0,0,0,No lines detected
umeh_dhernangdri_high quality(1),umeh_dhernangdri_high quality(1) - page 1,Modern,layout,0.7,2.0,3.5,False,0.9,False,0,3.5489132404327393,0.0,0,0,0,No lines detected
umeh_dhernangdri_high quality(1),umeh_dhernangdri_high quality(1) - page 1,Modern,layout,0.7,2.0,4.0,True,0.1,False,0,3.4498133659362793,0.0,0,0,0,No lines detected
umeh_dhernangdri_high quality(1),umeh_dhernangdri_high quality(1) - page 1,Modern,layout,0.7,2.0,4.0,True,0.25,False,0,3.452777862548828,0.0,0,0,0,No lines detected
umeh_dhernangdri_high quality(1),umeh_dhernangdri_high quality(1) - page 1,Modern,layout,0.7,2.0,4.0,True,0.5,False,0,3.574204444885254,0.0,0,0,0,No lines detected
umeh_dhernangdri_high quality(1),umeh_dhernangdri_high quality(1) - page 1,Modern,layout,0.7,2.0,4.0,True,0.9,False,0,3.4475150108337402,0.0,0,0,0,No lines detected
umeh_dhernangdri_high quality(1),umeh_dhernangdri_high quality(1) - page 1,Modern,layout,0.7,2.0,4.0,False,0.1,False,0,3.4515862464904785,0.0,0,0,0,No lines detected
umeh_dhernangdri_high quality(1),umeh_dhernangdri_high quality(1) - page 1,Modern,layout,0.7,2.0,4.0,False,0.25,False,0,3.4557676315307617,0.0,0,0,0,No lines detected
umeh_dhernangdri_high quality(1),umeh_dhernangdri_high quality(1) - page 1,Modern,layout,0.7,2.0,4.0,False,0.5,False,0,3.4496498107910156,0.0,0,0,0,No lines detected
umeh_dhernangdri_high quality(1),umeh_dhernangdri_high quality(1) - page 1,Modern,layout,0.7,2.0,4.0,False,0.9,False,0,3.4550516605377197,0.0,0,0,0,No lines detected
umeh_dhernangdri_high quality(1),umeh_dhernangdri_high quality(1) - page 1,Modern,layout,0.7,2.0,5.0,True,0.1,False,0,3.452486753463745,0.0,0,0,0,No lines detected
umeh_dhernangdri_high quality(1),umeh_dhernangdri_high quality(1) - page 1,Modern,layout,0.7,2.0,5.0,True,0.25,False,0,3.4601047039031982,0.0,0,0,0,No lines detected
umeh_dhernangdri_high quality(1),umeh_dhernangdri_high quality(1) - page 1,Modern,layout,0.7,2.0,5.0,True,0.5,False,0,3.490429639816284,0.0,0,0,0,No lines detected
umeh_dhernangdri_high quality(1),umeh_dhernangdri_high quality(1) - page 1,Modern,layout,0.7,2.0,5.0,True,0.9,False,0,3.455591917037964,0.0,0,0,0,No lines detected
umeh_dhernangdri_high quality(1),umeh_dhernangdri_high quality(1) - page 1,Modern,layout,0.7,2.0,5.0,False,0.1,False,0,3.4584364891052246,0.0,0,0,0,No lines detected
umeh_dhernangdri_high quality(1),umeh_dhernangdri_high quality(1) - page 1,Modern,layout,0.7,2.0,5.0,False,0.25,False,0,3.4627177715301514,0.0,0,0,0,No lines detected
umeh_dhernangdri_high quality(1),umeh_dhernangdri_high quality(1) - page 1,Modern,layout,0.7,2.0,5.0,False,0.5,False,0,3.5457193851470947,0.0,0,0,0,No lines detected
umeh_dhernangdri_high quality(1),umeh_dhernangdri_high quality(1) - page 1,Modern,layout,0.7,2.0,5.0,False,0.9,False,0,3.4671027660369873,0.0,0,0,0,No lines detected
umeh_dhernangdri_high quality(1),umeh_dhernangdri_high quality(1) - page 1,Modern,layout,0.7,2.5,2.5,True,0.1,False,0,3.4586658477783203,0.0,0,0,0,No lines detected
umeh_dhernangdri_high quality(1),umeh_dhernangdri_high quality(1) - page 1,Modern,layout,0.7,2.5,2.5,True,0.25,False,0,3.448401689529419,0.0,0,0,0,No lines detected
umeh_dhernangdri_high quality(1),umeh_dhernangdri_high quality(1) - page 1,Modern,layout,0.7,2.5,2.5,True,0.5,False,0,3.446864128112793,0.0,0,0,0,No lines detected
umeh_dhernangdri_high quality(1),umeh_dhernangdri_high quality(1) - page 1,Modern,layout,0.7,2.5,2.5,True,0.9,False,0,3.537665605545044,0.0,0,0,0,No lines detected
umeh_dhernangdri_high quality(1),umeh_dhernangdri_high quality(1) - page 1,Modern,layout,0.7,2.5,2.5,False,0.1,False,0,3.451704978942871,0.0,0,0,0,No lines detected
umeh_dhernangdri_high quality(1),umeh_dhernangdri_high quality(1) - page 1,Modern,layout,0.7,2.5,2.5,False,0.25,False,0,3.4509503841400146,0.0,0,0,0,No lines detected
umeh_dhernangdri_high quality(1),umeh_dhernangdri_high quality(1) - page 1,Modern,layout,0.7,2.5,2.5,False,0.5,False,0,3.458066701889038,0.0,0,0,0,No lines detected
umeh_dhernangdri_high quality(1),umeh_dhernangdri_high quality(1) - page 1,Modern,layout,0.7,2.5,2.5,False,0.9,False,0,3.4520103931427,0.0,0,0,0,No lines detected
umeh_dhernangdri_high quality(1),umeh_dhernangdri_high quality(1) - page 1,Modern,layout,0.7,2.5,3.5,True,0.1,False,0,3.45139217376709,0.0,0,0,0,No lines detected
umeh_dhernangdri_high quality(1),umeh_dhernangdri_high quality(1) - page 1,Modern,layout,0.7,2.5,3.5,True,0.25,False,0,3.4540810585021973,0.0,0,0,0,No lines detected
umeh_dhernangdri_high quality(1),umeh_dhernangdri_high quality(1) - page 1,Modern,layout,0.7,2.5,3.5,True,0.5,False,0,3.4516971111297607,0.0,0,0,0,No lines detected
umeh_dhernangdri_high quality(1),umeh_dhernangdri_high quality(1) - page 1,Modern,layout,0.7,2.5,3.5,True,0.9,False,0,3.4486031532287598,0.0,0,0,0,No lines detected
umeh_dhernangdri_high quality(1),umeh_dhernangdri_high quality(1) - page 1,Modern,layout,0.7,2.5,3.5,False,0.1,False,0,3.460965156555176,0.0,0,0,0,No lines detected
umeh_dhernangdri_high quality(1),umeh_dhernangdri_high quality(1) - page 1,Modern,layout,0.7,2.5,3.5,False,0.25,False,0,3.5390264987945557,0.0,0,0,0,No lines detected
umeh_dhernangdri_high quality(1),umeh_dhernangdri_high quality(1) - page 1,Modern,layout,0.7,2.5,3.5,False,0.5,False,0,3.4657745361328125,0.0,0,0,0,No lines detected
umeh_dhernangdri_high quality(1),umeh_dhernangdri_high quality(1) - page 1,Modern,layout,0.7,2.5,3.5,False,0.9,False,0,3.451237678527832,0.0,0,0,0,No lines detected
umeh_dhernangdri_high quality(1),umeh_dhernangdri_high quality(1) - page 1,Modern,layout,0.7,2.5,4.0,True,0.1,False,0,3.498764753341675,0.0,0,0,0,No lines detected
umeh_dhernangdri_high quality(1),umeh_dhernangdri_high quality(1) - page 1,Modern,layout,0.7,2.5,4.0,True,0.25,False,0,3.4455816745758057,0.0,0,0,0,No lines detected
umeh_dhernangdri_high quality(1),umeh_dhernangdri_high quality(1) - page 1,Modern,layout,0.7,2.5,4.0,True,0.5,False,0,3.4519078731536865,0.0,0,0,0,No lines detected
umeh_dhernangdri_high quality(1),umeh_dhernangdri_high quality(1) - page 1,Modern,layout,0.7,2.5,4.0,True,0.9,False,0,3.459704637527466,0.0,0,0,0,No lines detected
umeh_dhernangdri_high quality(1),umeh_dhernangdri_high quality(1) - page 1,Modern,layout,0.7,2.5,4.0,False,0.1,False,0,3.459311008453369,0.0,0,0,0,No lines detected
umeh_dhernangdri_high quality(1),umeh_dhernangdri_high quality(1) - page 1,Modern,layout,0.7,2.5,4.0,False,0.25,False,0,3.576556921005249,0.0,0,0,0,No lines detected
umeh_dhernangdri_high quality(1),umeh_dhernangdri_high quality(1) - page 1,Modern,layout,0.7,2.5,4.0,False,0.5,False,0,3.4659221172332764,0.0,0,0,0,No lines detected
umeh_dhernangdri_high quality(1),umeh_dhernangdri_high quality(1) - page 1,Modern,layout,0.7,2.5,4.0,False,0.9,False,0,3.4543886184692383,0.0,0,0,0,No lines detected
umeh_dhernangdri_high quality(1),umeh_dhernangdri_high quality(1) - page 1,Modern,layout,0.7,2.5,5.0,True,0.1,False,0,3.4517343044281006,0.0,0,0,0,No lines detected
umeh_dhernangdri_high quality(1),umeh_dhernangdri_high quality(1) - page 1,Modern,layout,0.7,2.5,5.0,True,0.25,False,0,3.4506337642669678,0.0,0,0,0,No lines detected
umeh_dhernangdri_high quality(1),umeh_dhernangdri_high quality(1) - page 1,Modern,layout,0.7,2.5,5.0,True,0.5,False,0,3.4684252738952637,0.0,0,0,0,No lines detected
umeh_dhernangdri_high quality(1),umeh_dhernangdri_high quality(1) - page 1,Modern,layout,0.7,2.5,5.0,True,0.9,False,0,3.4555182456970215,0.0,0,0,0,No lines detected
umeh_dhernangdri_high quality(1),umeh_dhernangdri_high quality(1) - page 1,Modern,layout,0.7,2.5,5.0,False,0.1,False,0,3.550487518310547,0.0,0,0,0,No lines detected
umeh_dhernangdri_high quality(1),umeh_dhernangdri_high quality(1) - page 1,Modern,layout,0.7,2.5,5.0,False,0.25,False,0,3.45497465133667,0.0,0,0,0,No lines detected
umeh_dhernangdri_high quality(1),umeh_dhernangdri_high quality(1) - page 1,Modern,layout,0.7,2.5,5.0,False,0.5,False,0,3.452914237976074,0.0,0,0,0,No lines detected
umeh_dhernangdri_high quality(1),umeh_dhernangdri_high quality(1) - page 1,Modern,layout,0.7,2.5,5.0,False,0.9,False,0,3.4577462673187256,0.0,0,0,0,No lines detected
umeh_dhernangdri_high quality(1),umeh_dhernangdri_high quality(1) - page 1,Modern,layout,0.7,3.0,2.5,True,0.1,False,0,3.465522050857544,0.0,0,0,0,No lines detected
umeh_dhernangdri_high quality(1),umeh_dhernangdri_high quality(1) - page 1,Modern,layout,0.7,3.0,2.5,True,0.25,False,0,3.4668827056884766,0.0,0,0,0,No lines detected
umeh_dhernangdri_high quality(1),umeh_dhernangdri_high quality(1) - page 1,Modern,layout,0.7,3.0,2.5,True,0.5,False,0,3.457118034362793,0.0,0,0,0,No lines detected
umeh_dhernangdri_high quality(1),umeh_dhernangdri_high quality(1) - page 1,Modern,layout,0.7,3.0,2.5,True,0.9,False,0,3.4576001167297363,0.0,0,0,0,No lines detected
umeh_dhernangdri_high quality(1),umeh_dhernangdri_high quality(1) - page 1,Modern,layout,0.7,3.0,2.5,False,0.1,False,0,3.448355197906494,0.0,0,0,0,No lines detected
umeh_dhernangdri_high quality(1),umeh_dhernangdri_high quality(1) - page 1,Modern,layout,0.7,3.0,2.5,False,0.25,False,0,3.4544029235839844,0.0,0,0,0,No lines detected
umeh_dhernangdri_high quality(1),umeh_dhernangdri_high quality(1) - page 1,Modern,layout,0.7,3.0,2.5,False,0.5,False,0,3.5783040523529053,0.0,0,0,0,No lines detected
umeh_dhernangdri_high quality(1),umeh_dhernangdri_high quality(1) - page 1,Modern,layout,0.7,3.0,2.5,False,0.9,False,0,3.4514214992523193,0.0,0,0,0,No lines detected
umeh_dhernangdri_high quality(1),umeh_dhernangdri_high quality(1) - page 1,Modern,layout,0.7,3.0,3.5,True,0.1,False,0,3.4550254344940186,0.0,0,0,0,No lines detected
umeh_dhernangdri_high quality(1),umeh_dhernangdri_high quality(1) - page 1,Modern,layout,0.7,3.0,3.5,True,0.25,False,0,3.455169677734375,0.0,0,0,0,No lines detected
umeh_dhernangdri_high quality(1),umeh_dhernangdri_high quality(1) - page 1,Modern,layout,0.7,3.0,3.5,True,0.5,False,0,3.4566032886505127,0.0,0,0,0,No lines detected
umeh_dhernangdri_high quality(1),umeh_dhernangdri_high quality(1) - page 1,Modern,layout,0.7,3.0,3.5,True,0.9,False,0,3.5605549812316895,0.0,0,0,0,No lines detected
umeh_dhernangdri_high quality(1),umeh_dhernangdri_high quality(1) - page 1,Modern,layout,0.7,3.0,3.5,False,0.1,False,0,3.4507267475128174,0.0,0,0,0,No lines detected
umeh_dhernangdri_high quality(1),umeh_dhernangdri_high quality(1) - page 1,Modern,layout,0.7,3.0,3.5,False,0.25,False,0,3.4506707191467285,0.0,0,0,0,No lines detected
umeh_dhernangdri_high quality(1),umeh_dhernangdri_high quality(1) - page 1,Modern,layout,0.7,3.0,3.5,False,0.5,False,0,3.4552927017211914,0.0,0,0,0,No lines detected
umeh_dhernangdri_high quality(1),umeh_dhernangdri_high quality(1) - page 1,Modern,layout,0.7,3.0,3.5,False,0.9,False,0,3.4500668048858643,0.0,0,0,0,No lines detected
umeh_dhernangdri_high quality(1),umeh_dhernangdri_high quality(1) - page 1,Modern,layout,0.7,3.0,4.0,True,0.1,False,0,3.4797563552856445,0.0,0,0,0,No lines detected
umeh_dhernangdri_high quality(1),umeh_dhernangdri_high quality(1) - page 1,Modern,layout,0.7,3.0,4.0,True,0.25,False,0,3.4647157192230225,0.0,0,0,0,No lines detected
umeh_dhernangdri_high quality(1),umeh_dhernangdri_high quality(1) - page 1,Modern,layout,0.7,3.0,4.0,True,0.5,False,0,3.456695556640625,0.0,0,0,0,No lines detected
umeh_dhernangdri_high quality(1),umeh_dhernangdri_high quality(1) - page 1,Modern,layout,0.7,3.0,4.0,True,0.9,False,0,3.45645809173584,0.0,0,0,0,No lines detected
umeh_dhernangdri_high quality(1),umeh_dhernangdri_high quality(1) - page 1,Modern,layout,0.7,3.0,4.0,False,0.1,False,0,3.4614505767822266,0.0,0,0,0,No lines detected
umeh_dhernangdri_high quality(1),umeh_dhernangdri_high quality(1) - page 1,Modern,layout,0.7,3.0,4.0,False,0.25,False,0,3.4469118118286133,0.0,0,0,0,No lines detected
umeh_dhernangdri_high quality(1),umeh_dhernangdri_high quality(1) - page 1,Modern,layout,0.7,3.0,4.0,False,0.5,False,0,3.456864356994629,0.0,0,0,0,No lines detected
umeh_dhernangdri_high quality(1),umeh_dhernangdri_high quality(1) - page 1,Modern,layout,0.7,3.0,4.0,False,0.9,False,0,5.206323623657227,0.0,0,0,0,No lines detected
umeh_dhernangdri_high quality(1),umeh_dhernangdri_high quality(1) - page 1,Modern,layout,0.7,3.0,5.0,True,0.1,False,0,5.5800580978393555,0.0,0,0,0,No lines detected
umeh_dhernangdri_high quality(1),umeh_dhernangdri_high quality(1) - page 1,Modern,layout,0.7,3.0,5.0,True,0.25,False,0,3.678353786468506,0.0,0,0,0,No lines detected
umeh_dhernangdri_high quality(1),umeh_dhernangdri_high quality(1) - page 1,Modern,layout,0.7,3.0,5.0,True,0.5,False,0,3.3202433586120605,0.0,0,0,0,No lines detected
umeh_dhernangdri_high quality(1),umeh_dhernangdri_high quality(1) - page 1,Modern,layout,0.7,3.0,5.0,True,0.9,False,0,3.3858540058135986,0.0,0,0,0,No lines detected
umeh_dhernangdri_high quality(1),umeh_dhernangdri_high quality(1) - page 1,Modern,layout,0.7,3.0,5.0,False,0.1,False,0,3.4550676345825195,0.0,0,0,0,No lines detected
umeh_dhernangdri_high quality(1),umeh_dhernangdri_high quality(1) - page 1,Modern,layout,0.7,3.0,5.0,False,0.25,False,0,3.4586002826690674,0.0,0,0,0,No lines detected
umeh_dhernangdri_high quality(1),umeh_dhernangdri_high quality(1) - page 1,Modern,layout,0.7,3.0,5.0,False,0.5,False,0,3.4498932361602783,0.0,0,0,0,No lines detected
umeh_dhernangdri_high quality(1),umeh_dhernangdri_high quality(1) - page 1,Modern,layout,0.7,3.0,5.0,False,0.9,False,0,3.4536426067352295,0.0,0,0,0,No lines detected
umeh_dhernangdri_high quality(1),umeh_dhernangdri_high quality(1) - page 1,Modern,layout,0.8,2.0,2.5,True,0.1,False,0,3.4609615802764893,0.0,0,0,0,No lines detected
umeh_dhernangdri_high quality(1),umeh_dhernangdri_high quality(1) - page 1,Modern,layout,0.8,2.0,2.5,True,0.25,False,0,3.4725191593170166,0.0,0,0,0,No lines detected
umeh_dhernangdri_high quality(1),umeh_dhernangdri_high quality(1) - page 1,Modern,layout,0.8,2.0,2.5,True,0.5,False,0,3.45627498626709,0.0,0,0,0,No lines detected
umeh_dhernangdri_high quality(1),umeh_dhernangdri_high quality(1) - page 1,Modern,layout,0.8,2.0,2.5,True,0.9,False,0,3.4604828357696533,0.0,0,0,0,No lines detected
umeh_dhernangdri_high quality(1),umeh_dhernangdri_high quality(1) - page 1,Modern,layout,0.8,2.0,2.5,False,0.1,False,0,3.4563210010528564,0.0,0,0,0,No lines detected
umeh_dhernangdri_high quality(1),umeh_dhernangdri_high quality(1) - page 1,Modern,layout,0.8,2.0,2.5,False,0.25,False,0,3.4582810401916504,0.0,0,0,0,No lines detected
umeh_dhernangdri_high quality(1),umeh_dhernangdri_high quality(1) - page 1,Modern,layout,0.8,2.0,2.5,False,0.5,False,0,3.4582090377807617,0.0,0,0,0,No lines detected
umeh_dhernangdri_high quality(1),umeh_dhernangdri_high quality(1) - page 1,Modern,layout,0.8,2.0,2.5,False,0.9,False,0,3.4793264865875244,0.0,0,0,0,No lines detected
umeh_dhernangdri_high quality(1),umeh_dhernangdri_high quality(1) - page 1,Modern,layout,0.8,2.0,3.5,True,0.1,False,0,3.509887456893921,0.0,0,0,0,No lines detected
umeh_dhernangdri_high quality(1),umeh_dhernangdri_high quality(1) - page 1,Modern,layout,0.8,2.0,3.5,True,0.25,False,0,3.5418365001678467,0.0,0,0,0,No lines detected
umeh_dhernangdri_high quality(1),umeh_dhernangdri_high quality(1) - page 1,Modern,layout,0.8,2.0,3.5,True,0.5,False,0,3.454710006713867,0.0,0,0,0,No lines detected
umeh_dhernangdri_high quality(1),umeh_dhernangdri_high quality(1) - page 1,Modern,layout,0.8,2.0,3.5,True,0.9,False,0,3.4682133197784424,0.0,0,0,0,No lines detected
umeh_dhernangdri_high quality(1),umeh_dhernangdri_high quality(1) - page 1,Modern,layout,0.8,2.0,3.5,False,0.1,False,0,3.4484193325042725,0.0,0,0,0,No lines detected
umeh_dhernangdri_high quality(1),umeh_dhernangdri_high quality(1) - page 1,Modern,layout,0.8,2.0,3.5,False,0.25,False,0,3.4456424713134766,0.0,0,0,0,No lines detected
umeh_dhernangdri_high quality(1),umeh_dhernangdri_high quality(1) - page 1,Modern,layout,0.8,2.0,3.5,False,0.5,False,0,3.4587321281433105,0.0,0,0,0,No lines detected
umeh_dhernangdri_high quality(1),umeh_dhernangdri_high quality(1) - page 1,Modern,layout,0.8,2.0,3.5,False,0.9,False,0,3.4488747119903564,0.0,0,0,0,No lines detected
umeh_dhernangdri_high quality(1),umeh_dhernangdri_high quality(1) - page 1,Modern,layout,0.8,2.0,4.0,True,0.1,False,0,3.4549038410186768,0.0,0,0,0,No lines detected
umeh_dhernangdri_high quality(1),umeh_dhernangdri_high quality(1) - page 1,Modern,layout,0.8,2.0,4.0,True,0.25,False,0,3.452120780944824,0.0,0,0,0,No lines detected
umeh_dhernangdri_high quality(1),umeh_dhernangdri_high quality(1) - page 1,Modern,layout,0.8,2.0,4.0,True,0.5,False,0,3.463360548019409,0.0,0,0,0,No lines detected
umeh_dhernangdri_high quality(1),umeh_dhernangdri_high quality(1) - page 1,Modern,layout,0.8,2.0,4.0,True,0.9,False,0,3.4980080127716064,0.0,0,0,0,No lines detected
umeh_dhernangdri_high quality(1),umeh_dhernangdri_high quality(1) - page 1,Modern,layout,0.8,2.0,4.0,False,0.1,False,0,3.464778184890747,0.0,0,0,0,No lines detected
umeh_dhernangdri_high quality(1),umeh_dhernangdri_high quality(1) - page 1,Modern,layout,0.8,2.0,4.0,False,0.25,False,0,3.4630277156829834,0.0,0,0,0,No lines detected
umeh_dhernangdri_high quality(1),umeh_dhernangdri_high quality(1) - page 1,Modern,layout,0.8,2.0,4.0,False,0.5,False,0,3.4560675621032715,0.0,0,0,0,No lines detected
umeh_dhernangdri_high quality(1),umeh_dhernangdri_high quality(1) - page 1,Modern,layout,0.8,2.0,4.0,False,0.9,False,0,3.4547157287597656,0.0,0,0,0,No lines detected
umeh_dhernangdri_high quality(1),umeh_dhernangdri_high quality(1) - page 1,Modern,layout,0.8,2.0,5.0,True,0.1,False,0,3.5396153926849365,0.0,0,0,0,No lines detected
umeh_dhernangdri_high quality(1),umeh_dhernangdri_high quality(1) - page 1,Modern,layout,0.8,2.0,5.0,True,0.25,False,0,3.5999081134796143,0.0,0,0,0,No lines detected
umeh_dhernangdri_high quality(1),umeh_dhernangdri_high quality(1) - page 1,Modern,layout,0.8,2.0,5.0,True,0.5,False,0,3.448988914489746,0.0,0,0,0,No lines detected
umeh_dhernangdri_high quality(1),umeh_dhernangdri_high quality(1) - page 1,Modern,layout,0.8,2.0,5.0,True,0.9,False,0,3.4565227031707764,0.0,0,0,0,No lines detected
umeh_dhernangdri_high quality(1),umeh_dhernangdri_high quality(1) - page 1,Modern,layout,0.8,2.0,5.0,False,0.1,False,0,3.4513635635375977,0.0,0,0,0,No lines detected
umeh_dhernangdri_high quality(1),umeh_dhernangdri_high quality(1) - page 1,Modern,layout,0.8,2.0,5.0,False,0.25,False,0,5.662046194076538,0.0,0,0,0,No lines detected
umeh_dhernangdri_high quality(1),umeh_dhernangdri_high quality(1) - page 1,Modern,layout,0.8,2.0,5.0,False,0.5,False,0,4.25299072265625,0.0,0,0,0,No lines detected
umeh_dhernangdri_high quality(1),umeh_dhernangdri_high quality(1) - page 1,Modern,layout,0.8,2.0,5.0,False,0.9,False,0,3.229466199874878,0.0,0,0,0,No lines detected
umeh_dhernangdri_high quality(1),umeh_dhernangdri_high quality(1) - page 1,Modern,layout,0.8,2.5,2.5,True,0.1,False,0,3.340425729751587,0.0,0,0,0,No lines detected
umeh_dhernangdri_high quality(1),umeh_dhernangdri_high quality(1) - page 1,Modern,layout,0.8,2.5,2.5,True,0.25,False,0,3.4550297260284424,0.0,0,0,0,No lines detected
umeh_dhernangdri_high quality(1),umeh_dhernangdri_high quality(1) - page 1,Modern,layout,0.8,2.5,2.5,True,0.5,False,0,3.45767879486084,0.0,0,0,0,No lines detected
umeh_dhernangdri_high quality(1),umeh_dhernangdri_high quality(1) - page 1,Modern,layout,0.8,2.5,2.5,True,0.9,False,0,3.4764621257781982,0.0,0,0,0,No lines detected
umeh_dhernangdri_high quality(1),umeh_dhernangdri_high quality(1) - page 1,Modern,layout,0.8,2.5,2.5,False,0.1,False,0,3.4516260623931885,0.0,0,0,0,No lines detected
umeh_dhernangdri_high quality(1),umeh_dhernangdri_high quality(1) - page 1,Modern,layout,0.8,2.5,2.5,False,0.25,False,0,3.464542865753174,0.0,0,0,0,No lines detected
umeh_dhernangdri_high quality(1),umeh_dhernangdri_high quality(1) - page 1,Modern,layout,0.8,2.5,2.5,False,0.5,False,0,3.458771228790283,0.0,0,0,0,No lines detected
umeh_dhernangdri_high quality(1),umeh_dhernangdri_high quality(1) - page 1,Modern,layout,0.8,2.5,2.5,False,0.9,False,0,3.4452126026153564,0.0,0,0,0,No lines detected
umeh_dhernangdri_high quality(1),umeh_dhernangdri_high quality(1) - page 1,Modern,layout,0.8,2.5,3.5,True,0.1,False,0,3.5565388202667236,0.0,0,0,0,No lines detected
umeh_dhernangdri_high quality(1),umeh_dhernangdri_high quality(1) - page 1,Modern,layout,0.8,2.5,3.5,True,0.25,False,0,3.5623691082000732,0.0,0,0,0,No lines detected
umeh_dhernangdri_high quality(1),umeh_dhernangdri_high quality(1) - page 1,Modern,layout,0.8,2.5,3.5,True,0.5,False,0,3.452371597290039,0.0,0,0,0,No lines detected
umeh_dhernangdri_high quality(1),umeh_dhernangdri_high quality(1) - page 1,Modern,layout,0.8,2.5,3.5,True,0.9,False,0,3.4646825790405273,0.0,0,0,0,No lines detected
umeh_dhernangdri_high quality(1),umeh_dhernangdri_high quality(1) - page 1,Modern,layout,0.8,2.5,3.5,False,0.1,False,0,3.4591336250305176,0.0,0,0,0,No lines detected
umeh_dhernangdri_high quality(1),umeh_dhernangdri_high quality(1) - page 1,Modern,layout,0.8,2.5,3.5,False,0.25,False,0,3.4481678009033203,0.0,0,0,0,No lines detected
umeh_dhernangdri_high quality(1),umeh_dhernangdri_high quality(1) - page 1,Modern,layout,0.8,2.5,3.5,False,0.5,False,0,3.450571298599243,0.0,0,0,0,No lines detected
umeh_dhernangdri_high quality(1),umeh_dhernangdri_high quality(1) - page 1,Modern,layout,0.8,2.5,3.5,False,0.9,False,0,3.444331645965576,0.0,0,0,0,No lines detected
umeh_dhernangdri_high quality(1),umeh_dhernangdri_high quality(1) - page 1,Modern,layout,0.8,2.5,4.0,True,0.1,False,0,3.4512693881988525,0.0,0,0,0,No lines detected
umeh_dhernangdri_high quality(1),umeh_dhernangdri_high quality(1) - page 1,Modern,layout,0.8,2.5,4.0,True,0.25,False,0,3.455893039703369,0.0,0,0,0,No lines detected
umeh_dhernangdri_high quality(1),umeh_dhernangdri_high quality(1) - page 1,Modern,layout,0.8,2.5,4.0,True,0.5,False,0,3.465430498123169,0.0,0,0,0,No lines detected
umeh_dhernangdri_high quality(1),umeh_dhernangdri_high quality(1) - page 1,Modern,layout,0.8,2.5,4.0,True,0.9,False,0,3.4527766704559326,0.0,0,0,0,No lines detected
umeh_dhernangdri_high quality(1),umeh_dhernangdri_high quality(1) - page 1,Modern,layout,0.8,2.5,4.0,False,0.1,False,0,3.461834192276001,0.0,0,0,0,No lines detected
umeh_dhernangdri_high quality(1),umeh_dhernangdri_high quality(1) - page 1,Modern,layout,0.8,2.5,4.0,False,0.25,False,0,3.458514928817749,0.0,0,0,0,No lines detected
umeh_dhernangdri_high quality(1),umeh_dhernangdri_high quality(1) - page 1,Modern,layout,0.8,2.5,4.0,False,0.5,False,0,3.462372303009033,0.0,0,0,0,No lines detected
umeh_dhernangdri_high quality(1),umeh_dhernangdri_high quality(1) - page 1,Modern,layout,0.8,2.5,4.0,False,0.9,False,0,3.5647051334381104,0.0,0,0,0,No lines detected
umeh_dhernangdri_high quality(1),umeh_dhernangdri_high quality(1) - page 1,Modern,layout,0.8,2.5,5.0,True,0.1,False,0,3.4471421241760254,0.0,0,0,0,No lines detected
umeh_dhernangdri_high quality(1),umeh_dhernangdri_high quality(1) - page 1,Modern,layout,0.8,2.5,5.0,True,0.25,False,0,3.462404489517212,0.0,0,0,0,No lines detected
umeh_dhernangdri_high quality(1),umeh_dhernangdri_high quality(1) - page 1,Modern,layout,0.8,2.5,5.0,True,0.5,False,0,3.489441394805908,0.0,0,0,0,No lines detected
umeh_dhernangdri_high quality(1),umeh_dhernangdri_high quality(1) - page 1,Modern,layout,0.8,2.5,5.0,True,0.9,False,0,3.506195306777954,0.0,0,0,0,No lines detected
umeh_dhernangdri_high quality(1),umeh_dhernangdri_high quality(1) - page 1,Modern,layout,0.8,2.5,5.0,False,0.1,False,0,3.449383020401001,0.0,0,0,0,No lines detected
umeh_dhernangdri_high quality(1),umeh_dhernangdri_high quality(1) - page 1,Modern,layout,0.8,2.5,5.0,False,0.25,False,0,3.462353467941284,0.0,0,0,0,No lines detected
umeh_dhernangdri_high quality(1),umeh_dhernangdri_high quality(1) - page 1,Modern,layout,0.8,2.5,5.0,False,0.5,False,0,3.461646795272827,0.0,0,0,0,No lines detected
umeh_dhernangdri_high quality(1),umeh_dhernangdri_high quality(1) - page 1,Modern,layout,0.8,2.5,5.0,False,0.9,False,0,3.6021571159362793,0.0,0,0,0,No lines detected
umeh_dhernangdri_high quality(1),umeh_dhernangdri_high quality(1) - page 1,Modern,layout,0.8,3.0,2.5,True,0.1,False,0,3.4611146450042725,0.0,0,0,0,No lines detected
umeh_dhernangdri_high quality(1),umeh_dhernangdri_high quality(1) - page 1,Modern,layout,0.8,3.0,2.5,True,0.25,False,0,3.4712374210357666,0.0,0,0,0,No lines detected
umeh_dhernangdri_high quality(1),umeh_dhernangdri_high quality(1) - page 1,Modern,layout,0.8,3.0,2.5,True,0.5,False,0,3.4573981761932373,0.0,0,0,0,No lines detected
umeh_dhernangdri_high quality(1),umeh_dhernangdri_high quality(1) - page 1,Modern,layout,0.8,3.0,2.5,True,0.9,False,0,3.46148681640625,0.0,0,0,0,No lines detected
umeh_dhernangdri_high quality(1),umeh_dhernangdri_high quality(1) - page 1,Modern,layout,0.8,3.0,2.5,False,0.1,False,0,3.5102651119232178,0.0,0,0,0,No lines detected
umeh_dhernangdri_high quality(1),umeh_dhernangdri_high quality(1) - page 1,Modern,layout,0.8,3.0,2.5,False,0.25,False,0,5.5821003913879395,0.0,0,0,0,No lines detected
umeh_dhernangdri_high quality(1),umeh_dhernangdri_high quality(1) - page 1,Modern,layout,0.8,3.0,2.5,False,0.5,False,0,4.500862121582031,0.0,0,0,0,No lines detected
umeh_dhernangdri_high quality(1),umeh_dhernangdri_high quality(1) - page 1,Modern,layout,0.8,3.0,2.5,False,0.9,False,0,5.129152536392212,0.0,0,0,0,No lines detected
umeh_dhernangdri_high quality(1),umeh_dhernangdri_high quality(1) - page 1,Modern,layout,0.8,3.0,3.5,True,0.1,False,0,3.2377805709838867,0.0,0,0,0,No lines detected
umeh_dhernangdri_high quality(1),umeh_dhernangdri_high quality(1) - page 1,Modern,layout,0.8,3.0,3.5,True,0.25,False,0,3.281012773513794,0.0,0,0,0,No lines detected
umeh_dhernangdri_high quality(1),umeh_dhernangdri_high quality(1) - page 1,Modern,layout,0.8,3.0,3.5,True,0.5,False,0,3.500885248184204,0.0,0,0,0,No lines detected
umeh_dhernangdri_high quality(1),umeh_dhernangdri_high quality(1) - page 1,Modern,layout,0.8,3.0,3.5,True,0.9,False,0,3.516664981842041,0.0,0,0,0,No lines detected
umeh_dhernangdri_high quality(1),umeh_dhernangdri_high quality(1) - page 1,Modern,layout,0.8,3.0,3.5,False,0.1,False,0,3.477757215499878,0.0,0,0,0,No lines detected
umeh_dhernangdri_high quality(1),umeh_dhernangdri_high quality(1) - page 1,Modern,layout,0.8,3.0,3.5,False,0.25,False,0,3.471848487854004,0.0,0,0,0,No lines detected
umeh_dhernangdri_high quality(1),umeh_dhernangdri_high quality(1) - page 1,Modern,layout,0.8,3.0,3.5,False,0.5,False,0,3.4955177307128906,0.0,0,0,0,No lines detected
umeh_dhernangdri_high quality(1),umeh_dhernangdri_high quality(1) - page 1,Modern,layout,0.8,3.0,3.5,False,0.9,False,0,3.470078468322754,0.0,0,0,0,No lines detected
umeh_dhernangdri_high quality(1),umeh_dhernangdri_high quality(1) - page 1,Modern,layout,0.8,3.0,4.0,True,0.1,False,0,3.4644935131073,0.0,0,0,0,No lines detected
umeh_dhernangdri_high quality(1),umeh_dhernangdri_high quality(1) - page 1,Modern,layout,0.8,3.0,4.0,True,0.25,False,0,3.466162919998169,0.0,0,0,0,No lines detected
umeh_dhernangdri_high quality(1),umeh_dhernangdri_high quality(1) - page 1,Modern,layout,0.8,3.0,4.0,True,0.5,False,0,3.458502769470215,0.0,0,0,0,No lines detected
umeh_dhernangdri_high quality(1),umeh_dhernangdri_high quality(1) - page 1,Modern,layout,0.8,3.0,4.0,True,0.9,False,0,3.465019941329956,0.0,0,0,0,No lines detected
umeh_dhernangdri_high quality(1),umeh_dhernangdri_high quality(1) - page 1,Modern,layout,0.8,3.0,4.0,False,0.1,False,0,3.4571216106414795,0.0,0,0,0,No lines detected
umeh_dhernangdri_high quality(1),umeh_dhernangdri_high quality(1) - page 1,Modern,layout,0.8,3.0,4.0,False,0.25,False,0,3.5902199745178223,0.0,0,0,0,No lines detected
umeh_dhernangdri_high quality(1),umeh_dhernangdri_high quality(1) - page 1,Modern,layout,0.8,3.0,4.0,False,0.5,False,0,3.4776439666748047,0.0,0,0,0,No lines detected
umeh_dhernangdri_high quality(1),umeh_dhernangdri_high quality(1) - page 1,Modern,layout,0.8,3.0,4.0,False,0.9,False,0,3.4801597595214844,0.0,0,0,0,No lines detected
umeh_dhernangdri_high quality(1),umeh_dhernangdri_high quality(1) - page 1,Modern,layout,0.8,3.0,5.0,True,0.1,False,0,3.4662044048309326,0.0,0,0,0,No lines detected
umeh_dhernangdri_high quality(1),umeh_dhernangdri_high quality(1) - page 1,Modern,layout,0.8,3.0,5.0,True,0.25,False,0,3.4677345752716064,0.0,0,0,0,No lines detected
umeh_dhernangdri_high quality(1),umeh_dhernangdri_high quality(1) - page 1,Modern,layout,0.8,3.0,5.0,True,0.5,False,0,3.4594218730926514,0.0,0,0,0,No lines detected
umeh_dhernangdri_high quality(1),umeh_dhernangdri_high quality(1) - page 1,Modern,layout,0.8,3.0,5.0,True,0.9,False,0,3.4661622047424316,0.0,0,0,0,No lines detected
umeh_dhernangdri_high quality(1),umeh_dhernangdri_high quality(1) - page 1,Modern,layout,0.8,3.0,5.0,False,0.1,False,0,3.5815134048461914,0.0,0,0,0,No lines detected
umeh_dhernangdri_high quality(1),umeh_dhernangdri_high quality(1) - page 1,Modern,layout,0.8,3.0,5.0,False,0.25,False,0,3.470374822616577,0.0,0,0,0,No lines detected
umeh_dhernangdri_high quality(1),umeh_dhernangdri_high quality(1) - page 1,Modern,layout,0.8,3.0,5.0,False,0.5,False,0,3.4544661045074463,0.0,0,0,0,No lines detected
umeh_dhernangdri_high quality(1),umeh_dhernangdri_high quality(1) - page 1,Modern,layout,0.8,3.0,5.0,False,0.9,False,0,3.4599742889404297,0.0,0,0,0,No lines detected
umeh_dhernangdri_high quality(1),umeh_dhernangdri_high quality(1) - page 1,Modern,layout,0.9,2.0,2.5,True,0.1,False,0,3.4560492038726807,0.0,0,0,0,No lines detected
umeh_dhernangdri_high quality(1),umeh_dhernangdri_high quality(1) - page 1,Modern,layout,0.9,2.0,2.5,True,0.25,False,0,3.4659829139709473,0.0,0,0,0,No lines detected
umeh_dhernangdri_high quality(1),umeh_dhernangdri_high quality(1) - page 1,Modern,layout,0.9,2.0,2.5,True,0.5,False,0,3.468675136566162,0.0,0,0,0,No lines detected
umeh_dhernangdri_high quality(1),umeh_dhernangdri_high quality(1) - page 1,Modern,layout,0.9,2.0,2.5,True,0.9,False,0,3.5713281631469727,0.0,0,0,0,No lines detected
umeh_dhernangdri_high quality(1),umeh_dhernangdri_high quality(1) - page 1,Modern,layout,0.9,2.0,2.5,False,0.1,False,0,3.5102148056030273,0.0,0,0,0,No lines detected
umeh_dhernangdri_high quality(1),umeh_dhernangdri_high quality(1) - page 1,Modern,layout,0.9,2.0,2.5,False,0.25,False,0,3.4592175483703613,0.0,0,0,0,No lines detected
umeh_dhernangdri_high quality(1),umeh_dhernangdri_high quality(1) - page 1,Modern,layout,0.9,2.0,2.5,False,0.5,False,0,3.4669413566589355,0.0,0,0,0,No lines detected
umeh_dhernangdri_high quality(1),umeh_dhernangdri_high quality(1) - page 1,Modern,layout,0.9,2.0,2.5,False,0.9,False,0,3.474478244781494,0.0,0,0,0,No lines detected
umeh_dhernangdri_high quality(1),umeh_dhernangdri_high quality(1) - page 1,Modern,layout,0.9,2.0,3.5,True,0.1,False,0,3.488398551940918,0.0,0,0,0,No lines detected
umeh_dhernangdri_high quality(1),umeh_dhernangdri_high quality(1) - page 1,Modern,layout,0.9,2.0,3.5,True,0.25,False,0,3.4610023498535156,0.0,0,0,0,No lines detected
umeh_dhernangdri_high quality(1),umeh_dhernangdri_high quality(1) - page 1,Modern,layout,0.9,2.0,3.5,True,0.5,False,0,3.474309206008911,0.0,0,0,0,No lines detected
umeh_dhernangdri_high quality(1),umeh_dhernangdri_high quality(1) - page 1,Modern,layout,0.9,2.0,3.5,True,0.9,False,0,3.465087652206421,0.0,0,0,0,No lines detected
umeh_dhernangdri_high quality(1),umeh_dhernangdri_high quality(1) - page 1,Modern,layout,0.9,2.0,3.5,False,0.1,False,0,3.469846725463867,0.0,0,0,0,No lines detected
umeh_dhernangdri_high quality(1),umeh_dhernangdri_high quality(1) - page 1,Modern,layout,0.9,2.0,3.5,False,0.25,False,0,3.589639902114868,0.0,0,0,0,No lines detected
umeh_dhernangdri_high quality(1),umeh_dhernangdri_high quality(1) - page 1,Modern,layout,0.9,2.0,3.5,False,0.5,False,0,3.467703104019165,0.0,0,0,0,No lines detected
umeh_dhernangdri_high quality(1),umeh_dhernangdri_high quality(1) - page 1,Modern,layout,0.9,2.0,3.5,False,0.9,False,0,3.464459180831909,0.0,0,0,0,No lines detected
umeh_dhernangdri_high quality(1),umeh_dhernangdri_high quality(1) - page 1,Modern,layout,0.9,2.0,4.0,True,0.1,False,0,3.466320753097534,0.0,0,0,0,No lines detected
umeh_dhernangdri_high quality(1),umeh_dhernangdri_high quality(1) - page 1,Modern,layout,0.9,2.0,4.0,True,0.25,False,0,3.455796480178833,0.0,0,0,0,No lines detected
umeh_dhernangdri_high quality(1),umeh_dhernangdri_high quality(1) - page 1,Modern,layout,0.9,2.0,4.0,True,0.5,False,0,3.5693905353546143,0.0,0,0,0,No lines detected
umeh_dhernangdri_high quality(1),umeh_dhernangdri_high quality(1) - page 1,Modern,layout,0.9,2.0,4.0,True,0.9,False,0,3.4430553913116455,0.0,0,0,0,No lines detected
umeh_dhernangdri_high quality(1),umeh_dhernangdri_high quality(1) - page 1,Modern,layout,0.9,2.0,4.0,False,0.1,False,0,3.4570517539978027,0.0,0,0,0,No lines detected
umeh_dhernangdri_high quality(1),umeh_dhernangdri_high quality(1) - page 1,Modern,layout,0.9,2.0,4.0,False,0.25,False,0,3.450448989868164,0.0,0,0,0,No lines detected
umeh_dhernangdri_high quality(1),umeh_dhernangdri_high quality(1) - page 1,Modern,layout,0.9,2.0,4.0,False,0.5,False,0,3.456923484802246,0.0,0,0,0,No lines detected
umeh_dhernangdri_high quality(1),umeh_dhernangdri_high quality(1) - page 1,Modern,layout,0.9,2.0,4.0,False,0.9,False,0,3.4438867568969727,0.0,0,0,0,No lines detected
umeh_dhernangdri_high quality(1),umeh_dhernangdri_high quality(1) - page 1,Modern,layout,0.9,2.0,5.0,True,0.1,False,0,3.4627866744995117,0.0,0,0,0,No lines detected
umeh_dhernangdri_high quality(1),umeh_dhernangdri_high quality(1) - page 1,Modern,layout,0.9,2.0,5.0,True,0.25,False,0,3.6538689136505127,0.0,0,0,0,No lines detected
umeh_dhernangdri_high quality(1),umeh_dhernangdri_high quality(1) - page 1,Modern,layout,0.9,2.0,5.0,True,0.5,False,0,5.576869010925293,0.0,0,0,0,No lines detected
umeh_dhernangdri_high quality(1),umeh_dhernangdri_high quality(1) - page 1,Modern,layout,0.9,2.0,5.0,True,0.9,False,0,3.246819496154785,0.0,0,0,0,No lines detected
umeh_dhernangdri_high quality(1),umeh_dhernangdri_high quality(1) - page 1,Modern,layout,0.9,2.0,5.0,False,0.1,False,0,3.3509583473205566,0.0,0,0,0,No lines detected
umeh_dhernangdri_high quality(1),umeh_dhernangdri_high quality(1) - page 1,Modern,layout,0.9,2.0,5.0,False,0.25,False,0,3.4575908184051514,0.0,0,0,0,No lines detected
umeh_dhernangdri_high quality(1),umeh_dhernangdri_high quality(1) - page 1,Modern,layout,0.9,2.0,5.0,False,0.5,False,0,3.5716428756713867,0.0,0,0,0,No lines detected
umeh_dhernangdri_high quality(1),umeh_dhernangdri_high quality(1) - page 1,Modern,layout,0.9,2.0,5.0,False,0.9,False,0,3.458037853240967,0.0,0,0,0,No lines detected
umeh_dhernangdri_high quality(1),umeh_dhernangdri_high quality(1) - page 1,Modern,layout,0.9,2.5,2.5,True,0.1,False,0,3.452209949493408,0.0,0,0,0,No lines detected
umeh_dhernangdri_high quality(1),umeh_dhernangdri_high quality(1) - page 1,Modern,layout,0.9,2.5,2.5,True,0.25,False,0,3.556211233139038,0.0,0,0,0,No lines detected
umeh_dhernangdri_high quality(1),umeh_dhernangdri_high quality(1) - page 1,Modern,layout,0.9,2.5,2.5,True,0.5,False,0,3.4751906394958496,0.0,0,0,0,No lines detected
umeh_dhernangdri_high quality(1),umeh_dhernangdri_high quality(1) - page 1,Modern,layout,0.9,2.5,2.5,True,0.9,False,0,3.457036256790161,0.0,0,0,0,No lines detected
umeh_dhernangdri_high quality(1),umeh_dhernangdri_high quality(1) - page 1,Modern,layout,0.9,2.5,2.5,False,0.1,False,0,3.4515416622161865,0.0,0,0,0,No lines detected
umeh_dhernangdri_high quality(1),umeh_dhernangdri_high quality(1) - page 1,Modern,layout,0.9,2.5,2.5,False,0.25,False,0,3.4603278636932373,0.0,0,0,0,No lines detected
umeh_dhernangdri_high quality(1),umeh_dhernangdri_high quality(1) - page 1,Modern,layout,0.9,2.5,2.5,False,0.5,False,0,3.4631032943725586,0.0,0,0,0,No lines detected
umeh_dhernangdri_high quality(1),umeh_dhernangdri_high quality(1) - page 1,Modern,layout,0.9,2.5,2.5,False,0.9,False,0,3.4596848487854004,0.0,0,0,0,No lines detected
umeh_dhernangdri_high quality(1),umeh_dhernangdri_high quality(1) - page 1,Modern,layout,0.9,2.5,3.5,True,0.1,False,0,3.454160690307617,0.0,0,0,0,No lines detected
umeh_dhernangdri_high quality(1),umeh_dhernangdri_high quality(1) - page 1,Modern,layout,0.9,2.5,3.5,True,0.25,False,0,3.467352867126465,0.0,0,0,0,No lines detected
umeh_dhernangdri_high quality(1),umeh_dhernangdri_high quality(1) - page 1,Modern,layout,0.9,2.5,3.5,True,0.5,False,0,3.459113359451294,0.0,0,0,0,No lines detected
umeh_dhernangdri_high quality(1),umeh_dhernangdri_high quality(1) - page 1,Modern,layout,0.9,2.5,3.5,True,0.9,False,0,3.457850456237793,0.0,0,0,0,No lines detected
umeh_dhernangdri_high quality(1),umeh_dhernangdri_high quality(1) - page 1,Modern,layout,0.9,2.5,3.5,False,0.1,False,0,3.4548017978668213,0.0,0,0,0,No lines detected
umeh_dhernangdri_high quality(1),umeh_dhernangdri_high quality(1) - page 1,Modern,layout,0.9,2.5,3.5,False,0.25,False,0,3.4511070251464844,0.0,0,0,0,No lines detected
umeh_dhernangdri_high quality(1),umeh_dhernangdri_high quality(1) - page 1,Modern,layout,0.9,2.5,3.5,False,0.5,False,0,3.4514994621276855,0.0,0,0,0,No lines detected
umeh_dhernangdri_high quality(1),umeh_dhernangdri_high quality(1) - page 1,Modern,layout,0.9,2.5,3.5,False,0.9,False,0,3.5772697925567627,0.0,0,0,0,No lines detected
umeh_dhernangdri_high quality(1),umeh_dhernangdri_high quality(1) - page 1,Modern,layout,0.9,2.5,4.0,True,0.1,False,0,3.5934627056121826,0.0,0,0,0,No lines detected
umeh_dhernangdri_high quality(1),umeh_dhernangdri_high quality(1) - page 1,Modern,layout,0.9,2.5,4.0,True,0.25,False,0,3.4478561878204346,0.0,0,0,0,No lines detected
umeh_dhernangdri_high quality(1),umeh_dhernangdri_high quality(1) - page 1,Modern,layout,0.9,2.5,4.0,True,0.5,False,0,3.4511678218841553,0.0,0,0,0,No lines detected
umeh_dhernangdri_high quality(1),umeh_dhernangdri_high quality(1) - page 1,Modern,layout,0.9,2.5,4.0,True,0.9,False,0,3.455726146697998,0.0,0,0,0,No lines detected
umeh_dhernangdri_high quality(1),umeh_dhernangdri_high quality(1) - page 1,Modern,layout,0.9,2.5,4.0,False,0.1,False,0,3.45340895652771,0.0,0,0,0,No lines detected
umeh_dhernangdri_high quality(1),umeh_dhernangdri_high quality(1) - page 1,Modern,layout,0.9,2.5,4.0,False,0.25,False,0,3.4518043994903564,0.0,0,0,0,No lines detected
umeh_dhernangdri_high quality(1),umeh_dhernangdri_high quality(1) - page 1,Modern,layout,0.9,2.5,4.0,False,0.5,False,0,3.4539928436279297,0.0,0,0,0,No lines detected
umeh_dhernangdri_high quality(1),umeh_dhernangdri_high quality(1) - page 1,Modern,layout,0.9,2.5,4.0,False,0.9,False,0,3.4547388553619385,0.0,0,0,0,No lines detected
umeh_dhernangdri_high quality(1),umeh_dhernangdri_high quality(1) - page 1,Modern,layout,0.9,2.5,5.0,True,0.1,False,0,3.4489705562591553,0.0,0,0,0,No lines detected
umeh_dhernangdri_high quality(1),umeh_dhernangdri_high quality(1) - page 1,Modern,layout,0.9,2.5,5.0,True,0.25,False,0,3.455188751220703,0.0,0,0,0,No lines detected
umeh_dhernangdri_high quality(1),umeh_dhernangdri_high quality(1) - page 1,Modern,layout,0.9,2.5,5.0,True,0.5,False,0,3.4682507514953613,0.0,0,0,0,No lines detected
umeh_dhernangdri_high quality(1),umeh_dhernangdri_high quality(1) - page 1,Modern,layout,0.9,2.5,5.0,True,0.9,False,0,3.449666738510132,0.0,0,0,0,No lines detected
umeh_dhernangdri_high quality(1),umeh_dhernangdri_high quality(1) - page 1,Modern,layout,0.9,2.5,5.0,False,0.1,False,0,3.466615676879883,0.0,0,0,0,No lines detected
umeh_dhernangdri_high quality(1),umeh_dhernangdri_high quality(1) - page 1,Modern,layout,0.9,2.5,5.0,False,0.25,False,0,3.4513511657714844,0.0,0,0,0,No lines detected
umeh_dhernangdri_high quality(1),umeh_dhernangdri_high quality(1) - page 1,Modern,layout,0.9,2.5,5.0,False,0.5,False,0,3.454235315322876,0.0,0,0,0,No lines detected
umeh_dhernangdri_high quality(1),umeh_dhernangdri_high quality(1) - page 1,Modern,layout,0.9,2.5,5.0,False,0.9,False,0,3.553185224533081,0.0,0,0,0,No lines detected
umeh_dhernangdri_high quality(1),umeh_dhernangdri_high quality(1) - page 1,Modern,layout,0.9,3.0,2.5,True,0.1,False,0,5.574087858200073,0.0,0,0,0,No lines detected
umeh_dhernangdri_high quality(1),umeh_dhernangdri_high quality(1) - page 1,Modern,layout,0.9,3.0,2.5,True,0.25,False,0,3.240312099456787,0.0,0,0,0,No lines detected
umeh_dhernangdri_high quality(1),umeh_dhernangdri_high quality(1) - page 1,Modern,layout,0.9,3.0,2.5,True,0.5,False,0,3.4021403789520264,0.0,0,0,0,No lines detected
umeh_dhernangdri_high quality(1),umeh_dhernangdri_high quality(1) - page 1,Modern,layout,0.9,3.0,2.5,True,0.9,False,0,3.4656357765197754,0.0,0,0,0,No lines detected
umeh_dhernangdri_high quality(1),umeh_dhernangdri_high quality(1) - page 1,Modern,layout,0.9,3.0,2.5,False,0.1,False,0,3.4529104232788086,0.0,0,0,0,No lines detected
umeh_dhernangdri_high quality(1),umeh_dhernangdri_high quality(1) - page 1,Modern,layout,0.9,3.0,2.5,False,0.25,False,0,3.4594175815582275,0.0,0,0,0,No lines detected
umeh_dhernangdri_high quality(1),umeh_dhernangdri_high quality(1) - page 1,Modern,layout,0.9,3.0,2.5,False,0.5,False,0,3.4490768909454346,0.0,0,0,0,No lines detected
umeh_dhernangdri_high quality(1),umeh_dhernangdri_high quality(1) - page 1,Modern,layout,0.9,3.0,2.5,False,0.9,False,0,3.4544389247894287,0.0,0,0,0,No lines detected
umeh_dhernangdri_high quality(1),umeh_dhernangdri_high quality(1) - page 1,Modern,layout,0.9,3.0,3.5,True,0.1,False,0,3.4581656455993652,0.0,0,0,0,No lines detected
umeh_dhernangdri_high quality(1),umeh_dhernangdri_high quality(1) - page 1,Modern,layout,0.9,3.0,3.5,True,0.25,False,0,3.4647843837738037,0.0,0,0,0,No lines detected
umeh_dhernangdri_high quality(1),umeh_dhernangdri_high quality(1) - page 1,Modern,layout,0.9,3.0,3.5,True,0.5,False,0,3.4683942794799805,0.0,0,0,0,No lines detected
umeh_dhernangdri_high quality(1),umeh_dhernangdri_high quality(1) - page 1,Modern,layout,0.9,3.0,3.5,True,0.9,False,0,3.460399866104126,0.0,0,0,0,No lines detected
umeh_dhernangdri_high quality(1),umeh_dhernangdri_high quality(1) - page 1,Modern,layout,0.9,3.0,3.5,False,0.1,False,0,3.4668140411376953,0.0,0,0,0,No lines detected
umeh_dhernangdri_high quality(1),umeh_dhernangdri_high quality(1) - page 1,Modern,layout,0.9,3.0,3.5,False,0.25,False,0,3.5502405166625977,0.0,0,0,0,No lines detected
umeh_dhernangdri_high quality(1),umeh_dhernangdri_high quality(1) - page 1,Modern,layout,0.9,3.0,3.5,False,0.5,False,0,3.464097499847412,0.0,0,0,0,No lines detected
umeh_dhernangdri_high quality(1),umeh_dhernangdri_high quality(1) - page 1,Modern,layout,0.9,3.0,3.5,False,0.9,False,0,3.4569075107574463,0.0,0,0,0,No lines detected
umeh_dhernangdri_high quality(1),umeh_dhernangdri_high quality(1) - page 1,Modern,layout,0.9,3.0,4.0,True,0.1,False,0,3.4530985355377197,0.0,0,0,0,No lines detected
umeh_dhernangdri_high quality(1),umeh_dhernangdri_high quality(1) - page 1,Modern,layout,0.9,3.0,4.0,True,0.25,False,0,3.5909082889556885,0.0,0,0,0,No lines detected
umeh_dhernangdri_high quality(1),umeh_dhernangdri_high quality(1) - page 1,Modern,layout,0.9,3.0,4.0,True,0.5,False,0,3.453425884246826,0.0,0,0,0,No lines detected
umeh_dhernangdri_high quality(1),umeh_dhernangdri_high quality(1) - page 1,Modern,layout,0.9,3.0,4.0,True,0.9,False,0,3.457449197769165,0.0,0,0,0,No lines detected
umeh_dhernangdri_high quality(1),umeh_dhernangdri_high quality(1) - page 1,Modern,layout,0.9,3.0,4.0,False,0.1,False,0,3.4596800804138184,0.0,0,0,0,No lines detected
umeh_dhernangdri_high quality(1),umeh_dhernangdri_high quality(1) - page 1,Modern,layout,0.9,3.0,4.0,False,0.25,False,0,3.4500856399536133,0.0,0,0,0,No lines detected
umeh_dhernangdri_high quality(1),umeh_dhernangdri_high quality(1) - page 1,Modern,layout,0.9,3.0,4.0,False,0.5,False,0,4.003028154373169,0.0,0,0,0,No lines detected
umeh_dhernangdri_high quality(1),umeh_dhernangdri_high quality(1) - page 1,Modern,layout,0.9,3.0,4.0,False,0.9,False,0,3.4538207054138184,0.0,0,0,0,No lines detected
umeh_dhernangdri_high quality(1),umeh_dhernangdri_high quality(1) - page 1,Modern,layout,0.9,3.0,5.0,True,0.1,False,0,3.451711654663086,0.0,0,0,0,No lines detected
umeh_dhernangdri_high quality(1),umeh_dhernangdri_high quality(1) - page 1,Modern,layout,0.9,3.0,5.0,True,0.25,False,0,3.451810598373413,0.0,0,0,0,No lines detected
umeh_dhernangdri_high quality(1),umeh_dhernangdri_high quality(1) - page 1,Modern,layout,0.9,3.0,5.0,True,0.5,False,0,3.470198392868042,0.0,0,0,0,No lines detected
umeh_dhernangdri_high quality(1),umeh_dhernangdri_high quality(1) - page 1,Modern,layout,0.9,3.0,5.0,True,0.9,False,0,3.452188730239868,0.0,0,0,0,No lines detected
umeh_dhernangdri_high quality(1),umeh_dhernangdri_high quality(1) - page 1,Modern,layout,0.9,3.0,5.0,False,0.1,False,0,3.4648897647857666,0.0,0,0,0,No lines detected
umeh_dhernangdri_high quality(1),umeh_dhernangdri_high quality(1) - page 1,Modern,layout,0.9,3.0,5.0,False,0.25,False,0,3.4559431076049805,0.0,0,0,0,No lines detected
umeh_dhernangdri_high quality(1),umeh_dhernangdri_high quality(1) - page 1,Modern,layout,0.9,3.0,5.0,False,0.5,False,0,3.460872173309326,0.0,0,0,0,No lines detected
umeh_dhernangdri_high quality(1),umeh_dhernangdri_high quality(1) - page 1,Modern,layout,0.9,3.0,5.0,False,0.9,False,0,3.449104070663452,0.0,0,0,0,No lines detected
umeh_dhernangdri_high quality(1),umeh_dhernangdri_high quality(1) - page 2,Ume_Druma,line,0.7,2.0,2.5,True,0.1,True,6,8.552446365356445,60.56,142,86,56,
umeh_dhernangdri_high quality(1),umeh_dhernangdri_high quality(1) - page 2,Ume_Druma,line,0.7,2.0,2.5,True,0.25,True,6,6.625560998916626,60.56,142,86,56,
umeh_dhernangdri_high quality(1),umeh_dhernangdri_high quality(1) - page 2,Ume_Druma,line,0.7,2.0,2.5,True,0.5,True,6,6.593581676483154,60.56,142,86,56,
umeh_dhernangdri_high quality(1),umeh_dhernangdri_high quality(1) - page 2,Ume_Druma,line,0.7,2.0,2.5,True,0.9,True,6,6.490885257720947,60.56,142,86,56,
umeh_dhernangdri_high quality(1),umeh_dhernangdri_high quality(1) - page 2,Ume_Druma,line,0.7,2.0,2.5,False,0.1,True,7,6.794744253158569,60.56,142,86,56,
umeh_dhernangdri_high quality(1),umeh_dhernangdri_high quality(1) - page 2,Ume_Druma,line,0.7,2.0,2.5,False,0.25,True,7,6.997720241546631,60.56,142,86,56,
umeh_dhernangdri_high quality(1),umeh_dhernangdri_high quality(1) - page 2,Ume_Druma,line,0.7,2.0,2.5,False,0.5,True,7,7.22230863571167,60.56,142,86,56,
umeh_dhernangdri_high quality(1),umeh_dhernangdri_high quality(1) - page 2,Ume_Druma,line,0.7,2.0,2.5,False,0.9,True,7,7.007969856262207,60.56,142,86,56,
umeh_dhernangdri_high quality(1),umeh_dhernangdri_high quality(1) - page 2,Ume_Druma,line,0.7,2.0,3.5,True,0.1,True,6,6.44128680229187,68.31,142,97,45,
umeh_dhernangdri_high quality(1),umeh_dhernangdri_high quality(1) - page 2,Ume_Druma,line,0.7,2.0,3.5,True,0.25,True,6,6.718701601028442,68.31,142,97,45,
umeh_dhernangdri_high quality(1),umeh_dhernangdri_high quality(1) - page 2,Ume_Druma,line,0.7,2.0,3.5,True,0.5,True,6,6.396663665771484,68.31,142,97,45,
umeh_dhernangdri_high quality(1),umeh_dhernangdri_high quality(1) - page 2,Ume_Druma,line,0.7,2.0,3.5,True,0.9,True,6,6.516210079193115,68.31,142,97,45,
umeh_dhernangdri_high quality(1),umeh_dhernangdri_high quality(1) - page 2,Ume_Druma,line,0.7,2.0,3.5,False,0.1,True,7,6.825304746627808,68.31,142,97,45,
umeh_dhernangdri_high quality(1),umeh_dhernangdri_high quality(1) - page 2,Ume_Druma,line,0.7,2.0,3.5,False,0.25,True,7,6.649709939956665,68.31,142,97,45,
umeh_dhernangdri_high quality(1),umeh_dhernangdri_high quality(1) - page 2,Ume_Druma,line,0.7,2.0,3.5,False,0.5,True,7,6.7960896492004395,68.31,142,97,45,
umeh_dhernangdri_high quality(1),umeh_dhernangdri_high quality(1) - page 2,Ume_Druma,line,0.7,2.0,3.5,False,0.9,True,7,6.888667821884155,68.31,142,97,45,
umeh_dhernangdri_high quality(1),umeh_dhernangdri_high quality(1) - page 2,Ume_Druma,line,0.7,2.0,4.0,True,0.1,True,6,6.486792802810669,63.38,142,90,52,
umeh_dhernangdri_high quality(1),umeh_dhernangdri_high quality(1) - page 2,Ume_Druma,line,0.7,2.0,4.0,True,0.25,True,6,6.549258470535278,63.38,142,90,52,
umeh_dhernangdri_high quality(1),umeh_dhernangdri_high quality(1) - page 2,Ume_Druma,line,0.7,2.0,4.0,True,0.5,True,6,6.5672948360443115,63.38,142,90,52,
umeh_dhernangdri_high quality(1),umeh_dhernangdri_high quality(1) - page 2,Ume_Druma,line,0.7,2.0,4.0,True,0.9,True,6,6.5099358558654785,63.38,142,90,52,
umeh_dhernangdri_high quality(1),umeh_dhernangdri_high quality(1) - page 2,Ume_Druma,line,0.7,2.0,4.0,False,0.1,True,7,8.797603368759155,63.38,142,90,52,
umeh_dhernangdri_high quality(1),umeh_dhernangdri_high quality(1) - page 2,Ume_Druma,line,0.7,2.0,4.0,False,0.25,True,7,8.424293994903564,63.38,142,90,52,
umeh_dhernangdri_high quality(1),umeh_dhernangdri_high quality(1) - page 2,Ume_Druma,line,0.7,2.0,4.0,False,0.5,True,7,9.148891925811768,63.38,142,90,52,
umeh_dhernangdri_high quality(1),umeh_dhernangdri_high quality(1) - page 2,Ume_Druma,line,0.7,2.0,4.0,False,0.9,True,7,8.601183414459229,63.38,142,90,52,
umeh_dhernangdri_high quality(1),umeh_dhernangdri_high quality(1) - page 2,Ume_Druma,line,0.7,2.0,5.0,True,0.1,True,6,9.08859658241272,62.86,140,88,52,
umeh_dhernangdri_high quality(1),umeh_dhernangdri_high quality(1) - page 2,Ume_Druma,line,0.7,2.0,5.0,True,0.25,True,6,8.945719003677368,62.86,140,88,52,
umeh_dhernangdri_high quality(1),umeh_dhernangdri_high quality(1) - page 2,Ume_Druma,line,0.7,2.0,5.0,True,0.5,True,6,8.540431022644043,62.86,140,88,52,
umeh_dhernangdri_high quality(1),umeh_dhernangdri_high quality(1) - page 2,Ume_Druma,line,0.7,2.0,5.0,True,0.9,True,6,8.862922430038452,62.86,140,88,52,
umeh_dhernangdri_high quality(1),umeh_dhernangdri_high quality(1) - page 2,Ume_Druma,line,0.7,2.0,5.0,False,0.1,True,7,8.614325046539307,62.86,140,88,52,
umeh_dhernangdri_high quality(1),umeh_dhernangdri_high quality(1) - page 2,Ume_Druma,line,0.7,2.0,5.0,False,0.25,True,7,8.860333442687988,62.86,140,88,52,
umeh_dhernangdri_high quality(1),umeh_dhernangdri_high quality(1) - page 2,Ume_Druma,line,0.7,2.0,5.0,False,0.5,True,7,8.65843653678894,62.86,140,88,52,
umeh_dhernangdri_high quality(1),umeh_dhernangdri_high quality(1) - page 2,Ume_Druma,line,0.7,2.0,5.0,False,0.9,True,7,8.563798904418945,62.86,140,88,52,
umeh_dhernangdri_high quality(1),umeh_dhernangdri_high quality(1) - page 2,Ume_Druma,line,0.7,2.5,2.5,True,0.1,True,6,8.881854772567749,60.56,142,86,56,
umeh_dhernangdri_high quality(1),umeh_dhernangdri_high quality(1) - page 2,Ume_Druma,line,0.7,2.5,2.5,True,0.25,True,6,8.972647428512573,60.56,142,86,56,
umeh_dhernangdri_high quality(1),umeh_dhernangdri_high quality(1) - page 2,Ume_Druma,line,0.7,2.5,2.5,True,0.5,True,6,9.040677309036255,60.56,142,86,56,
umeh_dhernangdri_high quality(1),umeh_dhernangdri_high quality(1) - page 2,Ume_Druma,line,0.7,2.5,2.5,True,0.9,True,6,8.858427286148071,60.56,142,86,56,
umeh_dhernangdri_high quality(1),umeh_dhernangdri_high quality(1) - page 2,Ume_Druma,line,0.7,2.5,2.5,False,0.1,True,7,9.124964952468872,60.56,142,86,56,
umeh_dhernangdri_high quality(1),umeh_dhernangdri_high quality(1) - page 2,Ume_Druma,line,0.7,2.5,2.5,False,0.25,True,7,9.27856183052063,60.56,142,86,56,
umeh_dhernangdri_high quality(1),umeh_dhernangdri_high quality(1) - page 2,Ume_Druma,line,0.7,2.5,2.5,False,0.5,True,7,9.340739488601685,60.56,142,86,56,
umeh_dhernangdri_high quality(1),umeh_dhernangdri_high quality(1) - page 2,Ume_Druma,line,0.7,2.5,2.5,False,0.9,True,7,9.073779821395874,60.56,142,86,56,
umeh_dhernangdri_high quality(1),umeh_dhernangdri_high quality(1) - page 2,Ume_Druma,line,0.7,2.5,3.5,True,0.1,True,6,8.846740961074829,68.31,142,97,45,
umeh_dhernangdri_high quality(1),umeh_dhernangdri_high quality(1) - page 2,Ume_Druma,line,0.7,2.5,3.5,True,0.25,True,6,8.400627374649048,68.31,142,97,45,
umeh_dhernangdri_high quality(1),umeh_dhernangdri_high quality(1) - page 2,Ume_Druma,line,0.7,2.5,3.5,True,0.5,True,6,8.6468186378479,68.31,142,97,45,
umeh_dhernangdri_high quality(1),umeh_dhernangdri_high quality(1) - page 2,Ume_Druma,line,0.7,2.5,3.5,True,0.9,True,6,8.8027663230896,68.31,142,97,45,
umeh_dhernangdri_high quality(1),umeh_dhernangdri_high quality(1) - page 2,Ume_Druma,line,0.7,2.5,3.5,False,0.1,True,7,8.716038703918457,68.31,142,97,45,
umeh_dhernangdri_high quality(1),umeh_dhernangdri_high quality(1) - page 2,Ume_Druma,line,0.7,2.5,3.5,False,0.25,True,7,8.53586483001709,68.31,142,97,45,
umeh_dhernangdri_high quality(1),umeh_dhernangdri_high quality(1) - page 2,Ume_Druma,line,0.7,2.5,3.5,False,0.5,True,7,8.447381496429443,68.31,142,97,45,
umeh_dhernangdri_high quality(1),umeh_dhernangdri_high quality(1) - page 2,Ume_Druma,line,0.7,2.5,3.5,False,0.9,True,7,8.658795595169067,68.31,142,97,45,
umeh_dhernangdri_high quality(1),umeh_dhernangdri_high quality(1) - page 2,Ume_Druma,line,0.7,2.5,4.0,True,0.1,True,6,8.745234489440918,63.38,142,90,52,
umeh_dhernangdri_high quality(1),umeh_dhernangdri_high quality(1) - page 2,Ume_Druma,line,0.7,2.5,4.0,True,0.25,True,6,8.80837082862854,63.38,142,90,52,
umeh_dhernangdri_high quality(1),umeh_dhernangdri_high quality(1) - page 2,Ume_Druma,line,0.7,2.5,4.0,True,0.5,True,6,8.529013872146606,63.38,142,90,52,
umeh_dhernangdri_high quality(1),umeh_dhernangdri_high quality(1) - page 2,Ume_Druma,line,0.7,2.5,4.0,True,0.9,True,6,8.384064674377441,63.38,142,90,52,
umeh_dhernangdri_high quality(1),umeh_dhernangdri_high quality(1) - page 2,Ume_Druma,line,0.7,2.5,4.0,False,0.1,True,7,8.904471397399902,63.38,142,90,52,
umeh_dhernangdri_high quality(1),umeh_dhernangdri_high quality(1) - page 2,Ume_Druma,line,0.7,2.5,4.0,False,0.25,True,7,9.152084350585938,63.38,142,90,52,
umeh_dhernangdri_high quality(1),umeh_dhernangdri_high quality(1) - page 2,Ume_Druma,line,0.7,2.5,4.0,False,0.5,True,7,8.614309787750244,63.38,142,90,52,
umeh_dhernangdri_high quality(1),umeh_dhernangdri_high quality(1) - page 2,Ume_Druma,line,0.7,2.5,4.0,False,0.9,True,7,5.620629072189331,63.38,142,90,52,
umeh_dhernangdri_high quality(1),umeh_dhernangdri_high quality(1) - page 2,Ume_Druma,line,0.7,2.5,5.0,True,0.1,True,6,5.455028057098389,65.0,140,91,49,
umeh_dhernangdri_high quality(1),umeh_dhernangdri_high quality(1) - page 2,Ume_Druma,line,0.7,2.5,5.0,True,0.25,True,6,5.441823720932007,65.0,140,91,49,
umeh_dhernangdri_high quality(1),umeh_dhernangdri_high quality(1) - page 2,Ume_Druma,line,0.7,2.5,5.0,True,0.5,True,6,5.297616004943848,65.0,140,91,49,
umeh_dhernangdri_high quality(1),umeh_dhernangdri_high quality(1) - page 2,Ume_Druma,line,0.7,2.5,5.0,True,0.9,True,6,5.305563688278198,65.0,140,91,49,
umeh_dhernangdri_high quality(1),umeh_dhernangdri_high quality(1) - page 2,Ume_Druma,line,0.7,2.5,5.0,False,0.1,True,7,5.408459186553955,65.0,140,91,49,
umeh_dhernangdri_high quality(1),umeh_dhernangdri_high quality(1) - page 2,Ume_Druma,line,0.7,2.5,5.0,False,0.25,True,7,7.035856246948242,65.0,140,91,49,
umeh_dhernangdri_high quality(1),umeh_dhernangdri_high quality(1) - page 2,Ume_Druma,line,0.7,2.5,5.0,False,0.5,True,7,5.846715450286865,65.0,140,91,49,
umeh_dhernangdri_high quality(1),umeh_dhernangdri_high quality(1) - page 2,Ume_Druma,line,0.7,2.5,5.0,False,0.9,True,7,7.604082345962524,65.0,140,91,49,
umeh_dhernangdri_high quality(1),umeh_dhernangdri_high quality(1) - page 2,Ume_Druma,line,0.7,3.0,2.5,True,0.1,True,6,5.592492580413818,60.56,142,86,56,
umeh_dhernangdri_high quality(1),umeh_dhernangdri_high quality(1) - page 2,Ume_Druma,line,0.7,3.0,2.5,True,0.25,True,6,8.263801097869873,60.56,142,86,56,
umeh_dhernangdri_high quality(1),umeh_dhernangdri_high quality(1) - page 2,Ume_Druma,line,0.7,3.0,2.5,True,0.5,True,6,8.37382173538208,60.56,142,86,56,
umeh_dhernangdri_high quality(1),umeh_dhernangdri_high quality(1) - page 2,Ume_Druma,line,0.7,3.0,2.5,True,0.9,True,6,8.085118055343628,60.56,142,86,56,
umeh_dhernangdri_high quality(1),umeh_dhernangdri_high quality(1) - page 2,Ume_Druma,line,0.7,3.0,2.5,False,0.1,True,7,5.660175800323486,60.56,142,86,56,
umeh_dhernangdri_high quality(1),umeh_dhernangdri_high quality(1) - page 2,Ume_Druma,line,0.7,3.0,2.5,False,0.25,True,7,5.668706893920898,60.56,142,86,56,
umeh_dhernangdri_high quality(1),umeh_dhernangdri_high quality(1) - page 2,Ume_Druma,line,0.7,3.0,2.5,False,0.5,True,7,6.0100812911987305,60.56,142,86,56,
umeh_dhernangdri_high quality(1),umeh_dhernangdri_high quality(1) - page 2,Ume_Druma,line,0.7,3.0,2.5,False,0.9,True,7,5.769343614578247,60.56,142,86,56,
umeh_dhernangdri_high quality(1),umeh_dhernangdri_high quality(1) - page 2,Ume_Druma,line,0.7,3.0,3.5,True,0.1,True,6,5.496811389923096,68.31,142,97,45,
umeh_dhernangdri_high quality(1),umeh_dhernangdri_high quality(1) - page 2,Ume_Druma,line,0.7,3.0,3.5,True,0.25,True,6,5.418823719024658,68.31,142,97,45,
umeh_dhernangdri_high quality(1),umeh_dhernangdri_high quality(1) - page 2,Ume_Druma,line,0.7,3.0,3.5,True,0.5,True,6,5.486915826797485,68.31,142,97,45,
umeh_dhernangdri_high quality(1),umeh_dhernangdri_high quality(1) - page 2,Ume_Druma,line,0.7,3.0,3.5,True,0.9,True,6,5.466049432754517,68.31,142,97,45,
umeh_dhernangdri_high quality(1),umeh_dhernangdri_high quality(1) - page 2,Ume_Druma,line,0.7,3.0,3.5,False,0.1,True,7,5.551624059677124,68.31,142,97,45,
umeh_dhernangdri_high quality(1),umeh_dhernangdri_high quality(1) - page 2,Ume_Druma,line,0.7,3.0,3.5,False,0.25,True,7,5.683900594711304,68.31,142,97,45,
umeh_dhernangdri_high quality(1),umeh_dhernangdri_high quality(1) - page 2,Ume_Druma,line,0.7,3.0,3.5,False,0.5,True,7,5.573262453079224,68.31,142,97,45,
umeh_dhernangdri_high quality(1),umeh_dhernangdri_high quality(1) - page 2,Ume_Druma,line,0.7,3.0,3.5,False,0.9,True,7,7.7698540687561035,68.31,142,97,45,
umeh_dhernangdri_high quality(1),umeh_dhernangdri_high quality(1) - page 2,Ume_Druma,line,0.7,3.0,4.0,True,0.1,True,6,5.33407735824585,63.38,142,90,52,
umeh_dhernangdri_high quality(1),umeh_dhernangdri_high quality(1) - page 2,Ume_Druma,line,0.7,3.0,4.0,True,0.25,True,6,5.392910480499268,63.38,142,90,52,
umeh_dhernangdri_high quality(1),umeh_dhernangdri_high quality(1) - page 2,Ume_Druma,line,0.7,3.0,4.0,True,0.5,True,6,5.500736236572266,63.38,142,90,52,
umeh_dhernangdri_high quality(1),umeh_dhernangdri_high quality(1) - page 2,Ume_Druma,line,0.7,3.0,4.0,True,0.9,True,6,5.514813184738159,63.38,142,90,52,
umeh_dhernangdri_high quality(1),umeh_dhernangdri_high quality(1) - page 2,Ume_Druma,line,0.7,3.0,4.0,False,0.1,True,7,5.5700461864471436,63.38,142,90,52,
umeh_dhernangdri_high quality(1),umeh_dhernangdri_high quality(1) - page 2,Ume_Druma,line,0.7,3.0,4.0,False,0.25,True,7,5.7034618854522705,63.38,142,90,52,
umeh_dhernangdri_high quality(1),umeh_dhernangdri_high quality(1) - page 2,Ume_Druma,line,0.7,3.0,4.0,False,0.5,True,7,5.59723162651062,63.38,142,90,52,
umeh_dhernangdri_high quality(1),umeh_dhernangdri_high quality(1) - page 2,Ume_Druma,line,0.7,3.0,4.0,False,0.9,True,7,5.701061725616455,63.38,142,90,52,
umeh_dhernangdri_high quality(1),umeh_dhernangdri_high quality(1) - page 2,Ume_Druma,line,0.7,3.0,5.0,True,0.1,True,6,5.49370265007019,65.0,140,91,49,
umeh_dhernangdri_high quality(1),umeh_dhernangdri_high quality(1) - page 2,Ume_Druma,line,0.7,3.0,5.0,True,0.25,True,6,5.498311519622803,65.0,140,91,49,
umeh_dhernangdri_high quality(1),umeh_dhernangdri_high quality(1) - page 2,Ume_Druma,line,0.7,3.0,5.0,True,0.5,True,6,5.479240417480469,65.0,140,91,49,
umeh_dhernangdri_high quality(1),umeh_dhernangdri_high quality(1) - page 2,Ume_Druma,line,0.7,3.0,5.0,True,0.9,True,6,5.542052745819092,65.0,140,91,49,
umeh_dhernangdri_high quality(1),umeh_dhernangdri_high quality(1) - page 2,Ume_Druma,line,0.7,3.0,5.0,False,0.1,True,7,5.564060688018799,65.0,140,91,49,
umeh_dhernangdri_high quality(1),umeh_dhernangdri_high quality(1) - page 2,Ume_Druma,line,0.7,3.0,5.0,False,0.25,True,7,5.569462299346924,65.0,140,91,49,
umeh_dhernangdri_high quality(1),umeh_dhernangdri_high quality(1) - page 2,Ume_Druma,line,0.7,3.0,5.0,False,0.5,True,7,8.112862825393677,65.0,140,91,49,
umeh_dhernangdri_high quality(1),umeh_dhernangdri_high quality(1) - page 2,Ume_Druma,line,0.7,3.0,5.0,False,0.9,True,7,6.441394567489624,65.0,140,91,49,
umeh_dhernangdri_high quality(1),umeh_dhernangdri_high quality(1) - page 2,Ume_Druma,line,0.8,2.0,2.5,True,0.1,True,6,5.208217620849609,60.56,142,86,56,
umeh_dhernangdri_high quality(1),umeh_dhernangdri_high quality(1) - page 2,Ume_Druma,line,0.8,2.0,2.5,True,0.25,True,6,5.288591146469116,60.56,142,86,56,
umeh_dhernangdri_high quality(1),umeh_dhernangdri_high quality(1) - page 2,Ume_Druma,line,0.8,2.0,2.5,True,0.5,True,6,5.383484363555908,60.56,142,86,56,
umeh_dhernangdri_high quality(1),umeh_dhernangdri_high quality(1) - page 2,Ume_Druma,line,0.8,2.0,2.5,True,0.9,True,6,5.46460747718811,60.56,142,86,56,
umeh_dhernangdri_high quality(1),umeh_dhernangdri_high quality(1) - page 2,Ume_Druma,line,0.8,2.0,2.5,False,0.1,True,7,5.470740556716919,60.56,142,86,56,
umeh_dhernangdri_high quality(1),umeh_dhernangdri_high quality(1) - page 2,Ume_Druma,line,0.8,2.0,2.5,False,0.25,True,7,5.496109485626221,60.56,142,86,56,
umeh_dhernangdri_high quality(1),umeh_dhernangdri_high quality(1) - page 2,Ume_Druma,line,0.8,2.0,2.5,False,0.5,True,7,5.511926889419556,60.56,142,86,56,
umeh_dhernangdri_high quality(1),umeh_dhernangdri_high quality(1) - page 2,Ume_Druma,line,0.8,2.0,2.5,False,0.9,True,7,5.474815130233765,60.56,142,86,56,
umeh_dhernangdri_high quality(1),umeh_dhernangdri_high quality(1) - page 2,Ume_Druma,line,0.8,2.0,3.5,True,0.1,True,6,5.115678071975708,68.31,142,97,45,
umeh_dhernangdri_high quality(1),umeh_dhernangdri_high quality(1) - page 2,Ume_Druma,line,0.8,2.0,3.5,True,0.25,True,6,5.136122941970825,68.31,142,97,45,
umeh_dhernangdri_high quality(1),umeh_dhernangdri_high quality(1) - page 2,Ume_Druma,line,0.8,2.0,3.5,True,0.5,True,6,5.13034725189209,68.31,142,97,45,
umeh_dhernangdri_high quality(1),umeh_dhernangdri_high quality(1) - page 2,Ume_Druma,line,0.8,2.0,3.5,True,0.9,True,6,7.5949578285217285,68.31,142,97,45,
umeh_dhernangdri_high quality(1),umeh_dhernangdri_high quality(1) - page 2,Ume_Druma,line,0.8,2.0,3.5,False,0.1,True,7,7.769770860671997,68.31,142,97,45,
umeh_dhernangdri_high quality(1),umeh_dhernangdri_high quality(1) - page 2,Ume_Druma,line,0.8,2.0,3.5,False,0.25,True,7,7.772051811218262,68.31,142,97,45,
umeh_dhernangdri_high quality(1),umeh_dhernangdri_high quality(1) - page 2,Ume_Druma,line,0.8,2.0,3.5,False,0.5,True,7,7.776931524276733,68.31,142,97,45,
umeh_dhernangdri_high quality(1),umeh_dhernangdri_high quality(1) - page 2,Ume_Druma,line,0.8,2.0,3.5,False,0.9,True,7,5.093087911605835,68.31,142,97,45,
umeh_dhernangdri_high quality(1),umeh_dhernangdri_high quality(1) - page 2,Ume_Druma,line,0.8,2.0,4.0,True,0.1,True,6,4.994650602340698,63.38,142,90,52,
umeh_dhernangdri_high quality(1),umeh_dhernangdri_high quality(1) - page 2,Ume_Druma,line,0.8,2.0,4.0,True,0.25,True,6,5.067470073699951,63.38,142,90,52,
umeh_dhernangdri_high quality(1),umeh_dhernangdri_high quality(1) - page 2,Ume_Druma,line,0.8,2.0,4.0,True,0.5,True,6,5.121959209442139,63.38,142,90,52,
umeh_dhernangdri_high quality(1),umeh_dhernangdri_high quality(1) - page 2,Ume_Druma,line,0.8,2.0,4.0,True,0.9,True,6,5.15830135345459,63.38,142,90,52,
umeh_dhernangdri_high quality(1),umeh_dhernangdri_high quality(1) - page 2,Ume_Druma,line,0.8,2.0,4.0,False,0.1,True,7,5.264607191085815,63.38,142,90,52,
umeh_dhernangdri_high quality(1),umeh_dhernangdri_high quality(1) - page 2,Ume_Druma,line,0.8,2.0,4.0,False,0.25,True,7,5.266101121902466,63.38,142,90,52,
umeh_dhernangdri_high quality(1),umeh_dhernangdri_high quality(1) - page 2,Ume_Druma,line,0.8,2.0,4.0,False,0.5,True,7,5.394814968109131,63.38,142,90,52,
umeh_dhernangdri_high quality(1),umeh_dhernangdri_high quality(1) - page 2,Ume_Druma,line,0.8,2.0,4.0,False,0.9,True,7,5.319514513015747,63.38,142,90,52,
umeh_dhernangdri_high quality(1),umeh_dhernangdri_high quality(1) - page 2,Ume_Druma,line,0.8,2.0,5.0,True,0.1,True,6,5.266943454742432,62.86,140,88,52,
umeh_dhernangdri_high quality(1),umeh_dhernangdri_high quality(1) - page 2,Ume_Druma,line,0.8,2.0,5.0,True,0.25,True,6,5.303956508636475,62.86,140,88,52,
umeh_dhernangdri_high quality(1),umeh_dhernangdri_high quality(1) - page 2,Ume_Druma,line,0.8,2.0,5.0,True,0.5,True,6,5.549368143081665,62.86,140,88,52,
umeh_dhernangdri_high quality(1),umeh_dhernangdri_high quality(1) - page 2,Ume_Druma,line,0.8,2.0,5.0,True,0.9,True,6,5.191504001617432,62.86,140,88,52,
umeh_dhernangdri_high quality(1),umeh_dhernangdri_high quality(1) - page 2,Ume_Druma,line,0.8,2.0,5.0,False,0.1,True,7,5.412866592407227,62.86,140,88,52,
umeh_dhernangdri_high quality(1),umeh_dhernangdri_high quality(1) - page 2,Ume_Druma,line,0.8,2.0,5.0,False,0.25,True,7,5.388783693313599,62.86,140,88,52,
umeh_dhernangdri_high quality(1),umeh_dhernangdri_high quality(1) - page 2,Ume_Druma,line,0.8,2.0,5.0,False,0.5,True,7,5.383135557174683,62.86,140,88,52,
umeh_dhernangdri_high quality(1),umeh_dhernangdri_high quality(1) - page 2,Ume_Druma,line,0.8,2.0,5.0,False,0.9,True,7,5.406013011932373,62.86,140,88,52,
umeh_dhernangdri_high quality(1),umeh_dhernangdri_high quality(1) - page 2,Ume_Druma,line,0.8,2.5,2.5,True,0.1,True,6,5.639920473098755,60.56,142,86,56,
umeh_dhernangdri_high quality(1),umeh_dhernangdri_high quality(1) - page 2,Ume_Druma,line,0.8,2.5,2.5,True,0.25,True,6,5.6253228187561035,60.56,142,86,56,
umeh_dhernangdri_high quality(1),umeh_dhernangdri_high quality(1) - page 2,Ume_Druma,line,0.8,2.5,2.5,True,0.5,True,6,5.5150322914123535,60.56,142,86,56,
umeh_dhernangdri_high quality(1),umeh_dhernangdri_high quality(1) - page 2,Ume_Druma,line,0.8,2.5,2.5,True,0.9,True,6,5.542585611343384,60.56,142,86,56,
umeh_dhernangdri_high quality(1),umeh_dhernangdri_high quality(1) - page 2,Ume_Druma,line,0.8,2.5,2.5,False,0.1,True,7,5.60810112953186,60.56,142,86,56,
umeh_dhernangdri_high quality(1),umeh_dhernangdri_high quality(1) - page 2,Ume_Druma,line,0.8,2.5,2.5,False,0.25,True,7,5.626296281814575,60.56,142,86,56,
umeh_dhernangdri_high quality(1),umeh_dhernangdri_high quality(1) - page 2,Ume_Druma,line,0.8,2.5,2.5,False,0.5,True,7,5.611352443695068,60.56,142,86,56,
umeh_dhernangdri_high quality(1),umeh_dhernangdri_high quality(1) - page 2,Ume_Druma,line,0.8,2.5,2.5,False,0.9,True,7,5.661880254745483,60.56,142,86,56,
umeh_dhernangdri_high quality(1),umeh_dhernangdri_high quality(1) - page 2,Ume_Druma,line,0.8,2.5,3.5,True,0.1,True,6,5.258221864700317,68.31,142,97,45,
umeh_dhernangdri_high quality(1),umeh_dhernangdri_high quality(1) - page 2,Ume_Druma,line,0.8,2.5,3.5,True,0.25,True,6,5.275151014328003,68.31,142,97,45,
umeh_dhernangdri_high quality(1),umeh_dhernangdri_high quality(1) - page 2,Ume_Druma,line,0.8,2.5,3.5,True,0.5,True,6,5.274260759353638,68.31,142,97,45,
umeh_dhernangdri_high quality(1),umeh_dhernangdri_high quality(1) - page 2,Ume_Druma,line,0.8,2.5,3.5,True,0.9,True,6,5.297673463821411,68.31,142,97,45,
umeh_dhernangdri_high quality(1),umeh_dhernangdri_high quality(1) - page 2,Ume_Druma,line,0.8,2.5,3.5,False,0.1,True,7,5.489537954330444,68.31,142,97,45,
umeh_dhernangdri_high quality(1),umeh_dhernangdri_high quality(1) - page 2,Ume_Druma,line,0.8,2.5,3.5,False,0.25,True,7,5.417020320892334,68.31,142,97,45,
umeh_dhernangdri_high quality(1),umeh_dhernangdri_high quality(1) - page 2,Ume_Druma,line,0.8,2.5,3.5,False,0.5,True,7,5.505683183670044,68.31,142,97,45,
umeh_dhernangdri_high quality(1),umeh_dhernangdri_high quality(1) - page 2,Ume_Druma,line,0.8,2.5,3.5,False,0.9,True,7,5.42093563079834,68.31,142,97,45,
umeh_dhernangdri_high quality(1),umeh_dhernangdri_high quality(1) - page 2,Ume_Druma,line,0.8,2.5,4.0,True,0.1,True,6,5.341235637664795,63.38,142,90,52,
umeh_dhernangdri_high quality(1),umeh_dhernangdri_high quality(1) - page 2,Ume_Druma,line,0.8,2.5,4.0,True,0.25,True,6,5.332993984222412,63.38,142,90,52,
umeh_dhernangdri_high quality(1),umeh_dhernangdri_high quality(1) - page 2,Ume_Druma,line,0.8,2.5,4.0,True,0.5,True,6,5.3456199169158936,63.38,142,90,52,
umeh_dhernangdri_high quality(1),umeh_dhernangdri_high quality(1) - page 2,Ume_Druma,line,0.8,2.5,4.0,True,0.9,True,6,5.3446667194366455,63.38,142,90,52,
umeh_dhernangdri_high quality(1),umeh_dhernangdri_high quality(1) - page 2,Ume_Druma,line,0.8,2.5,4.0,False,0.1,True,7,5.412182807922363,63.38,142,90,52,
umeh_dhernangdri_high quality(1),umeh_dhernangdri_high quality(1) - page 2,Ume_Druma,line,0.8,2.5,4.0,False,0.25,True,7,5.415278434753418,63.38,142,90,52,
umeh_dhernangdri_high quality(1),umeh_dhernangdri_high quality(1) - page 2,Ume_Druma,line,0.8,2.5,4.0,False,0.5,True,7,5.4210264682769775,63.38,142,90,52,
umeh_dhernangdri_high quality(1),umeh_dhernangdri_high quality(1) - page 2,Ume_Druma,line,0.8,2.5,4.0,False,0.9,True,7,7.169071197509766,63.38,142,90,52,
umeh_dhernangdri_high quality(1),umeh_dhernangdri_high quality(1) - page 2,Ume_Druma,line,0.8,2.5,5.0,True,0.1,True,6,5.860891103744507,65.0,140,91,49,
umeh_dhernangdri_high quality(1),umeh_dhernangdri_high quality(1) - page 2,Ume_Druma,line,0.8,2.5,5.0,True,0.25,True,6,5.1145830154418945,65.0,140,91,49,
umeh_dhernangdri_high quality(1),umeh_dhernangdri_high quality(1) - page 2,Ume_Druma,line,0.8,2.5,5.0,True,0.5,True,6,5.322900295257568,65.0,140,91,49,
umeh_dhernangdri_high quality(1),umeh_dhernangdri_high quality(1) - page 2,Ume_Druma,line,0.8,2.5,5.0,True,0.9,True,6,5.311918020248413,65.0,140,91,49,
umeh_dhernangdri_high quality(1),umeh_dhernangdri_high quality(1) - page 2,Ume_Druma,line,0.8,2.5,5.0,False,0.1,True,7,5.560354232788086,65.0,140,91,49,
umeh_dhernangdri_high quality(1),umeh_dhernangdri_high quality(1) - page 2,Ume_Druma,line,0.8,2.5,5.0,False,0.25,True,7,7.507650136947632,65.0,140,91,49,
umeh_dhernangdri_high quality(1),umeh_dhernangdri_high quality(1) - page 2,Ume_Druma,line,0.8,2.5,5.0,False,0.5,True,7,5.218693733215332,65.0,140,91,49,
umeh_dhernangdri_high quality(1),umeh_dhernangdri_high quality(1) - page 2,Ume_Druma,line,0.8,2.5,5.0,False,0.9,True,7,5.328769207000732,65.0,140,91,49,
umeh_dhernangdri_high quality(1),umeh_dhernangdri_high quality(1) - page 2,Ume_Druma,line,0.8,3.0,2.5,True,0.1,True,6,5.784790754318237,60.56,142,86,56,
umeh_dhernangdri_high quality(1),umeh_dhernangdri_high quality(1) - page 2,Ume_Druma,line,0.8,3.0,2.5,True,0.25,True,6,5.7718963623046875,60.56,142,86,56,
umeh_dhernangdri_high quality(1),umeh_dhernangdri_high quality(1) - page 2,Ume_Druma,line,0.8,3.0,2.5,True,0.5,True,6,5.796521425247192,60.56,142,86,56,
umeh_dhernangdri_high quality(1),umeh_dhernangdri_high quality(1) - page 2,Ume_Druma,line,0.8,3.0,2.5,True,0.9,True,6,5.705410003662109,60.56,142,86,56,
umeh_dhernangdri_high quality(1),umeh_dhernangdri_high quality(1) - page 2,Ume_Druma,line,0.8,3.0,2.5,False,0.1,True,7,5.779454231262207,60.56,142,86,56,
umeh_dhernangdri_high quality(1),umeh_dhernangdri_high quality(1) - page 2,Ume_Druma,line,0.8,3.0,2.5,False,0.25,True,7,5.816382884979248,60.56,142,86,56,
umeh_dhernangdri_high quality(1),umeh_dhernangdri_high quality(1) - page 2,Ume_Druma,line,0.8,3.0,2.5,False,0.5,True,7,5.77522087097168,60.56,142,86,56,
umeh_dhernangdri_high quality(1),umeh_dhernangdri_high quality(1) - page 2,Ume_Druma,line,0.8,3.0,2.5,False,0.9,True,7,5.8278961181640625,60.56,142,86,56,
umeh_dhernangdri_high quality(1),umeh_dhernangdri_high quality(1) - page 2,Ume_Druma,line,0.8,3.0,3.5,True,0.1,True,6,5.457931995391846,68.31,142,97,45,
umeh_dhernangdri_high quality(1),umeh_dhernangdri_high quality(1) - page 2,Ume_Druma,line,0.8,3.0,3.5,True,0.25,True,6,5.485477685928345,68.31,142,97,45,
umeh_dhernangdri_high quality(1),umeh_dhernangdri_high quality(1) - page 2,Ume_Druma,line,0.8,3.0,3.5,True,0.5,True,6,5.488036155700684,68.31,142,97,45,
umeh_dhernangdri_high quality(1),umeh_dhernangdri_high quality(1) - page 2,Ume_Druma,line,0.8,3.0,3.5,True,0.9,True,6,5.5799784660339355,68.31,142,97,45,
umeh_dhernangdri_high quality(1),umeh_dhernangdri_high quality(1) - page 2,Ume_Druma,line,0.8,3.0,3.5,False,0.1,True,7,5.673860788345337,68.31,142,97,45,
umeh_dhernangdri_high quality(1),umeh_dhernangdri_high quality(1) - page 2,Ume_Druma,line,0.8,3.0,3.5,False,0.25,True,7,5.555832386016846,68.31,142,97,45,
umeh_dhernangdri_high quality(1),umeh_dhernangdri_high quality(1) - page 2,Ume_Druma,line,0.8,3.0,3.5,False,0.5,True,7,5.549570322036743,68.31,142,97,45,
umeh_dhernangdri_high quality(1),umeh_dhernangdri_high quality(1) - page 2,Ume_Druma,line,0.8,3.0,3.5,False,0.9,True,7,5.557361602783203,68.31,142,97,45,
umeh_dhernangdri_high quality(1),umeh_dhernangdri_high quality(1) - page 2,Ume_Druma,line,0.8,3.0,4.0,True,0.1,True,6,5.496856927871704,63.38,142,90,52,
umeh_dhernangdri_high quality(1),umeh_dhernangdri_high quality(1) - page 2,Ume_Druma,line,0.8,3.0,4.0,True,0.25,True,6,5.49590802192688,63.38,142,90,52,
umeh_dhernangdri_high quality(1),umeh_dhernangdri_high quality(1) - page 2,Ume_Druma,line,0.8,3.0,4.0,True,0.5,True,6,5.517475366592407,63.38,142,90,52,
umeh_dhernangdri_high quality(1),umeh_dhernangdri_high quality(1) - page 2,Ume_Druma,line,0.8,3.0,4.0,True,0.9,True,6,5.507310152053833,63.38,142,90,52,
umeh_dhernangdri_high quality(1),umeh_dhernangdri_high quality(1) - page 2,Ume_Druma,line,0.8,3.0,4.0,False,0.1,True,7,5.72464656829834,63.38,142,90,52,
umeh_dhernangdri_high quality(1),umeh_dhernangdri_high quality(1) - page 2,Ume_Druma,line,0.8,3.0,4.0,False,0.25,True,7,8.144081830978394,63.38,142,90,52,
umeh_dhernangdri_high quality(1),umeh_dhernangdri_high quality(1) - page 2,Ume_Druma,line,0.8,3.0,4.0,False,0.5,True,7,8.166341304779053,63.38,142,90,52,
umeh_dhernangdri_high quality(1),umeh_dhernangdri_high quality(1) - page 2,Ume_Druma,line,0.8,3.0,4.0,False,0.9,True,7,8.161841869354248,63.38,142,90,52,
umeh_dhernangdri_high quality(1),umeh_dhernangdri_high quality(1) - page 2,Ume_Druma,line,0.8,3.0,5.0,True,0.1,True,6,5.476431608200073,65.0,140,91,49,
umeh_dhernangdri_high quality(1),umeh_dhernangdri_high quality(1) - page 2,Ume_Druma,line,0.8,3.0,5.0,True,0.25,True,6,5.338909864425659,65.0,140,91,49,
umeh_dhernangdri_high quality(1),umeh_dhernangdri_high quality(1) - page 2,Ume_Druma,line,0.8,3.0,5.0,True,0.5,True,6,5.338627338409424,65.0,140,91,49,
umeh_dhernangdri_high quality(1),umeh_dhernangdri_high quality(1) - page 2,Ume_Druma,line,0.8,3.0,5.0,True,0.9,True,6,7.988884925842285,65.0,140,91,49,
umeh_dhernangdri_high quality(1),umeh_dhernangdri_high quality(1) - page 2,Ume_Druma,line,0.8,3.0,5.0,False,0.1,True,7,8.151795625686646,65.0,140,91,49,
umeh_dhernangdri_high quality(1),umeh_dhernangdri_high quality(1) - page 2,Ume_Druma,line,0.8,3.0,5.0,False,0.25,True,7,8.420974969863892,65.0,140,91,49,
umeh_dhernangdri_high quality(1),umeh_dhernangdri_high quality(1) - page 2,Ume_Druma,line,0.8,3.0,5.0,False,0.5,True,7,6.679197788238525,65.0,140,91,49,
umeh_dhernangdri_high quality(1),umeh_dhernangdri_high quality(1) - page 2,Ume_Druma,line,0.8,3.0,5.0,False,0.9,True,7,5.5269176959991455,65.0,140,91,49,
umeh_dhernangdri_high quality(1),umeh_dhernangdri_high quality(1) - page 2,Ume_Druma,line,0.9,2.0,2.5,True,0.1,True,6,5.199449062347412,60.56,142,86,56,
umeh_dhernangdri_high quality(1),umeh_dhernangdri_high quality(1) - page 2,Ume_Druma,line,0.9,2.0,2.5,True,0.25,True,6,5.199177265167236,60.56,142,86,56,
umeh_dhernangdri_high quality(1),umeh_dhernangdri_high quality(1) - page 2,Ume_Druma,line,0.9,2.0,2.5,True,0.5,True,6,5.183031797409058,60.56,142,86,56,
umeh_dhernangdri_high quality(1),umeh_dhernangdri_high quality(1) - page 2,Ume_Druma,line,0.9,2.0,2.5,True,0.9,True,6,5.366020917892456,60.56,142,86,56,
umeh_dhernangdri_high quality(1),umeh_dhernangdri_high quality(1) - page 2,Ume_Druma,line,0.9,2.0,2.5,False,0.1,True,7,5.454225063323975,60.56,142,86,56,
umeh_dhernangdri_high quality(1),umeh_dhernangdri_high quality(1) - page 2,Ume_Druma,line,0.9,2.0,2.5,False,0.25,True,7,5.482085704803467,60.56,142,86,56,
umeh_dhernangdri_high quality(1),umeh_dhernangdri_high quality(1) - page 2,Ume_Druma,line,0.9,2.0,2.5,False,0.5,True,7,5.457327842712402,60.56,142,86,56,
umeh_dhernangdri_high quality(1),umeh_dhernangdri_high quality(1) - page 2,Ume_Druma,line,0.9,2.0,2.5,False,0.9,True,7,5.504096746444702,60.56,142,86,56,
umeh_dhernangdri_high quality(1),umeh_dhernangdri_high quality(1) - page 2,Ume_Druma,line,0.9,2.0,3.5,True,0.1,True,6,5.10790753364563,68.31,142,97,45,
umeh_dhernangdri_high quality(1),umeh_dhernangdri_high quality(1) - page 2,Ume_Druma,line,0.9,2.0,3.5,True,0.25,True,6,5.136128664016724,68.31,142,97,45,
umeh_dhernangdri_high quality(1),umeh_dhernangdri_high quality(1) - page 2,Ume_Druma,line,0.9,2.0,3.5,True,0.5,True,6,5.361173152923584,68.31,142,97,45,
umeh_dhernangdri_high quality(1),umeh_dhernangdri_high quality(1) - page 2,Ume_Druma,line,0.9,2.0,3.5,True,0.9,True,6,5.141633987426758,68.31,142,97,45,
umeh_dhernangdri_high quality(1),umeh_dhernangdri_high quality(1) - page 2,Ume_Druma,line,0.9,2.0,3.5,False,0.1,True,7,7.668301343917847,68.31,142,97,45,
umeh_dhernangdri_high quality(1),umeh_dhernangdri_high quality(1) - page 2,Ume_Druma,line,0.9,2.0,3.5,False,0.25,True,7,5.0584869384765625,68.31,142,97,45,
umeh_dhernangdri_high quality(1),umeh_dhernangdri_high quality(1) - page 2,Ume_Druma,line,0.9,2.0,3.5,False,0.5,True,7,5.118938684463501,68.31,142,97,45,
umeh_dhernangdri_high quality(1),umeh_dhernangdri_high quality(1) - page 2,Ume_Druma,line,0.9,2.0,3.5,False,0.9,True,7,5.294984340667725,68.31,142,97,45,
umeh_dhernangdri_high quality(1),umeh_dhernangdri_high quality(1) - page 2,Ume_Druma,line,0.9,2.0,4.0,True,0.1,True,6,5.2178568840026855,63.38,142,90,52,
umeh_dhernangdri_high quality(1),umeh_dhernangdri_high quality(1) - page 2,Ume_Druma,line,0.9,2.0,4.0,True,0.25,True,6,5.195755481719971,63.38,142,90,52,
umeh_dhernangdri_high quality(1),umeh_dhernangdri_high quality(1) - page 2,Ume_Druma,line,0.9,2.0,4.0,True,0.5,True,6,5.178692579269409,63.38,142,90,52,
umeh_dhernangdri_high quality(1),umeh_dhernangdri_high quality(1) - page 2,Ume_Druma,line,0.9,2.0,4.0,True,0.9,True,6,5.207902193069458,63.38,142,90,52,
umeh_dhernangdri_high quality(1),umeh_dhernangdri_high quality(1) - page 2,Ume_Druma,line,0.9,2.0,4.0,False,0.1,True,7,5.270567893981934,63.38,142,90,52,
umeh_dhernangdri_high quality(1),umeh_dhernangdri_high quality(1) - page 2,Ume_Druma,line,0.9,2.0,4.0,False,0.25,True,7,5.415816068649292,63.38,142,90,52,
umeh_dhernangdri_high quality(1),umeh_dhernangdri_high quality(1) - page 2,Ume_Druma,line,0.9,2.0,4.0,False,0.5,True,7,5.308941602706909,63.38,142,90,52,
umeh_dhernangdri_high quality(1),umeh_dhernangdri_high quality(1) - page 2,Ume_Druma,line,0.9,2.0,4.0,False,0.9,True,7,5.292838096618652,63.38,142,90,52,
umeh_dhernangdri_high quality(1),umeh_dhernangdri_high quality(1) - page 2,Ume_Druma,line,0.9,2.0,5.0,True,0.1,True,6,5.415132761001587,62.86,140,88,52,
umeh_dhernangdri_high quality(1),umeh_dhernangdri_high quality(1) - page 2,Ume_Druma,line,0.9,2.0,5.0,True,0.25,True,6,5.424529790878296,62.86,140,88,52,
umeh_dhernangdri_high quality(1),umeh_dhernangdri_high quality(1) - page 2,Ume_Druma,line,0.9,2.0,5.0,True,0.5,True,6,5.295991897583008,62.86,140,88,52,
umeh_dhernangdri_high quality(1),umeh_dhernangdri_high quality(1) - page 2,Ume_Druma,line,0.9,2.0,5.0,True,0.9,True,6,5.261626958847046,62.86,140,88,52,
umeh_dhernangdri_high quality(1),umeh_dhernangdri_high quality(1) - page 2,Ume_Druma,line,0.9,2.0,5.0,False,0.1,True,7,5.413829803466797,62.86,140,88,52,
umeh_dhernangdri_high quality(1),umeh_dhernangdri_high quality(1) - page 2,Ume_Druma,line,0.9,2.0,5.0,False,0.25,True,7,5.397278070449829,62.86,140,88,52,
umeh_dhernangdri_high quality(1),umeh_dhernangdri_high quality(1) - page 2,Ume_Druma,line,0.9,2.0,5.0,False,0.5,True,7,5.425536870956421,62.86,140,88,52,
umeh_dhernangdri_high quality(1),umeh_dhernangdri_high quality(1) - page 2,Ume_Druma,line,0.9,2.0,5.0,False,0.9,True,7,5.4147233963012695,62.86,140,88,52,
umeh_dhernangdri_high quality(1),umeh_dhernangdri_high quality(1) - page 2,Ume_Druma,line,0.9,2.5,2.5,True,0.1,True,6,5.647480249404907,60.56,142,86,56,
umeh_dhernangdri_high quality(1),umeh_dhernangdri_high quality(1) - page 2,Ume_Druma,line,0.9,2.5,2.5,True,0.25,True,6,5.601136207580566,60.56,142,86,56,
umeh_dhernangdri_high quality(1),umeh_dhernangdri_high quality(1) - page 2,Ume_Druma,line,0.9,2.5,2.5,True,0.5,True,6,5.555457830429077,60.56,142,86,56,
umeh_dhernangdri_high quality(1),umeh_dhernangdri_high quality(1) - page 2,Ume_Druma,line,0.9,2.5,2.5,True,0.9,True,6,5.545922517776489,60.56,142,86,56,
umeh_dhernangdri_high quality(1),umeh_dhernangdri_high quality(1) - page 2,Ume_Druma,line,0.9,2.5,2.5,False,0.1,True,7,8.21323275566101,60.56,142,86,56,
umeh_dhernangdri_high quality(1),umeh_dhernangdri_high quality(1) - page 2,Ume_Druma,line,0.9,2.5,2.5,False,0.25,True,7,5.504027605056763,60.56,142,86,56,
umeh_dhernangdri_high quality(1),umeh_dhernangdri_high quality(1) - page 2,Ume_Druma,line,0.9,2.5,2.5,False,0.5,True,7,5.493642807006836,60.56,142,86,56,
umeh_dhernangdri_high quality(1),umeh_dhernangdri_high quality(1) - page 2,Ume_Druma,line,0.9,2.5,2.5,False,0.9,True,7,5.726298570632935,60.56,142,86,56,
umeh_dhernangdri_high quality(1),umeh_dhernangdri_high quality(1) - page 2,Ume_Druma,line,0.9,2.5,3.5,True,0.1,True,6,5.256042718887329,68.31,142,97,45,
umeh_dhernangdri_high quality(1),umeh_dhernangdri_high quality(1) - page 2,Ume_Druma,line,0.9,2.5,3.5,True,0.25,True,6,5.300761461257935,68.31,142,97,45,
umeh_dhernangdri_high quality(1),umeh_dhernangdri_high quality(1) - page 2,Ume_Druma,line,0.9,2.5,3.5,True,0.5,True,6,5.2998046875,68.31,142,97,45,
umeh_dhernangdri_high quality(1),umeh_dhernangdri_high quality(1) - page 2,Ume_Druma,line,0.9,2.5,3.5,True,0.9,True,6,5.423006057739258,68.31,142,97,45,
umeh_dhernangdri_high quality(1),umeh_dhernangdri_high quality(1) - page 2,Ume_Druma,line,0.9,2.5,3.5,False,0.1,True,7,6.069045782089233,68.31,142,97,45,
umeh_dhernangdri_high quality(1),umeh_dhernangdri_high quality(1) - page 2,Ume_Druma,line,0.9,2.5,3.5,False,0.25,True,7,5.419831037521362,68.31,142,97,45,
umeh_dhernangdri_high quality(1),umeh_dhernangdri_high quality(1) - page 2,Ume_Druma,line,0.9,2.5,3.5,False,0.5,True,7,7.9440014362335205,68.31,142,97,45,
umeh_dhernangdri_high quality(1),umeh_dhernangdri_high quality(1) - page 2,Ume_Druma,line,0.9,2.5,3.5,False,0.9,True,7,7.880850553512573,68.31,142,97,45,
umeh_dhernangdri_high quality(1),umeh_dhernangdri_high quality(1) - page 2,Ume_Druma,line,0.9,2.5,4.0,True,0.1,True,6,5.151626110076904,63.38,142,90,52,
umeh_dhernangdri_high quality(1),umeh_dhernangdri_high quality(1) - page 2,Ume_Druma,line,0.9,2.5,4.0,True,0.25,True,6,5.15390157699585,63.38,142,90,52,
umeh_dhernangdri_high quality(1),umeh_dhernangdri_high quality(1) - page 2,Ume_Druma,line,0.9,2.5,4.0,True,0.5,True,6,5.14380407333374,63.38,142,90,52,
umeh_dhernangdri_high quality(1),umeh_dhernangdri_high quality(1) - page 2,Ume_Druma,line,0.9,2.5,4.0,True,0.9,True,6,5.3313751220703125,63.38,142,90,52,
umeh_dhernangdri_high quality(1),umeh_dhernangdri_high quality(1) - page 2,Ume_Druma,line,0.9,2.5,4.0,False,0.1,True,7,5.409742832183838,63.38,142,90,52,
umeh_dhernangdri_high quality(1),umeh_dhernangdri_high quality(1) - page 2,Ume_Druma,line,0.9,2.5,4.0,False,0.25,True,7,5.530756235122681,63.38,142,90,52,
umeh_dhernangdri_high quality(1),umeh_dhernangdri_high quality(1) - page 2,Ume_Druma,line,0.9,2.5,4.0,False,0.5,True,7,5.412485361099243,63.38,142,90,52,
umeh_dhernangdri_high quality(1),umeh_dhernangdri_high quality(1) - page 2,Ume_Druma,line,0.9,2.5,4.0,False,0.9,True,7,5.553585052490234,63.38,142,90,52,
umeh_dhernangdri_high quality(1),umeh_dhernangdri_high quality(1) - page 2,Ume_Druma,line,0.9,2.5,5.0,True,0.1,True,6,5.312953948974609,65.0,140,91,49,
umeh_dhernangdri_high quality(1),umeh_dhernangdri_high quality(1) - page 2,Ume_Druma,line,0.9,2.5,5.0,True,0.25,True,6,5.308528184890747,65.0,140,91,49,
umeh_dhernangdri_high quality(1),umeh_dhernangdri_high quality(1) - page 2,Ume_Druma,line,0.9,2.5,5.0,True,0.5,True,6,5.318854093551636,65.0,140,91,49,
umeh_dhernangdri_high quality(1),umeh_dhernangdri_high quality(1) - page 2,Ume_Druma,line,0.9,2.5,5.0,True,0.9,True,6,5.311944007873535,65.0,140,91,49,
umeh_dhernangdri_high quality(1),umeh_dhernangdri_high quality(1) - page 2,Ume_Druma,line,0.9,2.5,5.0,False,0.1,True,7,5.411679267883301,65.0,140,91,49,
umeh_dhernangdri_high quality(1),umeh_dhernangdri_high quality(1) - page 2,Ume_Druma,line,0.9,2.5,5.0,False,0.25,True,7,5.407253265380859,65.0,140,91,49,
umeh_dhernangdri_high quality(1),umeh_dhernangdri_high quality(1) - page 2,Ume_Druma,line,0.9,2.5,5.0,False,0.5,True,7,5.415971040725708,65.0,140,91,49,
umeh_dhernangdri_high quality(1),umeh_dhernangdri_high quality(1) - page 2,Ume_Druma,line,0.9,2.5,5.0,False,0.9,True,7,5.414918899536133,65.0,140,91,49,
umeh_dhernangdri_high quality(1),umeh_dhernangdri_high quality(1) - page 2,Ume_Druma,line,0.9,3.0,2.5,True,0.1,True,6,7.444833040237427,60.56,142,86,56,
umeh_dhernangdri_high quality(1),umeh_dhernangdri_high quality(1) - page 2,Ume_Druma,line,0.9,3.0,2.5,True,0.25,True,6,8.252844095230103,60.56,142,86,56,
umeh_dhernangdri_high quality(1),umeh_dhernangdri_high quality(1) - page 2,Ume_Druma,line,0.9,3.0,2.5,True,0.5,True,6,5.639637470245361,60.56,142,86,56,
umeh_dhernangdri_high quality(1),umeh_dhernangdri_high quality(1) - page 2,Ume_Druma,line,0.9,3.0,2.5,True,0.9,True,6,5.6081976890563965,60.56,142,86,56,
umeh_dhernangdri_high quality(1),umeh_dhernangdri_high quality(1) - page 2,Ume_Druma,line,0.9,3.0,2.5,False,0.1,True,7,5.64729905128479,60.56,142,86,56,
umeh_dhernangdri_high quality(1),umeh_dhernangdri_high quality(1) - page 2,Ume_Druma,line,0.9,3.0,2.5,False,0.25,True,7,5.830498456954956,60.56,142,86,56,
umeh_dhernangdri_high quality(1),umeh_dhernangdri_high quality(1) - page 2,Ume_Druma,line,0.9,3.0,2.5,False,0.5,True,7,5.795587539672852,60.56,142,86,56,
umeh_dhernangdri_high quality(1),umeh_dhernangdri_high quality(1) - page 2,Ume_Druma,line,0.9,3.0,2.5,False,0.9,True,7,6.262396335601807,60.56,142,86,56,
umeh_dhernangdri_high quality(1),umeh_dhernangdri_high quality(1) - page 2,Ume_Druma,line,0.9,3.0,3.5,True,0.1,True,6,5.333915710449219,68.31,142,97,45,
umeh_dhernangdri_high quality(1),umeh_dhernangdri_high quality(1) - page 2,Ume_Druma,line,0.9,3.0,3.5,True,0.25,True,6,5.462754487991333,68.31,142,97,45,
umeh_dhernangdri_high quality(1),umeh_dhernangdri_high quality(1) - page 2,Ume_Druma,line,0.9,3.0,3.5,True,0.5,True,6,5.632375240325928,68.31,142,97,45,
umeh_dhernangdri_high quality(1),umeh_dhernangdri_high quality(1) - page 2,Ume_Druma,line,0.9,3.0,3.5,True,0.9,True,6,5.46657657623291,68.31,142,97,45,
umeh_dhernangdri_high quality(1),umeh_dhernangdri_high quality(1) - page 2,Ume_Druma,line,0.9,3.0,3.5,False,0.1,True,7,5.546144723892212,68.31,142,97,45,
umeh_dhernangdri_high quality(1),umeh_dhernangdri_high quality(1) - page 2,Ume_Druma,line,0.9,3.0,3.5,False,0.25,True,7,5.5617358684539795,68.31,142,97,45,
umeh_dhernangdri_high quality(1),umeh_dhernangdri_high quality(1) - page 2,Ume_Druma,line,0.9,3.0,3.5,False,0.5,True,7,5.550729274749756,68.31,142,97,45,
umeh_dhernangdri_high quality(1),umeh_dhernangdri_high quality(1) - page 2,Ume_Druma,line,0.9,3.0,3.5,False,0.9,True,7,5.597799062728882,68.31,142,97,45,
umeh_dhernangdri_high quality(1),umeh_dhernangdri_high quality(1) - page 2,Ume_Druma,line,0.9,3.0,4.0,True,0.1,True,6,5.524059534072876,63.38,142,90,52,
umeh_dhernangdri_high quality(1),umeh_dhernangdri_high quality(1) - page 2,Ume_Druma,line,0.9,3.0,4.0,True,0.25,True,6,5.509620428085327,63.38,142,90,52,
umeh_dhernangdri_high quality(1),umeh_dhernangdri_high quality(1) - page 2,Ume_Druma,line,0.9,3.0,4.0,True,0.5,True,6,5.495745420455933,63.38,142,90,52,
umeh_dhernangdri_high quality(1),umeh_dhernangdri_high quality(1) - page 2,Ume_Druma,line,0.9,3.0,4.0,True,0.9,True,6,5.6271421909332275,63.38,142,90,52,
umeh_dhernangdri_high quality(1),umeh_dhernangdri_high quality(1) - page 2,Ume_Druma,line,0.9,3.0,4.0,False,0.1,True,7,5.574847459793091,63.38,142,90,52,
umeh_dhernangdri_high quality(1),umeh_dhernangdri_high quality(1) - page 2,Ume_Druma,line,0.9,3.0,4.0,False,0.25,True,7,5.7101686000823975,63.38,142,90,52,
umeh_dhernangdri_high quality(1),umeh_dhernangdri_high quality(1) - page 2,Ume_Druma,line,0.9,3.0,4.0,False,0.5,True,7,5.607754468917847,63.38,142,90,52,
umeh_dhernangdri_high quality(1),umeh_dhernangdri_high quality(1) - page 2,Ume_Druma,line,0.9,3.0,4.0,False,0.9,True,7,5.605181455612183,63.38,142,90,52,
umeh_dhernangdri_high quality(1),umeh_dhernangdri_high quality(1) - page 2,Ume_Druma,line,0.9,3.0,5.0,True,0.1,True,6,5.486913681030273,65.0,140,91,49,
umeh_dhernangdri_high quality(1),umeh_dhernangdri_high quality(1) - page 2,Ume_Druma,line,0.9,3.0,5.0,True,0.25,True,6,7.951944351196289,65.0,140,91,49,
umeh_dhernangdri_high quality(1),umeh_dhernangdri_high quality(1) - page 2,Ume_Druma,line,0.9,3.0,5.0,True,0.5,True,6,5.317078113555908,65.0,140,91,49,
umeh_dhernangdri_high quality(1),umeh_dhernangdri_high quality(1) - page 2,Ume_Druma,line,0.9,3.0,5.0,True,0.9,True,6,5.3414764404296875,65.0,140,91,49,
umeh_dhernangdri_high quality(1),umeh_dhernangdri_high quality(1) - page 2,Ume_Druma,line,0.9,3.0,5.0,False,0.1,True,7,5.57512640953064,65.0,140,91,49,
umeh_dhernangdri_high quality(1),umeh_dhernangdri_high quality(1) - page 2,Ume_Druma,line,0.9,3.0,5.0,False,0.25,True,7,5.584906339645386,65.0,140,91,49,
umeh_dhernangdri_high quality(1),umeh_dhernangdri_high quality(1) - page 2,Ume_Druma,line,0.9,3.0,5.0,False,0.5,True,7,5.579192876815796,65.0,140,91,49,
umeh_dhernangdri_high quality(1),umeh_dhernangdri_high quality(1) - page 2,Ume_Druma,line,0.9,3.0,5.0,False,0.9,True,7,5.617094039916992,65.0,140,91,49,
umeh_dhernangdri_high quality(1),umeh_dhernangdri_high quality(1) - page 2,Ume_Druma,layout,0.7,2.0,2.5,True,0.1,True,5,8.036775827407837,65.69,137,90,47,
umeh_dhernangdri_high quality(1),umeh_dhernangdri_high quality(1) - page 2,Ume_Druma,layout,0.7,2.0,2.5,True,0.25,True,5,5.094709873199463,65.69,137,90,47,
umeh_dhernangdri_high quality(1),umeh_dhernangdri_high quality(1) - page 2,Ume_Druma,layout,0.7,2.0,2.5,True,0.5,True,5,4.9681174755096436,65.69,137,90,47,
umeh_dhernangdri_high quality(1),umeh_dhernangdri_high quality(1) - page 2,Ume_Druma,layout,0.7,2.0,2.5,True,0.9,True,5,5.12844443321228,65.69,137,90,47,
umeh_dhernangdri_high quality(1),umeh_dhernangdri_high quality(1) - page 2,Ume_Druma,layout,0.7,2.0,2.5,False,0.1,True,7,5.48052191734314,67.15,137,92,45,
umeh_dhernangdri_high quality(1),umeh_dhernangdri_high quality(1) - page 2,Ume_Druma,layout,0.7,2.0,2.5,False,0.25,True,7,5.465797424316406,67.15,137,92,45,
umeh_dhernangdri_high quality(1),umeh_dhernangdri_high quality(1) - page 2,Ume_Druma,layout,0.7,2.0,2.5,False,0.5,True,7,5.475222110748291,67.15,137,92,45,
umeh_dhernangdri_high quality(1),umeh_dhernangdri_high quality(1) - page 2,Ume_Druma,layout,0.7,2.0,2.5,False,0.9,True,7,5.482008218765259,67.15,137,92,45,
umeh_dhernangdri_high quality(1),umeh_dhernangdri_high quality(1) - page 2,Ume_Druma,layout,0.7,2.0,3.5,True,0.1,True,5,5.122156620025635,59.86,142,85,57,
umeh_dhernangdri_high quality(1),umeh_dhernangdri_high quality(1) - page 2,Ume_Druma,layout,0.7,2.0,3.5,True,0.25,True,5,5.104555368423462,59.86,142,85,57,
umeh_dhernangdri_high quality(1),umeh_dhernangdri_high quality(1) - page 2,Ume_Druma,layout,0.7,2.0,3.5,True,0.5,True,5,7.265076637268066,59.86,142,85,57,
umeh_dhernangdri_high quality(1),umeh_dhernangdri_high quality(1) - page 2,Ume_Druma,layout,0.7,2.0,3.5,True,0.9,True,5,4.970351219177246,59.86,142,85,57,
umeh_dhernangdri_high quality(1),umeh_dhernangdri_high quality(1) - page 2,Ume_Druma,layout,0.7,2.0,3.5,False,0.1,True,7,5.318941354751587,59.44,143,85,58,
umeh_dhernangdri_high quality(1),umeh_dhernangdri_high quality(1) - page 2,Ume_Druma,layout,0.7,2.0,3.5,False,0.25,True,7,5.383257627487183,59.44,143,85,58,
umeh_dhernangdri_high quality(1),umeh_dhernangdri_high quality(1) - page 2,Ume_Druma,layout,0.7,2.0,3.5,False,0.5,True,7,5.405851364135742,59.44,143,85,58,
umeh_dhernangdri_high quality(1),umeh_dhernangdri_high quality(1) - page 2,Ume_Druma,layout,0.7,2.0,3.5,False,0.9,True,7,5.48738169670105,59.44,143,85,58,
umeh_dhernangdri_high quality(1),umeh_dhernangdri_high quality(1) - page 2,Ume_Druma,layout,0.7,2.0,4.0,True,0.1,True,5,5.216642141342163,65.94,138,91,47,
umeh_dhernangdri_high quality(1),umeh_dhernangdri_high quality(1) - page 2,Ume_Druma,layout,0.7,2.0,4.0,True,0.25,True,5,5.17736029624939,65.94,138,91,47,
umeh_dhernangdri_high quality(1),umeh_dhernangdri_high quality(1) - page 2,Ume_Druma,layout,0.7,2.0,4.0,True,0.5,True,5,5.179980993270874,65.94,138,91,47,
umeh_dhernangdri_high quality(1),umeh_dhernangdri_high quality(1) - page 2,Ume_Druma,layout,0.7,2.0,4.0,True,0.9,True,5,5.190030097961426,65.94,138,91,47,
umeh_dhernangdri_high quality(1),umeh_dhernangdri_high quality(1) - page 2,Ume_Druma,layout,0.7,2.0,4.0,False,0.1,True,7,5.444502353668213,66.43,140,93,47,
umeh_dhernangdri_high quality(1),umeh_dhernangdri_high quality(1) - page 2,Ume_Druma,layout,0.7,2.0,4.0,False,0.25,True,7,5.581857204437256,66.43,140,93,47,
umeh_dhernangdri_high quality(1),umeh_dhernangdri_high quality(1) - page 2,Ume_Druma,layout,0.7,2.0,4.0,False,0.5,True,7,5.450249433517456,66.43,140,93,47,
umeh_dhernangdri_high quality(1),umeh_dhernangdri_high quality(1) - page 2,Ume_Druma,layout,0.7,2.0,4.0,False,0.9,True,7,5.4741809368133545,66.43,140,93,47,
umeh_dhernangdri_high quality(1),umeh_dhernangdri_high quality(1) - page 2,Ume_Druma,layout,0.7,2.0,5.0,True,0.1,True,5,5.80479621887207,60.94,128,78,50,
umeh_dhernangdri_high quality(1),umeh_dhernangdri_high quality(1) - page 2,Ume_Druma,layout,0.7,2.0,5.0,True,0.25,True,5,5.735941171646118,60.94,128,78,50,
umeh_dhernangdri_high quality(1),umeh_dhernangdri_high quality(1) - page 2,Ume_Druma,layout,0.7,2.0,5.0,True,0.5,True,5,5.733934640884399,60.94,128,78,50,
umeh_dhernangdri_high quality(1),umeh_dhernangdri_high quality(1) - page 2,Ume_Druma,layout,0.7,2.0,5.0,True,0.9,True,5,5.708194017410278,60.94,128,78,50,
umeh_dhernangdri_high quality(1),umeh_dhernangdri_high quality(1) - page 2,Ume_Druma,layout,0.7,2.0,5.0,False,0.1,True,7,5.9814536571502686,58.65,133,78,55,
umeh_dhernangdri_high quality(1),umeh_dhernangdri_high quality(1) - page 2,Ume_Druma,layout,0.7,2.0,5.0,False,0.25,True,7,6.164113998413086,58.65,133,78,55,
umeh_dhernangdri_high quality(1),umeh_dhernangdri_high quality(1) - page 2,Ume_Druma,layout,0.7,2.0,5.0,False,0.5,True,7,6.5080201625823975,58.65,133,78,55,
umeh_dhernangdri_high quality(1),umeh_dhernangdri_high quality(1) - page 2,Ume_Druma,layout,0.7,2.0,5.0,False,0.9,True,7,5.961057901382446,58.65,133,78,55,
umeh_dhernangdri_high quality(1),umeh_dhernangdri_high quality(1) - page 2,Ume_Druma,layout,0.7,2.5,2.5,True,0.1,True,5,5.307894945144653,68.09,141,96,45,
umeh_dhernangdri_high quality(1),umeh_dhernangdri_high quality(1) - page 2,Ume_Druma,layout,0.7,2.5,2.5,True,0.25,True,5,5.6385064125061035,68.09,141,96,45,
umeh_dhernangdri_high quality(1),umeh_dhernangdri_high quality(1) - page 2,Ume_Druma,layout,0.7,2.5,2.5,True,0.5,True,5,8.106436014175415,68.09,141,96,45,
umeh_dhernangdri_high quality(1),umeh_dhernangdri_high quality(1) - page 2,Ume_Druma,layout,0.7,2.5,2.5,True,0.9,True,5,7.300155878067017,68.09,141,96,45,
umeh_dhernangdri_high quality(1),umeh_dhernangdri_high quality(1) - page 2,Ume_Druma,layout,0.7,2.5,2.5,False,0.1,True,7,5.423995018005371,67.15,137,92,45,
umeh_dhernangdri_high quality(1),umeh_dhernangdri_high quality(1) - page 2,Ume_Druma,layout,0.7,2.5,2.5,False,0.25,True,7,5.3943164348602295,67.15,137,92,45,
umeh_dhernangdri_high quality(1),umeh_dhernangdri_high quality(1) - page 2,Ume_Druma,layout,0.7,2.5,2.5,False,0.5,True,7,5.387838363647461,67.15,137,92,45,
umeh_dhernangdri_high quality(1),umeh_dhernangdri_high quality(1) - page 2,Ume_Druma,layout,0.7,2.5,2.5,False,0.9,True,7,5.532758712768555,67.15,137,92,45,
umeh_dhernangdri_high quality(1),umeh_dhernangdri_high quality(1) - page 2,Ume_Druma,layout,0.7,2.5,3.5,True,0.1,True,5,5.287034034729004,59.86,142,85,57,
umeh_dhernangdri_high quality(1),umeh_dhernangdri_high quality(1) - page 2,Ume_Druma,layout,0.7,2.5,3.5,True,0.25,True,5,5.321954250335693,59.86,142,85,57,
umeh_dhernangdri_high quality(1),umeh_dhernangdri_high quality(1) - page 2,Ume_Druma,layout,0.7,2.5,3.5,True,0.5,True,5,5.287547588348389,59.86,142,85,57,
umeh_dhernangdri_high quality(1),umeh_dhernangdri_high quality(1) - page 2,Ume_Druma,layout,0.7,2.5,3.5,True,0.9,True,5,5.399404525756836,59.86,142,85,57,
umeh_dhernangdri_high quality(1),umeh_dhernangdri_high quality(1) - page 2,Ume_Druma,layout,0.7,2.5,3.5,False,0.1,True,7,5.538542747497559,59.44,143,85,58,
umeh_dhernangdri_high quality(1),umeh_dhernangdri_high quality(1) - page 2,Ume_Druma,layout,0.7,2.5,3.5,False,0.25,True,7,5.545152902603149,59.44,143,85,58,
umeh_dhernangdri_high quality(1),umeh_dhernangdri_high quality(1) - page 2,Ume_Druma,layout,0.7,2.5,3.5,False,0.5,True,7,5.488166093826294,59.44,143,85,58,
umeh_dhernangdri_high quality(1),umeh_dhernangdri_high quality(1) - page 2,Ume_Druma,layout,0.7,2.5,3.5,False,0.9,True,7,5.537065029144287,59.44,143,85,58,
umeh_dhernangdri_high quality(1),umeh_dhernangdri_high quality(1) - page 2,Ume_Druma,layout,0.7,2.5,4.0,True,0.1,True,5,5.335558652877808,65.94,138,91,47,
umeh_dhernangdri_high quality(1),umeh_dhernangdri_high quality(1) - page 2,Ume_Druma,layout,0.7,2.5,4.0,True,0.25,True,5,5.359243869781494,65.94,138,91,47,
umeh_dhernangdri_high quality(1),umeh_dhernangdri_high quality(1) - page 2,Ume_Druma,layout,0.7,2.5,4.0,True,0.5,True,5,5.312882900238037,65.94,138,91,47,
umeh_dhernangdri_high quality(1),umeh_dhernangdri_high quality(1) - page 2,Ume_Druma,layout,0.7,2.5,4.0,True,0.9,True,5,5.377522945404053,65.94,138,91,47,
umeh_dhernangdri_high quality(1),umeh_dhernangdri_high quality(1) - page 2,Ume_Druma,layout,0.7,2.5,4.0,False,0.1,True,7,7.814513444900513,66.43,140,93,47,
umeh_dhernangdri_high quality(1),umeh_dhernangdri_high quality(1) - page 2,Ume_Druma,layout,0.7,2.5,4.0,False,0.25,True,7,5.45881724357605,66.43,140,93,47,
umeh_dhernangdri_high quality(1),umeh_dhernangdri_high quality(1) - page 2,Ume_Druma,layout,0.7,2.5,4.0,False,0.5,True,7,5.486614942550659,66.43,140,93,47,
umeh_dhernangdri_high quality(1),umeh_dhernangdri_high quality(1) - page 2,Ume_Druma,layout,0.7,2.5,4.0,False,0.9,True,7,5.615706443786621,66.43,140,93,47,
umeh_dhernangdri_high quality(1),umeh_dhernangdri_high quality(1) - page 2,Ume_Druma,layout,0.7,2.5,5.0,True,0.1,True,5,6.086788177490234,63.91,133,85,48,
umeh_dhernangdri_high quality(1),umeh_dhernangdri_high quality(1) - page 2,Ume_Druma,layout,0.7,2.5,5.0,True,0.25,True,5,5.904160737991333,63.91,133,85,48,
umeh_dhernangdri_high quality(1),umeh_dhernangdri_high quality(1) - page 2,Ume_Druma,layout,0.7,2.5,5.0,True,0.5,True,5,5.822036504745483,63.91,133,85,48,
umeh_dhernangdri_high quality(1),umeh_dhernangdri_high quality(1) - page 2,Ume_Druma,layout,0.7,2.5,5.0,True,0.9,True,5,5.792737007141113,63.91,133,85,48,
umeh_dhernangdri_high quality(1),umeh_dhernangdri_high quality(1) - page 2,Ume_Druma,layout,0.7,2.5,5.0,False,0.1,True,7,6.104766368865967,61.48,135,83,52,
umeh_dhernangdri_high quality(1),umeh_dhernangdri_high quality(1) - page 2,Ume_Druma,layout,0.7,2.5,5.0,False,0.25,True,7,6.098823308944702,61.48,135,83,52,
umeh_dhernangdri_high quality(1),umeh_dhernangdri_high quality(1) - page 2,Ume_Druma,layout,0.7,2.5,5.0,False,0.5,True,7,6.2225823402404785,61.48,135,83,52,
umeh_dhernangdri_high quality(1),umeh_dhernangdri_high quality(1) - page 2,Ume_Druma,layout,0.7,2.5,5.0,False,0.9,True,7,6.106604337692261,61.48,135,83,52,
umeh_dhernangdri_high quality(1),umeh_dhernangdri_high quality(1) - page 2,Ume_Druma,layout,0.7,3.0,2.5,True,0.1,True,5,5.636823415756226,66.18,136,90,46,
umeh_dhernangdri_high quality(1),umeh_dhernangdri_high quality(1) - page 2,Ume_Druma,layout,0.7,3.0,2.5,True,0.25,True,5,7.90278697013855,66.18,136,90,46,
umeh_dhernangdri_high quality(1),umeh_dhernangdri_high quality(1) - page 2,Ume_Druma,layout,0.7,3.0,2.5,True,0.5,True,5,5.5633463859558105,66.18,136,90,46,
umeh_dhernangdri_high quality(1),umeh_dhernangdri_high quality(1) - page 2,Ume_Druma,layout,0.7,3.0,2.5,True,0.9,True,5,5.525916814804077,66.18,136,90,46,
umeh_dhernangdri_high quality(1),umeh_dhernangdri_high quality(1) - page 2,Ume_Druma,layout,0.7,3.0,2.5,False,0.1,True,7,5.644043207168579,67.15,137,92,45,
umeh_dhernangdri_high quality(1),umeh_dhernangdri_high quality(1) - page 2,Ume_Druma,layout,0.7,3.0,2.5,False,0.25,True,7,5.731426954269409,67.15,137,92,45,
umeh_dhernangdri_high quality(1),umeh_dhernangdri_high quality(1) - page 2,Ume_Druma,layout,0.7,3.0,2.5,False,0.5,True,7,5.740003347396851,67.15,137,92,45,
umeh_dhernangdri_high quality(1),umeh_dhernangdri_high quality(1) - page 2,Ume_Druma,layout,0.7,3.0,2.5,False,0.9,True,7,5.843978404998779,67.15,137,92,45,
umeh_dhernangdri_high quality(1),umeh_dhernangdri_high quality(1) - page 2,Ume_Druma,layout,0.7,3.0,3.5,True,0.1,True,5,5.700893878936768,59.42,138,82,56,
umeh_dhernangdri_high quality(1),umeh_dhernangdri_high quality(1) - page 2,Ume_Druma,layout,0.7,3.0,3.5,True,0.25,True,5,5.695138931274414,59.42,138,82,56,
umeh_dhernangdri_high quality(1),umeh_dhernangdri_high quality(1) - page 2,Ume_Druma,layout,0.7,3.0,3.5,True,0.5,True,5,5.633051872253418,59.42,138,82,56,
umeh_dhernangdri_high quality(1),umeh_dhernangdri_high quality(1) - page 2,Ume_Druma,layout,0.7,3.0,3.5,True,0.9,True,5,5.681613922119141,59.42,138,82,56,
umeh_dhernangdri_high quality(1),umeh_dhernangdri_high quality(1) - page 2,Ume_Druma,layout,0.7,3.0,3.5,False,0.1,True,7,5.975207090377808,59.44,143,85,58,
umeh_dhernangdri_high quality(1),umeh_dhernangdri_high quality(1) - page 2,Ume_Druma,layout,0.7,3.0,3.5,False,0.25,True,7,5.641723394393921,59.44,143,85,58,
umeh_dhernangdri_high quality(1),umeh_dhernangdri_high quality(1) - page 2,Ume_Druma,layout,0.7,3.0,3.5,False,0.5,True,7,5.687893629074097,59.44,143,85,58,
umeh_dhernangdri_high quality(1),umeh_dhernangdri_high quality(1) - page 2,Ume_Druma,layout,0.7,3.0,3.5,False,0.9,True,7,5.706407308578491,59.44,143,85,58,
umeh_dhernangdri_high quality(1),umeh_dhernangdri_high quality(1) - page 2,Ume_Druma,layout,0.7,3.0,4.0,True,0.1,True,5,5.712943077087402,66.67,138,92,46,
umeh_dhernangdri_high quality(1),umeh_dhernangdri_high quality(1) - page 2,Ume_Druma,layout,0.7,3.0,4.0,True,0.25,True,5,5.651179552078247,66.67,138,92,46,
umeh_dhernangdri_high quality(1),umeh_dhernangdri_high quality(1) - page 2,Ume_Druma,layout,0.7,3.0,4.0,True,0.5,True,5,5.654034376144409,66.67,138,92,46,
umeh_dhernangdri_high quality(1),umeh_dhernangdri_high quality(1) - page 2,Ume_Druma,layout,0.7,3.0,4.0,True,0.9,True,5,5.7346601486206055,66.67,138,92,46,
umeh_dhernangdri_high quality(1),umeh_dhernangdri_high quality(1) - page 2,Ume_Druma,layout,0.7,3.0,4.0,False,0.1,True,7,5.751773357391357,66.43,140,93,47,
umeh_dhernangdri_high quality(1),umeh_dhernangdri_high quality(1) - page 2,Ume_Druma,layout,0.7,3.0,4.0,False,0.25,True,7,5.76265811920166,66.43,140,93,47,
umeh_dhernangdri_high quality(1),umeh_dhernangdri_high quality(1) - page 2,Ume_Druma,layout,0.7,3.0,4.0,False,0.5,True,7,5.873546361923218,66.43,140,93,47,
umeh_dhernangdri_high quality(1),umeh_dhernangdri_high quality(1) - page 2,Ume_Druma,layout,0.7,3.0,4.0,False,0.9,True,7,5.797907114028931,66.43,140,93,47,
umeh_dhernangdri_high quality(1),umeh_dhernangdri_high quality(1) - page 2,Ume_Druma,layout,0.7,3.0,5.0,True,0.1,True,5,6.0695154666900635,63.91,133,85,48,
umeh_dhernangdri_high quality(1),umeh_dhernangdri_high quality(1) - page 2,Ume_Druma,layout,0.7,3.0,5.0,True,0.25,True,5,6.014471054077148,63.91,133,85,48,
umeh_dhernangdri_high quality(1),umeh_dhernangdri_high quality(1) - page 2,Ume_Druma,layout,0.7,3.0,5.0,True,0.5,True,5,6.006616115570068,63.91,133,85,48,
umeh_dhernangdri_high quality(1),umeh_dhernangdri_high quality(1) - page 2,Ume_Druma,layout,0.7,3.0,5.0,True,0.9,True,5,6.280907392501831,63.91,133,85,48,
umeh_dhernangdri_high quality(1),umeh_dhernangdri_high quality(1) - page 2,Ume_Druma,layout,0.7,3.0,5.0,False,0.1,True,7,6.201398134231567,61.48,135,83,52,
umeh_dhernangdri_high quality(1),umeh_dhernangdri_high quality(1) - page 2,Ume_Druma,layout,0.7,3.0,5.0,False,0.25,True,7,6.2905049324035645,61.48,135,83,52,
umeh_dhernangdri_high quality(1),umeh_dhernangdri_high quality(1) - page 2,Ume_Druma,layout,0.7,3.0,5.0,False,0.5,True,7,6.2701256275177,61.48,135,83,52,
umeh_dhernangdri_high quality(1),umeh_dhernangdri_high quality(1) - page 2,Ume_Druma,layout,0.7,3.0,5.0,False,0.9,True,7,6.2500364780426025,61.48,135,83,52,
umeh_dhernangdri_high quality(1),umeh_dhernangdri_high quality(1) - page 2,Ume_Druma,layout,0.8,2.0,2.5,True,0.1,True,5,5.054649829864502,65.69,137,90,47,
umeh_dhernangdri_high quality(1),umeh_dhernangdri_high quality(1) - page 2,Ume_Druma,layout,0.8,2.0,2.5,True,0.25,True,5,5.155775547027588,65.69,137,90,47,
umeh_dhernangdri_high quality(1),umeh_dhernangdri_high quality(1) - page 2,Ume_Druma,layout,0.8,2.0,2.5,True,0.5,True,5,5.129190921783447,65.69,137,90,47,
umeh_dhernangdri_high quality(1),umeh_dhernangdri_high quality(1) - page 2,Ume_Druma,layout,0.8,2.0,2.5,True,0.9,True,5,5.144847631454468,65.69,137,90,47,
umeh_dhernangdri_high quality(1),umeh_dhernangdri_high quality(1) - page 2,Ume_Druma,layout,0.8,2.0,2.5,False,0.1,True,7,5.468269348144531,67.15,137,92,45,
umeh_dhernangdri_high quality(1),umeh_dhernangdri_high quality(1) - page 2,Ume_Druma,layout,0.8,2.0,2.5,False,0.25,True,7,5.5918543338775635,67.15,137,92,45,
umeh_dhernangdri_high quality(1),umeh_dhernangdri_high quality(1) - page 2,Ume_Druma,layout,0.8,2.0,2.5,False,0.5,True,7,5.472916603088379,67.15,137,92,45,
umeh_dhernangdri_high quality(1),umeh_dhernangdri_high quality(1) - page 2,Ume_Druma,layout,0.8,2.0,2.5,False,0.9,True,7,5.47217869758606,67.15,137,92,45,
umeh_dhernangdri_high quality(1),umeh_dhernangdri_high quality(1) - page 2,Ume_Druma,layout,0.8,2.0,3.5,True,0.1,True,5,5.2217724323272705,59.86,142,85,57,
umeh_dhernangdri_high quality(1),umeh_dhernangdri_high quality(1) - page 2,Ume_Druma,layout,0.8,2.0,3.5,True,0.25,True,5,5.124928951263428,59.86,142,85,57,
umeh_dhernangdri_high quality(1),umeh_dhernangdri_high quality(1) - page 2,Ume_Druma,layout,0.8,2.0,3.5,True,0.5,True,5,5.114842176437378,59.86,142,85,57,
umeh_dhernangdri_high quality(1),umeh_dhernangdri_high quality(1) - page 2,Ume_Druma,layout,0.8,2.0,3.5,True,0.9,True,5,5.114815950393677,59.86,142,85,57,
umeh_dhernangdri_high quality(1),umeh_dhernangdri_high quality(1) - page 2,Ume_Druma,layout,0.8,2.0,3.5,False,0.1,True,7,5.3847975730896,59.44,143,85,58,
umeh_dhernangdri_high quality(1),umeh_dhernangdri_high quality(1) - page 2,Ume_Druma,layout,0.8,2.0,3.5,False,0.25,True,7,5.381932020187378,59.44,143,85,58,
umeh_dhernangdri_high quality(1),umeh_dhernangdri_high quality(1) - page 2,Ume_Druma,layout,0.8,2.0,3.5,False,0.5,True,7,5.384931564331055,59.44,143,85,58,
umeh_dhernangdri_high quality(1),umeh_dhernangdri_high quality(1) - page 2,Ume_Druma,layout,0.8,2.0,3.5,False,0.9,True,7,5.408886194229126,59.44,143,85,58,
umeh_dhernangdri_high quality(1),umeh_dhernangdri_high quality(1) - page 2,Ume_Druma,layout,0.8,2.0,4.0,True,0.1,True,5,6.134477138519287,65.94,138,91,47,
umeh_dhernangdri_high quality(1),umeh_dhernangdri_high quality(1) - page 2,Ume_Druma,layout,0.8,2.0,4.0,True,0.25,True,5,5.148212432861328,65.94,138,91,47,
umeh_dhernangdri_high quality(1),umeh_dhernangdri_high quality(1) - page 2,Ume_Druma,layout,0.8,2.0,4.0,True,0.5,True,5,5.195720911026001,65.94,138,91,47,
umeh_dhernangdri_high quality(1),umeh_dhernangdri_high quality(1) - page 2,Ume_Druma,layout,0.8,2.0,4.0,True,0.9,True,5,5.3577845096588135,65.94,138,91,47,
umeh_dhernangdri_high quality(1),umeh_dhernangdri_high quality(1) - page 2,Ume_Druma,layout,0.8,2.0,4.0,False,0.1,True,7,5.496291637420654,66.43,140,93,47,
umeh_dhernangdri_high quality(1),umeh_dhernangdri_high quality(1) - page 2,Ume_Druma,layout,0.8,2.0,4.0,False,0.25,True,7,5.468374490737915,66.43,140,93,47,
umeh_dhernangdri_high quality(1),umeh_dhernangdri_high quality(1) - page 2,Ume_Druma,layout,0.8,2.0,4.0,False,0.5,True,7,5.4637367725372314,66.43,140,93,47,
umeh_dhernangdri_high quality(1),umeh_dhernangdri_high quality(1) - page 2,Ume_Druma,layout,0.8,2.0,4.0,False,0.9,True,7,5.472982168197632,66.43,140,93,47,
umeh_dhernangdri_high quality(1),umeh_dhernangdri_high quality(1) - page 2,Ume_Druma,layout,0.8,2.0,5.0,True,0.1,True,5,5.79931902885437,60.94,128,78,50,
umeh_dhernangdri_high quality(1),umeh_dhernangdri_high quality(1) - page 2,Ume_Druma,layout,0.8,2.0,5.0,True,0.25,True,5,5.707786321640015,60.94,128,78,50,
umeh_dhernangdri_high quality(1),umeh_dhernangdri_high quality(1) - page 2,Ume_Druma,layout,0.8,2.0,5.0,True,0.5,True,5,5.728052377700806,60.94,128,78,50,
umeh_dhernangdri_high quality(1),umeh_dhernangdri_high quality(1) - page 2,Ume_Druma,layout,0.8,2.0,5.0,True,0.9,True,5,5.763349533081055,60.94,128,78,50,
umeh_dhernangdri_high quality(1),umeh_dhernangdri_high quality(1) - page 2,Ume_Druma,layout,0.8,2.0,5.0,False,0.1,True,7,5.968220472335815,58.65,133,78,55,
umeh_dhernangdri_high quality(1),umeh_dhernangdri_high quality(1) - page 2,Ume_Druma,layout,0.8,2.0,5.0,False,0.25,True,7,8.98592209815979,58.65,133,78,55,
umeh_dhernangdri_high quality(1),umeh_dhernangdri_high quality(1) - page 2,Ume_Druma,layout,0.8,2.0,5.0,False,0.5,True,7,8.63508677482605,58.65,133,78,55,
umeh_dhernangdri_high quality(1),umeh_dhernangdri_high quality(1) - page 2,Ume_Druma,layout,0.8,2.0,5.0,False,0.9,True,7,6.314598560333252,58.65,133,78,55,
umeh_dhernangdri_high quality(1),umeh_dhernangdri_high quality(1) - page 2,Ume_Druma,layout,0.8,2.5,2.5,True,0.1,True,5,7.513734579086304,68.09,141,96,45,
umeh_dhernangdri_high quality(1),umeh_dhernangdri_high quality(1) - page 2,Ume_Druma,layout,0.8,2.5,2.5,True,0.25,True,5,7.466304779052734,68.09,141,96,45,
umeh_dhernangdri_high quality(1),umeh_dhernangdri_high quality(1) - page 2,Ume_Druma,layout,0.8,2.5,2.5,True,0.5,True,5,5.1439032554626465,68.09,141,96,45,
umeh_dhernangdri_high quality(1),umeh_dhernangdri_high quality(1) - page 2,Ume_Druma,layout,0.8,2.5,2.5,True,0.9,True,5,5.138412952423096,68.09,141,96,45,
umeh_dhernangdri_high quality(1),umeh_dhernangdri_high quality(1) - page 2,Ume_Druma,layout,0.8,2.5,2.5,False,0.1,True,7,5.417812824249268,67.15,137,92,45,
umeh_dhernangdri_high quality(1),umeh_dhernangdri_high quality(1) - page 2,Ume_Druma,layout,0.8,2.5,2.5,False,0.25,True,7,5.409129619598389,67.15,137,92,45,
umeh_dhernangdri_high quality(1),umeh_dhernangdri_high quality(1) - page 2,Ume_Druma,layout,0.8,2.5,2.5,False,0.5,True,7,5.566470623016357,67.15,137,92,45,
umeh_dhernangdri_high quality(1),umeh_dhernangdri_high quality(1) - page 2,Ume_Druma,layout,0.8,2.5,2.5,False,0.9,True,7,5.672776699066162,67.15,137,92,45,
umeh_dhernangdri_high quality(1),umeh_dhernangdri_high quality(1) - page 2,Ume_Druma,layout,0.8,2.5,3.5,True,0.1,True,5,5.321229696273804,59.86,142,85,57,
umeh_dhernangdri_high quality(1),umeh_dhernangdri_high quality(1) - page 2,Ume_Druma,layout,0.8,2.5,3.5,True,0.25,True,5,5.267189025878906,59.86,142,85,57,
umeh_dhernangdri_high quality(1),umeh_dhernangdri_high quality(1) - page 2,Ume_Druma,layout,0.8,2.5,3.5,True,0.5,True,5,5.26880669593811,59.86,142,85,57,
umeh_dhernangdri_high quality(1),umeh_dhernangdri_high quality(1) - page 2,Ume_Druma,layout,0.8,2.5,3.5,True,0.9,True,5,5.29821515083313,59.86,142,85,57,
umeh_dhernangdri_high quality(1),umeh_dhernangdri_high quality(1) - page 2,Ume_Druma,layout,0.8,2.5,3.5,False,0.1,True,7,5.527048826217651,59.44,143,85,58,
umeh_dhernangdri_high quality(1),umeh_dhernangdri_high quality(1) - page 2,Ume_Druma,layout,0.8,2.5,3.5,False,0.25,True,7,5.528406381607056,59.44,143,85,58,
umeh_dhernangdri_high quality(1),umeh_dhernangdri_high quality(1) - page 2,Ume_Druma,layout,0.8,2.5,3.5,False,0.5,True,7,5.5421953201293945,59.44,143,85,58,
umeh_dhernangdri_high quality(1),umeh_dhernangdri_high quality(1) - page 2,Ume_Druma,layout,0.8,2.5,3.5,False,0.9,True,7,5.5430943965911865,59.44,143,85,58,
umeh_dhernangdri_high quality(1),umeh_dhernangdri_high quality(1) - page 2,Ume_Druma,layout,0.8,2.5,4.0,True,0.1,True,5,5.477341890335083,65.94,138,91,47,
umeh_dhernangdri_high quality(1),umeh_dhernangdri_high quality(1) - page 2,Ume_Druma,layout,0.8,2.5,4.0,True,0.25,True,5,5.353708982467651,65.94,138,91,47,
umeh_dhernangdri_high quality(1),umeh_dhernangdri_high quality(1) - page 2,Ume_Druma,layout,0.8,2.5,4.0,True,0.5,True,5,5.450364828109741,65.94,138,91,47,
umeh_dhernangdri_high quality(1),umeh_dhernangdri_high quality(1) - page 2,Ume_Druma,layout,0.8,2.5,4.0,True,0.9,True,5,5.348045825958252,65.94,138,91,47,
umeh_dhernangdri_high quality(1),umeh_dhernangdri_high quality(1) - page 2,Ume_Druma,layout,0.8,2.5,4.0,False,0.1,True,7,5.619200706481934,66.43,140,93,47,
umeh_dhernangdri_high quality(1),umeh_dhernangdri_high quality(1) - page 2,Ume_Druma,layout,0.8,2.5,4.0,False,0.25,True,7,5.606112480163574,66.43,140,93,47,
umeh_dhernangdri_high quality(1),umeh_dhernangdri_high quality(1) - page 2,Ume_Druma,layout,0.8,2.5,4.0,False,0.5,True,7,5.628486156463623,66.43,140,93,47,
umeh_dhernangdri_high quality(1),umeh_dhernangdri_high quality(1) - page 2,Ume_Druma,layout,0.8,2.5,4.0,False,0.9,True,7,5.600558042526245,66.43,140,93,47,
umeh_dhernangdri_high quality(1),umeh_dhernangdri_high quality(1) - page 2,Ume_Druma,layout,0.8,2.5,5.0,True,0.1,True,5,5.885136842727661,63.91,133,85,48,
umeh_dhernangdri_high quality(1),umeh_dhernangdri_high quality(1) - page 2,Ume_Druma,layout,0.8,2.5,5.0,True,0.25,True,5,5.8117406368255615,63.91,133,85,48,
umeh_dhernangdri_high quality(1),umeh_dhernangdri_high quality(1) - page 2,Ume_Druma,layout,0.8,2.5,5.0,True,0.5,True,5,5.9129321575164795,63.91,133,85,48,
umeh_dhernangdri_high quality(1),umeh_dhernangdri_high quality(1) - page 2,Ume_Druma,layout,0.8,2.5,5.0,True,0.9,True,5,5.775991439819336,63.91,133,85,48,
umeh_dhernangdri_high quality(1),umeh_dhernangdri_high quality(1) - page 2,Ume_Druma,layout,0.8,2.5,5.0,False,0.1,True,7,6.092204809188843,61.48,135,83,52,
umeh_dhernangdri_high quality(1),umeh_dhernangdri_high quality(1) - page 2,Ume_Druma,layout,0.8,2.5,5.0,False,0.25,True,7,6.186243772506714,61.48,135,83,52,
umeh_dhernangdri_high quality(1),umeh_dhernangdri_high quality(1) - page 2,Ume_Druma,layout,0.8,2.5,5.0,False,0.5,True,7,6.2306132316589355,61.48,135,83,52,
umeh_dhernangdri_high quality(1),umeh_dhernangdri_high quality(1) - page 2,Ume_Druma,layout,0.8,2.5,5.0,False,0.9,True,7,6.094058990478516,61.48,135,83,52,
umeh_dhernangdri_high quality(1),umeh_dhernangdri_high quality(1) - page 2,Ume_Druma,layout,0.8,3.0,2.5,True,0.1,True,5,5.714644193649292,66.18,136,90,46,
umeh_dhernangdri_high quality(1),umeh_dhernangdri_high quality(1) - page 2,Ume_Druma,layout,0.8,3.0,2.5,True,0.25,True,5,5.6377341747283936,66.18,136,90,46,
umeh_dhernangdri_high quality(1),umeh_dhernangdri_high quality(1) - page 2,Ume_Druma,layout,0.8,3.0,2.5,True,0.5,True,5,5.631872653961182,66.18,136,90,46,
umeh_dhernangdri_high quality(1),umeh_dhernangdri_high quality(1) - page 2,Ume_Druma,layout,0.8,3.0,2.5,True,0.9,True,5,5.64521861076355,66.18,136,90,46,
umeh_dhernangdri_high quality(1),umeh_dhernangdri_high quality(1) - page 2,Ume_Druma,layout,0.8,3.0,2.5,False,0.1,True,7,8.342761039733887,67.15,137,92,45,
umeh_dhernangdri_high quality(1),umeh_dhernangdri_high quality(1) - page 2,Ume_Druma,layout,0.8,3.0,2.5,False,0.25,True,7,6.829363584518433,67.15,137,92,45,
umeh_dhernangdri_high quality(1),umeh_dhernangdri_high quality(1) - page 2,Ume_Druma,layout,0.8,3.0,2.5,False,0.5,True,7,5.635260105133057,67.15,137,92,45,
umeh_dhernangdri_high quality(1),umeh_dhernangdri_high quality(1) - page 2,Ume_Druma,layout,0.8,3.0,2.5,False,0.9,True,7,5.565815687179565,67.15,137,92,45,
umeh_dhernangdri_high quality(1),umeh_dhernangdri_high quality(1) - page 2,Ume_Druma,layout,0.8,3.0,3.5,True,0.1,True,5,5.575281620025635,59.42,138,82,56,
umeh_dhernangdri_high quality(1),umeh_dhernangdri_high quality(1) - page 2,Ume_Druma,layout,0.8,3.0,3.5,True,0.25,True,5,5.606208086013794,59.42,138,82,56,
umeh_dhernangdri_high quality(1),umeh_dhernangdri_high quality(1) - page 2,Ume_Druma,layout,0.8,3.0,3.5,True,0.5,True,5,5.636834383010864,59.42,138,82,56,
umeh_dhernangdri_high quality(1),umeh_dhernangdri_high quality(1) - page 2,Ume_Druma,layout,0.8,3.0,3.5,True,0.9,True,5,5.620987892150879,59.42,138,82,56,
umeh_dhernangdri_high quality(1),umeh_dhernangdri_high quality(1) - page 2,Ume_Druma,layout,0.8,3.0,3.5,False,0.1,True,7,6.538103103637695,59.44,143,85,58,
umeh_dhernangdri_high quality(1),umeh_dhernangdri_high quality(1) - page 2,Ume_Druma,layout,0.8,3.0,3.5,False,0.25,True,7,5.644395351409912,59.44,143,85,58,
umeh_dhernangdri_high quality(1),umeh_dhernangdri_high quality(1) - page 2,Ume_Druma,layout,0.8,3.0,3.5,False,0.5,True,7,5.716504812240601,59.44,143,85,58,
umeh_dhernangdri_high quality(1),umeh_dhernangdri_high quality(1) - page 2,Ume_Druma,layout,0.8,3.0,3.5,False,0.9,True,7,5.702285051345825,59.44,143,85,58,
umeh_dhernangdri_high quality(1),umeh_dhernangdri_high quality(1) - page 2,Ume_Druma,layout,0.8,3.0,4.0,True,0.1,True,5,5.743879556655884,66.67,138,92,46,
umeh_dhernangdri_high quality(1),umeh_dhernangdri_high quality(1) - page 2,Ume_Druma,layout,0.8,3.0,4.0,True,0.25,True,5,5.708723306655884,66.67,138,92,46,
umeh_dhernangdri_high quality(1),umeh_dhernangdri_high quality(1) - page 2,Ume_Druma,layout,0.8,3.0,4.0,True,0.5,True,5,5.6563591957092285,66.67,138,92,46,
umeh_dhernangdri_high quality(1),umeh_dhernangdri_high quality(1) - page 2,Ume_Druma,layout,0.8,3.0,4.0,True,0.9,True,5,5.664273500442505,66.67,138,92,46,
umeh_dhernangdri_high quality(1),umeh_dhernangdri_high quality(1) - page 2,Ume_Druma,layout,0.8,3.0,4.0,False,0.1,True,7,5.7443437576293945,66.43,140,93,47,
umeh_dhernangdri_high quality(1),umeh_dhernangdri_high quality(1) - page 2,Ume_Druma,layout,0.8,3.0,4.0,False,0.25,True,7,5.758610010147095,66.43,140,93,47,
umeh_dhernangdri_high quality(1),umeh_dhernangdri_high quality(1) - page 2,Ume_Druma,layout,0.8,3.0,4.0,False,0.5,True,7,5.777180194854736,66.43,140,93,47,
umeh_dhernangdri_high quality(1),umeh_dhernangdri_high quality(1) - page 2,Ume_Druma,layout,0.8,3.0,4.0,False,0.9,True,7,5.745524644851685,66.43,140,93,47,
umeh_dhernangdri_high quality(1),umeh_dhernangdri_high quality(1) - page 2,Ume_Druma,layout,0.8,3.0,5.0,True,0.1,True,5,6.054548501968384,63.91,133,85,48,
umeh_dhernangdri_high quality(1),umeh_dhernangdri_high quality(1) - page 2,Ume_Druma,layout,0.8,3.0,5.0,True,0.25,True,5,5.991743803024292,63.91,133,85,48,
umeh_dhernangdri_high quality(1),umeh_dhernangdri_high quality(1) - page 2,Ume_Druma,layout,0.8,3.0,5.0,True,0.5,True,5,8.635233163833618,63.91,133,85,48,
umeh_dhernangdri_high quality(1),umeh_dhernangdri_high quality(1) - page 2,Ume_Druma,layout,0.8,3.0,5.0,True,0.9,True,5,6.0473692417144775,63.91,133,85,48,
umeh_dhernangdri_high quality(1),umeh_dhernangdri_high quality(1) - page 2,Ume_Druma,layout,0.8,3.0,5.0,False,0.1,True,7,8.40439748764038,61.48,135,83,52,
umeh_dhernangdri_high quality(1),umeh_dhernangdri_high quality(1) - page 2,Ume_Druma,layout,0.8,3.0,5.0,False,0.25,True,7,6.272627353668213,61.48,135,83,52,
umeh_dhernangdri_high quality(1),umeh_dhernangdri_high quality(1) - page 2,Ume_Druma,layout,0.8,3.0,5.0,False,0.5,True,7,6.161712408065796,61.48,135,83,52,
umeh_dhernangdri_high quality(1),umeh_dhernangdri_high quality(1) - page 2,Ume_Druma,layout,0.8,3.0,5.0,False,0.9,True,7,6.158931255340576,61.48,135,83,52,
umeh_dhernangdri_high quality(1),umeh_dhernangdri_high quality(1) - page 2,Ume_Druma,layout,0.9,2.0,2.5,True,0.1,True,5,4.968857765197754,65.69,137,90,47,
umeh_dhernangdri_high quality(1),umeh_dhernangdri_high quality(1) - page 2,Ume_Druma,layout,0.9,2.0,2.5,True,0.25,True,5,5.105408191680908,65.69,137,90,47,
umeh_dhernangdri_high quality(1),umeh_dhernangdri_high quality(1) - page 2,Ume_Druma,layout,0.9,2.0,2.5,True,0.5,True,5,5.135792970657349,65.69,137,90,47,
umeh_dhernangdri_high quality(1),umeh_dhernangdri_high quality(1) - page 2,Ume_Druma,layout,0.9,2.0,2.5,True,0.9,True,5,5.1489691734313965,65.69,137,90,47,
umeh_dhernangdri_high quality(1),umeh_dhernangdri_high quality(1) - page 2,Ume_Druma,layout,0.9,2.0,2.5,False,0.1,True,7,5.485835313796997,67.15,137,92,45,
umeh_dhernangdri_high quality(1),umeh_dhernangdri_high quality(1) - page 2,Ume_Druma,layout,0.9,2.0,2.5,False,0.25,True,7,5.559976100921631,67.15,137,92,45,
umeh_dhernangdri_high quality(1),umeh_dhernangdri_high quality(1) - page 2,Ume_Druma,layout,0.9,2.0,2.5,False,0.5,True,7,5.474517345428467,67.15,137,92,45,
umeh_dhernangdri_high quality(1),umeh_dhernangdri_high quality(1) - page 2,Ume_Druma,layout,0.9,2.0,2.5,False,0.9,True,7,5.466975927352905,67.15,137,92,45,
umeh_dhernangdri_high quality(1),umeh_dhernangdri_high quality(1) - page 2,Ume_Druma,layout,0.9,2.0,3.5,True,0.1,True,5,5.11506462097168,59.86,142,85,57,
umeh_dhernangdri_high quality(1),umeh_dhernangdri_high quality(1) - page 2,Ume_Druma,layout,0.9,2.0,3.5,True,0.25,True,5,5.106822967529297,59.86,142,85,57,
umeh_dhernangdri_high quality(1),umeh_dhernangdri_high quality(1) - page 2,Ume_Druma,layout,0.9,2.0,3.5,True,0.5,True,5,5.113009929656982,59.86,142,85,57,
umeh_dhernangdri_high quality(1),umeh_dhernangdri_high quality(1) - page 2,Ume_Druma,layout,0.9,2.0,3.5,True,0.9,True,5,5.109936952590942,59.86,142,85,57,
umeh_dhernangdri_high quality(1),umeh_dhernangdri_high quality(1) - page 2,Ume_Druma,layout,0.9,2.0,3.5,False,0.1,True,7,5.493710279464722,59.44,143,85,58,
umeh_dhernangdri_high quality(1),umeh_dhernangdri_high quality(1) - page 2,Ume_Druma,layout,0.9,2.0,3.5,False,0.25,True,7,5.4226014614105225,59.44,143,85,58,
umeh_dhernangdri_high quality(1),umeh_dhernangdri_high quality(1) - page 2,Ume_Druma,layout,0.9,2.0,3.5,False,0.5,True,7,5.398312568664551,59.44,143,85,58,
umeh_dhernangdri_high quality(1),umeh_dhernangdri_high quality(1) - page 2,Ume_Druma,layout,0.9,2.0,3.5,False,0.9,True,7,5.406996965408325,59.44,143,85,58,
umeh_dhernangdri_high quality(1),umeh_dhernangdri_high quality(1) - page 2,Ume_Druma,layout,0.9,2.0,4.0,True,0.1,True,5,5.293753623962402,65.94,138,91,47,
umeh_dhernangdri_high quality(1),umeh_dhernangdri_high quality(1) - page 2,Ume_Druma,layout,0.9,2.0,4.0,True,0.25,True,5,5.221922397613525,65.94,138,91,47,
umeh_dhernangdri_high quality(1),umeh_dhernangdri_high quality(1) - page 2,Ume_Druma,layout,0.9,2.0,4.0,True,0.5,True,5,5.206460237503052,65.94,138,91,47,
umeh_dhernangdri_high quality(1),umeh_dhernangdri_high quality(1) - page 2,Ume_Druma,layout,0.9,2.0,4.0,True,0.9,True,5,5.20269513130188,65.94,138,91,47,
umeh_dhernangdri_high quality(1),umeh_dhernangdri_high quality(1) - page 2,Ume_Druma,layout,0.9,2.0,4.0,False,0.1,True,7,5.4803831577301025,66.43,140,93,47,
umeh_dhernangdri_high quality(1),umeh_dhernangdri_high quality(1) - page 2,Ume_Druma,layout,0.9,2.0,4.0,False,0.25,True,7,7.2216715812683105,66.43,140,93,47,
umeh_dhernangdri_high quality(1),umeh_dhernangdri_high quality(1) - page 2,Ume_Druma,layout,0.9,2.0,4.0,False,0.5,True,7,8.059157371520996,66.43,140,93,47,
umeh_dhernangdri_high quality(1),umeh_dhernangdri_high quality(1) - page 2,Ume_Druma,layout,0.9,2.0,4.0,False,0.9,True,7,7.871575832366943,66.43,140,93,47,
umeh_dhernangdri_high quality(1),umeh_dhernangdri_high quality(1) - page 2,Ume_Druma,layout,0.9,2.0,5.0,True,0.1,True,5,5.626782178878784,60.94,128,78,50,
umeh_dhernangdri_high quality(1),umeh_dhernangdri_high quality(1) - page 2,Ume_Druma,layout,0.9,2.0,5.0,True,0.25,True,5,5.618761777877808,60.94,128,78,50,
umeh_dhernangdri_high quality(1),umeh_dhernangdri_high quality(1) - page 2,Ume_Druma,layout,0.9,2.0,5.0,True,0.5,True,5,5.819576263427734,60.94,128,78,50,
umeh_dhernangdri_high quality(1),umeh_dhernangdri_high quality(1) - page 2,Ume_Druma,layout,0.9,2.0,5.0,True,0.9,True,5,5.666953086853027,60.94,128,78,50,
umeh_dhernangdri_high quality(1),umeh_dhernangdri_high quality(1) - page 2,Ume_Druma,layout,0.9,2.0,5.0,False,0.1,True,7,6.277928113937378,58.65,133,78,55,
umeh_dhernangdri_high quality(1),umeh_dhernangdri_high quality(1) - page 2,Ume_Druma,layout,0.9,2.0,5.0,False,0.25,True,7,5.927196264266968,58.65,133,78,55,
umeh_dhernangdri_high quality(1),umeh_dhernangdri_high quality(1) - page 2,Ume_Druma,layout,0.9,2.0,5.0,False,0.5,True,7,6.036647319793701,58.65,133,78,55,
umeh_dhernangdri_high quality(1),umeh_dhernangdri_high quality(1) - page 2,Ume_Druma,layout,0.9,2.0,5.0,False,0.9,True,7,6.031559467315674,58.65,133,78,55,
umeh_dhernangdri_high quality(1),umeh_dhernangdri_high quality(1) - page 2,Ume_Druma,layout,0.9,2.5,2.5,True,0.1,True,5,5.268680810928345,68.09,141,96,45,
umeh_dhernangdri_high quality(1),umeh_dhernangdri_high quality(1) - page 2,Ume_Druma,layout,0.9,2.5,2.5,True,0.25,True,5,5.31229567527771,68.09,141,96,45,
umeh_dhernangdri_high quality(1),umeh_dhernangdri_high quality(1) - page 2,Ume_Druma,layout,0.9,2.5,2.5,True,0.5,True,5,5.325249195098877,68.09,141,96,45,
umeh_dhernangdri_high quality(1),umeh_dhernangdri_high quality(1) - page 2,Ume_Druma,layout,0.9,2.5,2.5,True,0.9,True,5,5.340904235839844,68.09,141,96,45,
umeh_dhernangdri_high quality(1),umeh_dhernangdri_high quality(1) - page 2,Ume_Druma,layout,0.9,2.5,2.5,False,0.1,True,7,5.591149091720581,67.15,137,92,45,
umeh_dhernangdri_high quality(1),umeh_dhernangdri_high quality(1) - page 2,Ume_Druma,layout,0.9,2.5,2.5,False,0.25,True,7,5.632124185562134,67.15,137,92,45,
umeh_dhernangdri_high quality(1),umeh_dhernangdri_high quality(1) - page 2,Ume_Druma,layout,0.9,2.5,2.5,False,0.5,True,7,5.681763410568237,67.15,137,92,45,
umeh_dhernangdri_high quality(1),umeh_dhernangdri_high quality(1) - page 2,Ume_Druma,layout,0.9,2.5,2.5,False,0.9,True,7,5.5792670249938965,67.15,137,92,45,
umeh_dhernangdri_high quality(1),umeh_dhernangdri_high quality(1) - page 2,Ume_Druma,layout,0.9,2.5,3.5,True,0.1,True,5,5.404697418212891,59.86,142,85,57,
umeh_dhernangdri_high quality(1),umeh_dhernangdri_high quality(1) - page 2,Ume_Druma,layout,0.9,2.5,3.5,True,0.25,True,5,5.275573492050171,59.86,142,85,57,
umeh_dhernangdri_high quality(1),umeh_dhernangdri_high quality(1) - page 2,Ume_Druma,layout,0.9,2.5,3.5,True,0.5,True,5,5.297950983047485,59.86,142,85,57,
umeh_dhernangdri_high quality(1),umeh_dhernangdri_high quality(1) - page 2,Ume_Druma,layout,0.9,2.5,3.5,True,0.9,True,5,5.308939456939697,59.86,142,85,57,
umeh_dhernangdri_high quality(1),umeh_dhernangdri_high quality(1) - page 2,Ume_Druma,layout,0.9,2.5,3.5,False,0.1,True,7,5.529163837432861,59.44,143,85,58,
umeh_dhernangdri_high quality(1),umeh_dhernangdri_high quality(1) - page 2,Ume_Druma,layout,0.9,2.5,3.5,False,0.25,True,7,5.550358772277832,59.44,143,85,58,
umeh_dhernangdri_high quality(1),umeh_dhernangdri_high quality(1) - page 2,Ume_Druma,layout,0.9,2.5,3.5,False,0.5,True,7,5.544262647628784,59.44,143,85,58,
umeh_dhernangdri_high quality(1),umeh_dhernangdri_high quality(1) - page 2,Ume_Druma,layout,0.9,2.5,3.5,False,0.9,True,7,5.681339263916016,59.44,143,85,58,
umeh_dhernangdri_high quality(1),umeh_dhernangdri_high quality(1) - page 2,Ume_Druma,layout,0.9,2.5,4.0,True,0.1,True,5,5.413907051086426,65.94,138,91,47,
umeh_dhernangdri_high quality(1),umeh_dhernangdri_high quality(1) - page 2,Ume_Druma,layout,0.9,2.5,4.0,True,0.25,True,5,5.335404634475708,65.94,138,91,47,
umeh_dhernangdri_high quality(1),umeh_dhernangdri_high quality(1) - page 2,Ume_Druma,layout,0.9,2.5,4.0,True,0.5,True,5,5.355520486831665,65.94,138,91,47,
umeh_dhernangdri_high quality(1),umeh_dhernangdri_high quality(1) - page 2,Ume_Druma,layout,0.9,2.5,4.0,True,0.9,True,5,5.353990077972412,65.94,138,91,47,
umeh_dhernangdri_high quality(1),umeh_dhernangdri_high quality(1) - page 2,Ume_Druma,layout,0.9,2.5,4.0,False,0.1,True,7,5.616743803024292,66.43,140,93,47,
umeh_dhernangdri_high quality(1),umeh_dhernangdri_high quality(1) - page 2,Ume_Druma,layout,0.9,2.5,4.0,False,0.25,True,7,5.612309694290161,66.43,140,93,47,
umeh_dhernangdri_high quality(1),umeh_dhernangdri_high quality(1) - page 2,Ume_Druma,layout,0.9,2.5,4.0,False,0.5,True,7,5.610170841217041,66.43,140,93,47,
umeh_dhernangdri_high quality(1),umeh_dhernangdri_high quality(1) - page 2,Ume_Druma,layout,0.9,2.5,4.0,False,0.9,True,7,5.732434272766113,66.43,140,93,47,
umeh_dhernangdri_high quality(1),umeh_dhernangdri_high quality(1) - page 2,Ume_Druma,layout,0.9,2.5,5.0,True,0.1,True,5,5.858719825744629,63.91,133,85,48,
umeh_dhernangdri_high quality(1),umeh_dhernangdri_high quality(1) - page 2,Ume_Druma,layout,0.9,2.5,5.0,True,0.25,True,5,6.24688720703125,63.91,133,85,48,
umeh_dhernangdri_high quality(1),umeh_dhernangdri_high quality(1) - page 2,Ume_Druma,layout,0.9,2.5,5.0,True,0.5,True,5,11.070027112960815,63.91,133,85,48,
umeh_dhernangdri_high quality(1),umeh_dhernangdri_high quality(1) - page 2,Ume_Druma,layout,0.9,2.5,5.0,True,0.9,True,5,9.649077653884888,63.91,133,85,48,
umeh_dhernangdri_high quality(1),umeh_dhernangdri_high quality(1) - page 2,Ume_Druma,layout,0.9,2.5,5.0,False,0.1,True,7,9.801317691802979,61.48,135,83,52,
umeh_dhernangdri_high quality(1),umeh_dhernangdri_high quality(1) - page 2,Ume_Druma,layout,0.9,2.5,5.0,False,0.25,True,7,9.99515986442566,61.48,135,83,52,
umeh_dhernangdri_high quality(1),umeh_dhernangdri_high quality(1) - page 2,Ume_Druma,layout,0.9,2.5,5.0,False,0.5,True,7,10.103352785110474,61.48,135,83,52,
umeh_dhernangdri_high quality(1),umeh_dhernangdri_high quality(1) - page 2,Ume_Druma,layout,0.9,2.5,5.0,False,0.9,True,7,10.873152494430542,61.48,135,83,52,
umeh_dhernangdri_high quality(1),umeh_dhernangdri_high quality(1) - page 2,Ume_Druma,layout,0.9,3.0,2.5,True,0.1,True,5,9.149473190307617,66.18,136,90,46,
umeh_dhernangdri_high quality(1),umeh_dhernangdri_high quality(1) - page 2,Ume_Druma,layout,0.9,3.0,2.5,True,0.25,True,5,9.49533486366272,66.18,136,90,46,
umeh_dhernangdri_high quality(1),umeh_dhernangdri_high quality(1) - page 2,Ume_Druma,layout,0.9,3.0,2.5,True,0.5,True,5,8.7889404296875,66.18,136,90,46,
umeh_dhernangdri_high quality(1),umeh_dhernangdri_high quality(1) - page 2,Ume_Druma,layout,0.9,3.0,2.5,True,0.9,True,5,9.355570077896118,66.18,136,90,46,
umeh_dhernangdri_high quality(1),umeh_dhernangdri_high quality(1) - page 2,Ume_Druma,layout,0.9,3.0,2.5,False,0.1,True,7,9.331348896026611,67.15,137,92,45,
umeh_dhernangdri_high quality(1),umeh_dhernangdri_high quality(1) - page 2,Ume_Druma,layout,0.9,3.0,2.5,False,0.25,True,7,9.276501417160034,67.15,137,92,45,
umeh_dhernangdri_high quality(1),umeh_dhernangdri_high quality(1) - page 2,Ume_Druma,layout,0.9,3.0,2.5,False,0.5,True,7,8.966377973556519,67.15,137,92,45,
umeh_dhernangdri_high quality(1),umeh_dhernangdri_high quality(1) - page 2,Ume_Druma,layout,0.9,3.0,2.5,False,0.9,True,7,9.755032777786255,67.15,137,92,45,
umeh_dhernangdri_high quality(1),umeh_dhernangdri_high quality(1) - page 2,Ume_Druma,layout,0.9,3.0,3.5,True,0.1,True,5,9.011600494384766,59.42,138,82,56,
umeh_dhernangdri_high quality(1),umeh_dhernangdri_high quality(1) - page 2,Ume_Druma,layout,0.9,3.0,3.5,True,0.25,True,5,8.881982326507568,59.42,138,82,56,
umeh_dhernangdri_high quality(1),umeh_dhernangdri_high quality(1) - page 2,Ume_Druma,layout,0.9,3.0,3.5,True,0.5,True,5,9.006974935531616,59.42,138,82,56,
umeh_dhernangdri_high quality(1),umeh_dhernangdri_high quality(1) - page 2,Ume_Druma,layout,0.9,3.0,3.5,True,0.9,True,5,9.62756061553955,59.42,138,82,56,
umeh_dhernangdri_high quality(1),umeh_dhernangdri_high quality(1) - page 2,Ume_Druma,layout,0.9,3.0,3.5,False,0.1,True,7,9.690138816833496,59.44,143,85,58,
umeh_dhernangdri_high quality(1),umeh_dhernangdri_high quality(1) - page 2,Ume_Druma,layout,0.9,3.0,3.5,False,0.25,True,7,8.945503234863281,59.44,143,85,58,
umeh_dhernangdri_high quality(1),umeh_dhernangdri_high quality(1) - page 2,Ume_Druma,layout,0.9,3.0,3.5,False,0.5,True,7,9.30038571357727,59.44,143,85,58,
umeh_dhernangdri_high quality(1),umeh_dhernangdri_high quality(1) - page 2,Ume_Druma,layout,0.9,3.0,3.5,False,0.9,True,7,9.099916934967041,59.44,143,85,58,
umeh_dhernangdri_high quality(1),umeh_dhernangdri_high quality(1) - page 2,Ume_Druma,layout,0.9,3.0,4.0,True,0.1,True,5,9.474189519882202,66.67,138,92,46,
umeh_dhernangdri_high quality(1),umeh_dhernangdri_high quality(1) - page 2,Ume_Druma,layout,0.9,3.0,4.0,True,0.25,True,5,9.160125255584717,66.67,138,92,46,
umeh_dhernangdri_high quality(1),umeh_dhernangdri_high quality(1) - page 2,Ume_Druma,layout,0.9,3.0,4.0,True,0.5,True,5,9.680195808410645,66.67,138,92,46,
umeh_dhernangdri_high quality(1),umeh_dhernangdri_high quality(1) - page 2,Ume_Druma,layout,0.9,3.0,4.0,True,0.9,True,5,9.86129903793335,66.67,138,92,46,
umeh_dhernangdri_high quality(1),umeh_dhernangdri_high quality(1) - page 2,Ume_Druma,layout,0.9,3.0,4.0,False,0.1,True,7,9.749436378479004,66.43,140,93,47,
umeh_dhernangdri_high quality(1),umeh_dhernangdri_high quality(1) - page 2,Ume_Druma,layout,0.9,3.0,4.0,False,0.25,True,7,9.39234733581543,66.43,140,93,47,
umeh_dhernangdri_high quality(1),umeh_dhernangdri_high quality(1) - page 2,Ume_Druma,layout,0.9,3.0,4.0,False,0.5,True,7,9.745008707046509,66.43,140,93,47,
umeh_dhernangdri_high quality(1),umeh_dhernangdri_high quality(1) - page 2,Ume_Druma,layout,0.9,3.0,4.0,False,0.9,True,7,9.187536478042603,66.43,140,93,47,
umeh_dhernangdri_high quality(1),umeh_dhernangdri_high quality(1) - page 2,Ume_Druma,layout,0.9,3.0,5.0,True,0.1,True,5,9.766337871551514,63.91,133,85,48,
umeh_dhernangdri_high quality(1),umeh_dhernangdri_high quality(1) - page 2,Ume_Druma,layout,0.9,3.0,5.0,True,0.25,True,5,10.21531343460083,63.91,133,85,48,
umeh_dhernangdri_high quality(1),umeh_dhernangdri_high quality(1) - page 2,Ume_Druma,layout,0.9,3.0,5.0,True,0.5,True,5,10.130518674850464,63.91,133,85,48,
umeh_dhernangdri_high quality(1),umeh_dhernangdri_high quality(1) - page 2,Ume_Druma,layout,0.9,3.0,5.0,True,0.9,True,5,9.282838821411133,63.91,133,85,48,
umeh_dhernangdri_high quality(1),umeh_dhernangdri_high quality(1) - page 2,Ume_Druma,layout,0.9,3.0,5.0,False,0.1,True,7,6.371755599975586,61.48,135,83,52,
umeh_dhernangdri_high quality(1),umeh_dhernangdri_high quality(1) - page 2,Ume_Druma,layout,0.9,3.0,5.0,False,0.25,True,7,6.248792409896851,61.48,135,83,52,
umeh_dhernangdri_high quality(1),umeh_dhernangdri_high quality(1) - page 2,Ume_Druma,layout,0.9,3.0,5.0,False,0.5,True,7,6.253553152084351,61.48,135,83,52,
umeh_dhernangdri_high quality(1),umeh_dhernangdri_high quality(1) - page 2,Ume_Druma,layout,0.9,3.0,5.0,False,0.9,True,7,6.261284828186035,61.48,135,83,52,
umeh_dhernangdri_high quality(1),umeh_dhernangdri_high quality(1) - page 2,Ume_Petsuk,line,0.7,2.0,2.5,True,0.1,True,6,5.080867290496826,69.92,133,93,40,
umeh_dhernangdri_high quality(1),umeh_dhernangdri_high quality(1) - page 2,Ume_Petsuk,line,0.7,2.0,2.5,True,0.25,True,6,4.931861162185669,69.92,133,93,40,
umeh_dhernangdri_high quality(1),umeh_dhernangdri_high quality(1) - page 2,Ume_Petsuk,line,0.7,2.0,2.5,True,0.5,True,6,4.916344404220581,69.92,133,93,40,
umeh_dhernangdri_high quality(1),umeh_dhernangdri_high quality(1) - page 2,Ume_Petsuk,line,0.7,2.0,2.5,True,0.9,True,6,4.8551344871521,69.92,133,93,40,
umeh_dhernangdri_high quality(1),umeh_dhernangdri_high quality(1) - page 2,Ume_Petsuk,line,0.7,2.0,2.5,False,0.1,True,7,4.98129415512085,69.92,133,93,40,
umeh_dhernangdri_high quality(1),umeh_dhernangdri_high quality(1) - page 2,Ume_Petsuk,line,0.7,2.0,2.5,False,0.25,True,7,4.955907106399536,69.92,133,93,40,
umeh_dhernangdri_high quality(1),umeh_dhernangdri_high quality(1) - page 2,Ume_Petsuk,line,0.7,2.0,2.5,False,0.5,True,7,5.002881765365601,69.92,133,93,40,
umeh_dhernangdri_high quality(1),umeh_dhernangdri_high quality(1) - page 2,Ume_Petsuk,line,0.7,2.0,2.5,False,0.9,True,7,5.030068874359131,69.92,133,93,40,
umeh_dhernangdri_high quality(1),umeh_dhernangdri_high quality(1) - page 2,Ume_Petsuk,line,0.7,2.0,3.5,True,0.1,True,6,4.700705051422119,68.46,130,89,41,
umeh_dhernangdri_high quality(1),umeh_dhernangdri_high quality(1) - page 2,Ume_Petsuk,line,0.7,2.0,3.5,True,0.25,True,6,4.752403497695923,68.46,130,89,41,
umeh_dhernangdri_high quality(1),umeh_dhernangdri_high quality(1) - page 2,Ume_Petsuk,line,0.7,2.0,3.5,True,0.5,True,6,4.719939470291138,68.46,130,89,41,
umeh_dhernangdri_high quality(1),umeh_dhernangdri_high quality(1) - page 2,Ume_Petsuk,line,0.7,2.0,3.5,True,0.9,True,6,4.720702409744263,68.46,130,89,41,
umeh_dhernangdri_high quality(1),umeh_dhernangdri_high quality(1) - page 2,Ume_Petsuk,line,0.7,2.0,3.5,False,0.1,True,7,4.854255199432373,68.46,130,89,41,
umeh_dhernangdri_high quality(1),umeh_dhernangdri_high quality(1) - page 2,Ume_Petsuk,line,0.7,2.0,3.5,False,0.25,True,7,4.882294654846191,68.46,130,89,41,
umeh_dhernangdri_high quality(1),umeh_dhernangdri_high quality(1) - page 2,Ume_Petsuk,line,0.7,2.0,3.5,False,0.5,True,7,5.026517152786255,68.46,130,89,41,
umeh_dhernangdri_high quality(1),umeh_dhernangdri_high quality(1) - page 2,Ume_Petsuk,line,0.7,2.0,3.5,False,0.9,True,7,4.919990539550781,68.46,130,89,41,
umeh_dhernangdri_high quality(1),umeh_dhernangdri_high quality(1) - page 2,Ume_Petsuk,line,0.7,2.0,4.0,True,0.1,True,6,4.755086421966553,66.92,130,87,43,
umeh_dhernangdri_high quality(1),umeh_dhernangdri_high quality(1) - page 2,Ume_Petsuk,line,0.7,2.0,4.0,True,0.25,True,6,4.722503662109375,66.92,130,87,43,
umeh_dhernangdri_high quality(1),umeh_dhernangdri_high quality(1) - page 2,Ume_Petsuk,line,0.7,2.0,4.0,True,0.5,True,6,4.733701467514038,66.92,130,87,43,
umeh_dhernangdri_high quality(1),umeh_dhernangdri_high quality(1) - page 2,Ume_Petsuk,line,0.7,2.0,4.0,True,0.9,True,6,4.761862754821777,66.92,130,87,43,
umeh_dhernangdri_high quality(1),umeh_dhernangdri_high quality(1) - page 2,Ume_Petsuk,line,0.7,2.0,4.0,False,0.1,True,7,4.9564595222473145,66.92,130,87,43,
umeh_dhernangdri_high quality(1),umeh_dhernangdri_high quality(1) - page 2,Ume_Petsuk,line,0.7,2.0,4.0,False,0.25,True,7,5.185214281082153,66.92,130,87,43,
umeh_dhernangdri_high quality(1),umeh_dhernangdri_high quality(1) - page 2,Ume_Petsuk,line,0.7,2.0,4.0,False,0.5,True,7,4.800532579421997,66.92,130,87,43,
umeh_dhernangdri_high quality(1),umeh_dhernangdri_high quality(1) - page 2,Ume_Petsuk,line,0.7,2.0,4.0,False,0.9,True,7,4.8725481033325195,66.92,130,87,43,
umeh_dhernangdri_high quality(1),umeh_dhernangdri_high quality(1) - page 2,Ume_Petsuk,line,0.7,2.0,5.0,True,0.1,True,6,5.054426193237305,65.15,132,86,46,
umeh_dhernangdri_high quality(1),umeh_dhernangdri_high quality(1) - page 2,Ume_Petsuk,line,0.7,2.0,5.0,True,0.25,True,6,5.016540288925171,65.15,132,86,46,
umeh_dhernangdri_high quality(1),umeh_dhernangdri_high quality(1) - page 2,Ume_Petsuk,line,0.7,2.0,5.0,True,0.5,True,6,5.05697774887085,65.15,132,86,46,
umeh_dhernangdri_high quality(1),umeh_dhernangdri_high quality(1) - page 2,Ume_Petsuk,line,0.7,2.0,5.0,True,0.9,True,6,5.050129175186157,65.15,132,86,46,
umeh_dhernangdri_high quality(1),umeh_dhernangdri_high quality(1) - page 2,Ume_Petsuk,line,0.7,2.0,5.0,False,0.1,True,7,5.260495901107788,65.15,132,86,46,
umeh_dhernangdri_high quality(1),umeh_dhernangdri_high quality(1) - page 2,Ume_Petsuk,line,0.7,2.0,5.0,False,0.25,True,7,5.176005125045776,65.15,132,86,46,
umeh_dhernangdri_high quality(1),umeh_dhernangdri_high quality(1) - page 2,Ume_Petsuk,line,0.7,2.0,5.0,False,0.5,True,7,5.184551000595093,65.15,132,86,46,
umeh_dhernangdri_high quality(1),umeh_dhernangdri_high quality(1) - page 2,Ume_Petsuk,line,0.7,2.0,5.0,False,0.9,True,7,5.175262212753296,65.15,132,86,46,
umeh_dhernangdri_high quality(1),umeh_dhernangdri_high quality(1) - page 2,Ume_Petsuk,line,0.7,2.5,2.5,True,0.1,True,6,5.015573740005493,69.92,133,93,40,
umeh_dhernangdri_high quality(1),umeh_dhernangdri_high quality(1) - page 2,Ume_Petsuk,line,0.7,2.5,2.5,True,0.25,True,6,5.019782304763794,69.92,133,93,40,
umeh_dhernangdri_high quality(1),umeh_dhernangdri_high quality(1) - page 2,Ume_Petsuk,line,0.7,2.5,2.5,True,0.5,True,6,5.009923458099365,69.92,133,93,40,
umeh_dhernangdri_high quality(1),umeh_dhernangdri_high quality(1) - page 2,Ume_Petsuk,line,0.7,2.5,2.5,True,0.9,True,6,5.00565767288208,69.92,133,93,40,
umeh_dhernangdri_high quality(1),umeh_dhernangdri_high quality(1) - page 2,Ume_Petsuk,line,0.7,2.5,2.5,False,0.1,True,7,5.137683868408203,69.92,133,93,40,
umeh_dhernangdri_high quality(1),umeh_dhernangdri_high quality(1) - page 2,Ume_Petsuk,line,0.7,2.5,2.5,False,0.25,True,7,5.156006336212158,69.92,133,93,40,
umeh_dhernangdri_high quality(1),umeh_dhernangdri_high quality(1) - page 2,Ume_Petsuk,line,0.7,2.5,2.5,False,0.5,True,7,5.22556471824646,69.92,133,93,40,
umeh_dhernangdri_high quality(1),umeh_dhernangdri_high quality(1) - page 2,Ume_Petsuk,line,0.7,2.5,2.5,False,0.9,True,7,5.185031890869141,69.92,133,93,40,
umeh_dhernangdri_high quality(1),umeh_dhernangdri_high quality(1) - page 2,Ume_Petsuk,line,0.7,2.5,3.5,True,0.1,True,6,4.885930299758911,68.46,130,89,41,
umeh_dhernangdri_high quality(1),umeh_dhernangdri_high quality(1) - page 2,Ume_Petsuk,line,0.7,2.5,3.5,True,0.25,True,6,7.356390714645386,68.46,130,89,41,
umeh_dhernangdri_high quality(1),umeh_dhernangdri_high quality(1) - page 2,Ume_Petsuk,line,0.7,2.5,3.5,True,0.5,True,6,7.346490859985352,68.46,130,89,41,
umeh_dhernangdri_high quality(1),umeh_dhernangdri_high quality(1) - page 2,Ume_Petsuk,line,0.7,2.5,3.5,True,0.9,True,6,7.3843817710876465,68.46,130,89,41,
umeh_dhernangdri_high quality(1),umeh_dhernangdri_high quality(1) - page 2,Ume_Petsuk,line,0.7,2.5,3.5,False,0.1,True,7,7.544223308563232,68.46,130,89,41,
umeh_dhernangdri_high quality(1),umeh_dhernangdri_high quality(1) - page 2,Ume_Petsuk,line,0.7,2.5,3.5,False,0.25,True,7,7.541859865188599,68.46,130,89,41,
umeh_dhernangdri_high quality(1),umeh_dhernangdri_high quality(1) - page 2,Ume_Petsuk,line,0.7,2.5,3.5,False,0.5,True,7,4.815967082977295,68.46,130,89,41,
umeh_dhernangdri_high quality(1),umeh_dhernangdri_high quality(1) - page 2,Ume_Petsuk,line,0.7,2.5,3.5,False,0.9,True,7,4.785978317260742,68.46,130,89,41,
umeh_dhernangdri_high quality(1),umeh_dhernangdri_high quality(1) - page 2,Ume_Petsuk,line,0.7,2.5,4.0,True,0.1,True,6,4.771632194519043,66.92,130,87,43,
umeh_dhernangdri_high quality(1),umeh_dhernangdri_high quality(1) - page 2,Ume_Petsuk,line,0.7,2.5,4.0,True,0.25,True,6,4.714216470718384,66.92,130,87,43,
umeh_dhernangdri_high quality(1),umeh_dhernangdri_high quality(1) - page 2,Ume_Petsuk,line,0.7,2.5,4.0,True,0.5,True,6,4.903635263442993,66.92,130,87,43,
umeh_dhernangdri_high quality(1),umeh_dhernangdri_high quality(1) - page 2,Ume_Petsuk,line,0.7,2.5,4.0,True,0.9,True,6,4.904169082641602,66.92,130,87,43,
umeh_dhernangdri_high quality(1),umeh_dhernangdri_high quality(1) - page 2,Ume_Petsuk,line,0.7,2.5,4.0,False,0.1,True,7,7.554996013641357,66.92,130,87,43,
umeh_dhernangdri_high quality(1),umeh_dhernangdri_high quality(1) - page 2,Ume_Petsuk,line,0.7,2.5,4.0,False,0.25,True,7,4.819796323776245,66.92,130,87,43,
umeh_dhernangdri_high quality(1),umeh_dhernangdri_high quality(1) - page 2,Ume_Petsuk,line,0.7,2.5,4.0,False,0.5,True,7,4.913095951080322,66.92,130,87,43,
umeh_dhernangdri_high quality(1),umeh_dhernangdri_high quality(1) - page 2,Ume_Petsuk,line,0.7,2.5,4.0,False,0.9,True,7,5.039985418319702,66.92,130,87,43,
umeh_dhernangdri_high quality(1),umeh_dhernangdri_high quality(1) - page 2,Ume_Petsuk,line,0.7,2.5,5.0,True,0.1,True,6,5.163814544677734,62.79,129,81,48,
umeh_dhernangdri_high quality(1),umeh_dhernangdri_high quality(1) - page 2,Ume_Petsuk,line,0.7,2.5,5.0,True,0.25,True,6,5.1402997970581055,62.79,129,81,48,
umeh_dhernangdri_high quality(1),umeh_dhernangdri_high quality(1) - page 2,Ume_Petsuk,line,0.7,2.5,5.0,True,0.5,True,6,5.220647811889648,62.79,129,81,48,
umeh_dhernangdri_high quality(1),umeh_dhernangdri_high quality(1) - page 2,Ume_Petsuk,line,0.7,2.5,5.0,True,0.9,True,6,5.175818204879761,62.79,129,81,48,
umeh_dhernangdri_high quality(1),umeh_dhernangdri_high quality(1) - page 2,Ume_Petsuk,line,0.7,2.5,5.0,False,0.1,True,7,5.312026739120483,62.79,129,81,48,
umeh_dhernangdri_high quality(1),umeh_dhernangdri_high quality(1) - page 2,Ume_Petsuk,line,0.7,2.5,5.0,False,0.25,True,7,5.300826072692871,62.79,129,81,48,
umeh_dhernangdri_high quality(1),umeh_dhernangdri_high quality(1) - page 2,Ume_Petsuk,line,0.7,2.5,5.0,False,0.5,True,7,5.275032043457031,62.79,129,81,48,
umeh_dhernangdri_high quality(1),umeh_dhernangdri_high quality(1) - page 2,Ume_Petsuk,line,0.7,2.5,5.0,False,0.9,True,7,5.262608528137207,62.79,129,81,48,
umeh_dhernangdri_high quality(1),umeh_dhernangdri_high quality(1) - page 2,Ume_Petsuk,line,0.7,3.0,2.5,True,0.1,True,6,5.191918134689331,69.92,133,93,40,
umeh_dhernangdri_high quality(1),umeh_dhernangdri_high quality(1) - page 2,Ume_Petsuk,line,0.7,3.0,2.5,True,0.25,True,6,5.1725754737854,69.92,133,93,40,
umeh_dhernangdri_high quality(1),umeh_dhernangdri_high quality(1) - page 2,Ume_Petsuk,line,0.7,3.0,2.5,True,0.5,True,6,7.665402412414551,69.92,133,93,40,
umeh_dhernangdri_high quality(1),umeh_dhernangdri_high quality(1) - page 2,Ume_Petsuk,line,0.7,3.0,2.5,True,0.9,True,6,6.611420392990112,69.92,133,93,40,
umeh_dhernangdri_high quality(1),umeh_dhernangdri_high quality(1) - page 2,Ume_Petsuk,line,0.7,3.0,2.5,False,0.1,True,7,5.0550196170806885,69.92,133,93,40,
umeh_dhernangdri_high quality(1),umeh_dhernangdri_high quality(1) - page 2,Ume_Petsuk,line,0.7,3.0,2.5,False,0.25,True,7,5.0653252601623535,69.92,133,93,40,
umeh_dhernangdri_high quality(1),umeh_dhernangdri_high quality(1) - page 2,Ume_Petsuk,line,0.7,3.0,2.5,False,0.5,True,7,5.338250637054443,69.92,133,93,40,
umeh_dhernangdri_high quality(1),umeh_dhernangdri_high quality(1) - page 2,Ume_Petsuk,line,0.7,3.0,2.5,False,0.9,True,7,5.307226657867432,69.92,133,93,40,
umeh_dhernangdri_high quality(1),umeh_dhernangdri_high quality(1) - page 2,Ume_Petsuk,line,0.7,3.0,3.5,True,0.1,True,6,5.162083864212036,68.46,130,89,41,
umeh_dhernangdri_high quality(1),umeh_dhernangdri_high quality(1) - page 2,Ume_Petsuk,line,0.7,3.0,3.5,True,0.25,True,6,5.056098937988281,68.46,130,89,41,
umeh_dhernangdri_high quality(1),umeh_dhernangdri_high quality(1) - page 2,Ume_Petsuk,line,0.7,3.0,3.5,True,0.5,True,6,5.1427037715911865,68.46,130,89,41,
umeh_dhernangdri_high quality(1),umeh_dhernangdri_high quality(1) - page 2,Ume_Petsuk,line,0.7,3.0,3.5,True,0.9,True,6,5.028428316116333,68.46,130,89,41,
umeh_dhernangdri_high quality(1),umeh_dhernangdri_high quality(1) - page 2,Ume_Petsuk,line,0.7,3.0,3.5,False,0.1,True,7,5.133288145065308,68.46,130,89,41,
umeh_dhernangdri_high quality(1),umeh_dhernangdri_high quality(1) - page 2,Ume_Petsuk,line,0.7,3.0,3.5,False,0.25,True,7,5.125555515289307,68.46,130,89,41,
umeh_dhernangdri_high quality(1),umeh_dhernangdri_high quality(1) - page 2,Ume_Petsuk,line,0.7,3.0,3.5,False,0.5,True,7,5.124519348144531,68.46,130,89,41,
umeh_dhernangdri_high quality(1),umeh_dhernangdri_high quality(1) - page 2,Ume_Petsuk,line,0.7,3.0,3.5,False,0.9,True,7,5.142075777053833,68.46,130,89,41,
umeh_dhernangdri_high quality(1),umeh_dhernangdri_high quality(1) - page 2,Ume_Petsuk,line,0.7,3.0,4.0,True,0.1,True,6,7.113828420639038,66.92,130,87,43,
umeh_dhernangdri_high quality(1),umeh_dhernangdri_high quality(1) - page 2,Ume_Petsuk,line,0.7,3.0,4.0,True,0.25,True,6,4.93515944480896,66.92,130,87,43,
umeh_dhernangdri_high quality(1),umeh_dhernangdri_high quality(1) - page 2,Ume_Petsuk,line,0.7,3.0,4.0,True,0.5,True,6,4.976318359375,66.92,130,87,43,
umeh_dhernangdri_high quality(1),umeh_dhernangdri_high quality(1) - page 2,Ume_Petsuk,line,0.7,3.0,4.0,True,0.9,True,6,5.072216510772705,66.92,130,87,43,
umeh_dhernangdri_high quality(1),umeh_dhernangdri_high quality(1) - page 2,Ume_Petsuk,line,0.7,3.0,4.0,False,0.1,True,7,7.23681378364563,66.92,130,87,43,
umeh_dhernangdri_high quality(1),umeh_dhernangdri_high quality(1) - page 2,Ume_Petsuk,line,0.7,3.0,4.0,False,0.25,True,7,4.952435731887817,66.92,130,87,43,
umeh_dhernangdri_high quality(1),umeh_dhernangdri_high quality(1) - page 2,Ume_Petsuk,line,0.7,3.0,4.0,False,0.5,True,7,6.5166401863098145,66.92,130,87,43,
umeh_dhernangdri_high quality(1),umeh_dhernangdri_high quality(1) - page 2,Ume_Petsuk,line,0.7,3.0,4.0,False,0.9,True,7,5.411020994186401,66.92,130,87,43,
umeh_dhernangdri_high quality(1),umeh_dhernangdri_high quality(1) - page 2,Ume_Petsuk,line,0.7,3.0,5.0,True,0.1,True,6,7.81621241569519,62.79,129,81,48,
umeh_dhernangdri_high quality(1),umeh_dhernangdri_high quality(1) - page 2,Ume_Petsuk,line,0.7,3.0,5.0,True,0.25,True,6,7.812268972396851,62.79,129,81,48,
umeh_dhernangdri_high quality(1),umeh_dhernangdri_high quality(1) - page 2,Ume_Petsuk,line,0.7,3.0,5.0,True,0.5,True,6,5.375749349594116,62.79,129,81,48,
umeh_dhernangdri_high quality(1),umeh_dhernangdri_high quality(1) - page 2,Ume_Petsuk,line,0.7,3.0,5.0,True,0.9,True,6,5.209655046463013,62.79,129,81,48,
umeh_dhernangdri_high quality(1),umeh_dhernangdri_high quality(1) - page 2,Ume_Petsuk,line,0.7,3.0,5.0,False,0.1,True,7,5.248357057571411,62.79,129,81,48,
umeh_dhernangdri_high quality(1),umeh_dhernangdri_high quality(1) - page 2,Ume_Petsuk,line,0.7,3.0,5.0,False,0.25,True,7,5.305708885192871,62.79,129,81,48,
umeh_dhernangdri_high quality(1),umeh_dhernangdri_high quality(1) - page 2,Ume_Petsuk,line,0.7,3.0,5.0,False,0.5,True,7,5.427438735961914,62.79,129,81,48,
umeh_dhernangdri_high quality(1),umeh_dhernangdri_high quality(1) - page 2,Ume_Petsuk,line,0.7,3.0,5.0,False,0.9,True,7,5.419773101806641,62.79,129,81,48,
umeh_dhernangdri_high quality(1),umeh_dhernangdri_high quality(1) - page 2,Ume_Petsuk,line,0.8,2.0,2.5,True,0.1,True,6,4.780666351318359,69.92,133,93,40,
umeh_dhernangdri_high quality(1),umeh_dhernangdri_high quality(1) - page 2,Ume_Petsuk,line,0.8,2.0,2.5,True,0.25,True,6,4.8333353996276855,69.92,133,93,40,
umeh_dhernangdri_high quality(1),umeh_dhernangdri_high quality(1) - page 2,Ume_Petsuk,line,0.8,2.0,2.5,True,0.5,True,6,4.812769651412964,69.92,133,93,40,
umeh_dhernangdri_high quality(1),umeh_dhernangdri_high quality(1) - page 2,Ume_Petsuk,line,0.8,2.0,2.5,True,0.9,True,6,4.831121206283569,69.92,133,93,40,
umeh_dhernangdri_high quality(1),umeh_dhernangdri_high quality(1) - page 2,Ume_Petsuk,line,0.8,2.0,2.5,False,0.1,True,7,4.970882177352905,69.92,133,93,40,
umeh_dhernangdri_high quality(1),umeh_dhernangdri_high quality(1) - page 2,Ume_Petsuk,line,0.8,2.0,2.5,False,0.25,True,7,5.073565483093262,69.92,133,93,40,
umeh_dhernangdri_high quality(1),umeh_dhernangdri_high quality(1) - page 2,Ume_Petsuk,line,0.8,2.0,2.5,False,0.5,True,7,4.961853742599487,69.92,133,93,40,
umeh_dhernangdri_high quality(1),umeh_dhernangdri_high quality(1) - page 2,Ume_Petsuk,line,0.8,2.0,2.5,False,0.9,True,7,5.007867097854614,69.92,133,93,40,
umeh_dhernangdri_high quality(1),umeh_dhernangdri_high quality(1) - page 2,Ume_Petsuk,line,0.8,2.0,3.5,True,0.1,True,6,4.727906942367554,68.46,130,89,41,
umeh_dhernangdri_high quality(1),umeh_dhernangdri_high quality(1) - page 2,Ume_Petsuk,line,0.8,2.0,3.5,True,0.25,True,6,4.725689172744751,68.46,130,89,41,
umeh_dhernangdri_high quality(1),umeh_dhernangdri_high quality(1) - page 2,Ume_Petsuk,line,0.8,2.0,3.5,True,0.5,True,6,4.721047401428223,68.46,130,89,41,
umeh_dhernangdri_high quality(1),umeh_dhernangdri_high quality(1) - page 2,Ume_Petsuk,line,0.8,2.0,3.5,True,0.9,True,6,4.764932870864868,68.46,130,89,41,
umeh_dhernangdri_high quality(1),umeh_dhernangdri_high quality(1) - page 2,Ume_Petsuk,line,0.8,2.0,3.5,False,0.1,True,7,4.872038125991821,68.46,130,89,41,
umeh_dhernangdri_high quality(1),umeh_dhernangdri_high quality(1) - page 2,Ume_Petsuk,line,0.8,2.0,3.5,False,0.25,True,7,5.001925468444824,68.46,130,89,41,
umeh_dhernangdri_high quality(1),umeh_dhernangdri_high quality(1) - page 2,Ume_Petsuk,line,0.8,2.0,3.5,False,0.5,True,7,4.874964714050293,68.46,130,89,41,
umeh_dhernangdri_high quality(1),umeh_dhernangdri_high quality(1) - page 2,Ume_Petsuk,line,0.8,2.0,3.5,False,0.9,True,7,4.885267734527588,68.46,130,89,41,
umeh_dhernangdri_high quality(1),umeh_dhernangdri_high quality(1) - page 2,Ume_Petsuk,line,0.8,2.0,4.0,True,0.1,True,6,4.751523733139038,66.92,130,87,43,
umeh_dhernangdri_high quality(1),umeh_dhernangdri_high quality(1) - page 2,Ume_Petsuk,line,0.8,2.0,4.0,True,0.25,True,6,4.73430609703064,66.92,130,87,43,
umeh_dhernangdri_high quality(1),umeh_dhernangdri_high quality(1) - page 2,Ume_Petsuk,line,0.8,2.0,4.0,True,0.5,True,6,4.731499195098877,66.92,130,87,43,
umeh_dhernangdri_high quality(1),umeh_dhernangdri_high quality(1) - page 2,Ume_Petsuk,line,0.8,2.0,4.0,True,0.9,True,6,4.724682807922363,66.92,130,87,43,
umeh_dhernangdri_high quality(1),umeh_dhernangdri_high quality(1) - page 2,Ume_Petsuk,line,0.8,2.0,4.0,False,0.1,True,7,5.129307270050049,66.92,130,87,43,
umeh_dhernangdri_high quality(1),umeh_dhernangdri_high quality(1) - page 2,Ume_Petsuk,line,0.8,2.0,4.0,False,0.25,True,7,4.883798599243164,66.92,130,87,43,
umeh_dhernangdri_high quality(1),umeh_dhernangdri_high quality(1) - page 2,Ume_Petsuk,line,0.8,2.0,4.0,False,0.5,True,7,4.878432989120483,66.92,130,87,43,
umeh_dhernangdri_high quality(1),umeh_dhernangdri_high quality(1) - page 2,Ume_Petsuk,line,0.8,2.0,4.0,False,0.9,True,7,4.876245737075806,66.92,130,87,43,
umeh_dhernangdri_high quality(1),umeh_dhernangdri_high quality(1) - page 2,Ume_Petsuk,line,0.8,2.0,5.0,True,0.1,True,6,5.07545280456543,65.15,132,86,46,
umeh_dhernangdri_high quality(1),umeh_dhernangdri_high quality(1) - page 2,Ume_Petsuk,line,0.8,2.0,5.0,True,0.25,True,6,5.009547472000122,65.15,132,86,46,
umeh_dhernangdri_high quality(1),umeh_dhernangdri_high quality(1) - page 2,Ume_Petsuk,line,0.8,2.0,5.0,True,0.5,True,6,5.006606817245483,65.15,132,86,46,
umeh_dhernangdri_high quality(1),umeh_dhernangdri_high quality(1) - page 2,Ume_Petsuk,line,0.8,2.0,5.0,True,0.9,True,6,5.018193006515503,65.15,132,86,46,
umeh_dhernangdri_high quality(1),umeh_dhernangdri_high quality(1) - page 2,Ume_Petsuk,line,0.8,2.0,5.0,False,0.1,True,7,5.163131237030029,65.15,132,86,46,
umeh_dhernangdri_high quality(1),umeh_dhernangdri_high quality(1) - page 2,Ume_Petsuk,line,0.8,2.0,5.0,False,0.25,True,7,5.1769936084747314,65.15,132,86,46,
umeh_dhernangdri_high quality(1),umeh_dhernangdri_high quality(1) - page 2,Ume_Petsuk,line,0.8,2.0,5.0,False,0.5,True,7,5.1724395751953125,65.15,132,86,46,
umeh_dhernangdri_high quality(1),umeh_dhernangdri_high quality(1) - page 2,Ume_Petsuk,line,0.8,2.0,5.0,False,0.9,True,7,5.153727769851685,65.15,132,86,46,
umeh_dhernangdri_high quality(1),umeh_dhernangdri_high quality(1) - page 2,Ume_Petsuk,line,0.8,2.5,2.5,True,0.1,True,6,5.222021102905273,69.92,133,93,40,
umeh_dhernangdri_high quality(1),umeh_dhernangdri_high quality(1) - page 2,Ume_Petsuk,line,0.8,2.5,2.5,True,0.25,True,6,5.0154290199279785,69.92,133,93,40,
umeh_dhernangdri_high quality(1),umeh_dhernangdri_high quality(1) - page 2,Ume_Petsuk,line,0.8,2.5,2.5,True,0.5,True,6,4.98758339881897,69.92,133,93,40,
umeh_dhernangdri_high quality(1),umeh_dhernangdri_high quality(1) - page 2,Ume_Petsuk,line,0.8,2.5,2.5,True,0.9,True,6,5.100567579269409,69.92,133,93,40,
umeh_dhernangdri_high quality(1),umeh_dhernangdri_high quality(1) - page 2,Ume_Petsuk,line,0.8,2.5,2.5,False,0.1,True,7,5.131938934326172,69.92,133,93,40,
umeh_dhernangdri_high quality(1),umeh_dhernangdri_high quality(1) - page 2,Ume_Petsuk,line,0.8,2.5,2.5,False,0.25,True,7,6.188462734222412,69.92,133,93,40,
umeh_dhernangdri_high quality(1),umeh_dhernangdri_high quality(1) - page 2,Ume_Petsuk,line,0.8,2.5,2.5,False,0.5,True,7,5.1504950523376465,69.92,133,93,40,
umeh_dhernangdri_high quality(1),umeh_dhernangdri_high quality(1) - page 2,Ume_Petsuk,line,0.8,2.5,2.5,False,0.9,True,7,5.126162767410278,69.92,133,93,40,
umeh_dhernangdri_high quality(1),umeh_dhernangdri_high quality(1) - page 2,Ume_Petsuk,line,0.8,2.5,3.5,True,0.1,True,6,4.8763957023620605,68.46,130,89,41,
umeh_dhernangdri_high quality(1),umeh_dhernangdri_high quality(1) - page 2,Ume_Petsuk,line,0.8,2.5,3.5,True,0.25,True,6,4.867596387863159,68.46,130,89,41,
umeh_dhernangdri_high quality(1),umeh_dhernangdri_high quality(1) - page 2,Ume_Petsuk,line,0.8,2.5,3.5,True,0.5,True,6,4.878642797470093,68.46,130,89,41,
umeh_dhernangdri_high quality(1),umeh_dhernangdri_high quality(1) - page 2,Ume_Petsuk,line,0.8,2.5,3.5,True,0.9,True,6,4.876280307769775,68.46,130,89,41,
umeh_dhernangdri_high quality(1),umeh_dhernangdri_high quality(1) - page 2,Ume_Petsuk,line,0.8,2.5,3.5,False,0.1,True,7,5.029885292053223,68.46,130,89,41,
umeh_dhernangdri_high quality(1),umeh_dhernangdri_high quality(1) - page 2,Ume_Petsuk,line,0.8,2.5,3.5,False,0.25,True,7,5.025329351425171,68.46,130,89,41,
umeh_dhernangdri_high quality(1),umeh_dhernangdri_high quality(1) - page 2,Ume_Petsuk,line,0.8,2.5,3.5,False,0.5,True,7,5.007855415344238,68.46,130,89,41,
umeh_dhernangdri_high quality(1),umeh_dhernangdri_high quality(1) - page 2,Ume_Petsuk,line,0.8,2.5,3.5,False,0.9,True,7,5.026251792907715,68.46,130,89,41,
umeh_dhernangdri_high quality(1),umeh_dhernangdri_high quality(1) - page 2,Ume_Petsuk,line,0.8,2.5,4.0,True,0.1,True,6,4.911638021469116,66.92,130,87,43,
umeh_dhernangdri_high quality(1),umeh_dhernangdri_high quality(1) - page 2,Ume_Petsuk,line,0.8,2.5,4.0,True,0.25,True,6,4.883249521255493,66.92,130,87,43,
umeh_dhernangdri_high quality(1),umeh_dhernangdri_high quality(1) - page 2,Ume_Petsuk,line,0.8,2.5,4.0,True,0.5,True,6,4.97458553314209,66.92,130,87,43,
umeh_dhernangdri_high quality(1),umeh_dhernangdri_high quality(1) - page 2,Ume_Petsuk,line,0.8,2.5,4.0,True,0.9,True,6,5.004127740859985,66.92,130,87,43,
umeh_dhernangdri_high quality(1),umeh_dhernangdri_high quality(1) - page 2,Ume_Petsuk,line,0.8,2.5,4.0,False,0.1,True,7,5.0426414012908936,66.92,130,87,43,
umeh_dhernangdri_high quality(1),umeh_dhernangdri_high quality(1) - page 2,Ume_Petsuk,line,0.8,2.5,4.0,False,0.25,True,7,5.016798973083496,66.92,130,87,43,
umeh_dhernangdri_high quality(1),umeh_dhernangdri_high quality(1) - page 2,Ume_Petsuk,line,0.8,2.5,4.0,False,0.5,True,7,5.006096363067627,66.92,130,87,43,
umeh_dhernangdri_high quality(1),umeh_dhernangdri_high quality(1) - page 2,Ume_Petsuk,line,0.8,2.5,4.0,False,0.9,True,7,5.700287342071533,66.92,130,87,43,
umeh_dhernangdri_high quality(1),umeh_dhernangdri_high quality(1) - page 2,Ume_Petsuk,line,0.8,2.5,5.0,True,0.1,True,6,5.068981409072876,62.79,129,81,48,
umeh_dhernangdri_high quality(1),umeh_dhernangdri_high quality(1) - page 2,Ume_Petsuk,line,0.8,2.5,5.0,True,0.25,True,6,5.119560718536377,62.79,129,81,48,
umeh_dhernangdri_high quality(1),umeh_dhernangdri_high quality(1) - page 2,Ume_Petsuk,line,0.8,2.5,5.0,True,0.5,True,6,5.117280721664429,62.79,129,81,48,
umeh_dhernangdri_high quality(1),umeh_dhernangdri_high quality(1) - page 2,Ume_Petsuk,line,0.8,2.5,5.0,True,0.9,True,6,5.407784700393677,62.79,129,81,48,
umeh_dhernangdri_high quality(1),umeh_dhernangdri_high quality(1) - page 2,Ume_Petsuk,line,0.8,2.5,5.0,False,0.1,True,7,5.145951509475708,62.79,129,81,48,
umeh_dhernangdri_high quality(1),umeh_dhernangdri_high quality(1) - page 2,Ume_Petsuk,line,0.8,2.5,5.0,False,0.25,True,7,5.265156984329224,62.79,129,81,48,
umeh_dhernangdri_high quality(1),umeh_dhernangdri_high quality(1) - page 2,Ume_Petsuk,line,0.8,2.5,5.0,False,0.5,True,7,5.351682901382446,62.79,129,81,48,
umeh_dhernangdri_high quality(1),umeh_dhernangdri_high quality(1) - page 2,Ume_Petsuk,line,0.8,2.5,5.0,False,0.9,True,7,5.265546083450317,62.79,129,81,48,
umeh_dhernangdri_high quality(1),umeh_dhernangdri_high quality(1) - page 2,Ume_Petsuk,line,0.8,3.0,2.5,True,0.1,True,6,5.169827222824097,69.92,133,93,40,
umeh_dhernangdri_high quality(1),umeh_dhernangdri_high quality(1) - page 2,Ume_Petsuk,line,0.8,3.0,2.5,True,0.25,True,6,5.151933670043945,69.92,133,93,40,
umeh_dhernangdri_high quality(1),umeh_dhernangdri_high quality(1) - page 2,Ume_Petsuk,line,0.8,3.0,2.5,True,0.5,True,6,5.1632304191589355,69.92,133,93,40,
umeh_dhernangdri_high quality(1),umeh_dhernangdri_high quality(1) - page 2,Ume_Petsuk,line,0.8,3.0,2.5,True,0.9,True,6,5.2517311573028564,69.92,133,93,40,
umeh_dhernangdri_high quality(1),umeh_dhernangdri_high quality(1) - page 2,Ume_Petsuk,line,0.8,3.0,2.5,False,0.1,True,7,5.283934593200684,69.92,133,93,40,
umeh_dhernangdri_high quality(1),umeh_dhernangdri_high quality(1) - page 2,Ume_Petsuk,line,0.8,3.0,2.5,False,0.25,True,7,5.262844085693359,69.92,133,93,40,
umeh_dhernangdri_high quality(1),umeh_dhernangdri_high quality(1) - page 2,Ume_Petsuk,line,0.8,3.0,2.5,False,0.5,True,7,5.263589143753052,69.92,133,93,40,
umeh_dhernangdri_high quality(1),umeh_dhernangdri_high quality(1) - page 2,Ume_Petsuk,line,0.8,3.0,2.5,False,0.9,True,7,5.261706113815308,69.92,133,93,40,
umeh_dhernangdri_high quality(1),umeh_dhernangdri_high quality(1) - page 2,Ume_Petsuk,line,0.8,3.0,3.5,True,0.1,True,6,5.04856538772583,68.46,130,89,41,
umeh_dhernangdri_high quality(1),umeh_dhernangdri_high quality(1) - page 2,Ume_Petsuk,line,0.8,3.0,3.5,True,0.25,True,6,5.099266052246094,68.46,130,89,41,
umeh_dhernangdri_high quality(1),umeh_dhernangdri_high quality(1) - page 2,Ume_Petsuk,line,0.8,3.0,3.5,True,0.5,True,6,5.065510988235474,68.46,130,89,41,
umeh_dhernangdri_high quality(1),umeh_dhernangdri_high quality(1) - page 2,Ume_Petsuk,line,0.8,3.0,3.5,True,0.9,True,6,5.070941209793091,68.46,130,89,41,
umeh_dhernangdri_high quality(1),umeh_dhernangdri_high quality(1) - page 2,Ume_Petsuk,line,0.8,3.0,3.5,False,0.1,True,7,5.15835165977478,68.46,130,89,41,
umeh_dhernangdri_high quality(1),umeh_dhernangdri_high quality(1) - page 2,Ume_Petsuk,line,0.8,3.0,3.5,False,0.25,True,7,5.151041030883789,68.46,130,89,41,
umeh_dhernangdri_high quality(1),umeh_dhernangdri_high quality(1) - page 2,Ume_Petsuk,line,0.8,3.0,3.5,False,0.5,True,7,5.162171840667725,68.46,130,89,41,
umeh_dhernangdri_high quality(1),umeh_dhernangdri_high quality(1) - page 2,Ume_Petsuk,line,0.8,3.0,3.5,False,0.9,True,7,5.1809399127960205,68.46,130,89,41,
umeh_dhernangdri_high quality(1),umeh_dhernangdri_high quality(1) - page 2,Ume_Petsuk,line,0.8,3.0,4.0,True,0.1,True,6,5.082640647888184,66.92,130,87,43,
umeh_dhernangdri_high quality(1),umeh_dhernangdri_high quality(1) - page 2,Ume_Petsuk,line,0.8,3.0,4.0,True,0.25,True,6,6.84132194519043,66.92,130,87,43,
umeh_dhernangdri_high quality(1),umeh_dhernangdri_high quality(1) - page 2,Ume_Petsuk,line,0.8,3.0,4.0,True,0.5,True,6,7.556521892547607,66.92,130,87,43,
umeh_dhernangdri_high quality(1),umeh_dhernangdri_high quality(1) - page 2,Ume_Petsuk,line,0.8,3.0,4.0,True,0.9,True,6,5.066561460494995,66.92,130,87,43,
umeh_dhernangdri_high quality(1),umeh_dhernangdri_high quality(1) - page 2,Ume_Petsuk,line,0.8,3.0,4.0,False,0.1,True,7,5.032362461090088,66.92,130,87,43,
umeh_dhernangdri_high quality(1),umeh_dhernangdri_high quality(1) - page 2,Ume_Petsuk,line,0.8,3.0,4.0,False,0.25,True,7,5.041464567184448,66.92,130,87,43,
umeh_dhernangdri_high quality(1),umeh_dhernangdri_high quality(1) - page 2,Ume_Petsuk,line,0.8,3.0,4.0,False,0.5,True,7,5.26129674911499,66.92,130,87,43,
umeh_dhernangdri_high quality(1),umeh_dhernangdri_high quality(1) - page 2,Ume_Petsuk,line,0.8,3.0,4.0,False,0.9,True,7,5.163116455078125,66.92,130,87,43,
umeh_dhernangdri_high quality(1),umeh_dhernangdri_high quality(1) - page 2,Ume_Petsuk,line,0.8,3.0,5.0,True,0.1,True,6,5.32630467414856,62.79,129,81,48,
umeh_dhernangdri_high quality(1),umeh_dhernangdri_high quality(1) - page 2,Ume_Petsuk,line,0.8,3.0,5.0,True,0.25,True,6,5.395957946777344,62.79,129,81,48,
umeh_dhernangdri_high quality(1),umeh_dhernangdri_high quality(1) - page 2,Ume_Petsuk,line,0.8,3.0,5.0,True,0.5,True,6,5.316745042800903,62.79,129,81,48,
umeh_dhernangdri_high quality(1),umeh_dhernangdri_high quality(1) - page 2,Ume_Petsuk,line,0.8,3.0,5.0,True,0.9,True,6,5.303152322769165,62.79,129,81,48,
umeh_dhernangdri_high quality(1),umeh_dhernangdri_high quality(1) - page 2,Ume_Petsuk,line,0.8,3.0,5.0,False,0.1,True,7,5.431259393692017,62.79,129,81,48,
umeh_dhernangdri_high quality(1),umeh_dhernangdri_high quality(1) - page 2,Ume_Petsuk,line,0.8,3.0,5.0,False,0.25,True,7,5.426299571990967,62.79,129,81,48,
umeh_dhernangdri_high quality(1),umeh_dhernangdri_high quality(1) - page 2,Ume_Petsuk,line,0.8,3.0,5.0,False,0.5,True,7,5.418643474578857,62.79,129,81,48,
umeh_dhernangdri_high quality(1),umeh_dhernangdri_high quality(1) - page 2,Ume_Petsuk,line,0.8,3.0,5.0,False,0.9,True,7,5.548748970031738,62.79,129,81,48,
umeh_dhernangdri_high quality(1),umeh_dhernangdri_high quality(1) - page 2,Ume_Petsuk,line,0.9,2.0,2.5,True,0.1,True,6,4.873947381973267,69.92,133,93,40,
umeh_dhernangdri_high quality(1),umeh_dhernangdri_high quality(1) - page 2,Ume_Petsuk,line,0.9,2.0,2.5,True,0.25,True,6,4.840935707092285,69.92,133,93,40,
umeh_dhernangdri_high quality(1),umeh_dhernangdri_high quality(1) - page 2,Ume_Petsuk,line,0.9,2.0,2.5,True,0.5,True,6,4.849308013916016,69.92,133,93,40,
umeh_dhernangdri_high quality(1),umeh_dhernangdri_high quality(1) - page 2,Ume_Petsuk,line,0.9,2.0,2.5,True,0.9,True,6,4.846622467041016,69.92,133,93,40,
umeh_dhernangdri_high quality(1),umeh_dhernangdri_high quality(1) - page 2,Ume_Petsuk,line,0.9,2.0,2.5,False,0.1,True,7,4.984631538391113,69.92,133,93,40,
umeh_dhernangdri_high quality(1),umeh_dhernangdri_high quality(1) - page 2,Ume_Petsuk,line,0.9,2.0,2.5,False,0.25,True,7,4.992033243179321,69.92,133,93,40,
umeh_dhernangdri_high quality(1),umeh_dhernangdri_high quality(1) - page 2,Ume_Petsuk,line,0.9,2.0,2.5,False,0.5,True,7,5.023887634277344,69.92,133,93,40,
umeh_dhernangdri_high quality(1),umeh_dhernangdri_high quality(1) - page 2,Ume_Petsuk,line,0.9,2.0,2.5,False,0.9,True,7,4.971475601196289,69.92,133,93,40,
umeh_dhernangdri_high quality(1),umeh_dhernangdri_high quality(1) - page 2,Ume_Petsuk,line,0.9,2.0,3.5,True,0.1,True,6,4.750924587249756,68.46,130,89,41,
umeh_dhernangdri_high quality(1),umeh_dhernangdri_high quality(1) - page 2,Ume_Petsuk,line,0.9,2.0,3.5,True,0.25,True,6,4.741816997528076,68.46,130,89,41,
umeh_dhernangdri_high quality(1),umeh_dhernangdri_high quality(1) - page 2,Ume_Petsuk,line,0.9,2.0,3.5,True,0.5,True,6,4.81453800201416,68.46,130,89,41,
umeh_dhernangdri_high quality(1),umeh_dhernangdri_high quality(1) - page 2,Ume_Petsuk,line,0.9,2.0,3.5,True,0.9,True,6,4.7226691246032715,68.46,130,89,41,
umeh_dhernangdri_high quality(1),umeh_dhernangdri_high quality(1) - page 2,Ume_Petsuk,line,0.9,2.0,3.5,False,0.1,True,7,4.977741956710815,68.46,130,89,41,
umeh_dhernangdri_high quality(1),umeh_dhernangdri_high quality(1) - page 2,Ume_Petsuk,line,0.9,2.0,3.5,False,0.25,True,7,4.867136478424072,68.46,130,89,41,
umeh_dhernangdri_high quality(1),umeh_dhernangdri_high quality(1) - page 2,Ume_Petsuk,line,0.9,2.0,3.5,False,0.5,True,7,5.006995677947998,68.46,130,89,41,
umeh_dhernangdri_high quality(1),umeh_dhernangdri_high quality(1) - page 2,Ume_Petsuk,line,0.9,2.0,3.5,False,0.9,True,7,4.870673418045044,68.46,130,89,41,
umeh_dhernangdri_high quality(1),umeh_dhernangdri_high quality(1) - page 2,Ume_Petsuk,line,0.9,2.0,4.0,True,0.1,True,6,4.740304946899414,66.92,130,87,43,
umeh_dhernangdri_high quality(1),umeh_dhernangdri_high quality(1) - page 2,Ume_Petsuk,line,0.9,2.0,4.0,True,0.25,True,6,4.7396368980407715,66.92,130,87,43,
umeh_dhernangdri_high quality(1),umeh_dhernangdri_high quality(1) - page 2,Ume_Petsuk,line,0.9,2.0,4.0,True,0.5,True,6,4.834529399871826,66.92,130,87,43,
umeh_dhernangdri_high quality(1),umeh_dhernangdri_high quality(1) - page 2,Ume_Petsuk,line,0.9,2.0,4.0,True,0.9,True,6,4.734585523605347,66.92,130,87,43,
umeh_dhernangdri_high quality(1),umeh_dhernangdri_high quality(1) - page 2,Ume_Petsuk,line,0.9,2.0,4.0,False,0.1,True,7,4.896294116973877,66.92,130,87,43,
umeh_dhernangdri_high quality(1),umeh_dhernangdri_high quality(1) - page 2,Ume_Petsuk,line,0.9,2.0,4.0,False,0.25,True,7,4.89195704460144,66.92,130,87,43,
umeh_dhernangdri_high quality(1),umeh_dhernangdri_high quality(1) - page 2,Ume_Petsuk,line,0.9,2.0,4.0,False,0.5,True,7,4.881293058395386,66.92,130,87,43,
umeh_dhernangdri_high quality(1),umeh_dhernangdri_high quality(1) - page 2,Ume_Petsuk,line,0.9,2.0,4.0,False,0.9,True,7,4.928014278411865,66.92,130,87,43,
umeh_dhernangdri_high quality(1),umeh_dhernangdri_high quality(1) - page 2,Ume_Petsuk,line,0.9,2.0,5.0,True,0.1,True,6,5.1288628578186035,65.15,132,86,46,
umeh_dhernangdri_high quality(1),umeh_dhernangdri_high quality(1) - page 2,Ume_Petsuk,line,0.9,2.0,5.0,True,0.25,True,6,5.031248092651367,65.15,132,86,46,
umeh_dhernangdri_high quality(1),umeh_dhernangdri_high quality(1) - page 2,Ume_Petsuk,line,0.9,2.0,5.0,True,0.5,True,6,5.0465428829193115,65.15,132,86,46,
umeh_dhernangdri_high quality(1),umeh_dhernangdri_high quality(1) - page 2,Ume_Petsuk,line,0.9,2.0,5.0,True,0.9,True,6,4.998997926712036,65.15,132,86,46,
umeh_dhernangdri_high quality(1),umeh_dhernangdri_high quality(1) - page 2,Ume_Petsuk,line,0.9,2.0,5.0,False,0.1,True,7,5.271699905395508,65.15,132,86,46,
umeh_dhernangdri_high quality(1),umeh_dhernangdri_high quality(1) - page 2,Ume_Petsuk,line,0.9,2.0,5.0,False,0.25,True,7,5.192869186401367,65.15,132,86,46,
umeh_dhernangdri_high quality(1),umeh_dhernangdri_high quality(1) - page 2,Ume_Petsuk,line,0.9,2.0,5.0,False,0.5,True,7,5.222590208053589,65.15,132,86,46,
umeh_dhernangdri_high quality(1),umeh_dhernangdri_high quality(1) - page 2,Ume_Petsuk,line,0.9,2.0,5.0,False,0.9,True,7,5.183513164520264,65.15,132,86,46,
umeh_dhernangdri_high quality(1),umeh_dhernangdri_high quality(1) - page 2,Ume_Petsuk,line,0.9,2.5,2.5,True,0.1,True,6,7.109353542327881,69.92,133,93,40,
umeh_dhernangdri_high quality(1),umeh_dhernangdri_high quality(1) - page 2,Ume_Petsuk,line,0.9,2.5,2.5,True,0.25,True,6,4.800416707992554,69.92,133,93,40,
umeh_dhernangdri_high quality(1),umeh_dhernangdri_high quality(1) - page 2,Ume_Petsuk,line,0.9,2.5,2.5,True,0.5,True,6,4.924824476242065,69.92,133,93,40,
umeh_dhernangdri_high quality(1),umeh_dhernangdri_high quality(1) - page 2,Ume_Petsuk,line,0.9,2.5,2.5,True,0.9,True,6,7.25935173034668,69.92,133,93,40,
umeh_dhernangdri_high quality(1),umeh_dhernangdri_high quality(1) - page 2,Ume_Petsuk,line,0.9,2.5,2.5,False,0.1,True,7,4.904297113418579,69.92,133,93,40,
umeh_dhernangdri_high quality(1),umeh_dhernangdri_high quality(1) - page 2,Ume_Petsuk,line,0.9,2.5,2.5,False,0.25,True,7,5.0581748485565186,69.92,133,93,40,
umeh_dhernangdri_high quality(1),umeh_dhernangdri_high quality(1) - page 2,Ume_Petsuk,line,0.9,2.5,2.5,False,0.5,True,7,5.120368003845215,69.92,133,93,40,
umeh_dhernangdri_high quality(1),umeh_dhernangdri_high quality(1) - page 2,Ume_Petsuk,line,0.9,2.5,2.5,False,0.9,True,7,5.099909782409668,69.92,133,93,40,
umeh_dhernangdri_high quality(1),umeh_dhernangdri_high quality(1) - page 2,Ume_Petsuk,line,0.9,2.5,3.5,True,0.1,True,6,4.872197389602661,68.46,130,89,41,
umeh_dhernangdri_high quality(1),umeh_dhernangdri_high quality(1) - page 2,Ume_Petsuk,line,0.9,2.5,3.5,True,0.25,True,6,4.8818371295928955,68.46,130,89,41,
umeh_dhernangdri_high quality(1),umeh_dhernangdri_high quality(1) - page 2,Ume_Petsuk,line,0.9,2.5,3.5,True,0.5,True,6,4.860492944717407,68.46,130,89,41,
umeh_dhernangdri_high quality(1),umeh_dhernangdri_high quality(1) - page 2,Ume_Petsuk,line,0.9,2.5,3.5,True,0.9,True,6,4.976741313934326,68.46,130,89,41,
umeh_dhernangdri_high quality(1),umeh_dhernangdri_high quality(1) - page 2,Ume_Petsuk,line,0.9,2.5,3.5,False,0.1,True,7,4.991617918014526,68.46,130,89,41,
umeh_dhernangdri_high quality(1),umeh_dhernangdri_high quality(1) - page 2,Ume_Petsuk,line,0.9,2.5,3.5,False,0.25,True,7,5.007179021835327,68.46,130,89,41,
umeh_dhernangdri_high quality(1),umeh_dhernangdri_high quality(1) - page 2,Ume_Petsuk,line,0.9,2.5,3.5,False,0.5,True,7,5.004143476486206,68.46,130,89,41,
umeh_dhernangdri_high quality(1),umeh_dhernangdri_high quality(1) - page 2,Ume_Petsuk,line,0.9,2.5,3.5,False,0.9,True,7,7.492977857589722,68.46,130,89,41,
umeh_dhernangdri_high quality(1),umeh_dhernangdri_high quality(1) - page 2,Ume_Petsuk,line,0.9,2.5,4.0,True,0.1,True,6,4.681350469589233,66.92,130,87,43,
umeh_dhernangdri_high quality(1),umeh_dhernangdri_high quality(1) - page 2,Ume_Petsuk,line,0.9,2.5,4.0,True,0.25,True,6,4.711726903915405,66.92,130,87,43,
umeh_dhernangdri_high quality(1),umeh_dhernangdri_high quality(1) - page 2,Ume_Petsuk,line,0.9,2.5,4.0,True,0.5,True,6,4.875854015350342,66.92,130,87,43,
umeh_dhernangdri_high quality(1),umeh_dhernangdri_high quality(1) - page 2,Ume_Petsuk,line,0.9,2.5,4.0,True,0.9,True,6,4.882107496261597,66.92,130,87,43,
umeh_dhernangdri_high quality(1),umeh_dhernangdri_high quality(1) - page 2,Ume_Petsuk,line,0.9,2.5,4.0,False,0.1,True,7,5.014433860778809,66.92,130,87,43,
umeh_dhernangdri_high quality(1),umeh_dhernangdri_high quality(1) - page 2,Ume_Petsuk,line,0.9,2.5,4.0,False,0.25,True,7,5.094601392745972,66.92,130,87,43,
umeh_dhernangdri_high quality(1),umeh_dhernangdri_high quality(1) - page 2,Ume_Petsuk,line,0.9,2.5,4.0,False,0.5,True,7,5.016668796539307,66.92,130,87,43,
umeh_dhernangdri_high quality(1),umeh_dhernangdri_high quality(1) - page 2,Ume_Petsuk,line,0.9,2.5,4.0,False,0.9,True,7,5.018661260604858,66.92,130,87,43,
umeh_dhernangdri_high quality(1),umeh_dhernangdri_high quality(1) - page 2,Ume_Petsuk,line,0.9,2.5,5.0,True,0.1,True,6,5.15221381187439,62.79,129,81,48,
umeh_dhernangdri_high quality(1),umeh_dhernangdri_high quality(1) - page 2,Ume_Petsuk,line,0.9,2.5,5.0,True,0.25,True,6,5.21717095375061,62.79,129,81,48,
umeh_dhernangdri_high quality(1),umeh_dhernangdri_high quality(1) - page 2,Ume_Petsuk,line,0.9,2.5,5.0,True,0.5,True,6,5.146026372909546,62.79,129,81,48,
umeh_dhernangdri_high quality(1),umeh_dhernangdri_high quality(1) - page 2,Ume_Petsuk,line,0.9,2.5,5.0,True,0.9,True,6,5.204943656921387,62.79,129,81,48,
umeh_dhernangdri_high quality(1),umeh_dhernangdri_high quality(1) - page 2,Ume_Petsuk,line,0.9,2.5,5.0,False,0.1,True,7,5.262184381484985,62.79,129,81,48,
umeh_dhernangdri_high quality(1),umeh_dhernangdri_high quality(1) - page 2,Ume_Petsuk,line,0.9,2.5,5.0,False,0.25,True,7,5.898972034454346,62.79,129,81,48,
umeh_dhernangdri_high quality(1),umeh_dhernangdri_high quality(1) - page 2,Ume_Petsuk,line,0.9,2.5,5.0,False,0.5,True,7,9.017330646514893,62.79,129,81,48,
umeh_dhernangdri_high quality(1),umeh_dhernangdri_high quality(1) - page 2,Ume_Petsuk,line,0.9,2.5,5.0,False,0.9,True,7,8.82952070236206,62.79,129,81,48,
umeh_dhernangdri_high quality(1),umeh_dhernangdri_high quality(1) - page 2,Ume_Petsuk,line,0.9,3.0,2.5,True,0.1,True,6,8.019049167633057,69.92,133,93,40,
umeh_dhernangdri_high quality(1),umeh_dhernangdri_high quality(1) - page 2,Ume_Petsuk,line,0.9,3.0,2.5,True,0.25,True,6,8.192649602890015,69.92,133,93,40,
umeh_dhernangdri_high quality(1),umeh_dhernangdri_high quality(1) - page 2,Ume_Petsuk,line,0.9,3.0,2.5,True,0.5,True,6,8.892668008804321,69.92,133,93,40,
umeh_dhernangdri_high quality(1),umeh_dhernangdri_high quality(1) - page 2,Ume_Petsuk,line,0.9,3.0,2.5,True,0.9,True,6,8.378163814544678,69.92,133,93,40,
umeh_dhernangdri_high quality(1),umeh_dhernangdri_high quality(1) - page 2,Ume_Petsuk,line,0.9,3.0,2.5,False,0.1,True,7,8.8279869556427,69.92,133,93,40,
umeh_dhernangdri_high quality(1),umeh_dhernangdri_high quality(1) - page 2,Ume_Petsuk,line,0.9,3.0,2.5,False,0.25,True,7,8.389127969741821,69.92,133,93,40,
umeh_dhernangdri_high quality(1),umeh_dhernangdri_high quality(1) - page 2,Ume_Petsuk,line,0.9,3.0,2.5,False,0.5,True,7,8.43865704536438,69.92,133,93,40,
umeh_dhernangdri_high quality(1),umeh_dhernangdri_high quality(1) - page 2,Ume_Petsuk,line,0.9,3.0,2.5,False,0.9,True,7,8.807400465011597,69.92,133,93,40,
umeh_dhernangdri_high quality(1),umeh_dhernangdri_high quality(1) - page 2,Ume_Petsuk,line,0.9,3.0,3.5,True,0.1,True,6,8.283982276916504,68.46,130,89,41,
umeh_dhernangdri_high quality(1),umeh_dhernangdri_high quality(1) - page 2,Ume_Petsuk,line,0.9,3.0,3.5,True,0.25,True,6,8.187959909439087,68.46,130,89,41,
umeh_dhernangdri_high quality(1),umeh_dhernangdri_high quality(1) - page 2,Ume_Petsuk,line,0.9,3.0,3.5,True,0.5,True,6,8.248463869094849,68.46,130,89,41,
umeh_dhernangdri_high quality(1),umeh_dhernangdri_high quality(1) - page 2,Ume_Petsuk,line,0.9,3.0,3.5,True,0.9,True,6,8.523997068405151,68.46,130,89,41,
umeh_dhernangdri_high quality(1),umeh_dhernangdri_high quality(1) - page 2,Ume_Petsuk,line,0.9,3.0,3.5,False,0.1,True,7,8.229784727096558,68.46,130,89,41,
umeh_dhernangdri_high quality(1),umeh_dhernangdri_high quality(1) - page 2,Ume_Petsuk,line,0.9,3.0,3.5,False,0.25,True,7,8.75602102279663,68.46,130,89,41,
umeh_dhernangdri_high quality(1),umeh_dhernangdri_high quality(1) - page 2,Ume_Petsuk,line,0.9,3.0,3.5,False,0.5,True,7,8.386130332946777,68.46,130,89,41,
umeh_dhernangdri_high quality(1),umeh_dhernangdri_high quality(1) - page 2,Ume_Petsuk,line,0.9,3.0,3.5,False,0.9,True,7,8.758172988891602,68.46,130,89,41,
umeh_dhernangdri_high quality(1),umeh_dhernangdri_high quality(1) - page 2,Ume_Petsuk,line,0.9,3.0,4.0,True,0.1,True,6,8.351644039154053,66.92,130,87,43,
umeh_dhernangdri_high quality(1),umeh_dhernangdri_high quality(1) - page 2,Ume_Petsuk,line,0.9,3.0,4.0,True,0.25,True,6,8.621293306350708,66.92,130,87,43,
umeh_dhernangdri_high quality(1),umeh_dhernangdri_high quality(1) - page 2,Ume_Petsuk,line,0.9,3.0,4.0,True,0.5,True,6,7.862206935882568,66.92,130,87,43,
umeh_dhernangdri_high quality(1),umeh_dhernangdri_high quality(1) - page 2,Ume_Petsuk,line,0.9,3.0,4.0,True,0.9,True,6,8.530299425125122,66.92,130,87,43,
umeh_dhernangdri_high quality(1),umeh_dhernangdri_high quality(1) - page 2,Ume_Petsuk,line,0.9,3.0,4.0,False,0.1,True,7,8.604811429977417,66.92,130,87,43,
umeh_dhernangdri_high quality(1),umeh_dhernangdri_high quality(1) - page 2,Ume_Petsuk,line,0.9,3.0,4.0,False,0.25,True,7,8.709407329559326,66.92,130,87,43,
umeh_dhernangdri_high quality(1),umeh_dhernangdri_high quality(1) - page 2,Ume_Petsuk,line,0.9,3.0,4.0,False,0.5,True,7,8.17514443397522,66.92,130,87,43,
umeh_dhernangdri_high quality(1),umeh_dhernangdri_high quality(1) - page 2,Ume_Petsuk,line,0.9,3.0,4.0,False,0.9,True,7,8.092737913131714,66.92,130,87,43,
umeh_dhernangdri_high quality(1),umeh_dhernangdri_high quality(1) - page 2,Ume_Petsuk,line,0.9,3.0,5.0,True,0.1,True,6,8.497854232788086,62.79,129,81,48,
umeh_dhernangdri_high quality(1),umeh_dhernangdri_high quality(1) - page 2,Ume_Petsuk,line,0.9,3.0,5.0,True,0.25,True,6,8.504376649856567,62.79,129,81,48,
umeh_dhernangdri_high quality(1),umeh_dhernangdri_high quality(1) - page 2,Ume_Petsuk,line,0.9,3.0,5.0,True,0.5,True,6,8.823996305465698,62.79,129,81,48,
umeh_dhernangdri_high quality(1),umeh_dhernangdri_high quality(1) - page 2,Ume_Petsuk,line,0.9,3.0,5.0,True,0.9,True,6,8.859922409057617,62.79,129,81,48,
umeh_dhernangdri_high quality(1),umeh_dhernangdri_high quality(1) - page 2,Ume_Petsuk,line,0.9,3.0,5.0,False,0.1,True,7,8.359839677810669,62.79,129,81,48,
umeh_dhernangdri_high quality(1),umeh_dhernangdri_high quality(1) - page 2,Ume_Petsuk,line,0.9,3.0,5.0,False,0.25,True,7,8.664370775222778,62.79,129,81,48,
umeh_dhernangdri_high quality(1),umeh_dhernangdri_high quality(1) - page 2,Ume_Petsuk,line,0.9,3.0,5.0,False,0.5,True,7,8.841799259185791,62.79,129,81,48,
umeh_dhernangdri_high quality(1),umeh_dhernangdri_high quality(1) - page 2,Ume_Petsuk,line,0.9,3.0,5.0,False,0.9,True,7,8.944139957427979,62.79,129,81,48,
umeh_dhernangdri_high quality(1),umeh_dhernangdri_high quality(1) - page 2,Ume_Petsuk,layout,0.7,2.0,2.5,True,0.1,True,5,8.169005155563354,67.44,129,87,42,
umeh_dhernangdri_high quality(1),umeh_dhernangdri_high quality(1) - page 2,Ume_Petsuk,layout,0.7,2.0,2.5,True,0.25,True,5,7.946640491485596,67.44,129,87,42,
umeh_dhernangdri_high quality(1),umeh_dhernangdri_high quality(1) - page 2,Ume_Petsuk,layout,0.7,2.0,2.5,True,0.5,True,5,7.799411058425903,67.44,129,87,42,
umeh_dhernangdri_high quality(1),umeh_dhernangdri_high quality(1) - page 2,Ume_Petsuk,layout,0.7,2.0,2.5,True,0.9,True,5,7.042248249053955,67.44,129,87,42,
umeh_dhernangdri_high quality(1),umeh_dhernangdri_high quality(1) - page 2,Ume_Petsuk,layout,0.7,2.0,2.5,False,0.1,True,7,5.216417551040649,68.18,132,90,42,
umeh_dhernangdri_high quality(1),umeh_dhernangdri_high quality(1) - page 2,Ume_Petsuk,layout,0.7,2.0,2.5,False,0.25,True,7,4.962186098098755,68.18,132,90,42,
umeh_dhernangdri_high quality(1),umeh_dhernangdri_high quality(1) - page 2,Ume_Petsuk,layout,0.7,2.0,2.5,False,0.5,True,7,5.091365098953247,68.18,132,90,42,
umeh_dhernangdri_high quality(1),umeh_dhernangdri_high quality(1) - page 2,Ume_Petsuk,layout,0.7,2.0,2.5,False,0.9,True,7,5.08873987197876,68.18,132,90,42,
umeh_dhernangdri_high quality(1),umeh_dhernangdri_high quality(1) - page 2,Ume_Petsuk,layout,0.7,2.0,3.5,True,0.1,True,5,4.8785693645477295,64.89,131,85,46,
umeh_dhernangdri_high quality(1),umeh_dhernangdri_high quality(1) - page 2,Ume_Petsuk,layout,0.7,2.0,3.5,True,0.25,True,5,4.85323691368103,64.89,131,85,46,
umeh_dhernangdri_high quality(1),umeh_dhernangdri_high quality(1) - page 2,Ume_Petsuk,layout,0.7,2.0,3.5,True,0.5,True,5,4.945572137832642,64.89,131,85,46,
umeh_dhernangdri_high quality(1),umeh_dhernangdri_high quality(1) - page 2,Ume_Petsuk,layout,0.7,2.0,3.5,True,0.9,True,5,4.85652494430542,64.89,131,85,46,
umeh_dhernangdri_high quality(1),umeh_dhernangdri_high quality(1) - page 2,Ume_Petsuk,layout,0.7,2.0,3.5,False,0.1,True,7,5.157994985580444,66.67,132,88,44,
umeh_dhernangdri_high quality(1),umeh_dhernangdri_high quality(1) - page 2,Ume_Petsuk,layout,0.7,2.0,3.5,False,0.25,True,7,5.163219690322876,66.67,132,88,44,
umeh_dhernangdri_high quality(1),umeh_dhernangdri_high quality(1) - page 2,Ume_Petsuk,layout,0.7,2.0,3.5,False,0.5,True,7,5.172991514205933,66.67,132,88,44,
umeh_dhernangdri_high quality(1),umeh_dhernangdri_high quality(1) - page 2,Ume_Petsuk,layout,0.7,2.0,3.5,False,0.9,True,7,5.277606248855591,66.67,132,88,44,
umeh_dhernangdri_high quality(1),umeh_dhernangdri_high quality(1) - page 2,Ume_Petsuk,layout,0.7,2.0,4.0,True,0.1,True,5,4.976242780685425,65.91,132,87,45,
umeh_dhernangdri_high quality(1),umeh_dhernangdri_high quality(1) - page 2,Ume_Petsuk,layout,0.7,2.0,4.0,True,0.25,True,5,4.944133520126343,65.91,132,87,45,
umeh_dhernangdri_high quality(1),umeh_dhernangdri_high quality(1) - page 2,Ume_Petsuk,layout,0.7,2.0,4.0,True,0.5,True,5,4.954709768295288,65.91,132,87,45,
umeh_dhernangdri_high quality(1),umeh_dhernangdri_high quality(1) - page 2,Ume_Petsuk,layout,0.7,2.0,4.0,True,0.9,True,5,4.963649749755859,65.91,132,87,45,
umeh_dhernangdri_high quality(1),umeh_dhernangdri_high quality(1) - page 2,Ume_Petsuk,layout,0.7,2.0,4.0,False,0.1,True,7,5.241801500320435,67.67,133,90,43,
umeh_dhernangdri_high quality(1),umeh_dhernangdri_high quality(1) - page 2,Ume_Petsuk,layout,0.7,2.0,4.0,False,0.25,True,7,5.6806066036224365,67.67,133,90,43,
umeh_dhernangdri_high quality(1),umeh_dhernangdri_high quality(1) - page 2,Ume_Petsuk,layout,0.7,2.0,4.0,False,0.5,True,7,6.566423654556274,67.67,133,90,43,
umeh_dhernangdri_high quality(1),umeh_dhernangdri_high quality(1) - page 2,Ume_Petsuk,layout,0.7,2.0,4.0,False,0.9,True,7,5.157213926315308,67.67,133,90,43,
umeh_dhernangdri_high quality(1),umeh_dhernangdri_high quality(1) - page 2,Ume_Petsuk,layout,0.7,2.0,5.0,True,0.1,True,5,6.04769492149353,51.82,137,71,66,
umeh_dhernangdri_high quality(1),umeh_dhernangdri_high quality(1) - page 2,Ume_Petsuk,layout,0.7,2.0,5.0,True,0.25,True,5,5.90946888923645,51.82,137,71,66,
umeh_dhernangdri_high quality(1),umeh_dhernangdri_high quality(1) - page 2,Ume_Petsuk,layout,0.7,2.0,5.0,True,0.5,True,5,5.919741153717041,51.82,137,71,66,
umeh_dhernangdri_high quality(1),umeh_dhernangdri_high quality(1) - page 2,Ume_Petsuk,layout,0.7,2.0,5.0,True,0.9,True,5,6.150029897689819,51.82,137,71,66,
umeh_dhernangdri_high quality(1),umeh_dhernangdri_high quality(1) - page 2,Ume_Petsuk,layout,0.7,2.0,5.0,False,0.1,True,7,8.381535530090332,53.62,138,74,64,
umeh_dhernangdri_high quality(1),umeh_dhernangdri_high quality(1) - page 2,Ume_Petsuk,layout,0.7,2.0,5.0,False,0.25,True,7,6.224775075912476,53.62,138,74,64,
umeh_dhernangdri_high quality(1),umeh_dhernangdri_high quality(1) - page 2,Ume_Petsuk,layout,0.7,2.0,5.0,False,0.5,True,7,6.143457651138306,53.62,138,74,64,
umeh_dhernangdri_high quality(1),umeh_dhernangdri_high quality(1) - page 2,Ume_Petsuk,layout,0.7,2.0,5.0,False,0.9,True,7,6.1466145515441895,53.62,138,74,64,
umeh_dhernangdri_high quality(1),umeh_dhernangdri_high quality(1) - page 2,Ume_Petsuk,layout,0.7,2.5,2.5,True,0.1,True,5,4.845717191696167,66.41,131,87,44,
umeh_dhernangdri_high quality(1),umeh_dhernangdri_high quality(1) - page 2,Ume_Petsuk,layout,0.7,2.5,2.5,True,0.25,True,5,4.986894607543945,66.41,131,87,44,
umeh_dhernangdri_high quality(1),umeh_dhernangdri_high quality(1) - page 2,Ume_Petsuk,layout,0.7,2.5,2.5,True,0.5,True,5,4.945291042327881,66.41,131,87,44,
umeh_dhernangdri_high quality(1),umeh_dhernangdri_high quality(1) - page 2,Ume_Petsuk,layout,0.7,2.5,2.5,True,0.9,True,5,5.137084245681763,66.41,131,87,44,
umeh_dhernangdri_high quality(1),umeh_dhernangdri_high quality(1) - page 2,Ume_Petsuk,layout,0.7,2.5,2.5,False,0.1,True,7,5.411807060241699,68.18,132,90,42,
umeh_dhernangdri_high quality(1),umeh_dhernangdri_high quality(1) - page 2,Ume_Petsuk,layout,0.7,2.5,2.5,False,0.25,True,7,5.680746555328369,68.18,132,90,42,
umeh_dhernangdri_high quality(1),umeh_dhernangdri_high quality(1) - page 2,Ume_Petsuk,layout,0.7,2.5,2.5,False,0.5,True,7,5.220745086669922,68.18,132,90,42,
umeh_dhernangdri_high quality(1),umeh_dhernangdri_high quality(1) - page 2,Ume_Petsuk,layout,0.7,2.5,2.5,False,0.9,True,7,5.208475589752197,68.18,132,90,42,
umeh_dhernangdri_high quality(1),umeh_dhernangdri_high quality(1) - page 2,Ume_Petsuk,layout,0.7,2.5,3.5,True,0.1,True,5,5.066840410232544,64.89,131,85,46,
umeh_dhernangdri_high quality(1),umeh_dhernangdri_high quality(1) - page 2,Ume_Petsuk,layout,0.7,2.5,3.5,True,0.25,True,5,5.024724960327148,64.89,131,85,46,
umeh_dhernangdri_high quality(1),umeh_dhernangdri_high quality(1) - page 2,Ume_Petsuk,layout,0.7,2.5,3.5,True,0.5,True,5,5.023017168045044,64.89,131,85,46,
umeh_dhernangdri_high quality(1),umeh_dhernangdri_high quality(1) - page 2,Ume_Petsuk,layout,0.7,2.5,3.5,True,0.9,True,5,5.15652322769165,64.89,131,85,46,
umeh_dhernangdri_high quality(1),umeh_dhernangdri_high quality(1) - page 2,Ume_Petsuk,layout,0.7,2.5,3.5,False,0.1,True,7,5.308316707611084,66.67,132,88,44,
umeh_dhernangdri_high quality(1),umeh_dhernangdri_high quality(1) - page 2,Ume_Petsuk,layout,0.7,2.5,3.5,False,0.25,True,7,5.423906564712524,66.67,132,88,44,
umeh_dhernangdri_high quality(1),umeh_dhernangdri_high quality(1) - page 2,Ume_Petsuk,layout,0.7,2.5,3.5,False,0.5,True,7,5.34810996055603,66.67,132,88,44,
umeh_dhernangdri_high quality(1),umeh_dhernangdri_high quality(1) - page 2,Ume_Petsuk,layout,0.7,2.5,3.5,False,0.9,True,7,5.435031890869141,66.67,132,88,44,
umeh_dhernangdri_high quality(1),umeh_dhernangdri_high quality(1) - page 2,Ume_Petsuk,layout,0.7,2.5,4.0,True,0.1,True,5,5.244232892990112,65.91,132,87,45,
umeh_dhernangdri_high quality(1),umeh_dhernangdri_high quality(1) - page 2,Ume_Petsuk,layout,0.7,2.5,4.0,True,0.25,True,5,5.462680816650391,65.91,132,87,45,
umeh_dhernangdri_high quality(1),umeh_dhernangdri_high quality(1) - page 2,Ume_Petsuk,layout,0.7,2.5,4.0,True,0.5,True,5,7.63710880279541,65.91,132,87,45,
umeh_dhernangdri_high quality(1),umeh_dhernangdri_high quality(1) - page 2,Ume_Petsuk,layout,0.7,2.5,4.0,True,0.9,True,5,5.045283555984497,65.91,132,87,45,
umeh_dhernangdri_high quality(1),umeh_dhernangdri_high quality(1) - page 2,Ume_Petsuk,layout,0.7,2.5,4.0,False,0.1,True,7,5.282930850982666,67.67,133,90,43,
umeh_dhernangdri_high quality(1),umeh_dhernangdri_high quality(1) - page 2,Ume_Petsuk,layout,0.7,2.5,4.0,False,0.25,True,7,5.315558433532715,67.67,133,90,43,
umeh_dhernangdri_high quality(1),umeh_dhernangdri_high quality(1) - page 2,Ume_Petsuk,layout,0.7,2.5,4.0,False,0.5,True,7,5.541106224060059,67.67,133,90,43,
umeh_dhernangdri_high quality(1),umeh_dhernangdri_high quality(1) - page 2,Ume_Petsuk,layout,0.7,2.5,4.0,False,0.9,True,7,5.4528515338897705,67.67,133,90,43,
umeh_dhernangdri_high quality(1),umeh_dhernangdri_high quality(1) - page 2,Ume_Petsuk,layout,0.7,2.5,5.0,True,0.1,True,5,6.101706504821777,51.8,139,72,67,
umeh_dhernangdri_high quality(1),umeh_dhernangdri_high quality(1) - page 2,Ume_Petsuk,layout,0.7,2.5,5.0,True,0.25,True,5,6.009216785430908,51.8,139,72,67,
umeh_dhernangdri_high quality(1),umeh_dhernangdri_high quality(1) - page 2,Ume_Petsuk,layout,0.7,2.5,5.0,True,0.5,True,5,6.00188422203064,51.8,139,72,67,
umeh_dhernangdri_high quality(1),umeh_dhernangdri_high quality(1) - page 2,Ume_Petsuk,layout,0.7,2.5,5.0,True,0.9,True,5,7.16431999206543,51.8,139,72,67,
umeh_dhernangdri_high quality(1),umeh_dhernangdri_high quality(1) - page 2,Ume_Petsuk,layout,0.7,2.5,5.0,False,0.1,True,7,6.1944286823272705,51.41,142,73,69,
umeh_dhernangdri_high quality(1),umeh_dhernangdri_high quality(1) - page 2,Ume_Petsuk,layout,0.7,2.5,5.0,False,0.25,True,7,6.309065580368042,51.41,142,73,69,
umeh_dhernangdri_high quality(1),umeh_dhernangdri_high quality(1) - page 2,Ume_Petsuk,layout,0.7,2.5,5.0,False,0.5,True,7,6.288266181945801,51.41,142,73,69,
umeh_dhernangdri_high quality(1),umeh_dhernangdri_high quality(1) - page 2,Ume_Petsuk,layout,0.7,2.5,5.0,False,0.9,True,7,6.316577672958374,51.41,142,73,69,
umeh_dhernangdri_high quality(1),umeh_dhernangdri_high quality(1) - page 2,Ume_Petsuk,layout,0.7,3.0,2.5,True,0.1,True,5,7.688945531845093,62.31,130,81,49,
umeh_dhernangdri_high quality(1),umeh_dhernangdri_high quality(1) - page 2,Ume_Petsuk,layout,0.7,3.0,2.5,True,0.25,True,5,5.339540481567383,62.31,130,81,49,
umeh_dhernangdri_high quality(1),umeh_dhernangdri_high quality(1) - page 2,Ume_Petsuk,layout,0.7,3.0,2.5,True,0.5,True,5,5.324022054672241,62.31,130,81,49,
umeh_dhernangdri_high quality(1),umeh_dhernangdri_high quality(1) - page 2,Ume_Petsuk,layout,0.7,3.0,2.5,True,0.9,True,5,7.645880699157715,62.31,130,81,49,
umeh_dhernangdri_high quality(1),umeh_dhernangdri_high quality(1) - page 2,Ume_Petsuk,layout,0.7,3.0,2.5,False,0.1,True,7,5.2836785316467285,68.18,132,90,42,
umeh_dhernangdri_high quality(1),umeh_dhernangdri_high quality(1) - page 2,Ume_Petsuk,layout,0.7,3.0,2.5,False,0.25,True,7,5.293106317520142,68.18,132,90,42,
umeh_dhernangdri_high quality(1),umeh_dhernangdri_high quality(1) - page 2,Ume_Petsuk,layout,0.7,3.0,2.5,False,0.5,True,7,5.451573371887207,68.18,132,90,42,
umeh_dhernangdri_high quality(1),umeh_dhernangdri_high quality(1) - page 2,Ume_Petsuk,layout,0.7,3.0,2.5,False,0.9,True,7,5.479523181915283,68.18,132,90,42,
umeh_dhernangdri_high quality(1),umeh_dhernangdri_high quality(1) - page 2,Ume_Petsuk,layout,0.7,3.0,3.5,True,0.1,True,5,5.576068162918091,60.0,130,78,52,
umeh_dhernangdri_high quality(1),umeh_dhernangdri_high quality(1) - page 2,Ume_Petsuk,layout,0.7,3.0,3.5,True,0.25,True,5,5.519243955612183,60.0,130,78,52,
umeh_dhernangdri_high quality(1),umeh_dhernangdri_high quality(1) - page 2,Ume_Petsuk,layout,0.7,3.0,3.5,True,0.5,True,5,5.587197780609131,60.0,130,78,52,
umeh_dhernangdri_high quality(1),umeh_dhernangdri_high quality(1) - page 2,Ume_Petsuk,layout,0.7,3.0,3.5,True,0.9,True,5,5.527857065200806,60.0,130,78,52,
umeh_dhernangdri_high quality(1),umeh_dhernangdri_high quality(1) - page 2,Ume_Petsuk,layout,0.7,3.0,3.5,False,0.1,True,7,5.630728244781494,66.67,132,88,44,
umeh_dhernangdri_high quality(1),umeh_dhernangdri_high quality(1) - page 2,Ume_Petsuk,layout,0.7,3.0,3.5,False,0.25,True,7,5.995459079742432,66.67,132,88,44,
umeh_dhernangdri_high quality(1),umeh_dhernangdri_high quality(1) - page 2,Ume_Petsuk,layout,0.7,3.0,3.5,False,0.5,True,7,8.032334089279175,66.67,132,88,44,
umeh_dhernangdri_high quality(1),umeh_dhernangdri_high quality(1) - page 2,Ume_Petsuk,layout,0.7,3.0,3.5,False,0.9,True,7,5.399154424667358,66.67,132,88,44,
umeh_dhernangdri_high quality(1),umeh_dhernangdri_high quality(1) - page 2,Ume_Petsuk,layout,0.7,3.0,4.0,True,0.1,True,5,5.806241750717163,61.83,131,81,50,
umeh_dhernangdri_high quality(1),umeh_dhernangdri_high quality(1) - page 2,Ume_Petsuk,layout,0.7,3.0,4.0,True,0.25,True,5,7.781026124954224,61.83,131,81,50,
umeh_dhernangdri_high quality(1),umeh_dhernangdri_high quality(1) - page 2,Ume_Petsuk,layout,0.7,3.0,4.0,True,0.5,True,5,5.486327171325684,61.83,131,81,50,
umeh_dhernangdri_high quality(1),umeh_dhernangdri_high quality(1) - page 2,Ume_Petsuk,layout,0.7,3.0,4.0,True,0.9,True,5,5.468468904495239,61.83,131,81,50,
umeh_dhernangdri_high quality(1),umeh_dhernangdri_high quality(1) - page 2,Ume_Petsuk,layout,0.7,3.0,4.0,False,0.1,True,7,5.560577869415283,67.67,133,90,43,
umeh_dhernangdri_high quality(1),umeh_dhernangdri_high quality(1) - page 2,Ume_Petsuk,layout,0.7,3.0,4.0,False,0.25,True,7,5.593047618865967,67.67,133,90,43,
umeh_dhernangdri_high quality(1),umeh_dhernangdri_high quality(1) - page 2,Ume_Petsuk,layout,0.7,3.0,4.0,False,0.5,True,7,5.634469509124756,67.67,133,90,43,
umeh_dhernangdri_high quality(1),umeh_dhernangdri_high quality(1) - page 2,Ume_Petsuk,layout,0.7,3.0,4.0,False,0.9,True,7,5.6527299880981445,67.67,133,90,43,
umeh_dhernangdri_high quality(1),umeh_dhernangdri_high quality(1) - page 2,Ume_Petsuk,layout,0.7,3.0,5.0,True,0.1,True,5,6.9929358959198,51.8,139,72,67,
umeh_dhernangdri_high quality(1),umeh_dhernangdri_high quality(1) - page 2,Ume_Petsuk,layout,0.7,3.0,5.0,True,0.25,True,5,6.038907527923584,51.8,139,72,67,
umeh_dhernangdri_high quality(1),umeh_dhernangdri_high quality(1) - page 2,Ume_Petsuk,layout,0.7,3.0,5.0,True,0.5,True,5,6.051711320877075,51.8,139,72,67,
umeh_dhernangdri_high quality(1),umeh_dhernangdri_high quality(1) - page 2,Ume_Petsuk,layout,0.7,3.0,5.0,True,0.9,True,5,6.169501543045044,51.8,139,72,67,
umeh_dhernangdri_high quality(1),umeh_dhernangdri_high quality(1) - page 2,Ume_Petsuk,layout,0.7,3.0,5.0,False,0.1,True,7,6.318793535232544,51.41,142,73,69,
umeh_dhernangdri_high quality(1),umeh_dhernangdri_high quality(1) - page 2,Ume_Petsuk,layout,0.7,3.0,5.0,False,0.25,True,7,6.4051008224487305,51.41,142,73,69,
umeh_dhernangdri_high quality(1),umeh_dhernangdri_high quality(1) - page 2,Ume_Petsuk,layout,0.7,3.0,5.0,False,0.5,True,7,6.472645282745361,51.41,142,73,69,
umeh_dhernangdri_high quality(1),umeh_dhernangdri_high quality(1) - page 2,Ume_Petsuk,layout,0.7,3.0,5.0,False,0.9,True,7,6.415165901184082,51.41,142,73,69,
umeh_dhernangdri_high quality(1),umeh_dhernangdri_high quality(1) - page 2,Ume_Petsuk,layout,0.8,2.0,2.5,True,0.1,True,5,4.592408180236816,67.44,129,87,42,
umeh_dhernangdri_high quality(1),umeh_dhernangdri_high quality(1) - page 2,Ume_Petsuk,layout,0.8,2.0,2.5,True,0.25,True,5,4.87949538230896,67.44,129,87,42,
umeh_dhernangdri_high quality(1),umeh_dhernangdri_high quality(1) - page 2,Ume_Petsuk,layout,0.8,2.0,2.5,True,0.5,True,5,4.695860147476196,67.44,129,87,42,
umeh_dhernangdri_high quality(1),umeh_dhernangdri_high quality(1) - page 2,Ume_Petsuk,layout,0.8,2.0,2.5,True,0.9,True,5,4.724381685256958,67.44,129,87,42,
umeh_dhernangdri_high quality(1),umeh_dhernangdri_high quality(1) - page 2,Ume_Petsuk,layout,0.8,2.0,2.5,False,0.1,True,7,5.091264247894287,68.18,132,90,42,
umeh_dhernangdri_high quality(1),umeh_dhernangdri_high quality(1) - page 2,Ume_Petsuk,layout,0.8,2.0,2.5,False,0.25,True,7,5.386682033538818,68.18,132,90,42,
umeh_dhernangdri_high quality(1),umeh_dhernangdri_high quality(1) - page 2,Ume_Petsuk,layout,0.8,2.0,2.5,False,0.5,True,7,5.005103588104248,68.18,132,90,42,
umeh_dhernangdri_high quality(1),umeh_dhernangdri_high quality(1) - page 2,Ume_Petsuk,layout,0.8,2.0,2.5,False,0.9,True,7,5.084825754165649,68.18,132,90,42,
umeh_dhernangdri_high quality(1),umeh_dhernangdri_high quality(1) - page 2,Ume_Petsuk,layout,0.8,2.0,3.5,True,0.1,True,5,4.871964693069458,64.89,131,85,46,
umeh_dhernangdri_high quality(1),umeh_dhernangdri_high quality(1) - page 2,Ume_Petsuk,layout,0.8,2.0,3.5,True,0.25,True,5,5.0579118728637695,64.89,131,85,46,
umeh_dhernangdri_high quality(1),umeh_dhernangdri_high quality(1) - page 2,Ume_Petsuk,layout,0.8,2.0,3.5,True,0.5,True,5,4.858319044113159,64.89,131,85,46,
umeh_dhernangdri_high quality(1),umeh_dhernangdri_high quality(1) - page 2,Ume_Petsuk,layout,0.8,2.0,3.5,True,0.9,True,5,5.890088319778442,64.89,131,85,46,
umeh_dhernangdri_high quality(1),umeh_dhernangdri_high quality(1) - page 2,Ume_Petsuk,layout,0.8,2.0,3.5,False,0.1,True,7,5.0908098220825195,66.67,132,88,44,
umeh_dhernangdri_high quality(1),umeh_dhernangdri_high quality(1) - page 2,Ume_Petsuk,layout,0.8,2.0,3.5,False,0.25,True,7,5.20749568939209,66.67,132,88,44,
umeh_dhernangdri_high quality(1),umeh_dhernangdri_high quality(1) - page 2,Ume_Petsuk,layout,0.8,2.0,3.5,False,0.5,True,7,5.158747911453247,66.67,132,88,44,
umeh_dhernangdri_high quality(1),umeh_dhernangdri_high quality(1) - page 2,Ume_Petsuk,layout,0.8,2.0,3.5,False,0.9,True,7,5.163050651550293,66.67,132,88,44,
umeh_dhernangdri_high quality(1),umeh_dhernangdri_high quality(1) - page 2,Ume_Petsuk,layout,0.8,2.0,4.0,True,0.1,True,5,4.962791442871094,65.91,132,87,45,
umeh_dhernangdri_high quality(1),umeh_dhernangdri_high quality(1) - page 2,Ume_Petsuk,layout,0.8,2.0,4.0,True,0.25,True,5,4.943613052368164,65.91,132,87,45,
umeh_dhernangdri_high quality(1),umeh_dhernangdri_high quality(1) - page 2,Ume_Petsuk,layout,0.8,2.0,4.0,True,0.5,True,5,4.944777250289917,65.91,132,87,45,
umeh_dhernangdri_high quality(1),umeh_dhernangdri_high quality(1) - page 2,Ume_Petsuk,layout,0.8,2.0,4.0,True,0.9,True,5,4.932061195373535,65.91,132,87,45,
umeh_dhernangdri_high quality(1),umeh_dhernangdri_high quality(1) - page 2,Ume_Petsuk,layout,0.8,2.0,4.0,False,0.1,True,7,5.715362787246704,67.67,133,90,43,
umeh_dhernangdri_high quality(1),umeh_dhernangdri_high quality(1) - page 2,Ume_Petsuk,layout,0.8,2.0,4.0,False,0.25,True,7,7.612397193908691,67.67,133,90,43,
umeh_dhernangdri_high quality(1),umeh_dhernangdri_high quality(1) - page 2,Ume_Petsuk,layout,0.8,2.0,4.0,False,0.5,True,7,5.06576681137085,67.67,133,90,43,
umeh_dhernangdri_high quality(1),umeh_dhernangdri_high quality(1) - page 2,Ume_Petsuk,layout,0.8,2.0,4.0,False,0.9,True,7,5.175567626953125,67.67,133,90,43,
umeh_dhernangdri_high quality(1),umeh_dhernangdri_high quality(1) - page 2,Ume_Petsuk,layout,0.8,2.0,5.0,True,0.1,True,5,6.114007472991943,51.82,137,71,66,
umeh_dhernangdri_high quality(1),umeh_dhernangdri_high quality(1) - page 2,Ume_Petsuk,layout,0.8,2.0,5.0,True,0.25,True,5,5.913004398345947,51.82,137,71,66,
umeh_dhernangdri_high quality(1),umeh_dhernangdri_high quality(1) - page 2,Ume_Petsuk,layout,0.8,2.0,5.0,True,0.5,True,5,6.0070154666900635,51.82,137,71,66,
umeh_dhernangdri_high quality(1),umeh_dhernangdri_high quality(1) - page 2,Ume_Petsuk,layout,0.8,2.0,5.0,True,0.9,True,5,6.015059232711792,51.82,137,71,66,
umeh_dhernangdri_high quality(1),umeh_dhernangdri_high quality(1) - page 2,Ume_Petsuk,layout,0.8,2.0,5.0,False,0.1,True,7,6.247560501098633,53.62,138,74,64,
umeh_dhernangdri_high quality(1),umeh_dhernangdri_high quality(1) - page 2,Ume_Petsuk,layout,0.8,2.0,5.0,False,0.25,True,7,6.2249672412872314,53.62,138,74,64,
umeh_dhernangdri_high quality(1),umeh_dhernangdri_high quality(1) - page 2,Ume_Petsuk,layout,0.8,2.0,5.0,False,0.5,True,7,6.250699996948242,53.62,138,74,64,
umeh_dhernangdri_high quality(1),umeh_dhernangdri_high quality(1) - page 2,Ume_Petsuk,layout,0.8,2.0,5.0,False,0.9,True,7,6.401764392852783,53.62,138,74,64,
umeh_dhernangdri_high quality(1),umeh_dhernangdri_high quality(1) - page 2,Ume_Petsuk,layout,0.8,2.5,2.5,True,0.1,True,5,4.82891321182251,66.41,131,87,44,
umeh_dhernangdri_high quality(1),umeh_dhernangdri_high quality(1) - page 2,Ume_Petsuk,layout,0.8,2.5,2.5,True,0.25,True,5,5.281301498413086,66.41,131,87,44,
umeh_dhernangdri_high quality(1),umeh_dhernangdri_high quality(1) - page 2,Ume_Petsuk,layout,0.8,2.5,2.5,True,0.5,True,5,5.002565622329712,66.41,131,87,44,
umeh_dhernangdri_high quality(1),umeh_dhernangdri_high quality(1) - page 2,Ume_Petsuk,layout,0.8,2.5,2.5,True,0.9,True,5,4.965857028961182,66.41,131,87,44,
umeh_dhernangdri_high quality(1),umeh_dhernangdri_high quality(1) - page 2,Ume_Petsuk,layout,0.8,2.5,2.5,False,0.1,True,7,5.2190282344818115,68.18,132,90,42,
umeh_dhernangdri_high quality(1),umeh_dhernangdri_high quality(1) - page 2,Ume_Petsuk,layout,0.8,2.5,2.5,False,0.25,True,7,5.588940620422363,68.18,132,90,42,
umeh_dhernangdri_high quality(1),umeh_dhernangdri_high quality(1) - page 2,Ume_Petsuk,layout,0.8,2.5,2.5,False,0.5,True,7,5.828047275543213,68.18,132,90,42,
umeh_dhernangdri_high quality(1),umeh_dhernangdri_high quality(1) - page 2,Ume_Petsuk,layout,0.8,2.5,2.5,False,0.9,True,7,6.373802423477173,68.18,132,90,42,
umeh_dhernangdri_high quality(1),umeh_dhernangdri_high quality(1) - page 2,Ume_Petsuk,layout,0.8,2.5,3.5,True,0.1,True,5,4.938838958740234,64.89,131,85,46,
umeh_dhernangdri_high quality(1),umeh_dhernangdri_high quality(1) - page 2,Ume_Petsuk,layout,0.8,2.5,3.5,True,0.25,True,5,5.06805682182312,64.89,131,85,46,
umeh_dhernangdri_high quality(1),umeh_dhernangdri_high quality(1) - page 2,Ume_Petsuk,layout,0.8,2.5,3.5,True,0.5,True,5,5.16226053237915,64.89,131,85,46,
umeh_dhernangdri_high quality(1),umeh_dhernangdri_high quality(1) - page 2,Ume_Petsuk,layout,0.8,2.5,3.5,True,0.9,True,5,5.04686713218689,64.89,131,85,46,
umeh_dhernangdri_high quality(1),umeh_dhernangdri_high quality(1) - page 2,Ume_Petsuk,layout,0.8,2.5,3.5,False,0.1,True,7,5.326496124267578,66.67,132,88,44,
umeh_dhernangdri_high quality(1),umeh_dhernangdri_high quality(1) - page 2,Ume_Petsuk,layout,0.8,2.5,3.5,False,0.25,True,7,5.337327718734741,66.67,132,88,44,
umeh_dhernangdri_high quality(1),umeh_dhernangdri_high quality(1) - page 2,Ume_Petsuk,layout,0.8,2.5,3.5,False,0.5,True,7,5.365281820297241,66.67,132,88,44,
umeh_dhernangdri_high quality(1),umeh_dhernangdri_high quality(1) - page 2,Ume_Petsuk,layout,0.8,2.5,3.5,False,0.9,True,7,5.350571393966675,66.67,132,88,44,
umeh_dhernangdri_high quality(1),umeh_dhernangdri_high quality(1) - page 2,Ume_Petsuk,layout,0.8,2.5,4.0,True,0.1,True,5,5.185056686401367,65.91,132,87,45,
umeh_dhernangdri_high quality(1),umeh_dhernangdri_high quality(1) - page 2,Ume_Petsuk,layout,0.8,2.5,4.0,True,0.25,True,5,5.144301652908325,65.91,132,87,45,
umeh_dhernangdri_high quality(1),umeh_dhernangdri_high quality(1) - page 2,Ume_Petsuk,layout,0.8,2.5,4.0,True,0.5,True,5,5.173611402511597,65.91,132,87,45,
umeh_dhernangdri_high quality(1),umeh_dhernangdri_high quality(1) - page 2,Ume_Petsuk,layout,0.8,2.5,4.0,True,0.9,True,5,5.1572184562683105,65.91,132,87,45,
umeh_dhernangdri_high quality(1),umeh_dhernangdri_high quality(1) - page 2,Ume_Petsuk,layout,0.8,2.5,4.0,False,0.1,True,7,5.398177623748779,67.67,133,90,43,
umeh_dhernangdri_high quality(1),umeh_dhernangdri_high quality(1) - page 2,Ume_Petsuk,layout,0.8,2.5,4.0,False,0.25,True,7,5.635554552078247,67.67,133,90,43,
umeh_dhernangdri_high quality(1),umeh_dhernangdri_high quality(1) - page 2,Ume_Petsuk,layout,0.8,2.5,4.0,False,0.5,True,7,5.431862115859985,67.67,133,90,43,
umeh_dhernangdri_high quality(1),umeh_dhernangdri_high quality(1) - page 2,Ume_Petsuk,layout,0.8,2.5,4.0,False,0.9,True,7,5.423265695571899,67.67,133,90,43,
umeh_dhernangdri_high quality(1),umeh_dhernangdri_high quality(1) - page 2,Ume_Petsuk,layout,0.8,2.5,5.0,True,0.1,True,5,6.094232082366943,51.8,139,72,67,
umeh_dhernangdri_high quality(1),umeh_dhernangdri_high quality(1) - page 2,Ume_Petsuk,layout,0.8,2.5,5.0,True,0.25,True,5,8.269029140472412,51.8,139,72,67,
umeh_dhernangdri_high quality(1),umeh_dhernangdri_high quality(1) - page 2,Ume_Petsuk,layout,0.8,2.5,5.0,True,0.5,True,5,5.88485050201416,51.8,139,72,67,
umeh_dhernangdri_high quality(1),umeh_dhernangdri_high quality(1) - page 2,Ume_Petsuk,layout,0.8,2.5,5.0,True,0.9,True,5,6.784074306488037,51.8,139,72,67,
umeh_dhernangdri_high quality(1),umeh_dhernangdri_high quality(1) - page 2,Ume_Petsuk,layout,0.8,2.5,5.0,False,0.1,True,7,6.120575904846191,51.41,142,73,69,
umeh_dhernangdri_high quality(1),umeh_dhernangdri_high quality(1) - page 2,Ume_Petsuk,layout,0.8,2.5,5.0,False,0.25,True,7,6.111582040786743,51.41,142,73,69,
umeh_dhernangdri_high quality(1),umeh_dhernangdri_high quality(1) - page 2,Ume_Petsuk,layout,0.8,2.5,5.0,False,0.5,True,7,6.087998151779175,51.41,142,73,69,
umeh_dhernangdri_high quality(1),umeh_dhernangdri_high quality(1) - page 2,Ume_Petsuk,layout,0.8,2.5,5.0,False,0.9,True,7,6.280997276306152,51.41,142,73,69,
umeh_dhernangdri_high quality(1),umeh_dhernangdri_high quality(1) - page 2,Ume_Petsuk,layout,0.8,3.0,2.5,True,0.1,True,5,5.3388285636901855,62.31,130,81,49,
umeh_dhernangdri_high quality(1),umeh_dhernangdri_high quality(1) - page 2,Ume_Petsuk,layout,0.8,3.0,2.5,True,0.25,True,5,5.391306400299072,62.31,130,81,49,
umeh_dhernangdri_high quality(1),umeh_dhernangdri_high quality(1) - page 2,Ume_Petsuk,layout,0.8,3.0,2.5,True,0.5,True,5,5.532352924346924,62.31,130,81,49,
umeh_dhernangdri_high quality(1),umeh_dhernangdri_high quality(1) - page 2,Ume_Petsuk,layout,0.8,3.0,2.5,True,0.9,True,5,5.392844200134277,62.31,130,81,49,
umeh_dhernangdri_high quality(1),umeh_dhernangdri_high quality(1) - page 2,Ume_Petsuk,layout,0.8,3.0,2.5,False,0.1,True,7,5.412870645523071,68.18,132,90,42,
umeh_dhernangdri_high quality(1),umeh_dhernangdri_high quality(1) - page 2,Ume_Petsuk,layout,0.8,3.0,2.5,False,0.25,True,7,5.4331653118133545,68.18,132,90,42,
umeh_dhernangdri_high quality(1),umeh_dhernangdri_high quality(1) - page 2,Ume_Petsuk,layout,0.8,3.0,2.5,False,0.5,True,7,5.425778150558472,68.18,132,90,42,
umeh_dhernangdri_high quality(1),umeh_dhernangdri_high quality(1) - page 2,Ume_Petsuk,layout,0.8,3.0,2.5,False,0.9,True,7,5.417216777801514,68.18,132,90,42,
umeh_dhernangdri_high quality(1),umeh_dhernangdri_high quality(1) - page 2,Ume_Petsuk,layout,0.8,3.0,3.5,True,0.1,True,5,5.511677265167236,60.0,130,78,52,
umeh_dhernangdri_high quality(1),umeh_dhernangdri_high quality(1) - page 2,Ume_Petsuk,layout,0.8,3.0,3.5,True,0.25,True,5,5.4681830406188965,60.0,130,78,52,
umeh_dhernangdri_high quality(1),umeh_dhernangdri_high quality(1) - page 2,Ume_Petsuk,layout,0.8,3.0,3.5,True,0.5,True,5,5.611558198928833,60.0,130,78,52,
umeh_dhernangdri_high quality(1),umeh_dhernangdri_high quality(1) - page 2,Ume_Petsuk,layout,0.8,3.0,3.5,True,0.9,True,5,5.448889493942261,60.0,130,78,52,
umeh_dhernangdri_high quality(1),umeh_dhernangdri_high quality(1) - page 2,Ume_Petsuk,layout,0.8,3.0,3.5,False,0.1,True,7,5.461359262466431,66.67,132,88,44,
umeh_dhernangdri_high quality(1),umeh_dhernangdri_high quality(1) - page 2,Ume_Petsuk,layout,0.8,3.0,3.5,False,0.25,True,7,5.512388706207275,66.67,132,88,44,
umeh_dhernangdri_high quality(1),umeh_dhernangdri_high quality(1) - page 2,Ume_Petsuk,layout,0.8,3.0,3.5,False,0.5,True,7,5.504040002822876,66.67,132,88,44,
umeh_dhernangdri_high quality(1),umeh_dhernangdri_high quality(1) - page 2,Ume_Petsuk,layout,0.8,3.0,3.5,False,0.9,True,7,5.542435169219971,66.67,132,88,44,
umeh_dhernangdri_high quality(1),umeh_dhernangdri_high quality(1) - page 2,Ume_Petsuk,layout,0.8,3.0,4.0,True,0.1,True,5,5.577284574508667,61.83,131,81,50,
umeh_dhernangdri_high quality(1),umeh_dhernangdri_high quality(1) - page 2,Ume_Petsuk,layout,0.8,3.0,4.0,True,0.25,True,5,5.640353202819824,61.83,131,81,50,
umeh_dhernangdri_high quality(1),umeh_dhernangdri_high quality(1) - page 2,Ume_Petsuk,layout,0.8,3.0,4.0,True,0.5,True,5,5.535111904144287,61.83,131,81,50,
umeh_dhernangdri_high quality(1),umeh_dhernangdri_high quality(1) - page 2,Ume_Petsuk,layout,0.8,3.0,4.0,True,0.9,True,5,5.746862173080444,61.83,131,81,50,
umeh_dhernangdri_high quality(1),umeh_dhernangdri_high quality(1) - page 2,Ume_Petsuk,layout,0.8,3.0,4.0,False,0.1,True,7,5.612917900085449,67.67,133,90,43,
umeh_dhernangdri_high quality(1),umeh_dhernangdri_high quality(1) - page 2,Ume_Petsuk,layout,0.8,3.0,4.0,False,0.25,True,7,5.65031623840332,67.67,133,90,43,
umeh_dhernangdri_high quality(1),umeh_dhernangdri_high quality(1) - page 2,Ume_Petsuk,layout,0.8,3.0,4.0,False,0.5,True,7,5.5821311473846436,67.67,133,90,43,
umeh_dhernangdri_high quality(1),umeh_dhernangdri_high quality(1) - page 2,Ume_Petsuk,layout,0.8,3.0,4.0,False,0.9,True,7,5.59995174407959,67.67,133,90,43,
umeh_dhernangdri_high quality(1),umeh_dhernangdri_high quality(1) - page 2,Ume_Petsuk,layout,0.8,3.0,5.0,True,0.1,True,5,6.197244644165039,51.8,139,72,67,
umeh_dhernangdri_high quality(1),umeh_dhernangdri_high quality(1) - page 2,Ume_Petsuk,layout,0.8,3.0,5.0,True,0.25,True,5,6.1372971534729,51.8,139,72,67,
umeh_dhernangdri_high quality(1),umeh_dhernangdri_high quality(1) - page 2,Ume_Petsuk,layout,0.8,3.0,5.0,True,0.5,True,5,6.151179790496826,51.8,139,72,67,
umeh_dhernangdri_high quality(1),umeh_dhernangdri_high quality(1) - page 2,Ume_Petsuk,layout,0.8,3.0,5.0,True,0.9,True,5,6.099291086196899,51.8,139,72,67,
umeh_dhernangdri_high quality(1),umeh_dhernangdri_high quality(1) - page 2,Ume_Petsuk,layout,0.8,3.0,5.0,False,0.1,True,7,6.398556232452393,51.41,142,73,69,
umeh_dhernangdri_high quality(1),umeh_dhernangdri_high quality(1) - page 2,Ume_Petsuk,layout,0.8,3.0,5.0,False,0.25,True,7,6.3144965171813965,51.41,142,73,69,
umeh_dhernangdri_high quality(1),umeh_dhernangdri_high quality(1) - page 2,Ume_Petsuk,layout,0.8,3.0,5.0,False,0.5,True,7,6.45895528793335,51.41,142,73,69,
umeh_dhernangdri_high quality(1),umeh_dhernangdri_high quality(1) - page 2,Ume_Petsuk,layout,0.8,3.0,5.0,False,0.9,True,7,6.456649541854858,51.41,142,73,69,
umeh_dhernangdri_high quality(1),umeh_dhernangdri_high quality(1) - page 2,Ume_Petsuk,layout,0.9,2.0,2.5,True,0.1,True,5,4.60670018196106,67.44,129,87,42,
umeh_dhernangdri_high quality(1),umeh_dhernangdri_high quality(1) - page 2,Ume_Petsuk,layout,0.9,2.0,2.5,True,0.25,True,5,4.753170728683472,67.44,129,87,42,
umeh_dhernangdri_high quality(1),umeh_dhernangdri_high quality(1) - page 2,Ume_Petsuk,layout,0.9,2.0,2.5,True,0.5,True,5,4.76900577545166,67.44,129,87,42,
umeh_dhernangdri_high quality(1),umeh_dhernangdri_high quality(1) - page 2,Ume_Petsuk,layout,0.9,2.0,2.5,True,0.9,True,5,4.890640735626221,67.44,129,87,42,
umeh_dhernangdri_high quality(1),umeh_dhernangdri_high quality(1) - page 2,Ume_Petsuk,layout,0.9,2.0,2.5,False,0.1,True,7,5.099038124084473,68.18,132,90,42,
umeh_dhernangdri_high quality(1),umeh_dhernangdri_high quality(1) - page 2,Ume_Petsuk,layout,0.9,2.0,2.5,False,0.25,True,7,5.125759840011597,68.18,132,90,42,
umeh_dhernangdri_high quality(1),umeh_dhernangdri_high quality(1) - page 2,Ume_Petsuk,layout,0.9,2.0,2.5,False,0.5,True,7,5.128484487533569,68.18,132,90,42,
umeh_dhernangdri_high quality(1),umeh_dhernangdri_high quality(1) - page 2,Ume_Petsuk,layout,0.9,2.0,2.5,False,0.9,True,7,5.141089677810669,68.18,132,90,42,
umeh_dhernangdri_high quality(1),umeh_dhernangdri_high quality(1) - page 2,Ume_Petsuk,layout,0.9,2.0,3.5,True,0.1,True,5,4.919495344161987,64.89,131,85,46,
umeh_dhernangdri_high quality(1),umeh_dhernangdri_high quality(1) - page 2,Ume_Petsuk,layout,0.9,2.0,3.5,True,0.25,True,5,4.896725177764893,64.89,131,85,46,
umeh_dhernangdri_high quality(1),umeh_dhernangdri_high quality(1) - page 2,Ume_Petsuk,layout,0.9,2.0,3.5,True,0.5,True,5,4.96975564956665,64.89,131,85,46,
umeh_dhernangdri_high quality(1),umeh_dhernangdri_high quality(1) - page 2,Ume_Petsuk,layout,0.9,2.0,3.5,True,0.9,True,5,4.9173057079315186,64.89,131,85,46,
umeh_dhernangdri_high quality(1),umeh_dhernangdri_high quality(1) - page 2,Ume_Petsuk,layout,0.9,2.0,3.5,False,0.1,True,7,5.211731195449829,66.67,132,88,44,
umeh_dhernangdri_high quality(1),umeh_dhernangdri_high quality(1) - page 2,Ume_Petsuk,layout,0.9,2.0,3.5,False,0.25,True,7,5.1996729373931885,66.67,132,88,44,
umeh_dhernangdri_high quality(1),umeh_dhernangdri_high quality(1) - page 2,Ume_Petsuk,layout,0.9,2.0,3.5,False,0.5,True,7,5.689100742340088,66.67,132,88,44,
umeh_dhernangdri_high quality(1),umeh_dhernangdri_high quality(1) - page 2,Ume_Petsuk,layout,0.9,2.0,3.5,False,0.9,True,7,5.130171537399292,66.67,132,88,44,
umeh_dhernangdri_high quality(1),umeh_dhernangdri_high quality(1) - page 2,Ume_Petsuk,layout,0.9,2.0,4.0,True,0.1,True,5,5.011415481567383,65.91,132,87,45,
umeh_dhernangdri_high quality(1),umeh_dhernangdri_high quality(1) - page 2,Ume_Petsuk,layout,0.9,2.0,4.0,True,0.25,True,5,5.0698082447052,65.91,132,87,45,
umeh_dhernangdri_high quality(1),umeh_dhernangdri_high quality(1) - page 2,Ume_Petsuk,layout,0.9,2.0,4.0,True,0.5,True,5,5.01625657081604,65.91,132,87,45,
umeh_dhernangdri_high quality(1),umeh_dhernangdri_high quality(1) - page 2,Ume_Petsuk,layout,0.9,2.0,4.0,True,0.9,True,5,4.98503851890564,65.91,132,87,45,
umeh_dhernangdri_high quality(1),umeh_dhernangdri_high quality(1) - page 2,Ume_Petsuk,layout,0.9,2.0,4.0,False,0.1,True,7,5.5906524658203125,67.67,133,90,43,
umeh_dhernangdri_high quality(1),umeh_dhernangdri_high quality(1) - page 2,Ume_Petsuk,layout,0.9,2.0,4.0,False,0.25,True,7,5.209198474884033,67.67,133,90,43,
umeh_dhernangdri_high quality(1),umeh_dhernangdri_high quality(1) - page 2,Ume_Petsuk,layout,0.9,2.0,4.0,False,0.5,True,7,7.407555818557739,67.67,133,90,43,
umeh_dhernangdri_high quality(1),umeh_dhernangdri_high quality(1) - page 2,Ume_Petsuk,layout,0.9,2.0,4.0,False,0.9,True,7,5.104610443115234,67.67,133,90,43,
umeh_dhernangdri_high quality(1),umeh_dhernangdri_high quality(1) - page 2,Ume_Petsuk,layout,0.9,2.0,5.0,True,0.1,True,5,6.0493323802948,51.82,137,71,66,
umeh_dhernangdri_high quality(1),umeh_dhernangdri_high quality(1) - page 2,Ume_Petsuk,layout,0.9,2.0,5.0,True,0.25,True,5,6.072702169418335,51.82,137,71,66,
umeh_dhernangdri_high quality(1),umeh_dhernangdri_high quality(1) - page 2,Ume_Petsuk,layout,0.9,2.0,5.0,True,0.5,True,5,5.977154493331909,51.82,137,71,66,
umeh_dhernangdri_high quality(1),umeh_dhernangdri_high quality(1) - page 2,Ume_Petsuk,layout,0.9,2.0,5.0,True,0.9,True,5,6.020092010498047,51.82,137,71,66,
umeh_dhernangdri_high quality(1),umeh_dhernangdri_high quality(1) - page 2,Ume_Petsuk,layout,0.9,2.0,5.0,False,0.1,True,7,6.252310752868652,53.62,138,74,64,
umeh_dhernangdri_high quality(1),umeh_dhernangdri_high quality(1) - page 2,Ume_Petsuk,layout,0.9,2.0,5.0,False,0.25,True,7,6.278831720352173,53.62,138,74,64,
umeh_dhernangdri_high quality(1),umeh_dhernangdri_high quality(1) - page 2,Ume_Petsuk,layout,0.9,2.0,5.0,False,0.5,True,7,6.251622438430786,53.62,138,74,64,
umeh_dhernangdri_high quality(1),umeh_dhernangdri_high quality(1) - page 2,Ume_Petsuk,layout,0.9,2.0,5.0,False,0.9,True,7,6.4255592823028564,53.62,138,74,64,
umeh_dhernangdri_high quality(1),umeh_dhernangdri_high quality(1) - page 2,Ume_Petsuk,layout,0.9,2.5,2.5,True,0.1,True,5,4.924708127975464,66.41,131,87,44,
umeh_dhernangdri_high quality(1),umeh_dhernangdri_high quality(1) - page 2,Ume_Petsuk,layout,0.9,2.5,2.5,True,0.25,True,5,4.97781777381897,66.41,131,87,44,
umeh_dhernangdri_high quality(1),umeh_dhernangdri_high quality(1) - page 2,Ume_Petsuk,layout,0.9,2.5,2.5,True,0.5,True,5,4.968794107437134,66.41,131,87,44,
umeh_dhernangdri_high quality(1),umeh_dhernangdri_high quality(1) - page 2,Ume_Petsuk,layout,0.9,2.5,2.5,True,0.9,True,5,5.0020692348480225,66.41,131,87,44,
umeh_dhernangdri_high quality(1),umeh_dhernangdri_high quality(1) - page 2,Ume_Petsuk,layout,0.9,2.5,2.5,False,0.1,True,7,5.258960485458374,68.18,132,90,42,
umeh_dhernangdri_high quality(1),umeh_dhernangdri_high quality(1) - page 2,Ume_Petsuk,layout,0.9,2.5,2.5,False,0.25,True,7,5.24820876121521,68.18,132,90,42,
umeh_dhernangdri_high quality(1),umeh_dhernangdri_high quality(1) - page 2,Ume_Petsuk,layout,0.9,2.5,2.5,False,0.5,True,7,5.250474214553833,68.18,132,90,42,
umeh_dhernangdri_high quality(1),umeh_dhernangdri_high quality(1) - page 2,Ume_Petsuk,layout,0.9,2.5,2.5,False,0.9,True,7,5.26932692527771,68.18,132,90,42,
umeh_dhernangdri_high quality(1),umeh_dhernangdri_high quality(1) - page 2,Ume_Petsuk,layout,0.9,2.5,3.5,True,0.1,True,5,5.114492893218994,64.89,131,85,46,
umeh_dhernangdri_high quality(1),umeh_dhernangdri_high quality(1) - page 2,Ume_Petsuk,layout,0.9,2.5,3.5,True,0.25,True,5,5.0738396644592285,64.89,131,85,46,
umeh_dhernangdri_high quality(1),umeh_dhernangdri_high quality(1) - page 2,Ume_Petsuk,layout,0.9,2.5,3.5,True,0.5,True,5,5.077036380767822,64.89,131,85,46,
umeh_dhernangdri_high quality(1),umeh_dhernangdri_high quality(1) - page 2,Ume_Petsuk,layout,0.9,2.5,3.5,True,0.9,True,5,5.108681917190552,64.89,131,85,46,
umeh_dhernangdri_high quality(1),umeh_dhernangdri_high quality(1) - page 2,Ume_Petsuk,layout,0.9,2.5,3.5,False,0.1,True,7,5.2854979038238525,66.67,132,88,44,
umeh_dhernangdri_high quality(1),umeh_dhernangdri_high quality(1) - page 2,Ume_Petsuk,layout,0.9,2.5,3.5,False,0.25,True,7,5.311754465103149,66.67,132,88,44,
umeh_dhernangdri_high quality(1),umeh_dhernangdri_high quality(1) - page 2,Ume_Petsuk,layout,0.9,2.5,3.5,False,0.5,True,7,5.410158157348633,66.67,132,88,44,
umeh_dhernangdri_high quality(1),umeh_dhernangdri_high quality(1) - page 2,Ume_Petsuk,layout,0.9,2.5,3.5,False,0.9,True,7,5.33406400680542,66.67,132,88,44,
umeh_dhernangdri_high quality(1),umeh_dhernangdri_high quality(1) - page 2,Ume_Petsuk,layout,0.9,2.5,4.0,True,0.1,True,5,5.1440770626068115,65.91,132,87,45,
umeh_dhernangdri_high quality(1),umeh_dhernangdri_high quality(1) - page 2,Ume_Petsuk,layout,0.9,2.5,4.0,True,0.25,True,5,5.105609178543091,65.91,132,87,45,
umeh_dhernangdri_high quality(1),umeh_dhernangdri_high quality(1) - page 2,Ume_Petsuk,layout,0.9,2.5,4.0,True,0.5,True,5,5.105633974075317,65.91,132,87,45,
umeh_dhernangdri_high quality(1),umeh_dhernangdri_high quality(1) - page 2,Ume_Petsuk,layout,0.9,2.5,4.0,True,0.9,True,5,5.137519359588623,65.91,132,87,45,
umeh_dhernangdri_high quality(1),umeh_dhernangdri_high quality(1) - page 2,Ume_Petsuk,layout,0.9,2.5,4.0,False,0.1,True,7,5.382997035980225,67.67,133,90,43,
umeh_dhernangdri_high quality(1),umeh_dhernangdri_high quality(1) - page 2,Ume_Petsuk,layout,0.9,2.5,4.0,False,0.25,True,7,5.390040397644043,67.67,133,90,43,
umeh_dhernangdri_high quality(1),umeh_dhernangdri_high quality(1) - page 2,Ume_Petsuk,layout,0.9,2.5,4.0,False,0.5,True,7,5.444165229797363,67.67,133,90,43,
umeh_dhernangdri_high quality(1),umeh_dhernangdri_high quality(1) - page 2,Ume_Petsuk,layout,0.9,2.5,4.0,False,0.9,True,7,5.407598972320557,67.67,133,90,43,
umeh_dhernangdri_high quality(1),umeh_dhernangdri_high quality(1) - page 2,Ume_Petsuk,layout,0.9,2.5,5.0,True,0.1,True,5,6.004079341888428,51.8,139,72,67,
umeh_dhernangdri_high quality(1),umeh_dhernangdri_high quality(1) - page 2,Ume_Petsuk,layout,0.9,2.5,5.0,True,0.25,True,5,5.8994646072387695,51.8,139,72,67,
umeh_dhernangdri_high quality(1),umeh_dhernangdri_high quality(1) - page 2,Ume_Petsuk,layout,0.9,2.5,5.0,True,0.5,True,5,5.915324449539185,51.8,139,72,67,
umeh_dhernangdri_high quality(1),umeh_dhernangdri_high quality(1) - page 2,Ume_Petsuk,layout,0.9,2.5,5.0,True,0.9,True,5,5.919508218765259,51.8,139,72,67,
umeh_dhernangdri_high quality(1),umeh_dhernangdri_high quality(1) - page 2,Ume_Petsuk,layout,0.9,2.5,5.0,False,0.1,True,7,6.158298492431641,51.41,142,73,69,
umeh_dhernangdri_high quality(1),umeh_dhernangdri_high quality(1) - page 2,Ume_Petsuk,layout,0.9,2.5,5.0,False,0.25,True,7,6.2969748973846436,51.41,142,73,69,
umeh_dhernangdri_high quality(1),umeh_dhernangdri_high quality(1) - page 2,Ume_Petsuk,layout,0.9,2.5,5.0,False,0.5,True,7,6.190151691436768,51.41,142,73,69,
umeh_dhernangdri_high quality(1),umeh_dhernangdri_high quality(1) - page 2,Ume_Petsuk,layout,0.9,2.5,5.0,False,0.9,True,7,6.181637763977051,51.41,142,73,69,
umeh_dhernangdri_high quality(1),umeh_dhernangdri_high quality(1) - page 2,Ume_Petsuk,layout,0.9,3.0,2.5,True,0.1,True,5,5.333861589431763,62.31,130,81,49,
umeh_dhernangdri_high quality(1),umeh_dhernangdri_high quality(1) - page 2,Ume_Petsuk,layout,0.9,3.0,2.5,True,0.25,True,5,5.84967565536499,62.31,130,81,49,
umeh_dhernangdri_high quality(1),umeh_dhernangdri_high quality(1) - page 2,Ume_Petsuk,layout,0.9,3.0,2.5,True,0.5,True,5,5.2942211627960205,62.31,130,81,49,
umeh_dhernangdri_high quality(1),umeh_dhernangdri_high quality(1) - page 2,Ume_Petsuk,layout,0.9,3.0,2.5,True,0.9,True,5,5.40404748916626,62.31,130,81,49,
umeh_dhernangdri_high quality(1),umeh_dhernangdri_high quality(1) - page 2,Ume_Petsuk,layout,0.9,3.0,2.5,False,0.1,True,7,5.40987491607666,68.18,132,90,42,
umeh_dhernangdri_high quality(1),umeh_dhernangdri_high quality(1) - page 2,Ume_Petsuk,layout,0.9,3.0,2.5,False,0.25,True,7,5.411648273468018,68.18,132,90,42,
umeh_dhernangdri_high quality(1),umeh_dhernangdri_high quality(1) - page 2,Ume_Petsuk,layout,0.9,3.0,2.5,False,0.5,True,7,5.41252326965332,68.18,132,90,42,
umeh_dhernangdri_high quality(1),umeh_dhernangdri_high quality(1) - page 2,Ume_Petsuk,layout,0.9,3.0,2.5,False,0.9,True,7,5.401491403579712,68.18,132,90,42,
umeh_dhernangdri_high quality(1),umeh_dhernangdri_high quality(1) - page 2,Ume_Petsuk,layout,0.9,3.0,3.5,True,0.1,True,5,5.72817063331604,60.0,130,78,52,
umeh_dhernangdri_high quality(1),umeh_dhernangdri_high quality(1) - page 2,Ume_Petsuk,layout,0.9,3.0,3.5,True,0.25,True,5,5.461307525634766,60.0,130,78,52,
umeh_dhernangdri_high quality(1),umeh_dhernangdri_high quality(1) - page 2,Ume_Petsuk,layout,0.9,3.0,3.5,True,0.5,True,5,5.464337348937988,60.0,130,78,52,
umeh_dhernangdri_high quality(1),umeh_dhernangdri_high quality(1) - page 2,Ume_Petsuk,layout,0.9,3.0,3.5,True,0.9,True,5,5.563785076141357,60.0,130,78,52,
umeh_dhernangdri_high quality(1),umeh_dhernangdri_high quality(1) - page 2,Ume_Petsuk,layout,0.9,3.0,3.5,False,0.1,True,7,5.5684051513671875,66.67,132,88,44,
umeh_dhernangdri_high quality(1),umeh_dhernangdri_high quality(1) - page 2,Ume_Petsuk,layout,0.9,3.0,3.5,False,0.25,True,7,7.733633756637573,66.67,132,88,44,
umeh_dhernangdri_high quality(1),umeh_dhernangdri_high quality(1) - page 2,Ume_Petsuk,layout,0.9,3.0,3.5,False,0.5,True,7,6.450231313705444,66.67,132,88,44,
umeh_dhernangdri_high quality(1),umeh_dhernangdri_high quality(1) - page 2,Ume_Petsuk,layout,0.9,3.0,3.5,False,0.9,True,7,6.256741046905518,66.67,132,88,44,
umeh_dhernangdri_high quality(1),umeh_dhernangdri_high quality(1) - page 2,Ume_Petsuk,layout,0.9,3.0,4.0,True,0.1,True,5,8.038221836090088,61.83,131,81,50,
umeh_dhernangdri_high quality(1),umeh_dhernangdri_high quality(1) - page 2,Ume_Petsuk,layout,0.9,3.0,4.0,True,0.25,True,5,5.804654121398926,61.83,131,81,50,
umeh_dhernangdri_high quality(1),umeh_dhernangdri_high quality(1) - page 2,Ume_Petsuk,layout,0.9,3.0,4.0,True,0.5,True,5,5.447518348693848,61.83,131,81,50,
umeh_dhernangdri_high quality(1),umeh_dhernangdri_high quality(1) - page 2,Ume_Petsuk,layout,0.9,3.0,4.0,True,0.9,True,5,5.410856246948242,61.83,131,81,50,
umeh_dhernangdri_high quality(1),umeh_dhernangdri_high quality(1) - page 2,Ume_Petsuk,layout,0.9,3.0,4.0,False,0.1,True,7,5.419013023376465,67.67,133,90,43,
umeh_dhernangdri_high quality(1),umeh_dhernangdri_high quality(1) - page 2,Ume_Petsuk,layout,0.9,3.0,4.0,False,0.25,True,7,5.661790132522583,67.67,133,90,43,
umeh_dhernangdri_high quality(1),umeh_dhernangdri_high quality(1) - page 2,Ume_Petsuk,layout,0.9,3.0,4.0,False,0.5,True,7,5.640335321426392,67.67,133,90,43,
umeh_dhernangdri_high quality(1),umeh_dhernangdri_high quality(1) - page 2,Ume_Petsuk,layout,0.9,3.0,4.0,False,0.9,True,7,8.110700607299805,67.67,133,90,43,
umeh_dhernangdri_high quality(1),umeh_dhernangdri_high quality(1) - page 2,Ume_Petsuk,layout,0.9,3.0,5.0,True,0.1,True,5,6.182629823684692,51.8,139,72,67,
umeh_dhernangdri_high quality(1),umeh_dhernangdri_high quality(1) - page 2,Ume_Petsuk,layout,0.9,3.0,5.0,True,0.25,True,5,6.233572244644165,51.8,139,72,67,
umeh_dhernangdri_high quality(1),umeh_dhernangdri_high quality(1) - page 2,Ume_Petsuk,layout,0.9,3.0,5.0,True,0.5,True,5,6.109356164932251,51.8,139,72,67,
umeh_dhernangdri_high quality(1),umeh_dhernangdri_high quality(1) - page 2,Ume_Petsuk,layout,0.9,3.0,5.0,True,0.9,True,5,6.086335182189941,51.8,139,72,67,
umeh_dhernangdri_high quality(1),umeh_dhernangdri_high quality(1) - page 2,Ume_Petsuk,layout,0.9,3.0,5.0,False,0.1,True,7,6.390772581100464,51.41,142,73,69,
umeh_dhernangdri_high quality(1),umeh_dhernangdri_high quality(1) - page 2,Ume_Petsuk,layout,0.9,3.0,5.0,False,0.25,True,7,6.430495023727417,51.41,142,73,69,
umeh_dhernangdri_high quality(1),umeh_dhernangdri_high quality(1) - page 2,Ume_Petsuk,layout,0.9,3.0,5.0,False,0.5,True,7,8.244489908218384,51.41,142,73,69,
umeh_dhernangdri_high quality(1),umeh_dhernangdri_high quality(1) - page 2,Ume_Petsuk,layout,0.9,3.0,5.0,False,0.9,True,7,6.428146839141846,51.41,142,73,69,
umeh_dhernangdri_high quality(1),umeh_dhernangdri_high quality(1) - page 2,Modern,line,0.7,2.0,2.5,True,0.1,True,6,7.468867063522339,48.51,101,49,52,
umeh_dhernangdri_high quality(1),umeh_dhernangdri_high quality(1) - page 2,Modern,line,0.7,2.0,2.5,True,0.25,True,6,7.148451089859009,48.51,101,49,52,
umeh_dhernangdri_high quality(1),umeh_dhernangdri_high quality(1) - page 2,Modern,line,0.7,2.0,2.5,True,0.5,True,6,7.08247447013855,48.51,101,49,52,
umeh_dhernangdri_high quality(1),umeh_dhernangdri_high quality(1) - page 2,Modern,line,0.7,2.0,2.5,True,0.9,True,6,7.3563573360443115,48.51,101,49,52,
umeh_dhernangdri_high quality(1),umeh_dhernangdri_high quality(1) - page 2,Modern,line,0.7,2.0,2.5,False,0.1,True,7,7.228811025619507,48.0,100,48,52,
umeh_dhernangdri_high quality(1),umeh_dhernangdri_high quality(1) - page 2,Modern,line,0.7,2.0,2.5,False,0.25,True,7,7.147379159927368,48.0,100,48,52,
umeh_dhernangdri_high quality(1),umeh_dhernangdri_high quality(1) - page 2,Modern,line,0.7,2.0,2.5,False,0.5,True,7,7.2468109130859375,48.0,100,48,52,
umeh_dhernangdri_high quality(1),umeh_dhernangdri_high quality(1) - page 2,Modern,line,0.7,2.0,2.5,False,0.9,True,7,7.247430086135864,48.0,100,48,52,
umeh_dhernangdri_high quality(1),umeh_dhernangdri_high quality(1) - page 2,Modern,line,0.7,2.0,3.5,True,0.1,True,6,7.181486368179321,42.05,88,37,51,
umeh_dhernangdri_high quality(1),umeh_dhernangdri_high quality(1) - page 2,Modern,line,0.7,2.0,3.5,True,0.25,True,6,7.1831886768341064,42.05,88,37,51,
umeh_dhernangdri_high quality(1),umeh_dhernangdri_high quality(1) - page 2,Modern,line,0.7,2.0,3.5,True,0.5,True,6,7.461963653564453,42.05,88,37,51,
umeh_dhernangdri_high quality(1),umeh_dhernangdri_high quality(1) - page 2,Modern,line,0.7,2.0,3.5,True,0.9,True,6,7.4322381019592285,42.05,88,37,51,
umeh_dhernangdri_high quality(1),umeh_dhernangdri_high quality(1) - page 2,Modern,line,0.7,2.0,3.5,False,0.1,True,7,7.068041563034058,42.05,88,37,51,
umeh_dhernangdri_high quality(1),umeh_dhernangdri_high quality(1) - page 2,Modern,line,0.7,2.0,3.5,False,0.25,True,7,7.078554630279541,42.05,88,37,51,
umeh_dhernangdri_high quality(1),umeh_dhernangdri_high quality(1) - page 2,Modern,line,0.7,2.0,3.5,False,0.5,True,7,7.066016912460327,42.05,88,37,51,
umeh_dhernangdri_high quality(1),umeh_dhernangdri_high quality(1) - page 2,Modern,line,0.7,2.0,3.5,False,0.9,True,7,7.129928350448608,42.05,88,37,51,
umeh_dhernangdri_high quality(1),umeh_dhernangdri_high quality(1) - page 2,Modern,line,0.7,2.0,4.0,True,0.1,True,6,7.384734869003296,34.07,91,31,60,
umeh_dhernangdri_high quality(1),umeh_dhernangdri_high quality(1) - page 2,Modern,line,0.7,2.0,4.0,True,0.25,True,6,7.0868821144104,34.07,91,31,60,
umeh_dhernangdri_high quality(1),umeh_dhernangdri_high quality(1) - page 2,Modern,line,0.7,2.0,4.0,True,0.5,True,6,7.098386526107788,34.07,91,31,60,
umeh_dhernangdri_high quality(1),umeh_dhernangdri_high quality(1) - page 2,Modern,line,0.7,2.0,4.0,True,0.9,True,6,7.071909666061401,34.07,91,31,60,
umeh_dhernangdri_high quality(1),umeh_dhernangdri_high quality(1) - page 2,Modern,line,0.7,2.0,4.0,False,0.1,True,7,6.973948240280151,34.44,90,31,59,
umeh_dhernangdri_high quality(1),umeh_dhernangdri_high quality(1) - page 2,Modern,line,0.7,2.0,4.0,False,0.25,True,7,7.102837562561035,34.44,90,31,59,
umeh_dhernangdri_high quality(1),umeh_dhernangdri_high quality(1) - page 2,Modern,line,0.7,2.0,4.0,False,0.5,True,7,7.303280591964722,34.44,90,31,59,
umeh_dhernangdri_high quality(1),umeh_dhernangdri_high quality(1) - page 2,Modern,line,0.7,2.0,4.0,False,0.9,True,7,9.339317083358765,34.44,90,31,59,
umeh_dhernangdri_high quality(1),umeh_dhernangdri_high quality(1) - page 2,Modern,line,0.7,2.0,5.0,True,0.1,True,6,7.686845779418945,35.29,85,30,55,
umeh_dhernangdri_high quality(1),umeh_dhernangdri_high quality(1) - page 2,Modern,line,0.7,2.0,5.0,True,0.25,True,6,7.7105700969696045,35.29,85,30,55,
umeh_dhernangdri_high quality(1),umeh_dhernangdri_high quality(1) - page 2,Modern,line,0.7,2.0,5.0,True,0.5,True,6,8.025632858276367,35.29,85,30,55,
umeh_dhernangdri_high quality(1),umeh_dhernangdri_high quality(1) - page 2,Modern,line,0.7,2.0,5.0,True,0.9,True,6,7.694348573684692,35.29,85,30,55,
umeh_dhernangdri_high quality(1),umeh_dhernangdri_high quality(1) - page 2,Modern,line,0.7,2.0,5.0,False,0.1,True,7,8.007741451263428,34.52,84,29,55,
umeh_dhernangdri_high quality(1),umeh_dhernangdri_high quality(1) - page 2,Modern,line,0.7,2.0,5.0,False,0.25,True,7,8.422588109970093,34.52,84,29,55,
umeh_dhernangdri_high quality(1),umeh_dhernangdri_high quality(1) - page 2,Modern,line,0.7,2.0,5.0,False,0.5,True,7,7.819039344787598,34.52,84,29,55,
umeh_dhernangdri_high quality(1),umeh_dhernangdri_high quality(1) - page 2,Modern,line,0.7,2.0,5.0,False,0.9,True,7,8.221443891525269,34.52,84,29,55,
umeh_dhernangdri_high quality(1),umeh_dhernangdri_high quality(1) - page 2,Modern,line,0.7,2.5,2.5,True,0.1,True,6,7.1912243366241455,47.06,102,48,54,
umeh_dhernangdri_high quality(1),umeh_dhernangdri_high quality(1) - page 2,Modern,line,0.7,2.5,2.5,True,0.25,True,6,7.189507007598877,47.06,102,48,54,
umeh_dhernangdri_high quality(1),umeh_dhernangdri_high quality(1) - page 2,Modern,line,0.7,2.5,2.5,True,0.5,True,6,7.382689952850342,47.06,102,48,54,
umeh_dhernangdri_high quality(1),umeh_dhernangdri_high quality(1) - page 2,Modern,line,0.7,2.5,2.5,True,0.9,True,6,7.23136830329895,47.06,102,48,54,
umeh_dhernangdri_high quality(1),umeh_dhernangdri_high quality(1) - page 2,Modern,line,0.7,2.5,2.5,False,0.1,True,7,8.939133167266846,48.51,101,49,52,
umeh_dhernangdri_high quality(1),umeh_dhernangdri_high quality(1) - page 2,Modern,line,0.7,2.5,2.5,False,0.25,True,7,7.300381422042847,48.51,101,49,52,
umeh_dhernangdri_high quality(1),umeh_dhernangdri_high quality(1) - page 2,Modern,line,0.7,2.5,2.5,False,0.5,True,7,7.27372670173645,48.51,101,49,52,
umeh_dhernangdri_high quality(1),umeh_dhernangdri_high quality(1) - page 2,Modern,line,0.7,2.5,2.5,False,0.9,True,7,7.404651165008545,48.51,101,49,52,
umeh_dhernangdri_high quality(1),umeh_dhernangdri_high quality(1) - page 2,Modern,line,0.7,2.5,3.5,True,0.1,True,6,7.422393560409546,42.05,88,37,51,
umeh_dhernangdri_high quality(1),umeh_dhernangdri_high quality(1) - page 2,Modern,line,0.7,2.5,3.5,True,0.25,True,6,7.409512281417847,42.05,88,37,51,
umeh_dhernangdri_high quality(1),umeh_dhernangdri_high quality(1) - page 2,Modern,line,0.7,2.5,3.5,True,0.5,True,6,7.394585609436035,42.05,88,37,51,
umeh_dhernangdri_high quality(1),umeh_dhernangdri_high quality(1) - page 2,Modern,line,0.7,2.5,3.5,True,0.9,True,6,7.676196575164795,42.05,88,37,51,
umeh_dhernangdri_high quality(1),umeh_dhernangdri_high quality(1) - page 2,Modern,line,0.7,2.5,3.5,False,0.1,True,7,7.367459297180176,42.05,88,37,51,
umeh_dhernangdri_high quality(1),umeh_dhernangdri_high quality(1) - page 2,Modern,line,0.7,2.5,3.5,False,0.25,True,7,7.39066743850708,42.05,88,37,51,
umeh_dhernangdri_high quality(1),umeh_dhernangdri_high quality(1) - page 2,Modern,line,0.7,2.5,3.5,False,0.5,True,7,7.388110637664795,42.05,88,37,51,
umeh_dhernangdri_high quality(1),umeh_dhernangdri_high quality(1) - page 2,Modern,line,0.7,2.5,3.5,False,0.9,True,7,9.704049587249756,42.05,88,37,51,
umeh_dhernangdri_high quality(1),umeh_dhernangdri_high quality(1) - page 2,Modern,line,0.7,2.5,4.0,True,0.1,True,6,7.27246618270874,32.97,91,30,61,
umeh_dhernangdri_high quality(1),umeh_dhernangdri_high quality(1) - page 2,Modern,line,0.7,2.5,4.0,True,0.25,True,6,7.448607444763184,32.97,91,30,61,
umeh_dhernangdri_high quality(1),umeh_dhernangdri_high quality(1) - page 2,Modern,line,0.7,2.5,4.0,True,0.5,True,6,7.291288137435913,32.97,91,30,61,
umeh_dhernangdri_high quality(1),umeh_dhernangdri_high quality(1) - page 2,Modern,line,0.7,2.5,4.0,True,0.9,True,6,7.240419387817383,32.97,91,30,61,
umeh_dhernangdri_high quality(1),umeh_dhernangdri_high quality(1) - page 2,Modern,line,0.7,2.5,4.0,False,0.1,True,7,7.297359943389893,34.44,90,31,59,
umeh_dhernangdri_high quality(1),umeh_dhernangdri_high quality(1) - page 2,Modern,line,0.7,2.5,4.0,False,0.25,True,7,7.296267509460449,34.44,90,31,59,
umeh_dhernangdri_high quality(1),umeh_dhernangdri_high quality(1) - page 2,Modern,line,0.7,2.5,4.0,False,0.5,True,7,7.481706142425537,34.44,90,31,59,
umeh_dhernangdri_high quality(1),umeh_dhernangdri_high quality(1) - page 2,Modern,line,0.7,2.5,4.0,False,0.9,True,7,7.625302076339722,34.44,90,31,59,
umeh_dhernangdri_high quality(1),umeh_dhernangdri_high quality(1) - page 2,Modern,line,0.7,2.5,5.0,True,0.1,True,6,7.821407794952393,43.33,90,39,51,
umeh_dhernangdri_high quality(1),umeh_dhernangdri_high quality(1) - page 2,Modern,line,0.7,2.5,5.0,True,0.25,True,6,7.87114405632019,43.33,90,39,51,
umeh_dhernangdri_high quality(1),umeh_dhernangdri_high quality(1) - page 2,Modern,line,0.7,2.5,5.0,True,0.5,True,6,8.124725818634033,43.33,90,39,51,
umeh_dhernangdri_high quality(1),umeh_dhernangdri_high quality(1) - page 2,Modern,line,0.7,2.5,5.0,True,0.9,True,6,7.836760759353638,43.33,90,39,51,
umeh_dhernangdri_high quality(1),umeh_dhernangdri_high quality(1) - page 2,Modern,line,0.7,2.5,5.0,False,0.1,True,7,7.973400115966797,43.82,89,39,50,
umeh_dhernangdri_high quality(1),umeh_dhernangdri_high quality(1) - page 2,Modern,line,0.7,2.5,5.0,False,0.25,True,7,7.88786244392395,43.82,89,39,50,
umeh_dhernangdri_high quality(1),umeh_dhernangdri_high quality(1) - page 2,Modern,line,0.7,2.5,5.0,False,0.5,True,7,8.376048564910889,43.82,89,39,50,
umeh_dhernangdri_high quality(1),umeh_dhernangdri_high quality(1) - page 2,Modern,line,0.7,2.5,5.0,False,0.9,True,7,7.89008641242981,43.82,89,39,50,
umeh_dhernangdri_high quality(1),umeh_dhernangdri_high quality(1) - page 2,Modern,line,0.7,3.0,2.5,True,0.1,True,6,7.602982521057129,48.04,102,49,53,
umeh_dhernangdri_high quality(1),umeh_dhernangdri_high quality(1) - page 2,Modern,line,0.7,3.0,2.5,True,0.25,True,6,7.661169052124023,48.04,102,49,53,
umeh_dhernangdri_high quality(1),umeh_dhernangdri_high quality(1) - page 2,Modern,line,0.7,3.0,2.5,True,0.5,True,6,10.549079895019531,48.04,102,49,53,
umeh_dhernangdri_high quality(1),umeh_dhernangdri_high quality(1) - page 2,Modern,line,0.7,3.0,2.5,True,0.9,True,6,7.602577447891235,48.04,102,49,53,
umeh_dhernangdri_high quality(1),umeh_dhernangdri_high quality(1) - page 2,Modern,line,0.7,3.0,2.5,False,0.1,True,7,7.412211894989014,47.52,101,48,53,
umeh_dhernangdri_high quality(1),umeh_dhernangdri_high quality(1) - page 2,Modern,line,0.7,3.0,2.5,False,0.25,True,7,7.452293872833252,47.52,101,48,53,
umeh_dhernangdri_high quality(1),umeh_dhernangdri_high quality(1) - page 2,Modern,line,0.7,3.0,2.5,False,0.5,True,7,7.4158713817596436,47.52,101,48,53,
umeh_dhernangdri_high quality(1),umeh_dhernangdri_high quality(1) - page 2,Modern,line,0.7,3.0,2.5,False,0.9,True,7,7.413172483444214,47.52,101,48,53,
umeh_dhernangdri_high quality(1),umeh_dhernangdri_high quality(1) - page 2,Modern,line,0.7,3.0,3.5,True,0.1,True,6,7.534993648529053,41.57,89,37,52,
umeh_dhernangdri_high quality(1),umeh_dhernangdri_high quality(1) - page 2,Modern,line,0.7,3.0,3.5,True,0.25,True,6,7.513890743255615,41.57,89,37,52,
umeh_dhernangdri_high quality(1),umeh_dhernangdri_high quality(1) - page 2,Modern,line,0.7,3.0,3.5,True,0.5,True,6,7.7832372188568115,41.57,89,37,52,
umeh_dhernangdri_high quality(1),umeh_dhernangdri_high quality(1) - page 2,Modern,line,0.7,3.0,3.5,True,0.9,True,6,7.511618375778198,41.57,89,37,52,
umeh_dhernangdri_high quality(1),umeh_dhernangdri_high quality(1) - page 2,Modern,line,0.7,3.0,3.5,False,0.1,True,7,7.386672258377075,40.91,88,36,52,
umeh_dhernangdri_high quality(1),umeh_dhernangdri_high quality(1) - page 2,Modern,line,0.7,3.0,3.5,False,0.25,True,7,7.585479497909546,40.91,88,36,52,
umeh_dhernangdri_high quality(1),umeh_dhernangdri_high quality(1) - page 2,Modern,line,0.7,3.0,3.5,False,0.5,True,7,7.3956217765808105,40.91,88,36,52,
umeh_dhernangdri_high quality(1),umeh_dhernangdri_high quality(1) - page 2,Modern,line,0.7,3.0,3.5,False,0.9,True,7,7.37216591835022,40.91,88,36,52,
umeh_dhernangdri_high quality(1),umeh_dhernangdri_high quality(1) - page 2,Modern,line,0.7,3.0,4.0,True,0.1,True,6,7.381202220916748,32.97,91,30,61,
umeh_dhernangdri_high quality(1),umeh_dhernangdri_high quality(1) - page 2,Modern,line,0.7,3.0,4.0,True,0.25,True,6,7.37044095993042,32.97,91,30,61,
umeh_dhernangdri_high quality(1),umeh_dhernangdri_high quality(1) - page 2,Modern,line,0.7,3.0,4.0,True,0.5,True,6,7.339484930038452,32.97,91,30,61,
umeh_dhernangdri_high quality(1),umeh_dhernangdri_high quality(1) - page 2,Modern,line,0.7,3.0,4.0,True,0.9,True,6,7.361536741256714,32.97,91,30,61,
umeh_dhernangdri_high quality(1),umeh_dhernangdri_high quality(1) - page 2,Modern,line,0.7,3.0,4.0,False,0.1,True,7,7.626169443130493,33.33,90,30,60,
umeh_dhernangdri_high quality(1),umeh_dhernangdri_high quality(1) - page 2,Modern,line,0.7,3.0,4.0,False,0.25,True,7,7.303807735443115,33.33,90,30,60,
umeh_dhernangdri_high quality(1),umeh_dhernangdri_high quality(1) - page 2,Modern,line,0.7,3.0,4.0,False,0.5,True,7,7.3814592361450195,33.33,90,30,60,
umeh_dhernangdri_high quality(1),umeh_dhernangdri_high quality(1) - page 2,Modern,line,0.7,3.0,4.0,False,0.9,True,7,7.325053453445435,33.33,90,30,60,
umeh_dhernangdri_high quality(1),umeh_dhernangdri_high quality(1) - page 2,Modern,line,0.7,3.0,5.0,True,0.1,True,6,7.8332602977752686,43.33,90,39,51,
umeh_dhernangdri_high quality(1),umeh_dhernangdri_high quality(1) - page 2,Modern,line,0.7,3.0,5.0,True,0.25,True,6,8.177259922027588,43.33,90,39,51,
umeh_dhernangdri_high quality(1),umeh_dhernangdri_high quality(1) - page 2,Modern,line,0.7,3.0,5.0,True,0.5,True,6,7.887325763702393,43.33,90,39,51,
umeh_dhernangdri_high quality(1),umeh_dhernangdri_high quality(1) - page 2,Modern,line,0.7,3.0,5.0,True,0.9,True,6,7.858144044876099,43.33,90,39,51,
umeh_dhernangdri_high quality(1),umeh_dhernangdri_high quality(1) - page 2,Modern,line,0.7,3.0,5.0,False,0.1,True,7,7.886613607406616,43.82,89,39,50,
umeh_dhernangdri_high quality(1),umeh_dhernangdri_high quality(1) - page 2,Modern,line,0.7,3.0,5.0,False,0.25,True,7,8.362506866455078,43.82,89,39,50,
umeh_dhernangdri_high quality(1),umeh_dhernangdri_high quality(1) - page 2,Modern,line,0.7,3.0,5.0,False,0.5,True,7,10.226934671401978,43.82,89,39,50,
umeh_dhernangdri_high quality(1),umeh_dhernangdri_high quality(1) - page 2,Modern,line,0.7,3.0,5.0,False,0.9,True,7,9.871479511260986,43.82,89,39,50,
umeh_dhernangdri_high quality(1),umeh_dhernangdri_high quality(1) - page 2,Modern,line,0.8,2.0,2.5,True,0.1,True,6,8.112446784973145,48.51,101,49,52,
umeh_dhernangdri_high quality(1),umeh_dhernangdri_high quality(1) - page 2,Modern,line,0.8,2.0,2.5,True,0.25,True,6,6.923154592514038,48.51,101,49,52,
umeh_dhernangdri_high quality(1),umeh_dhernangdri_high quality(1) - page 2,Modern,line,0.8,2.0,2.5,True,0.5,True,6,7.256593227386475,48.51,101,49,52,
umeh_dhernangdri_high quality(1),umeh_dhernangdri_high quality(1) - page 2,Modern,line,0.8,2.0,2.5,True,0.9,True,6,6.999559640884399,48.51,101,49,52,
umeh_dhernangdri_high quality(1),umeh_dhernangdri_high quality(1) - page 2,Modern,line,0.8,2.0,2.5,False,0.1,True,7,7.101949214935303,48.0,100,48,52,
umeh_dhernangdri_high quality(1),umeh_dhernangdri_high quality(1) - page 2,Modern,line,0.8,2.0,2.5,False,0.25,True,7,7.0725462436676025,48.0,100,48,52,
umeh_dhernangdri_high quality(1),umeh_dhernangdri_high quality(1) - page 2,Modern,line,0.8,2.0,2.5,False,0.5,True,7,7.09727144241333,48.0,100,48,52,
umeh_dhernangdri_high quality(1),umeh_dhernangdri_high quality(1) - page 2,Modern,line,0.8,2.0,2.5,False,0.9,True,7,7.137642860412598,48.0,100,48,52,
umeh_dhernangdri_high quality(1),umeh_dhernangdri_high quality(1) - page 2,Modern,line,0.8,2.0,3.5,True,0.1,True,6,7.227838039398193,42.05,88,37,51,
umeh_dhernangdri_high quality(1),umeh_dhernangdri_high quality(1) - page 2,Modern,line,0.8,2.0,3.5,True,0.25,True,6,7.156887769699097,42.05,88,37,51,
umeh_dhernangdri_high quality(1),umeh_dhernangdri_high quality(1) - page 2,Modern,line,0.8,2.0,3.5,True,0.5,True,6,7.19789981842041,42.05,88,37,51,
umeh_dhernangdri_high quality(1),umeh_dhernangdri_high quality(1) - page 2,Modern,line,0.8,2.0,3.5,True,0.9,True,6,7.295999526977539,42.05,88,37,51,
umeh_dhernangdri_high quality(1),umeh_dhernangdri_high quality(1) - page 2,Modern,line,0.8,2.0,3.5,False,0.1,True,7,7.19287109375,42.05,88,37,51,
umeh_dhernangdri_high quality(1),umeh_dhernangdri_high quality(1) - page 2,Modern,line,0.8,2.0,3.5,False,0.25,True,7,9.955721855163574,42.05,88,37,51,
umeh_dhernangdri_high quality(1),umeh_dhernangdri_high quality(1) - page 2,Modern,line,0.8,2.0,3.5,False,0.5,True,7,10.080782413482666,42.05,88,37,51,
umeh_dhernangdri_high quality(1),umeh_dhernangdri_high quality(1) - page 2,Modern,line,0.8,2.0,3.5,False,0.9,True,7,7.200143814086914,42.05,88,37,51,
umeh_dhernangdri_high quality(1),umeh_dhernangdri_high quality(1) - page 2,Modern,line,0.8,2.0,4.0,True,0.1,True,6,7.204835653305054,34.07,91,31,60,
umeh_dhernangdri_high quality(1),umeh_dhernangdri_high quality(1) - page 2,Modern,line,0.8,2.0,4.0,True,0.25,True,6,7.222404718399048,34.07,91,31,60,
umeh_dhernangdri_high quality(1),umeh_dhernangdri_high quality(1) - page 2,Modern,line,0.8,2.0,4.0,True,0.5,True,6,7.180078506469727,34.07,91,31,60,
umeh_dhernangdri_high quality(1),umeh_dhernangdri_high quality(1) - page 2,Modern,line,0.8,2.0,4.0,True,0.9,True,6,7.207524061203003,34.07,91,31,60,
umeh_dhernangdri_high quality(1),umeh_dhernangdri_high quality(1) - page 2,Modern,line,0.8,2.0,4.0,False,0.1,True,7,7.322380781173706,34.44,90,31,59,
umeh_dhernangdri_high quality(1),umeh_dhernangdri_high quality(1) - page 2,Modern,line,0.8,2.0,4.0,False,0.25,True,7,7.000187873840332,34.44,90,31,59,
umeh_dhernangdri_high quality(1),umeh_dhernangdri_high quality(1) - page 2,Modern,line,0.8,2.0,4.0,False,0.5,True,7,7.020323276519775,34.44,90,31,59,
umeh_dhernangdri_high quality(1),umeh_dhernangdri_high quality(1) - page 2,Modern,line,0.8,2.0,4.0,False,0.9,True,7,7.040577411651611,34.44,90,31,59,
umeh_dhernangdri_high quality(1),umeh_dhernangdri_high quality(1) - page 2,Modern,line,0.8,2.0,5.0,True,0.1,True,6,7.701695919036865,35.29,85,30,55,
umeh_dhernangdri_high quality(1),umeh_dhernangdri_high quality(1) - page 2,Modern,line,0.8,2.0,5.0,True,0.25,True,6,8.060672521591187,35.29,85,30,55,
umeh_dhernangdri_high quality(1),umeh_dhernangdri_high quality(1) - page 2,Modern,line,0.8,2.0,5.0,True,0.5,True,6,7.832456588745117,35.29,85,30,55,
umeh_dhernangdri_high quality(1),umeh_dhernangdri_high quality(1) - page 2,Modern,line,0.8,2.0,5.0,True,0.9,True,6,8.045355319976807,35.29,85,30,55,
umeh_dhernangdri_high quality(1),umeh_dhernangdri_high quality(1) - page 2,Modern,line,0.8,2.0,5.0,False,0.1,True,7,7.727056503295898,34.52,84,29,55,
umeh_dhernangdri_high quality(1),umeh_dhernangdri_high quality(1) - page 2,Modern,line,0.8,2.0,5.0,False,0.25,True,7,7.676544427871704,34.52,84,29,55,
umeh_dhernangdri_high quality(1),umeh_dhernangdri_high quality(1) - page 2,Modern,line,0.8,2.0,5.0,False,0.5,True,7,7.6621832847595215,34.52,84,29,55,
umeh_dhernangdri_high quality(1),umeh_dhernangdri_high quality(1) - page 2,Modern,line,0.8,2.0,5.0,False,0.9,True,7,9.416592121124268,34.52,84,29,55,
umeh_dhernangdri_high quality(1),umeh_dhernangdri_high quality(1) - page 2,Modern,line,0.8,2.5,2.5,True,0.1,True,6,7.47098708152771,47.06,102,48,54,
umeh_dhernangdri_high quality(1),umeh_dhernangdri_high quality(1) - page 2,Modern,line,0.8,2.5,2.5,True,0.25,True,6,7.154412031173706,47.06,102,48,54,
umeh_dhernangdri_high quality(1),umeh_dhernangdri_high quality(1) - page 2,Modern,line,0.8,2.5,2.5,True,0.5,True,6,7.075616121292114,47.06,102,48,54,
umeh_dhernangdri_high quality(1),umeh_dhernangdri_high quality(1) - page 2,Modern,line,0.8,2.5,2.5,True,0.9,True,6,7.047110080718994,47.06,102,48,54,
umeh_dhernangdri_high quality(1),umeh_dhernangdri_high quality(1) - page 2,Modern,line,0.8,2.5,2.5,False,0.1,True,7,7.207058906555176,48.51,101,49,52,
umeh_dhernangdri_high quality(1),umeh_dhernangdri_high quality(1) - page 2,Modern,line,0.8,2.5,2.5,False,0.25,True,7,7.197777032852173,48.51,101,49,52,
umeh_dhernangdri_high quality(1),umeh_dhernangdri_high quality(1) - page 2,Modern,line,0.8,2.5,2.5,False,0.5,True,7,7.149287462234497,48.51,101,49,52,
umeh_dhernangdri_high quality(1),umeh_dhernangdri_high quality(1) - page 2,Modern,line,0.8,2.5,2.5,False,0.9,True,7,7.195176839828491,48.51,101,49,52,
umeh_dhernangdri_high quality(1),umeh_dhernangdri_high quality(1) - page 2,Modern,line,0.8,2.5,3.5,True,0.1,True,6,7.389572858810425,42.05,88,37,51,
umeh_dhernangdri_high quality(1),umeh_dhernangdri_high quality(1) - page 2,Modern,line,0.8,2.5,3.5,True,0.25,True,6,7.549100399017334,42.05,88,37,51,
umeh_dhernangdri_high quality(1),umeh_dhernangdri_high quality(1) - page 2,Modern,line,0.8,2.5,3.5,True,0.5,True,6,9.783546447753906,42.05,88,37,51,
umeh_dhernangdri_high quality(1),umeh_dhernangdri_high quality(1) - page 2,Modern,line,0.8,2.5,3.5,True,0.9,True,6,8.639144659042358,42.05,88,37,51,
umeh_dhernangdri_high quality(1),umeh_dhernangdri_high quality(1) - page 2,Modern,line,0.8,2.5,3.5,False,0.1,True,7,7.429464817047119,42.05,88,37,51,
umeh_dhernangdri_high quality(1),umeh_dhernangdri_high quality(1) - page 2,Modern,line,0.8,2.5,3.5,False,0.25,True,7,7.374446392059326,42.05,88,37,51,
umeh_dhernangdri_high quality(1),umeh_dhernangdri_high quality(1) - page 2,Modern,line,0.8,2.5,3.5,False,0.5,True,7,7.311340808868408,42.05,88,37,51,
umeh_dhernangdri_high quality(1),umeh_dhernangdri_high quality(1) - page 2,Modern,line,0.8,2.5,3.5,False,0.9,True,7,7.385082483291626,42.05,88,37,51,
umeh_dhernangdri_high quality(1),umeh_dhernangdri_high quality(1) - page 2,Modern,line,0.8,2.5,4.0,True,0.1,True,6,7.291146755218506,32.97,91,30,61,
umeh_dhernangdri_high quality(1),umeh_dhernangdri_high quality(1) - page 2,Modern,line,0.8,2.5,4.0,True,0.25,True,6,7.311362028121948,32.97,91,30,61,
umeh_dhernangdri_high quality(1),umeh_dhernangdri_high quality(1) - page 2,Modern,line,0.8,2.5,4.0,True,0.5,True,6,7.30976128578186,32.97,91,30,61,
umeh_dhernangdri_high quality(1),umeh_dhernangdri_high quality(1) - page 2,Modern,line,0.8,2.5,4.0,True,0.9,True,6,7.579640865325928,32.97,91,30,61,
umeh_dhernangdri_high quality(1),umeh_dhernangdri_high quality(1) - page 2,Modern,line,0.8,2.5,4.0,False,0.1,True,7,7.620940446853638,34.44,90,31,59,
umeh_dhernangdri_high quality(1),umeh_dhernangdri_high quality(1) - page 2,Modern,line,0.8,2.5,4.0,False,0.25,True,7,7.2941131591796875,34.44,90,31,59,
umeh_dhernangdri_high quality(1),umeh_dhernangdri_high quality(1) - page 2,Modern,line,0.8,2.5,4.0,False,0.5,True,7,7.299524545669556,34.44,90,31,59,
umeh_dhernangdri_high quality(1),umeh_dhernangdri_high quality(1) - page 2,Modern,line,0.8,2.5,4.0,False,0.9,True,7,7.317645072937012,34.44,90,31,59,
umeh_dhernangdri_high quality(1),umeh_dhernangdri_high quality(1) - page 2,Modern,line,0.8,2.5,5.0,True,0.1,True,6,7.975555658340454,43.33,90,39,51,
umeh_dhernangdri_high quality(1),umeh_dhernangdri_high quality(1) - page 2,Modern,line,0.8,2.5,5.0,True,0.25,True,6,8.145517110824585,43.33,90,39,51,
umeh_dhernangdri_high quality(1),umeh_dhernangdri_high quality(1) - page 2,Modern,line,0.8,2.5,5.0,True,0.5,True,6,7.836095809936523,43.33,90,39,51,
umeh_dhernangdri_high quality(1),umeh_dhernangdri_high quality(1) - page 2,Modern,line,0.8,2.5,5.0,True,0.9,True,6,7.846173524856567,43.33,90,39,51,
umeh_dhernangdri_high quality(1),umeh_dhernangdri_high quality(1) - page 2,Modern,line,0.8,2.5,5.0,False,0.1,True,7,7.962021112442017,43.82,89,39,50,
umeh_dhernangdri_high quality(1),umeh_dhernangdri_high quality(1) - page 2,Modern,line,0.8,2.5,5.0,False,0.25,True,7,8.212512731552124,43.82,89,39,50,
umeh_dhernangdri_high quality(1),umeh_dhernangdri_high quality(1) - page 2,Modern,line,0.8,2.5,5.0,False,0.5,True,7,7.9211647510528564,43.82,89,39,50,
umeh_dhernangdri_high quality(1),umeh_dhernangdri_high quality(1) - page 2,Modern,line,0.8,2.5,5.0,False,0.9,True,7,7.9531474113464355,43.82,89,39,50,
umeh_dhernangdri_high quality(1),umeh_dhernangdri_high quality(1) - page 2,Modern,line,0.8,3.0,2.5,True,0.1,True,6,7.904228687286377,48.04,102,49,53,
umeh_dhernangdri_high quality(1),umeh_dhernangdri_high quality(1) - page 2,Modern,line,0.8,3.0,2.5,True,0.25,True,6,7.590428590774536,48.04,102,49,53,
umeh_dhernangdri_high quality(1),umeh_dhernangdri_high quality(1) - page 2,Modern,line,0.8,3.0,2.5,True,0.5,True,6,7.617793560028076,48.04,102,49,53,
umeh_dhernangdri_high quality(1),umeh_dhernangdri_high quality(1) - page 2,Modern,line,0.8,3.0,2.5,True,0.9,True,6,7.730426073074341,48.04,102,49,53,
umeh_dhernangdri_high quality(1),umeh_dhernangdri_high quality(1) - page 2,Modern,line,0.8,3.0,2.5,False,0.1,True,7,9.375111103057861,47.52,101,48,53,
umeh_dhernangdri_high quality(1),umeh_dhernangdri_high quality(1) - page 2,Modern,line,0.8,3.0,2.5,False,0.25,True,7,10.014776468276978,47.52,101,48,53,
umeh_dhernangdri_high quality(1),umeh_dhernangdri_high quality(1) - page 2,Modern,line,0.8,3.0,2.5,False,0.5,True,7,7.452233076095581,47.52,101,48,53,
umeh_dhernangdri_high quality(1),umeh_dhernangdri_high quality(1) - page 2,Modern,line,0.8,3.0,2.5,False,0.9,True,7,7.513373136520386,47.52,101,48,53,
umeh_dhernangdri_high quality(1),umeh_dhernangdri_high quality(1) - page 2,Modern,line,0.8,3.0,3.5,True,0.1,True,6,7.685655117034912,41.57,89,37,52,
umeh_dhernangdri_high quality(1),umeh_dhernangdri_high quality(1) - page 2,Modern,line,0.8,3.0,3.5,True,0.25,True,6,7.971544027328491,41.57,89,37,52,
umeh_dhernangdri_high quality(1),umeh_dhernangdri_high quality(1) - page 2,Modern,line,0.8,3.0,3.5,True,0.5,True,6,7.692974805831909,41.57,89,37,52,
umeh_dhernangdri_high quality(1),umeh_dhernangdri_high quality(1) - page 2,Modern,line,0.8,3.0,3.5,True,0.9,True,6,7.733299255371094,41.57,89,37,52,
umeh_dhernangdri_high quality(1),umeh_dhernangdri_high quality(1) - page 2,Modern,line,0.8,3.0,3.5,False,0.1,True,7,7.501974105834961,40.91,88,36,52,
umeh_dhernangdri_high quality(1),umeh_dhernangdri_high quality(1) - page 2,Modern,line,0.8,3.0,3.5,False,0.25,True,7,7.527461528778076,40.91,88,36,52,
umeh_dhernangdri_high quality(1),umeh_dhernangdri_high quality(1) - page 2,Modern,line,0.8,3.0,3.5,False,0.5,True,7,7.546651601791382,40.91,88,36,52,
umeh_dhernangdri_high quality(1),umeh_dhernangdri_high quality(1) - page 2,Modern,line,0.8,3.0,3.5,False,0.9,True,7,7.5002360343933105,40.91,88,36,52,
umeh_dhernangdri_high quality(1),umeh_dhernangdri_high quality(1) - page 2,Modern,line,0.8,3.0,4.0,True,0.1,True,6,7.5145368576049805,32.97,91,30,61,
umeh_dhernangdri_high quality(1),umeh_dhernangdri_high quality(1) - page 2,Modern,line,0.8,3.0,4.0,True,0.25,True,6,7.650531530380249,32.97,91,30,61,
umeh_dhernangdri_high quality(1),umeh_dhernangdri_high quality(1) - page 2,Modern,line,0.8,3.0,4.0,True,0.5,True,6,7.355217695236206,32.97,91,30,61,
umeh_dhernangdri_high quality(1),umeh_dhernangdri_high quality(1) - page 2,Modern,line,0.8,3.0,4.0,True,0.9,True,6,7.389124155044556,32.97,91,30,61,
umeh_dhernangdri_high quality(1),umeh_dhernangdri_high quality(1) - page 2,Modern,line,0.8,3.0,4.0,False,0.1,True,7,7.4122583866119385,33.33,90,30,60,
umeh_dhernangdri_high quality(1),umeh_dhernangdri_high quality(1) - page 2,Modern,line,0.8,3.0,4.0,False,0.25,True,7,7.311206579208374,33.33,90,30,60,
umeh_dhernangdri_high quality(1),umeh_dhernangdri_high quality(1) - page 2,Modern,line,0.8,3.0,4.0,False,0.5,True,7,7.284640312194824,33.33,90,30,60,
umeh_dhernangdri_high quality(1),umeh_dhernangdri_high quality(1) - page 2,Modern,line,0.8,3.0,4.0,False,0.9,True,7,7.282543420791626,33.33,90,30,60,
umeh_dhernangdri_high quality(1),umeh_dhernangdri_high quality(1) - page 2,Modern,line,0.8,3.0,5.0,True,0.1,True,6,7.833425045013428,43.33,90,39,51,
umeh_dhernangdri_high quality(1),umeh_dhernangdri_high quality(1) - page 2,Modern,line,0.8,3.0,5.0,True,0.25,True,6,8.141054391860962,43.33,90,39,51,
umeh_dhernangdri_high quality(1),umeh_dhernangdri_high quality(1) - page 2,Modern,line,0.8,3.0,5.0,True,0.5,True,6,7.817221164703369,43.33,90,39,51,
umeh_dhernangdri_high quality(1),umeh_dhernangdri_high quality(1) - page 2,Modern,line,0.8,3.0,5.0,True,0.9,True,6,7.925495862960815,43.33,90,39,51,
umeh_dhernangdri_high quality(1),umeh_dhernangdri_high quality(1) - page 2,Modern,line,0.8,3.0,5.0,False,0.1,True,7,8.192667245864868,43.82,89,39,50,
umeh_dhernangdri_high quality(1),umeh_dhernangdri_high quality(1) - page 2,Modern,line,0.8,3.0,5.0,False,0.25,True,7,7.926640272140503,43.82,89,39,50,
umeh_dhernangdri_high quality(1),umeh_dhernangdri_high quality(1) - page 2,Modern,line,0.8,3.0,5.0,False,0.5,True,7,7.900786638259888,43.82,89,39,50,
umeh_dhernangdri_high quality(1),umeh_dhernangdri_high quality(1) - page 2,Modern,line,0.8,3.0,5.0,False,0.9,True,7,8.165570497512817,43.82,89,39,50,
umeh_dhernangdri_high quality(1),umeh_dhernangdri_high quality(1) - page 2,Modern,line,0.9,2.0,2.5,True,0.1,True,6,6.940104722976685,48.51,101,49,52,
umeh_dhernangdri_high quality(1),umeh_dhernangdri_high quality(1) - page 2,Modern,line,0.9,2.0,2.5,True,0.25,True,6,6.926820993423462,48.51,101,49,52,
umeh_dhernangdri_high quality(1),umeh_dhernangdri_high quality(1) - page 2,Modern,line,0.9,2.0,2.5,True,0.5,True,6,7.067387104034424,48.51,101,49,52,
umeh_dhernangdri_high quality(1),umeh_dhernangdri_high quality(1) - page 2,Modern,line,0.9,2.0,2.5,True,0.9,True,6,6.951318740844727,48.51,101,49,52,
umeh_dhernangdri_high quality(1),umeh_dhernangdri_high quality(1) - page 2,Modern,line,0.9,2.0,2.5,False,0.1,True,7,7.004573345184326,48.0,100,48,52,
umeh_dhernangdri_high quality(1),umeh_dhernangdri_high quality(1) - page 2,Modern,line,0.9,2.0,2.5,False,0.25,True,7,7.012906551361084,48.0,100,48,52,
umeh_dhernangdri_high quality(1),umeh_dhernangdri_high quality(1) - page 2,Modern,line,0.9,2.0,2.5,False,0.5,True,7,9.73434329032898,48.0,100,48,52,
umeh_dhernangdri_high quality(1),umeh_dhernangdri_high quality(1) - page 2,Modern,line,0.9,2.0,2.5,False,0.9,True,7,6.9898622035980225,48.0,100,48,52,
umeh_dhernangdri_high quality(1),umeh_dhernangdri_high quality(1) - page 2,Modern,line,0.9,2.0,3.5,True,0.1,True,6,7.060467720031738,42.05,88,37,51,
umeh_dhernangdri_high quality(1),umeh_dhernangdri_high quality(1) - page 2,Modern,line,0.9,2.0,3.5,True,0.25,True,6,7.060664176940918,42.05,88,37,51,
umeh_dhernangdri_high quality(1),umeh_dhernangdri_high quality(1) - page 2,Modern,line,0.9,2.0,3.5,True,0.5,True,6,7.052288770675659,42.05,88,37,51,
umeh_dhernangdri_high quality(1),umeh_dhernangdri_high quality(1) - page 2,Modern,line,0.9,2.0,3.5,True,0.9,True,6,7.4631712436676025,42.05,88,37,51,
umeh_dhernangdri_high quality(1),umeh_dhernangdri_high quality(1) - page 2,Modern,line,0.9,2.0,3.5,False,0.1,True,7,7.066623687744141,42.05,88,37,51,
umeh_dhernangdri_high quality(1),umeh_dhernangdri_high quality(1) - page 2,Modern,line,0.9,2.0,3.5,False,0.25,True,7,7.081676721572876,42.05,88,37,51,
umeh_dhernangdri_high quality(1),umeh_dhernangdri_high quality(1) - page 2,Modern,line,0.9,2.0,3.5,False,0.5,True,7,9.057597160339355,42.05,88,37,51,
umeh_dhernangdri_high quality(1),umeh_dhernangdri_high quality(1) - page 2,Modern,line,0.9,2.0,3.5,False,0.9,True,7,7.149430990219116,42.05,88,37,51,
umeh_dhernangdri_high quality(1),umeh_dhernangdri_high quality(1) - page 2,Modern,line,0.9,2.0,4.0,True,0.1,True,6,7.333899021148682,34.07,91,31,60,
umeh_dhernangdri_high quality(1),umeh_dhernangdri_high quality(1) - page 2,Modern,line,0.9,2.0,4.0,True,0.25,True,6,7.199774503707886,34.07,91,31,60,
umeh_dhernangdri_high quality(1),umeh_dhernangdri_high quality(1) - page 2,Modern,line,0.9,2.0,4.0,True,0.5,True,6,7.215832948684692,34.07,91,31,60,
umeh_dhernangdri_high quality(1),umeh_dhernangdri_high quality(1) - page 2,Modern,line,0.9,2.0,4.0,True,0.9,True,6,7.614694356918335,34.07,91,31,60,
umeh_dhernangdri_high quality(1),umeh_dhernangdri_high quality(1) - page 2,Modern,line,0.9,2.0,4.0,False,0.1,True,7,7.124918222427368,34.44,90,31,59,
umeh_dhernangdri_high quality(1),umeh_dhernangdri_high quality(1) - page 2,Modern,line,0.9,2.0,4.0,False,0.25,True,7,7.131536483764648,34.44,90,31,59,
umeh_dhernangdri_high quality(1),umeh_dhernangdri_high quality(1) - page 2,Modern,line,0.9,2.0,4.0,False,0.5,True,7,7.114826679229736,34.44,90,31,59,
umeh_dhernangdri_high quality(1),umeh_dhernangdri_high quality(1) - page 2,Modern,line,0.9,2.0,4.0,False,0.9,True,7,7.128476858139038,34.44,90,31,59,
umeh_dhernangdri_high quality(1),umeh_dhernangdri_high quality(1) - page 2,Modern,line,0.9,2.0,5.0,True,0.1,True,6,10.555440187454224,35.29,85,30,55,
umeh_dhernangdri_high quality(1),umeh_dhernangdri_high quality(1) - page 2,Modern,line,0.9,2.0,5.0,True,0.25,True,6,8.236413717269897,35.29,85,30,55,
umeh_dhernangdri_high quality(1),umeh_dhernangdri_high quality(1) - page 2,Modern,line,0.9,2.0,5.0,True,0.5,True,6,7.951573371887207,35.29,85,30,55,
umeh_dhernangdri_high quality(1),umeh_dhernangdri_high quality(1) - page 2,Modern,line,0.9,2.0,5.0,True,0.9,True,6,8.20491647720337,35.29,85,30,55,
umeh_dhernangdri_high quality(1),umeh_dhernangdri_high quality(1) - page 2,Modern,line,0.9,2.0,5.0,False,0.1,True,7,7.8596978187561035,34.52,84,29,55,
umeh_dhernangdri_high quality(1),umeh_dhernangdri_high quality(1) - page 2,Modern,line,0.9,2.0,5.0,False,0.25,True,7,10.576995372772217,34.52,84,29,55,
umeh_dhernangdri_high quality(1),umeh_dhernangdri_high quality(1) - page 2,Modern,line,0.9,2.0,5.0,False,0.5,True,7,9.13874864578247,34.52,84,29,55,
umeh_dhernangdri_high quality(1),umeh_dhernangdri_high quality(1) - page 2,Modern,line,0.9,2.0,5.0,False,0.9,True,7,7.879584074020386,34.52,84,29,55,
umeh_dhernangdri_high quality(1),umeh_dhernangdri_high quality(1) - page 2,Modern,line,0.9,2.5,2.5,True,0.1,True,6,7.225148677825928,47.06,102,48,54,
umeh_dhernangdri_high quality(1),umeh_dhernangdri_high quality(1) - page 2,Modern,line,0.9,2.5,2.5,True,0.25,True,6,7.197529077529907,47.06,102,48,54,
umeh_dhernangdri_high quality(1),umeh_dhernangdri_high quality(1) - page 2,Modern,line,0.9,2.5,2.5,True,0.5,True,6,7.26673150062561,47.06,102,48,54,
umeh_dhernangdri_high quality(1),umeh_dhernangdri_high quality(1) - page 2,Modern,line,0.9,2.5,2.5,True,0.9,True,6,7.283380508422852,47.06,102,48,54,
umeh_dhernangdri_high quality(1),umeh_dhernangdri_high quality(1) - page 2,Modern,line,0.9,2.5,2.5,False,0.1,True,7,7.292940616607666,48.51,101,49,52,
umeh_dhernangdri_high quality(1),umeh_dhernangdri_high quality(1) - page 2,Modern,line,0.9,2.5,2.5,False,0.25,True,7,7.313229322433472,48.51,101,49,52,
umeh_dhernangdri_high quality(1),umeh_dhernangdri_high quality(1) - page 2,Modern,line,0.9,2.5,2.5,False,0.5,True,7,7.285141468048096,48.51,101,49,52,
umeh_dhernangdri_high quality(1),umeh_dhernangdri_high quality(1) - page 2,Modern,line,0.9,2.5,2.5,False,0.9,True,7,7.229072093963623,48.51,101,49,52,
umeh_dhernangdri_high quality(1),umeh_dhernangdri_high quality(1) - page 2,Modern,line,0.9,2.5,3.5,True,0.1,True,6,7.375675439834595,42.05,88,37,51,
umeh_dhernangdri_high quality(1),umeh_dhernangdri_high quality(1) - page 2,Modern,line,0.9,2.5,3.5,True,0.25,True,6,7.5669310092926025,42.05,88,37,51,
umeh_dhernangdri_high quality(1),umeh_dhernangdri_high quality(1) - page 2,Modern,line,0.9,2.5,3.5,True,0.5,True,6,7.322803974151611,42.05,88,37,51,
umeh_dhernangdri_high quality(1),umeh_dhernangdri_high quality(1) - page 2,Modern,line,0.9,2.5,3.5,True,0.9,True,6,7.262657880783081,42.05,88,37,51,
umeh_dhernangdri_high quality(1),umeh_dhernangdri_high quality(1) - page 2,Modern,line,0.9,2.5,3.5,False,0.1,True,7,7.312255382537842,42.05,88,37,51,
umeh_dhernangdri_high quality(1),umeh_dhernangdri_high quality(1) - page 2,Modern,line,0.9,2.5,3.5,False,0.25,True,7,9.273271560668945,42.05,88,37,51,
umeh_dhernangdri_high quality(1),umeh_dhernangdri_high quality(1) - page 2,Modern,line,0.9,2.5,3.5,False,0.5,True,7,7.232241153717041,42.05,88,37,51,
umeh_dhernangdri_high quality(1),umeh_dhernangdri_high quality(1) - page 2,Modern,line,0.9,2.5,3.5,False,0.9,True,7,7.3711535930633545,42.05,88,37,51,
umeh_dhernangdri_high quality(1),umeh_dhernangdri_high quality(1) - page 2,Modern,line,0.9,2.5,4.0,True,0.1,True,6,7.148874521255493,32.97,91,30,61,
umeh_dhernangdri_high quality(1),umeh_dhernangdri_high quality(1) - page 2,Modern,line,0.9,2.5,4.0,True,0.25,True,6,7.158441543579102,32.97,91,30,61,
umeh_dhernangdri_high quality(1),umeh_dhernangdri_high quality(1) - page 2,Modern,line,0.9,2.5,4.0,True,0.5,True,6,7.22253942489624,32.97,91,30,61,
umeh_dhernangdri_high quality(1),umeh_dhernangdri_high quality(1) - page 2,Modern,line,0.9,2.5,4.0,True,0.9,True,6,7.47684383392334,32.97,91,30,61,
umeh_dhernangdri_high quality(1),umeh_dhernangdri_high quality(1) - page 2,Modern,line,0.9,2.5,4.0,False,0.1,True,7,7.183227300643921,34.44,90,31,59,
umeh_dhernangdri_high quality(1),umeh_dhernangdri_high quality(1) - page 2,Modern,line,0.9,2.5,4.0,False,0.25,True,7,7.156544923782349,34.44,90,31,59,
umeh_dhernangdri_high quality(1),umeh_dhernangdri_high quality(1) - page 2,Modern,line,0.9,2.5,4.0,False,0.5,True,7,7.15986967086792,34.44,90,31,59,
umeh_dhernangdri_high quality(1),umeh_dhernangdri_high quality(1) - page 2,Modern,line,0.9,2.5,4.0,False,0.9,True,7,7.174420595169067,34.44,90,31,59,
umeh_dhernangdri_high quality(1),umeh_dhernangdri_high quality(1) - page 2,Modern,line,0.9,2.5,5.0,True,0.1,True,6,7.675138711929321,43.33,90,39,51,
umeh_dhernangdri_high quality(1),umeh_dhernangdri_high quality(1) - page 2,Modern,line,0.9,2.5,5.0,True,0.25,True,6,7.9592444896698,43.33,90,39,51,
umeh_dhernangdri_high quality(1),umeh_dhernangdri_high quality(1) - page 2,Modern,line,0.9,2.5,5.0,True,0.5,True,6,7.891219615936279,43.33,90,39,51,
umeh_dhernangdri_high quality(1),umeh_dhernangdri_high quality(1) - page 2,Modern,line,0.9,2.5,5.0,True,0.9,True,6,7.8455424308776855,43.33,90,39,51,
umeh_dhernangdri_high quality(1),umeh_dhernangdri_high quality(1) - page 2,Modern,line,0.9,2.5,5.0,False,0.1,True,7,8.207597494125366,43.82,89,39,50,
umeh_dhernangdri_high quality(1),umeh_dhernangdri_high quality(1) - page 2,Modern,line,0.9,2.5,5.0,False,0.25,True,7,7.996847867965698,43.82,89,39,50,
umeh_dhernangdri_high quality(1),umeh_dhernangdri_high quality(1) - page 2,Modern,line,0.9,2.5,5.0,False,0.5,True,7,7.832088470458984,43.82,89,39,50,
umeh_dhernangdri_high quality(1),umeh_dhernangdri_high quality(1) - page 2,Modern,line,0.9,2.5,5.0,False,0.9,True,7,7.749208688735962,43.82,89,39,50,
umeh_dhernangdri_high quality(1),umeh_dhernangdri_high quality(1) - page 2,Modern,line,0.9,3.0,2.5,True,0.1,True,6,7.8991289138793945,48.04,102,49,53,
umeh_dhernangdri_high quality(1),umeh_dhernangdri_high quality(1) - page 2,Modern,line,0.9,3.0,2.5,True,0.25,True,6,10.285529613494873,48.04,102,49,53,
umeh_dhernangdri_high quality(1),umeh_dhernangdri_high quality(1) - page 2,Modern,line,0.9,3.0,2.5,True,0.5,True,6,10.011562824249268,48.04,102,49,53,
umeh_dhernangdri_high quality(1),umeh_dhernangdri_high quality(1) - page 2,Modern,line,0.9,3.0,2.5,True,0.9,True,6,7.593632936477661,48.04,102,49,53,
umeh_dhernangdri_high quality(1),umeh_dhernangdri_high quality(1) - page 2,Modern,line,0.9,3.0,2.5,False,0.1,True,7,7.4741432666778564,47.52,101,48,53,
umeh_dhernangdri_high quality(1),umeh_dhernangdri_high quality(1) - page 2,Modern,line,0.9,3.0,2.5,False,0.25,True,7,7.410440683364868,47.52,101,48,53,
umeh_dhernangdri_high quality(1),umeh_dhernangdri_high quality(1) - page 2,Modern,line,0.9,3.0,2.5,False,0.5,True,7,7.427246332168579,47.52,101,48,53,
umeh_dhernangdri_high quality(1),umeh_dhernangdri_high quality(1) - page 2,Modern,line,0.9,3.0,2.5,False,0.9,True,7,7.444532155990601,47.52,101,48,53,
umeh_dhernangdri_high quality(1),umeh_dhernangdri_high quality(1) - page 2,Modern,line,0.9,3.0,3.5,True,0.1,True,6,7.956943511962891,41.57,89,37,52,
umeh_dhernangdri_high quality(1),umeh_dhernangdri_high quality(1) - page 2,Modern,line,0.9,3.0,3.5,True,0.25,True,6,8.008751153945923,41.57,89,37,52,
umeh_dhernangdri_high quality(1),umeh_dhernangdri_high quality(1) - page 2,Modern,line,0.9,3.0,3.5,True,0.5,True,6,9.248326778411865,41.57,89,37,52,
umeh_dhernangdri_high quality(1),umeh_dhernangdri_high quality(1) - page 2,Modern,line,0.9,3.0,3.5,True,0.9,True,6,7.688758850097656,41.57,89,37,52,
umeh_dhernangdri_high quality(1),umeh_dhernangdri_high quality(1) - page 2,Modern,line,0.9,3.0,3.5,False,0.1,True,7,7.533220529556274,40.91,88,36,52,
umeh_dhernangdri_high quality(1),umeh_dhernangdri_high quality(1) - page 2,Modern,line,0.9,3.0,3.5,False,0.25,True,7,7.62241530418396,40.91,88,36,52,
umeh_dhernangdri_high quality(1),umeh_dhernangdri_high quality(1) - page 2,Modern,line,0.9,3.0,3.5,False,0.5,True,7,7.554960250854492,40.91,88,36,52,
umeh_dhernangdri_high quality(1),umeh_dhernangdri_high quality(1) - page 2,Modern,line,0.9,3.0,3.5,False,0.9,True,7,10.077853679656982,40.91,88,36,52,
umeh_dhernangdri_high quality(1),umeh_dhernangdri_high quality(1) - page 2,Modern,line,0.9,3.0,4.0,True,0.1,True,6,7.881284475326538,32.97,91,30,61,
umeh_dhernangdri_high quality(1),umeh_dhernangdri_high quality(1) - page 2,Modern,line,0.9,3.0,4.0,True,0.25,True,6,7.483347177505493,32.97,91,30,61,
umeh_dhernangdri_high quality(1),umeh_dhernangdri_high quality(1) - page 2,Modern,line,0.9,3.0,4.0,True,0.5,True,6,7.535076856613159,32.97,91,30,61,
umeh_dhernangdri_high quality(1),umeh_dhernangdri_high quality(1) - page 2,Modern,line,0.9,3.0,4.0,True,0.9,True,6,7.462179660797119,32.97,91,30,61,
umeh_dhernangdri_high quality(1),umeh_dhernangdri_high quality(1) - page 2,Modern,line,0.9,3.0,4.0,False,0.1,True,7,7.4612345695495605,33.33,90,30,60,
umeh_dhernangdri_high quality(1),umeh_dhernangdri_high quality(1) - page 2,Modern,line,0.9,3.0,4.0,False,0.25,True,7,7.479514122009277,33.33,90,30,60,
umeh_dhernangdri_high quality(1),umeh_dhernangdri_high quality(1) - page 2,Modern,line,0.9,3.0,4.0,False,0.5,True,7,7.4687180519104,33.33,90,30,60,
umeh_dhernangdri_high quality(1),umeh_dhernangdri_high quality(1) - page 2,Modern,line,0.9,3.0,4.0,False,0.9,True,7,7.472179889678955,33.33,90,30,60,
umeh_dhernangdri_high quality(1),umeh_dhernangdri_high quality(1) - page 2,Modern,line,0.9,3.0,5.0,True,0.1,True,6,8.398391723632812,43.33,90,39,51,
umeh_dhernangdri_high quality(1),umeh_dhernangdri_high quality(1) - page 2,Modern,line,0.9,3.0,5.0,True,0.25,True,6,8.060234546661377,43.33,90,39,51,
umeh_dhernangdri_high quality(1),umeh_dhernangdri_high quality(1) - page 2,Modern,line,0.9,3.0,5.0,True,0.5,True,6,8.046807765960693,43.33,90,39,51,
umeh_dhernangdri_high quality(1),umeh_dhernangdri_high quality(1) - page 2,Modern,line,0.9,3.0,5.0,True,0.9,True,6,8.446629047393799,43.33,90,39,51,
umeh_dhernangdri_high quality(1),umeh_dhernangdri_high quality(1) - page 2,Modern,line,0.9,3.0,5.0,False,0.1,True,7,8.030744314193726,43.82,89,39,50,
umeh_dhernangdri_high quality(1),umeh_dhernangdri_high quality(1) - page 2,Modern,line,0.9,3.0,5.0,False,0.25,True,7,8.037383079528809,43.82,89,39,50,
umeh_dhernangdri_high quality(1),umeh_dhernangdri_high quality(1) - page 2,Modern,line,0.9,3.0,5.0,False,0.5,True,7,7.89080810546875,43.82,89,39,50,
umeh_dhernangdri_high quality(1),umeh_dhernangdri_high quality(1) - page 2,Modern,line,0.9,3.0,5.0,False,0.9,True,7,8.292112827301025,43.82,89,39,50,
umeh_dhernangdri_high quality(1),umeh_dhernangdri_high quality(1) - page 2,Modern,layout,0.7,2.0,2.5,True,0.1,True,5,7.344866752624512,33.33,81,27,54,
umeh_dhernangdri_high quality(1),umeh_dhernangdri_high quality(1) - page 2,Modern,layout,0.7,2.0,2.5,True,0.25,True,5,7.0257861614227295,33.33,81,27,54,
umeh_dhernangdri_high quality(1),umeh_dhernangdri_high quality(1) - page 2,Modern,layout,0.7,2.0,2.5,True,0.5,True,5,7.052490472793579,33.33,81,27,54,
umeh_dhernangdri_high quality(1),umeh_dhernangdri_high quality(1) - page 2,Modern,layout,0.7,2.0,2.5,True,0.9,True,5,6.951785326004028,33.33,81,27,54,
umeh_dhernangdri_high quality(1),umeh_dhernangdri_high quality(1) - page 2,Modern,layout,0.7,2.0,2.5,False,0.1,True,7,7.334394216537476,36.14,83,30,53,
umeh_dhernangdri_high quality(1),umeh_dhernangdri_high quality(1) - page 2,Modern,layout,0.7,2.0,2.5,False,0.25,True,7,7.333221912384033,36.14,83,30,53,
umeh_dhernangdri_high quality(1),umeh_dhernangdri_high quality(1) - page 2,Modern,layout,0.7,2.0,2.5,False,0.5,True,7,7.335075616836548,36.14,83,30,53,
umeh_dhernangdri_high quality(1),umeh_dhernangdri_high quality(1) - page 2,Modern,layout,0.7,2.0,2.5,False,0.9,True,7,7.391796827316284,36.14,83,30,53,
umeh_dhernangdri_high quality(1),umeh_dhernangdri_high quality(1) - page 2,Modern,layout,0.7,2.0,3.5,True,0.1,True,5,7.127464771270752,40.26,77,31,46,
umeh_dhernangdri_high quality(1),umeh_dhernangdri_high quality(1) - page 2,Modern,layout,0.7,2.0,3.5,True,0.25,True,5,7.162793874740601,40.26,77,31,46,
umeh_dhernangdri_high quality(1),umeh_dhernangdri_high quality(1) - page 2,Modern,layout,0.7,2.0,3.5,True,0.5,True,5,7.434659481048584,40.26,77,31,46,
umeh_dhernangdri_high quality(1),umeh_dhernangdri_high quality(1) - page 2,Modern,layout,0.7,2.0,3.5,True,0.9,True,5,7.128242254257202,40.26,77,31,46,
umeh_dhernangdri_high quality(1),umeh_dhernangdri_high quality(1) - page 2,Modern,layout,0.7,2.0,3.5,False,0.1,True,7,7.343193769454956,42.5,80,34,46,
umeh_dhernangdri_high quality(1),umeh_dhernangdri_high quality(1) - page 2,Modern,layout,0.7,2.0,3.5,False,0.25,True,7,7.476007699966431,42.5,80,34,46,
umeh_dhernangdri_high quality(1),umeh_dhernangdri_high quality(1) - page 2,Modern,layout,0.7,2.0,3.5,False,0.5,True,7,7.389688491821289,42.5,80,34,46,
umeh_dhernangdri_high quality(1),umeh_dhernangdri_high quality(1) - page 2,Modern,layout,0.7,2.0,3.5,False,0.9,True,7,7.6240925788879395,42.5,80,34,46,
umeh_dhernangdri_high quality(1),umeh_dhernangdri_high quality(1) - page 2,Modern,layout,0.7,2.0,4.0,True,0.1,True,5,7.520321846008301,42.31,78,33,45,
umeh_dhernangdri_high quality(1),umeh_dhernangdri_high quality(1) - page 2,Modern,layout,0.7,2.0,4.0,True,0.25,True,5,7.517122268676758,42.31,78,33,45,
umeh_dhernangdri_high quality(1),umeh_dhernangdri_high quality(1) - page 2,Modern,layout,0.7,2.0,4.0,True,0.5,True,5,10.365692853927612,42.31,78,33,45,
umeh_dhernangdri_high quality(1),umeh_dhernangdri_high quality(1) - page 2,Modern,layout,0.7,2.0,4.0,True,0.9,True,5,7.500622749328613,42.31,78,33,45,
umeh_dhernangdri_high quality(1),umeh_dhernangdri_high quality(1) - page 2,Modern,layout,0.7,2.0,4.0,False,0.1,True,7,7.584080457687378,39.47,76,30,46,
umeh_dhernangdri_high quality(1),umeh_dhernangdri_high quality(1) - page 2,Modern,layout,0.7,2.0,4.0,False,0.25,True,7,7.626237392425537,39.47,76,30,46,
umeh_dhernangdri_high quality(1),umeh_dhernangdri_high quality(1) - page 2,Modern,layout,0.7,2.0,4.0,False,0.5,True,7,7.884584188461304,39.47,76,30,46,
umeh_dhernangdri_high quality(1),umeh_dhernangdri_high quality(1) - page 2,Modern,layout,0.7,2.0,4.0,False,0.9,True,7,7.726256370544434,39.47,76,30,46,
umeh_dhernangdri_high quality(1),umeh_dhernangdri_high quality(1) - page 2,Modern,layout,0.7,2.0,5.0,True,0.1,True,5,10.40523910522461,40.28,72,29,43,
umeh_dhernangdri_high quality(1),umeh_dhernangdri_high quality(1) - page 2,Modern,layout,0.7,2.0,5.0,True,0.25,True,5,10.089802980422974,40.28,72,29,43,
umeh_dhernangdri_high quality(1),umeh_dhernangdri_high quality(1) - page 2,Modern,layout,0.7,2.0,5.0,True,0.5,True,5,10.568293333053589,40.28,72,29,43,
umeh_dhernangdri_high quality(1),umeh_dhernangdri_high quality(1) - page 2,Modern,layout,0.7,2.0,5.0,True,0.9,True,5,10.519422054290771,40.28,72,29,43,
umeh_dhernangdri_high quality(1),umeh_dhernangdri_high quality(1) - page 2,Modern,layout,0.7,2.0,5.0,False,0.1,True,7,12.168789386749268,48.15,81,39,42,
umeh_dhernangdri_high quality(1),umeh_dhernangdri_high quality(1) - page 2,Modern,layout,0.7,2.0,5.0,False,0.25,True,7,10.782905578613281,48.15,81,39,42,
umeh_dhernangdri_high quality(1),umeh_dhernangdri_high quality(1) - page 2,Modern,layout,0.7,2.0,5.0,False,0.5,True,7,10.94711971282959,48.15,81,39,42,
umeh_dhernangdri_high quality(1),umeh_dhernangdri_high quality(1) - page 2,Modern,layout,0.7,2.0,5.0,False,0.9,True,7,11.029825210571289,48.15,81,39,42,
umeh_dhernangdri_high quality(1),umeh_dhernangdri_high quality(1) - page 2,Modern,layout,0.7,2.5,2.5,True,0.1,True,5,7.236084699630737,33.33,81,27,54,
umeh_dhernangdri_high quality(1),umeh_dhernangdri_high quality(1) - page 2,Modern,layout,0.7,2.5,2.5,True,0.25,True,5,7.321984767913818,33.33,81,27,54,
umeh_dhernangdri_high quality(1),umeh_dhernangdri_high quality(1) - page 2,Modern,layout,0.7,2.5,2.5,True,0.5,True,5,7.275883197784424,33.33,81,27,54,
umeh_dhernangdri_high quality(1),umeh_dhernangdri_high quality(1) - page 2,Modern,layout,0.7,2.5,2.5,True,0.9,True,5,7.3409035205841064,33.33,81,27,54,
umeh_dhernangdri_high quality(1),umeh_dhernangdri_high quality(1) - page 2,Modern,layout,0.7,2.5,2.5,False,0.1,True,7,7.639214992523193,36.14,83,30,53,
umeh_dhernangdri_high quality(1),umeh_dhernangdri_high quality(1) - page 2,Modern,layout,0.7,2.5,2.5,False,0.25,True,7,7.590152978897095,36.14,83,30,53,
umeh_dhernangdri_high quality(1),umeh_dhernangdri_high quality(1) - page 2,Modern,layout,0.7,2.5,2.5,False,0.5,True,7,7.608270645141602,36.14,83,30,53,
umeh_dhernangdri_high quality(1),umeh_dhernangdri_high quality(1) - page 2,Modern,layout,0.7,2.5,2.5,False,0.9,True,7,7.578685998916626,36.14,83,30,53,
umeh_dhernangdri_high quality(1),umeh_dhernangdri_high quality(1) - page 2,Modern,layout,0.7,2.5,3.5,True,0.1,True,5,7.47789740562439,40.26,77,31,46,
umeh_dhernangdri_high quality(1),umeh_dhernangdri_high quality(1) - page 2,Modern,layout,0.7,2.5,3.5,True,0.25,True,5,7.779590368270874,40.26,77,31,46,
umeh_dhernangdri_high quality(1),umeh_dhernangdri_high quality(1) - page 2,Modern,layout,0.7,2.5,3.5,True,0.5,True,5,7.318608999252319,40.26,77,31,46,
umeh_dhernangdri_high quality(1),umeh_dhernangdri_high quality(1) - page 2,Modern,layout,0.7,2.5,3.5,True,0.9,True,5,7.350496292114258,40.26,77,31,46,
umeh_dhernangdri_high quality(1),umeh_dhernangdri_high quality(1) - page 2,Modern,layout,0.7,2.5,3.5,False,0.1,True,7,7.512916088104248,42.5,80,34,46,
umeh_dhernangdri_high quality(1),umeh_dhernangdri_high quality(1) - page 2,Modern,layout,0.7,2.5,3.5,False,0.25,True,7,7.546010971069336,42.5,80,34,46,
umeh_dhernangdri_high quality(1),umeh_dhernangdri_high quality(1) - page 2,Modern,layout,0.7,2.5,3.5,False,0.5,True,7,8.274532079696655,42.5,80,34,46,
umeh_dhernangdri_high quality(1),umeh_dhernangdri_high quality(1) - page 2,Modern,layout,0.7,2.5,3.5,False,0.9,True,7,8.442461252212524,42.5,80,34,46,
umeh_dhernangdri_high quality(1),umeh_dhernangdri_high quality(1) - page 2,Modern,layout,0.7,2.5,4.0,True,0.1,True,5,7.853389501571655,42.31,78,33,45,
umeh_dhernangdri_high quality(1),umeh_dhernangdri_high quality(1) - page 2,Modern,layout,0.7,2.5,4.0,True,0.25,True,5,7.858273506164551,42.31,78,33,45,
umeh_dhernangdri_high quality(1),umeh_dhernangdri_high quality(1) - page 2,Modern,layout,0.7,2.5,4.0,True,0.5,True,5,8.05760669708252,42.31,78,33,45,
umeh_dhernangdri_high quality(1),umeh_dhernangdri_high quality(1) - page 2,Modern,layout,0.7,2.5,4.0,True,0.9,True,5,7.734065055847168,42.31,78,33,45,
umeh_dhernangdri_high quality(1),umeh_dhernangdri_high quality(1) - page 2,Modern,layout,0.7,2.5,4.0,False,0.1,True,7,7.727664470672607,39.47,76,30,46,
umeh_dhernangdri_high quality(1),umeh_dhernangdri_high quality(1) - page 2,Modern,layout,0.7,2.5,4.0,False,0.25,True,7,7.7676942348480225,39.47,76,30,46,
umeh_dhernangdri_high quality(1),umeh_dhernangdri_high quality(1) - page 2,Modern,layout,0.7,2.5,4.0,False,0.5,True,7,8.211821794509888,39.47,76,30,46,
umeh_dhernangdri_high quality(1),umeh_dhernangdri_high quality(1) - page 2,Modern,layout,0.7,2.5,4.0,False,0.9,True,7,7.732773065567017,39.47,76,30,46,
umeh_dhernangdri_high quality(1),umeh_dhernangdri_high quality(1) - page 2,Modern,layout,0.7,2.5,5.0,True,0.1,True,5,10.321094989776611,35.44,79,28,51,
umeh_dhernangdri_high quality(1),umeh_dhernangdri_high quality(1) - page 2,Modern,layout,0.7,2.5,5.0,True,0.25,True,5,9.970915794372559,35.44,79,28,51,
umeh_dhernangdri_high quality(1),umeh_dhernangdri_high quality(1) - page 2,Modern,layout,0.7,2.5,5.0,True,0.5,True,5,10.343042850494385,35.44,79,28,51,
umeh_dhernangdri_high quality(1),umeh_dhernangdri_high quality(1) - page 2,Modern,layout,0.7,2.5,5.0,True,0.9,True,5,9.950501203536987,35.44,79,28,51,
umeh_dhernangdri_high quality(1),umeh_dhernangdri_high quality(1) - page 2,Modern,layout,0.7,2.5,5.0,False,0.1,True,7,11.14560866355896,38.27,81,31,50,
umeh_dhernangdri_high quality(1),umeh_dhernangdri_high quality(1) - page 2,Modern,layout,0.7,2.5,5.0,False,0.25,True,7,10.564760208129883,38.27,81,31,50,
umeh_dhernangdri_high quality(1),umeh_dhernangdri_high quality(1) - page 2,Modern,layout,0.7,2.5,5.0,False,0.5,True,7,12.088405847549438,38.27,81,31,50,
umeh_dhernangdri_high quality(1),umeh_dhernangdri_high quality(1) - page 2,Modern,layout,0.7,2.5,5.0,False,0.9,True,7,10.506344556808472,38.27,81,31,50,
umeh_dhernangdri_high quality(1),umeh_dhernangdri_high quality(1) - page 2,Modern,layout,0.7,3.0,2.5,True,0.1,True,5,8.2267587184906,32.89,76,25,51,
umeh_dhernangdri_high quality(1),umeh_dhernangdri_high quality(1) - page 2,Modern,layout,0.7,3.0,2.5,True,0.25,True,5,8.144636392593384,32.89,76,25,51,
umeh_dhernangdri_high quality(1),umeh_dhernangdri_high quality(1) - page 2,Modern,layout,0.7,3.0,2.5,True,0.5,True,5,8.47931981086731,32.89,76,25,51,
umeh_dhernangdri_high quality(1),umeh_dhernangdri_high quality(1) - page 2,Modern,layout,0.7,3.0,2.5,True,0.9,True,5,8.164076566696167,32.89,76,25,51,
umeh_dhernangdri_high quality(1),umeh_dhernangdri_high quality(1) - page 2,Modern,layout,0.7,3.0,2.5,False,0.1,True,7,7.724775791168213,36.14,83,30,53,
umeh_dhernangdri_high quality(1),umeh_dhernangdri_high quality(1) - page 2,Modern,layout,0.7,3.0,2.5,False,0.25,True,7,7.8393847942352295,36.14,83,30,53,
umeh_dhernangdri_high quality(1),umeh_dhernangdri_high quality(1) - page 2,Modern,layout,0.7,3.0,2.5,False,0.5,True,7,7.761420965194702,36.14,83,30,53,
umeh_dhernangdri_high quality(1),umeh_dhernangdri_high quality(1) - page 2,Modern,layout,0.7,3.0,2.5,False,0.9,True,7,7.753283500671387,36.14,83,30,53,
umeh_dhernangdri_high quality(1),umeh_dhernangdri_high quality(1) - page 2,Modern,layout,0.7,3.0,3.5,True,0.1,True,5,8.520390748977661,38.36,73,28,45,
umeh_dhernangdri_high quality(1),umeh_dhernangdri_high quality(1) - page 2,Modern,layout,0.7,3.0,3.5,True,0.25,True,5,8.203413009643555,38.36,73,28,45,
umeh_dhernangdri_high quality(1),umeh_dhernangdri_high quality(1) - page 2,Modern,layout,0.7,3.0,3.5,True,0.5,True,5,8.197587728500366,38.36,73,28,45,
umeh_dhernangdri_high quality(1),umeh_dhernangdri_high quality(1) - page 2,Modern,layout,0.7,3.0,3.5,True,0.9,True,5,8.536324262619019,38.36,73,28,45,
umeh_dhernangdri_high quality(1),umeh_dhernangdri_high quality(1) - page 2,Modern,layout,0.7,3.0,3.5,False,0.1,True,7,7.880542278289795,42.5,80,34,46,
umeh_dhernangdri_high quality(1),umeh_dhernangdri_high quality(1) - page 2,Modern,layout,0.7,3.0,3.5,False,0.25,True,7,7.8446643352508545,42.5,80,34,46,
umeh_dhernangdri_high quality(1),umeh_dhernangdri_high quality(1) - page 2,Modern,layout,0.7,3.0,3.5,False,0.5,True,7,7.9108192920684814,42.5,80,34,46,
umeh_dhernangdri_high quality(1),umeh_dhernangdri_high quality(1) - page 2,Modern,layout,0.7,3.0,3.5,False,0.9,True,7,7.810353755950928,42.5,80,34,46,
umeh_dhernangdri_high quality(1),umeh_dhernangdri_high quality(1) - page 2,Modern,layout,0.7,3.0,4.0,True,0.1,True,5,8.674292802810669,38.96,77,30,47,
umeh_dhernangdri_high quality(1),umeh_dhernangdri_high quality(1) - page 2,Modern,layout,0.7,3.0,4.0,True,0.25,True,5,8.395534038543701,38.96,77,30,47,
umeh_dhernangdri_high quality(1),umeh_dhernangdri_high quality(1) - page 2,Modern,layout,0.7,3.0,4.0,True,0.5,True,5,8.971143245697021,38.96,77,30,47,
umeh_dhernangdri_high quality(1),umeh_dhernangdri_high quality(1) - page 2,Modern,layout,0.7,3.0,4.0,True,0.9,True,5,8.481861352920532,38.96,77,30,47,
umeh_dhernangdri_high quality(1),umeh_dhernangdri_high quality(1) - page 2,Modern,layout,0.7,3.0,4.0,False,0.1,True,7,8.394720315933228,39.47,76,30,46,
umeh_dhernangdri_high quality(1),umeh_dhernangdri_high quality(1) - page 2,Modern,layout,0.7,3.0,4.0,False,0.25,True,7,8.09177565574646,39.47,76,30,46,
umeh_dhernangdri_high quality(1),umeh_dhernangdri_high quality(1) - page 2,Modern,layout,0.7,3.0,4.0,False,0.5,True,7,8.177146196365356,39.47,76,30,46,
umeh_dhernangdri_high quality(1),umeh_dhernangdri_high quality(1) - page 2,Modern,layout,0.7,3.0,4.0,False,0.9,True,7,8.09471845626831,39.47,76,30,46,
umeh_dhernangdri_high quality(1),umeh_dhernangdri_high quality(1) - page 2,Modern,layout,0.7,3.0,5.0,True,0.1,True,5,10.90290117263794,35.44,79,28,51,
umeh_dhernangdri_high quality(1),umeh_dhernangdri_high quality(1) - page 2,Modern,layout,0.7,3.0,5.0,True,0.25,True,5,10.783779621124268,35.44,79,28,51,
umeh_dhernangdri_high quality(1),umeh_dhernangdri_high quality(1) - page 2,Modern,layout,0.7,3.0,5.0,True,0.5,True,5,12.909213542938232,35.44,79,28,51,
umeh_dhernangdri_high quality(1),umeh_dhernangdri_high quality(1) - page 2,Modern,layout,0.7,3.0,5.0,True,0.9,True,5,11.232439756393433,35.44,79,28,51,
umeh_dhernangdri_high quality(1),umeh_dhernangdri_high quality(1) - page 2,Modern,layout,0.7,3.0,5.0,False,0.1,True,7,10.634732723236084,38.27,81,31,50,
umeh_dhernangdri_high quality(1),umeh_dhernangdri_high quality(1) - page 2,Modern,layout,0.7,3.0,5.0,False,0.25,True,7,10.969722509384155,38.27,81,31,50,
umeh_dhernangdri_high quality(1),umeh_dhernangdri_high quality(1) - page 2,Modern,layout,0.7,3.0,5.0,False,0.5,True,7,11.50629472732544,38.27,81,31,50,
umeh_dhernangdri_high quality(1),umeh_dhernangdri_high quality(1) - page 2,Modern,layout,0.7,3.0,5.0,False,0.9,True,7,10.364081859588623,38.27,81,31,50,
umeh_dhernangdri_high quality(1),umeh_dhernangdri_high quality(1) - page 2,Modern,layout,0.8,2.0,2.5,True,0.1,True,5,7.0478551387786865,33.33,81,27,54,
umeh_dhernangdri_high quality(1),umeh_dhernangdri_high quality(1) - page 2,Modern,layout,0.8,2.0,2.5,True,0.25,True,5,6.952579021453857,33.33,81,27,54,
umeh_dhernangdri_high quality(1),umeh_dhernangdri_high quality(1) - page 2,Modern,layout,0.8,2.0,2.5,True,0.5,True,5,7.068769931793213,33.33,81,27,54,
umeh_dhernangdri_high quality(1),umeh_dhernangdri_high quality(1) - page 2,Modern,layout,0.8,2.0,2.5,True,0.9,True,5,6.912312984466553,33.33,81,27,54,
umeh_dhernangdri_high quality(1),umeh_dhernangdri_high quality(1) - page 2,Modern,layout,0.8,2.0,2.5,False,0.1,True,7,7.357856273651123,36.14,83,30,53,
umeh_dhernangdri_high quality(1),umeh_dhernangdri_high quality(1) - page 2,Modern,layout,0.8,2.0,2.5,False,0.25,True,7,7.337389707565308,36.14,83,30,53,
umeh_dhernangdri_high quality(1),umeh_dhernangdri_high quality(1) - page 2,Modern,layout,0.8,2.0,2.5,False,0.5,True,7,7.314814805984497,36.14,83,30,53,
umeh_dhernangdri_high quality(1),umeh_dhernangdri_high quality(1) - page 2,Modern,layout,0.8,2.0,2.5,False,0.9,True,7,9.949461460113525,36.14,83,30,53,
umeh_dhernangdri_high quality(1),umeh_dhernangdri_high quality(1) - page 2,Modern,layout,0.8,2.0,3.5,True,0.1,True,5,7.430181503295898,40.26,77,31,46,
umeh_dhernangdri_high quality(1),umeh_dhernangdri_high quality(1) - page 2,Modern,layout,0.8,2.0,3.5,True,0.25,True,5,7.1849305629730225,40.26,77,31,46,
umeh_dhernangdri_high quality(1),umeh_dhernangdri_high quality(1) - page 2,Modern,layout,0.8,2.0,3.5,True,0.5,True,5,7.143776178359985,40.26,77,31,46,
umeh_dhernangdri_high quality(1),umeh_dhernangdri_high quality(1) - page 2,Modern,layout,0.8,2.0,3.5,True,0.9,True,5,7.108693838119507,40.26,77,31,46,
umeh_dhernangdri_high quality(1),umeh_dhernangdri_high quality(1) - page 2,Modern,layout,0.8,2.0,3.5,False,0.1,True,7,7.354361057281494,42.5,80,34,46,
umeh_dhernangdri_high quality(1),umeh_dhernangdri_high quality(1) - page 2,Modern,layout,0.8,2.0,3.5,False,0.25,True,7,7.684225559234619,42.5,80,34,46,
umeh_dhernangdri_high quality(1),umeh_dhernangdri_high quality(1) - page 2,Modern,layout,0.8,2.0,3.5,False,0.5,True,7,7.376713514328003,42.5,80,34,46,
umeh_dhernangdri_high quality(1),umeh_dhernangdri_high quality(1) - page 2,Modern,layout,0.8,2.0,3.5,False,0.9,True,7,7.459948301315308,42.5,80,34,46,
umeh_dhernangdri_high quality(1),umeh_dhernangdri_high quality(1) - page 2,Modern,layout,0.8,2.0,4.0,True,0.1,True,5,7.54604172706604,42.31,78,33,45,
umeh_dhernangdri_high quality(1),umeh_dhernangdri_high quality(1) - page 2,Modern,layout,0.8,2.0,4.0,True,0.25,True,5,7.844458103179932,42.31,78,33,45,
umeh_dhernangdri_high quality(1),umeh_dhernangdri_high quality(1) - page 2,Modern,layout,0.8,2.0,4.0,True,0.5,True,5,9.859914779663086,42.31,78,33,45,
umeh_dhernangdri_high quality(1),umeh_dhernangdri_high quality(1) - page 2,Modern,layout,0.8,2.0,4.0,True,0.9,True,5,7.527869462966919,42.31,78,33,45,
umeh_dhernangdri_high quality(1),umeh_dhernangdri_high quality(1) - page 2,Modern,layout,0.8,2.0,4.0,False,0.1,True,7,7.8949315547943115,39.47,76,30,46,
umeh_dhernangdri_high quality(1),umeh_dhernangdri_high quality(1) - page 2,Modern,layout,0.8,2.0,4.0,False,0.25,True,7,7.594953775405884,39.47,76,30,46,
umeh_dhernangdri_high quality(1),umeh_dhernangdri_high quality(1) - page 2,Modern,layout,0.8,2.0,4.0,False,0.5,True,7,7.710644721984863,39.47,76,30,46,
umeh_dhernangdri_high quality(1),umeh_dhernangdri_high quality(1) - page 2,Modern,layout,0.8,2.0,4.0,False,0.9,True,7,7.647782325744629,39.47,76,30,46,
umeh_dhernangdri_high quality(1),umeh_dhernangdri_high quality(1) - page 2,Modern,layout,0.8,2.0,5.0,True,0.1,True,5,10.387532234191895,40.28,72,29,43,
umeh_dhernangdri_high quality(1),umeh_dhernangdri_high quality(1) - page 2,Modern,layout,0.8,2.0,5.0,True,0.25,True,5,10.541210651397705,40.28,72,29,43,
umeh_dhernangdri_high quality(1),umeh_dhernangdri_high quality(1) - page 2,Modern,layout,0.8,2.0,5.0,True,0.5,True,5,10.451895475387573,40.28,72,29,43,
umeh_dhernangdri_high quality(1),umeh_dhernangdri_high quality(1) - page 2,Modern,layout,0.8,2.0,5.0,True,0.9,True,5,10.176561832427979,40.28,72,29,43,
umeh_dhernangdri_high quality(1),umeh_dhernangdri_high quality(1) - page 2,Modern,layout,0.8,2.0,5.0,False,0.1,True,7,10.722090244293213,48.15,81,39,42,
umeh_dhernangdri_high quality(1),umeh_dhernangdri_high quality(1) - page 2,Modern,layout,0.8,2.0,5.0,False,0.25,True,7,10.729949712753296,48.15,81,39,42,
umeh_dhernangdri_high quality(1),umeh_dhernangdri_high quality(1) - page 2,Modern,layout,0.8,2.0,5.0,False,0.5,True,7,11.056944608688354,48.15,81,39,42,
umeh_dhernangdri_high quality(1),umeh_dhernangdri_high quality(1) - page 2,Modern,layout,0.8,2.0,5.0,False,0.9,True,7,10.759462594985962,48.15,81,39,42,
umeh_dhernangdri_high quality(1),umeh_dhernangdri_high quality(1) - page 2,Modern,layout,0.8,2.5,2.5,True,0.1,True,5,7.2447874546051025,33.33,81,27,54,
umeh_dhernangdri_high quality(1),umeh_dhernangdri_high quality(1) - page 2,Modern,layout,0.8,2.5,2.5,True,0.25,True,5,7.641343593597412,33.33,81,27,54,
umeh_dhernangdri_high quality(1),umeh_dhernangdri_high quality(1) - page 2,Modern,layout,0.8,2.5,2.5,True,0.5,True,5,7.6513519287109375,33.33,81,27,54,
umeh_dhernangdri_high quality(1),umeh_dhernangdri_high quality(1) - page 2,Modern,layout,0.8,2.5,2.5,True,0.9,True,5,9.914880275726318,33.33,81,27,54,
umeh_dhernangdri_high quality(1),umeh_dhernangdri_high quality(1) - page 2,Modern,layout,0.8,2.5,2.5,False,0.1,True,7,8.0319983959198,36.14,83,30,53,
umeh_dhernangdri_high quality(1),umeh_dhernangdri_high quality(1) - page 2,Modern,layout,0.8,2.5,2.5,False,0.25,True,7,7.559888124465942,36.14,83,30,53,
umeh_dhernangdri_high quality(1),umeh_dhernangdri_high quality(1) - page 2,Modern,layout,0.8,2.5,2.5,False,0.5,True,7,7.568148136138916,36.14,83,30,53,
umeh_dhernangdri_high quality(1),umeh_dhernangdri_high quality(1) - page 2,Modern,layout,0.8,2.5,2.5,False,0.9,True,7,7.575284719467163,36.14,83,30,53,
umeh_dhernangdri_high quality(1),umeh_dhernangdri_high quality(1) - page 2,Modern,layout,0.8,2.5,3.5,True,0.1,True,5,10.093902111053467,40.26,77,31,46,
umeh_dhernangdri_high quality(1),umeh_dhernangdri_high quality(1) - page 2,Modern,layout,0.8,2.5,3.5,True,0.25,True,5,7.459586143493652,40.26,77,31,46,
umeh_dhernangdri_high quality(1),umeh_dhernangdri_high quality(1) - page 2,Modern,layout,0.8,2.5,3.5,True,0.5,True,5,7.479507923126221,40.26,77,31,46,
umeh_dhernangdri_high quality(1),umeh_dhernangdri_high quality(1) - page 2,Modern,layout,0.8,2.5,3.5,True,0.9,True,5,7.352848529815674,40.26,77,31,46,
umeh_dhernangdri_high quality(1),umeh_dhernangdri_high quality(1) - page 2,Modern,layout,0.8,2.5,3.5,False,0.1,True,7,8.099810361862183,42.5,80,34,46,
umeh_dhernangdri_high quality(1),umeh_dhernangdri_high quality(1) - page 2,Modern,layout,0.8,2.5,3.5,False,0.25,True,7,7.724468469619751,42.5,80,34,46,
umeh_dhernangdri_high quality(1),umeh_dhernangdri_high quality(1) - page 2,Modern,layout,0.8,2.5,3.5,False,0.5,True,7,7.50841498374939,42.5,80,34,46,
umeh_dhernangdri_high quality(1),umeh_dhernangdri_high quality(1) - page 2,Modern,layout,0.8,2.5,3.5,False,0.9,True,7,7.539451837539673,42.5,80,34,46,
umeh_dhernangdri_high quality(1),umeh_dhernangdri_high quality(1) - page 2,Modern,layout,0.8,2.5,4.0,True,0.1,True,5,8.255263328552246,42.31,78,33,45,
umeh_dhernangdri_high quality(1),umeh_dhernangdri_high quality(1) - page 2,Modern,layout,0.8,2.5,4.0,True,0.25,True,5,7.868228912353516,42.31,78,33,45,
umeh_dhernangdri_high quality(1),umeh_dhernangdri_high quality(1) - page 2,Modern,layout,0.8,2.5,4.0,True,0.5,True,5,7.720779895782471,42.31,78,33,45,
umeh_dhernangdri_high quality(1),umeh_dhernangdri_high quality(1) - page 2,Modern,layout,0.8,2.5,4.0,True,0.9,True,5,8.018635272979736,42.31,78,33,45,
umeh_dhernangdri_high quality(1),umeh_dhernangdri_high quality(1) - page 2,Modern,layout,0.8,2.5,4.0,False,0.1,True,7,7.774566888809204,39.47,76,30,46,
umeh_dhernangdri_high quality(1),umeh_dhernangdri_high quality(1) - page 2,Modern,layout,0.8,2.5,4.0,False,0.25,True,7,7.859898805618286,39.47,76,30,46,
umeh_dhernangdri_high quality(1),umeh_dhernangdri_high quality(1) - page 2,Modern,layout,0.8,2.5,4.0,False,0.5,True,7,7.740285396575928,39.47,76,30,46,
umeh_dhernangdri_high quality(1),umeh_dhernangdri_high quality(1) - page 2,Modern,layout,0.8,2.5,4.0,False,0.9,True,7,8.039462804794312,39.47,76,30,46,
umeh_dhernangdri_high quality(1),umeh_dhernangdri_high quality(1) - page 2,Modern,layout,0.8,2.5,5.0,True,0.1,True,5,9.945098400115967,35.44,79,28,51,
umeh_dhernangdri_high quality(1),umeh_dhernangdri_high quality(1) - page 2,Modern,layout,0.8,2.5,5.0,True,0.25,True,5,12.532682418823242,35.44,79,28,51,
umeh_dhernangdri_high quality(1),umeh_dhernangdri_high quality(1) - page 2,Modern,layout,0.8,2.5,5.0,True,0.5,True,5,9.9642813205719,35.44,79,28,51,
umeh_dhernangdri_high quality(1),umeh_dhernangdri_high quality(1) - page 2,Modern,layout,0.8,2.5,5.0,True,0.9,True,5,10.377219676971436,35.44,79,28,51,
umeh_dhernangdri_high quality(1),umeh_dhernangdri_high quality(1) - page 2,Modern,layout,0.8,2.5,5.0,False,0.1,True,7,10.504950761795044,38.27,81,31,50,
umeh_dhernangdri_high quality(1),umeh_dhernangdri_high quality(1) - page 2,Modern,layout,0.8,2.5,5.0,False,0.25,True,7,10.201744079589844,38.27,81,31,50,
umeh_dhernangdri_high quality(1),umeh_dhernangdri_high quality(1) - page 2,Modern,layout,0.8,2.5,5.0,False,0.5,True,7,10.474399328231812,38.27,81,31,50,
umeh_dhernangdri_high quality(1),umeh_dhernangdri_high quality(1) - page 2,Modern,layout,0.8,2.5,5.0,False,0.9,True,7,10.212006092071533,38.27,81,31,50,
umeh_dhernangdri_high quality(1),umeh_dhernangdri_high quality(1) - page 2,Modern,layout,0.8,3.0,2.5,True,0.1,True,5,8.251291275024414,32.89,76,25,51,
umeh_dhernangdri_high quality(1),umeh_dhernangdri_high quality(1) - page 2,Modern,layout,0.8,3.0,2.5,True,0.25,True,5,8.148914575576782,32.89,76,25,51,
umeh_dhernangdri_high quality(1),umeh_dhernangdri_high quality(1) - page 2,Modern,layout,0.8,3.0,2.5,True,0.5,True,5,8.148150444030762,32.89,76,25,51,
umeh_dhernangdri_high quality(1),umeh_dhernangdri_high quality(1) - page 2,Modern,layout,0.8,3.0,2.5,True,0.9,True,5,8.428664445877075,32.89,76,25,51,
umeh_dhernangdri_high quality(1),umeh_dhernangdri_high quality(1) - page 2,Modern,layout,0.8,3.0,2.5,False,0.1,True,7,7.719964504241943,36.14,83,30,53,
umeh_dhernangdri_high quality(1),umeh_dhernangdri_high quality(1) - page 2,Modern,layout,0.8,3.0,2.5,False,0.25,True,7,10.091834306716919,36.14,83,30,53,
umeh_dhernangdri_high quality(1),umeh_dhernangdri_high quality(1) - page 2,Modern,layout,0.8,3.0,2.5,False,0.5,True,7,7.739485740661621,36.14,83,30,53,
umeh_dhernangdri_high quality(1),umeh_dhernangdri_high quality(1) - page 2,Modern,layout,0.8,3.0,2.5,False,0.9,True,7,7.701735019683838,36.14,83,30,53,
umeh_dhernangdri_high quality(1),umeh_dhernangdri_high quality(1) - page 2,Modern,layout,0.8,3.0,3.5,True,0.1,True,5,8.243170738220215,38.36,73,28,45,
umeh_dhernangdri_high quality(1),umeh_dhernangdri_high quality(1) - page 2,Modern,layout,0.8,3.0,3.5,True,0.25,True,5,8.536187410354614,38.36,73,28,45,
umeh_dhernangdri_high quality(1),umeh_dhernangdri_high quality(1) - page 2,Modern,layout,0.8,3.0,3.5,True,0.5,True,5,8.209325075149536,38.36,73,28,45,
umeh_dhernangdri_high quality(1),umeh_dhernangdri_high quality(1) - page 2,Modern,layout,0.8,3.0,3.5,True,0.9,True,5,8.240689277648926,38.36,73,28,45,
umeh_dhernangdri_high quality(1),umeh_dhernangdri_high quality(1) - page 2,Modern,layout,0.8,3.0,3.5,False,0.1,True,7,8.262167930603027,42.5,80,34,46,
umeh_dhernangdri_high quality(1),umeh_dhernangdri_high quality(1) - page 2,Modern,layout,0.8,3.0,3.5,False,0.25,True,7,7.8572633266448975,42.5,80,34,46,
umeh_dhernangdri_high quality(1),umeh_dhernangdri_high quality(1) - page 2,Modern,layout,0.8,3.0,3.5,False,0.5,True,7,7.841654062271118,42.5,80,34,46,
umeh_dhernangdri_high quality(1),umeh_dhernangdri_high quality(1) - page 2,Modern,layout,0.8,3.0,3.5,False,0.9,True,7,7.875792503356934,42.5,80,34,46,
umeh_dhernangdri_high quality(1),umeh_dhernangdri_high quality(1) - page 2,Modern,layout,0.8,3.0,4.0,True,0.1,True,5,11.316313028335571,38.96,77,30,47,
umeh_dhernangdri_high quality(1),umeh_dhernangdri_high quality(1) - page 2,Modern,layout,0.8,3.0,4.0,True,0.25,True,5,8.56023120880127,38.96,77,30,47,
umeh_dhernangdri_high quality(1),umeh_dhernangdri_high quality(1) - page 2,Modern,layout,0.8,3.0,4.0,True,0.5,True,5,8.378322124481201,38.96,77,30,47,
umeh_dhernangdri_high quality(1),umeh_dhernangdri_high quality(1) - page 2,Modern,layout,0.8,3.0,4.0,True,0.9,True,5,8.692618370056152,38.96,77,30,47,
umeh_dhernangdri_high quality(1),umeh_dhernangdri_high quality(1) - page 2,Modern,layout,0.8,3.0,4.0,False,0.1,True,7,8.142436027526855,39.47,76,30,46,
umeh_dhernangdri_high quality(1),umeh_dhernangdri_high quality(1) - page 2,Modern,layout,0.8,3.0,4.0,False,0.25,True,7,8.074987649917603,39.47,76,30,46,
umeh_dhernangdri_high quality(1),umeh_dhernangdri_high quality(1) - page 2,Modern,layout,0.8,3.0,4.0,False,0.5,True,7,8.439451694488525,39.47,76,30,46,
umeh_dhernangdri_high quality(1),umeh_dhernangdri_high quality(1) - page 2,Modern,layout,0.8,3.0,4.0,False,0.9,True,7,8.09496808052063,39.47,76,30,46,
umeh_dhernangdri_high quality(1),umeh_dhernangdri_high quality(1) - page 2,Modern,layout,0.8,3.0,5.0,True,0.1,True,5,10.434812784194946,35.44,79,28,51,
umeh_dhernangdri_high quality(1),umeh_dhernangdri_high quality(1) - page 2,Modern,layout,0.8,3.0,5.0,True,0.25,True,5,10.793345212936401,35.44,79,28,51,
umeh_dhernangdri_high quality(1),umeh_dhernangdri_high quality(1) - page 2,Modern,layout,0.8,3.0,5.0,True,0.5,True,5,10.871392965316772,35.44,79,28,51,
umeh_dhernangdri_high quality(1),umeh_dhernangdri_high quality(1) - page 2,Modern,layout,0.8,3.0,5.0,True,0.9,True,5,10.510326862335205,35.44,79,28,51,
umeh_dhernangdri_high quality(1),umeh_dhernangdri_high quality(1) - page 2,Modern,layout,0.8,3.0,5.0,False,0.1,True,7,10.977472066879272,38.27,81,31,50,
umeh_dhernangdri_high quality(1),umeh_dhernangdri_high quality(1) - page 2,Modern,layout,0.8,3.0,5.0,False,0.25,True,7,10.953295707702637,38.27,81,31,50,
umeh_dhernangdri_high quality(1),umeh_dhernangdri_high quality(1) - page 2,Modern,layout,0.8,3.0,5.0,False,0.5,True,7,10.696749925613403,38.27,81,31,50,
umeh_dhernangdri_high quality(1),umeh_dhernangdri_high quality(1) - page 2,Modern,layout,0.8,3.0,5.0,False,0.9,True,7,10.966654062271118,38.27,81,31,50,
umeh_dhernangdri_high quality(1),umeh_dhernangdri_high quality(1) - page 2,Modern,layout,0.9,2.0,2.5,True,0.1,True,5,7.084673643112183,33.33,81,27,54,
umeh_dhernangdri_high quality(1),umeh_dhernangdri_high quality(1) - page 2,Modern,layout,0.9,2.0,2.5,True,0.25,True,5,7.0799033641815186,33.33,81,27,54,
umeh_dhernangdri_high quality(1),umeh_dhernangdri_high quality(1) - page 2,Modern,layout,0.9,2.0,2.5,True,0.5,True,5,6.949319362640381,33.33,81,27,54,
umeh_dhernangdri_high quality(1),umeh_dhernangdri_high quality(1) - page 2,Modern,layout,0.9,2.0,2.5,True,0.9,True,5,6.983141183853149,33.33,81,27,54,
umeh_dhernangdri_high quality(1),umeh_dhernangdri_high quality(1) - page 2,Modern,layout,0.9,2.0,2.5,False,0.1,True,7,7.346734523773193,36.14,83,30,53,
umeh_dhernangdri_high quality(1),umeh_dhernangdri_high quality(1) - page 2,Modern,layout,0.9,2.0,2.5,False,0.25,True,7,7.32767128944397,36.14,83,30,53,
umeh_dhernangdri_high quality(1),umeh_dhernangdri_high quality(1) - page 2,Modern,layout,0.9,2.0,2.5,False,0.5,True,7,7.351602792739868,36.14,83,30,53,
umeh_dhernangdri_high quality(1),umeh_dhernangdri_high quality(1) - page 2,Modern,layout,0.9,2.0,2.5,False,0.9,True,7,7.352405071258545,36.14,83,30,53,
umeh_dhernangdri_high quality(1),umeh_dhernangdri_high quality(1) - page 2,Modern,layout,0.9,2.0,3.5,True,0.1,True,5,7.167038440704346,40.26,77,31,46,
umeh_dhernangdri_high quality(1),umeh_dhernangdri_high quality(1) - page 2,Modern,layout,0.9,2.0,3.5,True,0.25,True,5,9.278196573257446,40.26,77,31,46,
umeh_dhernangdri_high quality(1),umeh_dhernangdri_high quality(1) - page 2,Modern,layout,0.9,2.0,3.5,True,0.5,True,5,7.486965179443359,40.26,77,31,46,
umeh_dhernangdri_high quality(1),umeh_dhernangdri_high quality(1) - page 2,Modern,layout,0.9,2.0,3.5,True,0.9,True,5,9.636540412902832,40.26,77,31,46,
umeh_dhernangdri_high quality(1),umeh_dhernangdri_high quality(1) - page 2,Modern,layout,0.9,2.0,3.5,False,0.1,True,7,7.349286079406738,42.5,80,34,46,
umeh_dhernangdri_high quality(1),umeh_dhernangdri_high quality(1) - page 2,Modern,layout,0.9,2.0,3.5,False,0.25,True,7,7.372255086898804,42.5,80,34,46,
umeh_dhernangdri_high quality(1),umeh_dhernangdri_high quality(1) - page 2,Modern,layout,0.9,2.0,3.5,False,0.5,True,7,7.384247541427612,42.5,80,34,46,
umeh_dhernangdri_high quality(1),umeh_dhernangdri_high quality(1) - page 2,Modern,layout,0.9,2.0,3.5,False,0.9,True,7,7.380539655685425,42.5,80,34,46,
umeh_dhernangdri_high quality(1),umeh_dhernangdri_high quality(1) - page 2,Modern,layout,0.9,2.0,4.0,True,0.1,True,5,7.824013710021973,42.31,78,33,45,
umeh_dhernangdri_high quality(1),umeh_dhernangdri_high quality(1) - page 2,Modern,layout,0.9,2.0,4.0,True,0.25,True,5,7.545358896255493,42.31,78,33,45,
umeh_dhernangdri_high quality(1),umeh_dhernangdri_high quality(1) - page 2,Modern,layout,0.9,2.0,4.0,True,0.5,True,5,9.676669836044312,42.31,78,33,45,
umeh_dhernangdri_high quality(1),umeh_dhernangdri_high quality(1) - page 2,Modern,layout,0.9,2.0,4.0,True,0.9,True,5,7.823972225189209,42.31,78,33,45,
umeh_dhernangdri_high quality(1),umeh_dhernangdri_high quality(1) - page 2,Modern,layout,0.9,2.0,4.0,False,0.1,True,7,7.575765609741211,39.47,76,30,46,
umeh_dhernangdri_high quality(1),umeh_dhernangdri_high quality(1) - page 2,Modern,layout,0.9,2.0,4.0,False,0.25,True,7,7.608706474304199,39.47,76,30,46,
umeh_dhernangdri_high quality(1),umeh_dhernangdri_high quality(1) - page 2,Modern,layout,0.9,2.0,4.0,False,0.5,True,7,7.876828670501709,39.47,76,30,46,
umeh_dhernangdri_high quality(1),umeh_dhernangdri_high quality(1) - page 2,Modern,layout,0.9,2.0,4.0,False,0.9,True,7,7.679103374481201,39.47,76,30,46,
umeh_dhernangdri_high quality(1),umeh_dhernangdri_high quality(1) - page 2,Modern,layout,0.9,2.0,5.0,True,0.1,True,5,10.401129484176636,40.28,72,29,43,
umeh_dhernangdri_high quality(1),umeh_dhernangdri_high quality(1) - page 2,Modern,layout,0.9,2.0,5.0,True,0.25,True,5,11.359257936477661,40.28,72,29,43,
umeh_dhernangdri_high quality(1),umeh_dhernangdri_high quality(1) - page 2,Modern,layout,0.9,2.0,5.0,True,0.5,True,5,10.428781270980835,40.28,72,29,43,
umeh_dhernangdri_high quality(1),umeh_dhernangdri_high quality(1) - page 2,Modern,layout,0.9,2.0,5.0,True,0.9,True,5,10.413925409317017,40.28,72,29,43,
umeh_dhernangdri_high quality(1),umeh_dhernangdri_high quality(1) - page 2,Modern,layout,0.9,2.0,5.0,False,0.1,True,7,10.61213755607605,48.15,81,39,42,
umeh_dhernangdri_high quality(1),umeh_dhernangdri_high quality(1) - page 2,Modern,layout,0.9,2.0,5.0,False,0.25,True,7,11.015969038009644,48.15,81,39,42,
umeh_dhernangdri_high quality(1),umeh_dhernangdri_high quality(1) - page 2,Modern,layout,0.9,2.0,5.0,False,0.5,True,7,10.73727798461914,48.15,81,39,42,
umeh_dhernangdri_high quality(1),umeh_dhernangdri_high quality(1) - page 2,Modern,layout,0.9,2.0,5.0,False,0.9,True,7,10.97693943977356,48.15,81,39,42,
umeh_dhernangdri_high quality(1),umeh_dhernangdri_high quality(1) - page 2,Modern,layout,0.9,2.5,2.5,True,0.1,True,5,7.321254253387451,33.33,81,27,54,
umeh_dhernangdri_high quality(1),umeh_dhernangdri_high quality(1) - page 2,Modern,layout,0.9,2.5,2.5,True,0.25,True,5,7.368910074234009,33.33,81,27,54,
umeh_dhernangdri_high quality(1),umeh_dhernangdri_high quality(1) - page 2,Modern,layout,0.9,2.5,2.5,True,0.5,True,5,7.329005479812622,33.33,81,27,54,
umeh_dhernangdri_high quality(1),umeh_dhernangdri_high quality(1) - page 2,Modern,layout,0.9,2.5,2.5,True,0.9,True,5,7.3266425132751465,33.33,81,27,54,
umeh_dhernangdri_high quality(1),umeh_dhernangdri_high quality(1) - page 2,Modern,layout,0.9,2.5,2.5,False,0.1,True,7,7.732062816619873,36.14,83,30,53,
umeh_dhernangdri_high quality(1),umeh_dhernangdri_high quality(1) - page 2,Modern,layout,0.9,2.5,2.5,False,0.25,True,7,7.780593633651733,36.14,83,30,53,
umeh_dhernangdri_high quality(1),umeh_dhernangdri_high quality(1) - page 2,Modern,layout,0.9,2.5,2.5,False,0.5,True,7,9.970508098602295,36.14,83,30,53,
umeh_dhernangdri_high quality(1),umeh_dhernangdri_high quality(1) - page 2,Modern,layout,0.9,2.5,2.5,False,0.9,True,7,7.561143398284912,36.14,83,30,53,
umeh_dhernangdri_high quality(1),umeh_dhernangdri_high quality(1) - page 2,Modern,layout,0.9,2.5,3.5,True,0.1,True,5,7.5182623863220215,40.26,77,31,46,
umeh_dhernangdri_high quality(1),umeh_dhernangdri_high quality(1) - page 2,Modern,layout,0.9,2.5,3.5,True,0.25,True,5,7.791672229766846,40.26,77,31,46,
umeh_dhernangdri_high quality(1),umeh_dhernangdri_high quality(1) - page 2,Modern,layout,0.9,2.5,3.5,True,0.5,True,5,7.395315408706665,40.26,77,31,46,
umeh_dhernangdri_high quality(1),umeh_dhernangdri_high quality(1) - page 2,Modern,layout,0.9,2.5,3.5,True,0.9,True,5,7.315349817276001,40.26,77,31,46,
umeh_dhernangdri_high quality(1),umeh_dhernangdri_high quality(1) - page 2,Modern,layout,0.9,2.5,3.5,False,0.1,True,7,7.530184745788574,42.5,80,34,46,
umeh_dhernangdri_high quality(1),umeh_dhernangdri_high quality(1) - page 2,Modern,layout,0.9,2.5,3.5,False,0.25,True,7,8.892512798309326,42.5,80,34,46,
umeh_dhernangdri_high quality(1),umeh_dhernangdri_high quality(1) - page 2,Modern,layout,0.9,2.5,3.5,False,0.5,True,7,7.609950542449951,42.5,80,34,46,
umeh_dhernangdri_high quality(1),umeh_dhernangdri_high quality(1) - page 2,Modern,layout,0.9,2.5,3.5,False,0.9,True,7,7.925302267074585,42.5,80,34,46,
umeh_dhernangdri_high quality(1),umeh_dhernangdri_high quality(1) - page 2,Modern,layout,0.9,2.5,4.0,True,0.1,True,5,7.748241901397705,42.31,78,33,45,
umeh_dhernangdri_high quality(1),umeh_dhernangdri_high quality(1) - page 2,Modern,layout,0.9,2.5,4.0,True,0.25,True,5,7.748114585876465,42.31,78,33,45,
umeh_dhernangdri_high quality(1),umeh_dhernangdri_high quality(1) - page 2,Modern,layout,0.9,2.5,4.0,True,0.5,True,5,8.010005474090576,42.31,78,33,45,
umeh_dhernangdri_high quality(1),umeh_dhernangdri_high quality(1) - page 2,Modern,layout,0.9,2.5,4.0,True,0.9,True,5,7.705306053161621,42.31,78,33,45,
umeh_dhernangdri_high quality(1),umeh_dhernangdri_high quality(1) - page 2,Modern,layout,0.9,2.5,4.0,False,0.1,True,7,7.733463525772095,39.47,76,30,46,
umeh_dhernangdri_high quality(1),umeh_dhernangdri_high quality(1) - page 2,Modern,layout,0.9,2.5,4.0,False,0.25,True,7,8.154874086380005,39.47,76,30,46,
umeh_dhernangdri_high quality(1),umeh_dhernangdri_high quality(1) - page 2,Modern,layout,0.9,2.5,4.0,False,0.5,True,7,7.830631256103516,39.47,76,30,46,
umeh_dhernangdri_high quality(1),umeh_dhernangdri_high quality(1) - page 2,Modern,layout,0.9,2.5,4.0,False,0.9,True,7,7.727344036102295,39.47,76,30,46,
umeh_dhernangdri_high quality(1),umeh_dhernangdri_high quality(1) - page 2,Modern,layout,0.9,2.5,5.0,True,0.1,True,5,10.425803184509277,35.44,79,28,51,
umeh_dhernangdri_high quality(1),umeh_dhernangdri_high quality(1) - page 2,Modern,layout,0.9,2.5,5.0,True,0.25,True,5,10.011359930038452,35.44,79,28,51,
umeh_dhernangdri_high quality(1),umeh_dhernangdri_high quality(1) - page 2,Modern,layout,0.9,2.5,5.0,True,0.5,True,5,10.276670217514038,35.44,79,28,51,
umeh_dhernangdri_high quality(1),umeh_dhernangdri_high quality(1) - page 2,Modern,layout,0.9,2.5,5.0,True,0.9,True,5,10.007904529571533,35.44,79,28,51,
umeh_dhernangdri_high quality(1),umeh_dhernangdri_high quality(1) - page 2,Modern,layout,0.9,2.5,5.0,False,0.1,True,7,10.563650369644165,38.27,81,31,50,
umeh_dhernangdri_high quality(1),umeh_dhernangdri_high quality(1) - page 2,Modern,layout,0.9,2.5,5.0,False,0.25,True,7,10.504843473434448,38.27,81,31,50,
umeh_dhernangdri_high quality(1),umeh_dhernangdri_high quality(1) - page 2,Modern,layout,0.9,2.5,5.0,False,0.5,True,7,10.204141616821289,38.27,81,31,50,
umeh_dhernangdri_high quality(1),umeh_dhernangdri_high quality(1) - page 2,Modern,layout,0.9,2.5,5.0,False,0.9,True,7,10.481945991516113,38.27,81,31,50,
umeh_dhernangdri_high quality(1),umeh_dhernangdri_high quality(1) - page 2,Modern,layout,0.9,3.0,2.5,True,0.1,True,5,7.962647438049316,32.89,76,25,51,
umeh_dhernangdri_high quality(1),umeh_dhernangdri_high quality(1) - page 2,Modern,layout,0.9,3.0,2.5,True,0.25,True,5,7.9612932205200195,32.89,76,25,51,
umeh_dhernangdri_high quality(1),umeh_dhernangdri_high quality(1) - page 2,Modern,layout,0.9,3.0,2.5,True,0.5,True,5,8.406851053237915,32.89,76,25,51,
umeh_dhernangdri_high quality(1),umeh_dhernangdri_high quality(1) - page 2,Modern,layout,0.9,3.0,2.5,True,0.9,True,5,8.224962711334229,32.89,76,25,51,
umeh_dhernangdri_high quality(1),umeh_dhernangdri_high quality(1) - page 2,Modern,layout,0.9,3.0,2.5,False,0.1,True,7,7.728485822677612,36.14,83,30,53,
umeh_dhernangdri_high quality(1),umeh_dhernangdri_high quality(1) - page 2,Modern,layout,0.9,3.0,2.5,False,0.25,True,7,7.745635032653809,36.14,83,30,53,
umeh_dhernangdri_high quality(1),umeh_dhernangdri_high quality(1) - page 2,Modern,layout,0.9,3.0,2.5,False,0.5,True,7,7.7412261962890625,36.14,83,30,53,
umeh_dhernangdri_high quality(1),umeh_dhernangdri_high quality(1) - page 2,Modern,layout,0.9,3.0,2.5,False,0.9,True,7,7.627831935882568,36.14,83,30,53,
umeh_dhernangdri_high quality(1),umeh_dhernangdri_high quality(1) - page 2,Modern,layout,0.9,3.0,3.5,True,0.1,True,5,8.522618532180786,38.36,73,28,45,
umeh_dhernangdri_high quality(1),umeh_dhernangdri_high quality(1) - page 2,Modern,layout,0.9,3.0,3.5,True,0.25,True,5,8.31632399559021,38.36,73,28,45,
umeh_dhernangdri_high quality(1),umeh_dhernangdri_high quality(1) - page 2,Modern,layout,0.9,3.0,3.5,True,0.5,True,5,10.220569849014282,38.36,73,28,45,
umeh_dhernangdri_high quality(1),umeh_dhernangdri_high quality(1) - page 2,Modern,layout,0.9,3.0,3.5,True,0.9,True,5,8.43160343170166,38.36,73,28,45,
umeh_dhernangdri_high quality(1),umeh_dhernangdri_high quality(1) - page 2,Modern,layout,0.9,3.0,3.5,False,0.1,True,7,7.8323655128479,42.5,80,34,46,
umeh_dhernangdri_high quality(1),umeh_dhernangdri_high quality(1) - page 2,Modern,layout,0.9,3.0,3.5,False,0.25,True,7,7.833280086517334,42.5,80,34,46,
umeh_dhernangdri_high quality(1),umeh_dhernangdri_high quality(1) - page 2,Modern,layout,0.9,3.0,3.5,False,0.5,True,7,10.563411712646484,42.5,80,34,46,
umeh_dhernangdri_high quality(1),umeh_dhernangdri_high quality(1) - page 2,Modern,layout,0.9,3.0,3.5,False,0.9,True,7,10.487205505371094,42.5,80,34,46,
umeh_dhernangdri_high quality(1),umeh_dhernangdri_high quality(1) - page 2,Modern,layout,0.9,3.0,4.0,True,0.1,True,5,8.64932131767273,38.96,77,30,47,
umeh_dhernangdri_high quality(1),umeh_dhernangdri_high quality(1) - page 2,Modern,layout,0.9,3.0,4.0,True,0.25,True,5,8.47935152053833,38.96,77,30,47,
umeh_dhernangdri_high quality(1),umeh_dhernangdri_high quality(1) - page 2,Modern,layout,0.9,3.0,4.0,True,0.5,True,5,8.668542385101318,38.96,77,30,47,
umeh_dhernangdri_high quality(1),umeh_dhernangdri_high quality(1) - page 2,Modern,layout,0.9,3.0,4.0,True,0.9,True,5,8.519687414169312,38.96,77,30,47,
umeh_dhernangdri_high quality(1),umeh_dhernangdri_high quality(1) - page 2,Modern,layout,0.9,3.0,4.0,False,0.1,True,7,8.391594409942627,39.47,76,30,46,
umeh_dhernangdri_high quality(1),umeh_dhernangdri_high quality(1) - page 2,Modern,layout,0.9,3.0,4.0,False,0.25,True,7,10.378034114837646,39.47,76,30,46,
umeh_dhernangdri_high quality(1),umeh_dhernangdri_high quality(1) - page 2,Modern,layout,0.9,3.0,4.0,False,0.5,True,7,9.16752552986145,39.47,76,30,46,
umeh_dhernangdri_high quality(1),umeh_dhernangdri_high quality(1) - page 2,Modern,layout,0.9,3.0,4.0,False,0.9,True,7,10.498192071914673,39.47,76,30,46,
umeh_dhernangdri_high quality(1),umeh_dhernangdri_high quality(1) - page 2,Modern,layout,0.9,3.0,5.0,True,0.1,True,5,10.780304193496704,35.44,79,28,51,
umeh_dhernangdri_high quality(1),umeh_dhernangdri_high quality(1) - page 2,Modern,layout,0.9,3.0,5.0,True,0.25,True,5,10.910150051116943,35.44,79,28,51,
umeh_dhernangdri_high quality(1),umeh_dhernangdri_high quality(1) - page 2,Modern,layout,0.9,3.0,5.0,True,0.5,True,5,13.139341831207275,35.44,79,28,51,
umeh_dhernangdri_high quality(1),umeh_dhernangdri_high quality(1) - page 2,Modern,layout,0.9,3.0,5.0,True,0.9,True,5,10.837983846664429,35.44,79,28,51,
umeh_dhernangdri_high quality(1),umeh_dhernangdri_high quality(1) - page 2,Modern,layout,0.9,3.0,5.0,False,0.1,True,7,10.636502504348755,38.27,81,31,50,
umeh_dhernangdri_high quality(1),umeh_dhernangdri_high quality(1) - page 2,Modern,layout,0.9,3.0,5.0,False,0.25,True,7,11.086004972457886,38.27,81,31,50,
umeh_dhernangdri_high quality(1),umeh_dhernangdri_high quality(1) - page 2,Modern,layout,0.9,3.0,5.0,False,0.5,True,7,10.949720621109009,38.27,81,31,50,
umeh_dhernangdri_high quality(1),umeh_dhernangdri_high quality(1) - page 2,Modern,layout,0.9,3.0,5.0,False,0.9,True,7,10.637279510498047,38.27,81,31,50,
umeh_dhernangdri_high quality(1),umeh_dhernangdri_high quality(1) - page 3,Ume_Druma,line,0.7,2.0,2.5,True,0.1,True,8,6.423251152038574,51.47,204,105,99,
umeh_dhernangdri_high quality(1),umeh_dhernangdri_high quality(1) - page 3,Ume_Druma,line,0.7,2.0,2.5,True,0.25,True,8,6.30623722076416,51.47,204,105,99,
umeh_dhernangdri_high quality(1),umeh_dhernangdri_high quality(1) - page 3,Ume_Druma,line,0.7,2.0,2.5,True,0.5,True,8,6.303213119506836,51.47,204,105,99,
umeh_dhernangdri_high quality(1),umeh_dhernangdri_high quality(1) - page 3,Ume_Druma,line,0.7,2.0,2.5,True,0.9,True,8,6.614245891571045,51.47,204,105,99,
umeh_dhernangdri_high quality(1),umeh_dhernangdri_high quality(1) - page 3,Ume_Druma,line,0.7,2.0,2.5,False,0.1,True,17,7.617993116378784,51.22,205,105,100,
umeh_dhernangdri_high quality(1),umeh_dhernangdri_high quality(1) - page 3,Ume_Druma,line,0.7,2.0,2.5,False,0.25,True,17,7.510021448135376,51.22,205,105,100,
umeh_dhernangdri_high quality(1),umeh_dhernangdri_high quality(1) - page 3,Ume_Druma,line,0.7,2.0,2.5,False,0.5,True,17,7.598228216171265,51.22,205,105,100,
umeh_dhernangdri_high quality(1),umeh_dhernangdri_high quality(1) - page 3,Ume_Druma,line,0.7,2.0,2.5,False,0.9,True,17,7.7012410163879395,51.22,205,105,100,
umeh_dhernangdri_high quality(1),umeh_dhernangdri_high quality(1) - page 3,Ume_Druma,line,0.7,2.0,3.5,True,0.1,True,8,6.17731785774231,53.05,213,113,100,
umeh_dhernangdri_high quality(1),umeh_dhernangdri_high quality(1) - page 3,Ume_Druma,line,0.7,2.0,3.5,True,0.25,True,8,6.1524012088775635,53.05,213,113,100,
umeh_dhernangdri_high quality(1),umeh_dhernangdri_high quality(1) - page 3,Ume_Druma,line,0.7,2.0,3.5,True,0.5,True,8,6.150921821594238,53.05,213,113,100,
umeh_dhernangdri_high quality(1),umeh_dhernangdri_high quality(1) - page 3,Ume_Druma,line,0.7,2.0,3.5,True,0.9,True,8,6.150720119476318,53.05,213,113,100,
umeh_dhernangdri_high quality(1),umeh_dhernangdri_high quality(1) - page 3,Ume_Druma,line,0.7,2.0,3.5,False,0.1,True,17,7.517528295516968,53.08,211,112,99,
umeh_dhernangdri_high quality(1),umeh_dhernangdri_high quality(1) - page 3,Ume_Druma,line,0.7,2.0,3.5,False,0.25,True,17,9.640626907348633,53.08,211,112,99,
umeh_dhernangdri_high quality(1),umeh_dhernangdri_high quality(1) - page 3,Ume_Druma,line,0.7,2.0,3.5,False,0.5,True,17,7.284033298492432,53.08,211,112,99,
umeh_dhernangdri_high quality(1),umeh_dhernangdri_high quality(1) - page 3,Ume_Druma,line,0.7,2.0,3.5,False,0.9,True,17,7.665507078170776,53.08,211,112,99,
umeh_dhernangdri_high quality(1),umeh_dhernangdri_high quality(1) - page 3,Ume_Druma,line,0.7,2.0,4.0,True,0.1,True,8,6.094543933868408,50.7,213,108,105,
umeh_dhernangdri_high quality(1),umeh_dhernangdri_high quality(1) - page 3,Ume_Druma,line,0.7,2.0,4.0,True,0.25,True,8,6.234765291213989,50.7,213,108,105,
umeh_dhernangdri_high quality(1),umeh_dhernangdri_high quality(1) - page 3,Ume_Druma,line,0.7,2.0,4.0,True,0.5,True,8,6.149845361709595,50.7,213,108,105,
umeh_dhernangdri_high quality(1),umeh_dhernangdri_high quality(1) - page 3,Ume_Druma,line,0.7,2.0,4.0,True,0.9,True,8,6.159490346908569,50.7,213,108,105,
umeh_dhernangdri_high quality(1),umeh_dhernangdri_high quality(1) - page 3,Ume_Druma,line,0.7,2.0,4.0,False,0.1,True,17,7.376614809036255,52.11,213,111,102,
umeh_dhernangdri_high quality(1),umeh_dhernangdri_high quality(1) - page 3,Ume_Druma,line,0.7,2.0,4.0,False,0.25,True,17,7.511415958404541,52.11,213,111,102,
umeh_dhernangdri_high quality(1),umeh_dhernangdri_high quality(1) - page 3,Ume_Druma,line,0.7,2.0,4.0,False,0.5,True,17,7.4056220054626465,52.11,213,111,102,
umeh_dhernangdri_high quality(1),umeh_dhernangdri_high quality(1) - page 3,Ume_Druma,line,0.7,2.0,4.0,False,0.9,True,17,7.443103790283203,52.11,213,111,102,
umeh_dhernangdri_high quality(1),umeh_dhernangdri_high quality(1) - page 3,Ume_Druma,line,0.7,2.0,5.0,True,0.1,True,8,6.568466901779175,49.5,202,100,102,
umeh_dhernangdri_high quality(1),umeh_dhernangdri_high quality(1) - page 3,Ume_Druma,line,0.7,2.0,5.0,True,0.25,True,8,6.471529006958008,49.5,202,100,102,
umeh_dhernangdri_high quality(1),umeh_dhernangdri_high quality(1) - page 3,Ume_Druma,line,0.7,2.0,5.0,True,0.5,True,8,6.4812610149383545,49.5,202,100,102,
umeh_dhernangdri_high quality(1),umeh_dhernangdri_high quality(1) - page 3,Ume_Druma,line,0.7,2.0,5.0,True,0.9,True,8,6.51068115234375,49.5,202,100,102,
umeh_dhernangdri_high quality(1),umeh_dhernangdri_high quality(1) - page 3,Ume_Druma,line,0.7,2.0,5.0,False,0.1,True,17,10.282310009002686,52.97,202,107,95,
umeh_dhernangdri_high quality(1),umeh_dhernangdri_high quality(1) - page 3,Ume_Druma,line,0.7,2.0,5.0,False,0.25,True,17,8.089599847793579,52.97,202,107,95,
umeh_dhernangdri_high quality(1),umeh_dhernangdri_high quality(1) - page 3,Ume_Druma,line,0.7,2.0,5.0,False,0.5,True,17,7.650868892669678,52.97,202,107,95,
umeh_dhernangdri_high quality(1),umeh_dhernangdri_high quality(1) - page 3,Ume_Druma,line,0.7,2.0,5.0,False,0.9,True,17,9.749522686004639,52.97,202,107,95,
umeh_dhernangdri_high quality(1),umeh_dhernangdri_high quality(1) - page 3,Ume_Druma,line,0.7,2.5,2.5,True,0.1,True,8,6.787594556808472,51.47,204,105,99,
umeh_dhernangdri_high quality(1),umeh_dhernangdri_high quality(1) - page 3,Ume_Druma,line,0.7,2.5,2.5,True,0.25,True,8,6.516137599945068,51.47,204,105,99,
umeh_dhernangdri_high quality(1),umeh_dhernangdri_high quality(1) - page 3,Ume_Druma,line,0.7,2.5,2.5,True,0.5,True,8,6.496011734008789,51.47,204,105,99,
umeh_dhernangdri_high quality(1),umeh_dhernangdri_high quality(1) - page 3,Ume_Druma,line,0.7,2.5,2.5,True,0.9,True,8,6.637346982955933,51.47,204,105,99,
umeh_dhernangdri_high quality(1),umeh_dhernangdri_high quality(1) - page 3,Ume_Druma,line,0.7,2.5,2.5,False,0.1,True,17,7.885421276092529,51.22,205,105,100,
umeh_dhernangdri_high quality(1),umeh_dhernangdri_high quality(1) - page 3,Ume_Druma,line,0.7,2.5,2.5,False,0.25,True,17,7.941128253936768,51.22,205,105,100,
umeh_dhernangdri_high quality(1),umeh_dhernangdri_high quality(1) - page 3,Ume_Druma,line,0.7,2.5,2.5,False,0.5,True,17,7.959543704986572,51.22,205,105,100,
umeh_dhernangdri_high quality(1),umeh_dhernangdri_high quality(1) - page 3,Ume_Druma,line,0.7,2.5,2.5,False,0.9,True,17,7.979839086532593,51.22,205,105,100,
umeh_dhernangdri_high quality(1),umeh_dhernangdri_high quality(1) - page 3,Ume_Druma,line,0.7,2.5,3.5,True,0.1,True,8,6.375645160675049,53.05,213,113,100,
umeh_dhernangdri_high quality(1),umeh_dhernangdri_high quality(1) - page 3,Ume_Druma,line,0.7,2.5,3.5,True,0.25,True,8,6.674842834472656,53.05,213,113,100,
umeh_dhernangdri_high quality(1),umeh_dhernangdri_high quality(1) - page 3,Ume_Druma,line,0.7,2.5,3.5,True,0.5,True,8,8.837120532989502,53.05,213,113,100,
umeh_dhernangdri_high quality(1),umeh_dhernangdri_high quality(1) - page 3,Ume_Druma,line,0.7,2.5,3.5,True,0.9,True,8,6.294627904891968,53.05,213,113,100,
umeh_dhernangdri_high quality(1),umeh_dhernangdri_high quality(1) - page 3,Ume_Druma,line,0.7,2.5,3.5,False,0.1,True,17,7.822583436965942,53.08,211,112,99,
umeh_dhernangdri_high quality(1),umeh_dhernangdri_high quality(1) - page 3,Ume_Druma,line,0.7,2.5,3.5,False,0.25,True,17,7.736853122711182,53.08,211,112,99,
umeh_dhernangdri_high quality(1),umeh_dhernangdri_high quality(1) - page 3,Ume_Druma,line,0.7,2.5,3.5,False,0.5,True,17,7.67039942741394,53.08,211,112,99,
umeh_dhernangdri_high quality(1),umeh_dhernangdri_high quality(1) - page 3,Ume_Druma,line,0.7,2.5,3.5,False,0.9,True,17,7.680846691131592,53.08,211,112,99,
umeh_dhernangdri_high quality(1),umeh_dhernangdri_high quality(1) - page 3,Ume_Druma,line,0.7,2.5,4.0,True,0.1,True,8,6.442745208740234,50.7,213,108,105,
umeh_dhernangdri_high quality(1),umeh_dhernangdri_high quality(1) - page 3,Ume_Druma,line,0.7,2.5,4.0,True,0.25,True,8,6.370378017425537,50.7,213,108,105,
umeh_dhernangdri_high quality(1),umeh_dhernangdri_high quality(1) - page 3,Ume_Druma,line,0.7,2.5,4.0,True,0.5,True,8,6.298277139663696,50.7,213,108,105,
umeh_dhernangdri_high quality(1),umeh_dhernangdri_high quality(1) - page 3,Ume_Druma,line,0.7,2.5,4.0,True,0.9,True,8,6.322240352630615,50.7,213,108,105,
umeh_dhernangdri_high quality(1),umeh_dhernangdri_high quality(1) - page 3,Ume_Druma,line,0.7,2.5,4.0,False,0.1,True,17,7.52978515625,52.11,213,111,102,
umeh_dhernangdri_high quality(1),umeh_dhernangdri_high quality(1) - page 3,Ume_Druma,line,0.7,2.5,4.0,False,0.25,True,17,7.564716100692749,52.11,213,111,102,
umeh_dhernangdri_high quality(1),umeh_dhernangdri_high quality(1) - page 3,Ume_Druma,line,0.7,2.5,4.0,False,0.5,True,17,7.647347450256348,52.11,213,111,102,
umeh_dhernangdri_high quality(1),umeh_dhernangdri_high quality(1) - page 3,Ume_Druma,line,0.7,2.5,4.0,False,0.9,True,17,10.23619031906128,52.11,213,111,102,
umeh_dhernangdri_high quality(1),umeh_dhernangdri_high quality(1) - page 3,Ume_Druma,line,0.7,2.5,5.0,True,0.1,True,8,8.458261251449585,49.03,206,101,105,
umeh_dhernangdri_high quality(1),umeh_dhernangdri_high quality(1) - page 3,Ume_Druma,line,0.7,2.5,5.0,True,0.25,True,8,6.609308481216431,49.03,206,101,105,
umeh_dhernangdri_high quality(1),umeh_dhernangdri_high quality(1) - page 3,Ume_Druma,line,0.7,2.5,5.0,True,0.5,True,8,6.613243103027344,49.03,206,101,105,
umeh_dhernangdri_high quality(1),umeh_dhernangdri_high quality(1) - page 3,Ume_Druma,line,0.7,2.5,5.0,True,0.9,True,8,6.637048959732056,49.03,206,101,105,
umeh_dhernangdri_high quality(1),umeh_dhernangdri_high quality(1) - page 3,Ume_Druma,line,0.7,2.5,5.0,False,0.1,True,17,7.9919703006744385,50.0,204,102,102,
umeh_dhernangdri_high quality(1),umeh_dhernangdri_high quality(1) - page 3,Ume_Druma,line,0.7,2.5,5.0,False,0.25,True,17,7.919349431991577,50.0,204,102,102,
umeh_dhernangdri_high quality(1),umeh_dhernangdri_high quality(1) - page 3,Ume_Druma,line,0.7,2.5,5.0,False,0.5,True,17,7.837507724761963,50.0,204,102,102,
umeh_dhernangdri_high quality(1),umeh_dhernangdri_high quality(1) - page 3,Ume_Druma,line,0.7,2.5,5.0,False,0.9,True,17,7.88107967376709,50.0,204,102,102,
umeh_dhernangdri_high quality(1),umeh_dhernangdri_high quality(1) - page 3,Ume_Druma,line,0.7,3.0,2.5,True,0.1,True,8,7.369892597198486,51.47,204,105,99,
umeh_dhernangdri_high quality(1),umeh_dhernangdri_high quality(1) - page 3,Ume_Druma,line,0.7,3.0,2.5,True,0.25,True,8,7.484262466430664,51.47,204,105,99,
umeh_dhernangdri_high quality(1),umeh_dhernangdri_high quality(1) - page 3,Ume_Druma,line,0.7,3.0,2.5,True,0.5,True,8,6.8064939975738525,51.47,204,105,99,
umeh_dhernangdri_high quality(1),umeh_dhernangdri_high quality(1) - page 3,Ume_Druma,line,0.7,3.0,2.5,True,0.9,True,8,6.802543640136719,51.47,204,105,99,
umeh_dhernangdri_high quality(1),umeh_dhernangdri_high quality(1) - page 3,Ume_Druma,line,0.7,3.0,2.5,False,0.1,True,17,8.02230191230774,51.22,205,105,100,
umeh_dhernangdri_high quality(1),umeh_dhernangdri_high quality(1) - page 3,Ume_Druma,line,0.7,3.0,2.5,False,0.25,True,17,8.085347652435303,51.22,205,105,100,
umeh_dhernangdri_high quality(1),umeh_dhernangdri_high quality(1) - page 3,Ume_Druma,line,0.7,3.0,2.5,False,0.5,True,17,7.991956949234009,51.22,205,105,100,
umeh_dhernangdri_high quality(1),umeh_dhernangdri_high quality(1) - page 3,Ume_Druma,line,0.7,3.0,2.5,False,0.9,True,17,7.999713182449341,51.22,205,105,100,
umeh_dhernangdri_high quality(1),umeh_dhernangdri_high quality(1) - page 3,Ume_Druma,line,0.7,3.0,3.5,True,0.1,True,8,6.616082429885864,53.05,213,113,100,
umeh_dhernangdri_high quality(1),umeh_dhernangdri_high quality(1) - page 3,Ume_Druma,line,0.7,3.0,3.5,True,0.25,True,8,6.5167365074157715,53.05,213,113,100,
umeh_dhernangdri_high quality(1),umeh_dhernangdri_high quality(1) - page 3,Ume_Druma,line,0.7,3.0,3.5,True,0.5,True,8,6.6326072216033936,53.05,213,113,100,
umeh_dhernangdri_high quality(1),umeh_dhernangdri_high quality(1) - page 3,Ume_Druma,line,0.7,3.0,3.5,True,0.9,True,8,6.543213367462158,53.05,213,113,100,
umeh_dhernangdri_high quality(1),umeh_dhernangdri_high quality(1) - page 3,Ume_Druma,line,0.7,3.0,3.5,False,0.1,True,17,7.808171033859253,53.08,211,112,99,
umeh_dhernangdri_high quality(1),umeh_dhernangdri_high quality(1) - page 3,Ume_Druma,line,0.7,3.0,3.5,False,0.25,True,17,8.222129583358765,53.08,211,112,99,
umeh_dhernangdri_high quality(1),umeh_dhernangdri_high quality(1) - page 3,Ume_Druma,line,0.7,3.0,3.5,False,0.5,True,17,7.6870808601379395,53.08,211,112,99,
umeh_dhernangdri_high quality(1),umeh_dhernangdri_high quality(1) - page 3,Ume_Druma,line,0.7,3.0,3.5,False,0.9,True,17,7.748944520950317,53.08,211,112,99,
umeh_dhernangdri_high quality(1),umeh_dhernangdri_high quality(1) - page 3,Ume_Druma,line,0.7,3.0,4.0,True,0.1,True,8,6.658214807510376,50.7,213,108,105,
umeh_dhernangdri_high quality(1),umeh_dhernangdri_high quality(1) - page 3,Ume_Druma,line,0.7,3.0,4.0,True,0.25,True,8,6.557510137557983,50.7,213,108,105,
umeh_dhernangdri_high quality(1),umeh_dhernangdri_high quality(1) - page 3,Ume_Druma,line,0.7,3.0,4.0,True,0.5,True,8,6.679620027542114,50.7,213,108,105,
umeh_dhernangdri_high quality(1),umeh_dhernangdri_high quality(1) - page 3,Ume_Druma,line,0.7,3.0,4.0,True,0.9,True,8,6.54442286491394,50.7,213,108,105,
umeh_dhernangdri_high quality(1),umeh_dhernangdri_high quality(1) - page 3,Ume_Druma,line,0.7,3.0,4.0,False,0.1,True,17,7.746737003326416,52.11,213,111,102,
umeh_dhernangdri_high quality(1),umeh_dhernangdri_high quality(1) - page 3,Ume_Druma,line,0.7,3.0,4.0,False,0.25,True,17,7.793222665786743,52.11,213,111,102,
umeh_dhernangdri_high quality(1),umeh_dhernangdri_high quality(1) - page 3,Ume_Druma,line,0.7,3.0,4.0,False,0.5,True,17,7.86988377571106,52.11,213,111,102,
umeh_dhernangdri_high quality(1),umeh_dhernangdri_high quality(1) - page 3,Ume_Druma,line,0.7,3.0,4.0,False,0.9,True,17,7.875661373138428,52.11,213,111,102,
umeh_dhernangdri_high quality(1),umeh_dhernangdri_high quality(1) - page 3,Ume_Druma,line,0.7,3.0,5.0,True,0.1,True,8,7.223006725311279,49.03,206,101,105,
umeh_dhernangdri_high quality(1),umeh_dhernangdri_high quality(1) - page 3,Ume_Druma,line,0.7,3.0,5.0,True,0.25,True,8,6.981748819351196,49.03,206,101,105,
umeh_dhernangdri_high quality(1),umeh_dhernangdri_high quality(1) - page 3,Ume_Druma,line,0.7,3.0,5.0,True,0.5,True,8,6.977710485458374,49.03,206,101,105,
umeh_dhernangdri_high quality(1),umeh_dhernangdri_high quality(1) - page 3,Ume_Druma,line,0.7,3.0,5.0,True,0.9,True,8,6.981951951980591,49.03,206,101,105,
umeh_dhernangdri_high quality(1),umeh_dhernangdri_high quality(1) - page 3,Ume_Druma,line,0.7,3.0,5.0,False,0.1,True,17,8.090544939041138,50.0,204,102,102,
umeh_dhernangdri_high quality(1),umeh_dhernangdri_high quality(1) - page 3,Ume_Druma,line,0.7,3.0,5.0,False,0.25,True,17,8.121968746185303,50.0,204,102,102,
umeh_dhernangdri_high quality(1),umeh_dhernangdri_high quality(1) - page 3,Ume_Druma,line,0.7,3.0,5.0,False,0.5,True,17,8.22658085823059,50.0,204,102,102,
umeh_dhernangdri_high quality(1),umeh_dhernangdri_high quality(1) - page 3,Ume_Druma,line,0.7,3.0,5.0,False,0.9,True,17,8.132332563400269,50.0,204,102,102,
umeh_dhernangdri_high quality(1),umeh_dhernangdri_high quality(1) - page 3,Ume_Druma,line,0.8,2.0,2.5,True,0.1,True,8,6.493481159210205,51.47,204,105,99,
umeh_dhernangdri_high quality(1),umeh_dhernangdri_high quality(1) - page 3,Ume_Druma,line,0.8,2.0,2.5,True,0.25,True,8,6.817491054534912,51.47,204,105,99,
umeh_dhernangdri_high quality(1),umeh_dhernangdri_high quality(1) - page 3,Ume_Druma,line,0.8,2.0,2.5,True,0.5,True,8,6.377027988433838,51.47,204,105,99,
umeh_dhernangdri_high quality(1),umeh_dhernangdri_high quality(1) - page 3,Ume_Druma,line,0.8,2.0,2.5,True,0.9,True,8,6.503922700881958,51.47,204,105,99,
umeh_dhernangdri_high quality(1),umeh_dhernangdri_high quality(1) - page 3,Ume_Druma,line,0.8,2.0,2.5,False,0.1,True,17,7.771674633026123,51.22,205,105,100,
umeh_dhernangdri_high quality(1),umeh_dhernangdri_high quality(1) - page 3,Ume_Druma,line,0.8,2.0,2.5,False,0.25,True,17,7.820573329925537,51.22,205,105,100,
umeh_dhernangdri_high quality(1),umeh_dhernangdri_high quality(1) - page 3,Ume_Druma,line,0.8,2.0,2.5,False,0.5,True,17,7.89252233505249,51.22,205,105,100,
umeh_dhernangdri_high quality(1),umeh_dhernangdri_high quality(1) - page 3,Ume_Druma,line,0.8,2.0,2.5,False,0.9,True,17,7.919219970703125,51.22,205,105,100,
umeh_dhernangdri_high quality(1),umeh_dhernangdri_high quality(1) - page 3,Ume_Druma,line,0.8,2.0,3.5,True,0.1,True,8,6.257110595703125,53.05,213,113,100,
umeh_dhernangdri_high quality(1),umeh_dhernangdri_high quality(1) - page 3,Ume_Druma,line,0.8,2.0,3.5,True,0.25,True,8,6.621696472167969,53.05,213,113,100,
umeh_dhernangdri_high quality(1),umeh_dhernangdri_high quality(1) - page 3,Ume_Druma,line,0.8,2.0,3.5,True,0.5,True,8,6.262376308441162,53.05,213,113,100,
umeh_dhernangdri_high quality(1),umeh_dhernangdri_high quality(1) - page 3,Ume_Druma,line,0.8,2.0,3.5,True,0.9,True,8,8.927718877792358,53.05,213,113,100,
umeh_dhernangdri_high quality(1),umeh_dhernangdri_high quality(1) - page 3,Ume_Druma,line,0.8,2.0,3.5,False,0.1,True,17,10.213177680969238,53.08,211,112,99,
umeh_dhernangdri_high quality(1),umeh_dhernangdri_high quality(1) - page 3,Ume_Druma,line,0.8,2.0,3.5,False,0.25,True,17,7.449168920516968,53.08,211,112,99,
umeh_dhernangdri_high quality(1),umeh_dhernangdri_high quality(1) - page 3,Ume_Druma,line,0.8,2.0,3.5,False,0.5,True,17,7.424714088439941,53.08,211,112,99,
umeh_dhernangdri_high quality(1),umeh_dhernangdri_high quality(1) - page 3,Ume_Druma,line,0.8,2.0,3.5,False,0.9,True,17,7.384605407714844,53.08,211,112,99,
umeh_dhernangdri_high quality(1),umeh_dhernangdri_high quality(1) - page 3,Ume_Druma,line,0.8,2.0,4.0,True,0.1,True,8,6.238433599472046,50.7,213,108,105,
umeh_dhernangdri_high quality(1),umeh_dhernangdri_high quality(1) - page 3,Ume_Druma,line,0.8,2.0,4.0,True,0.25,True,8,8.836378574371338,50.7,213,108,105,
umeh_dhernangdri_high quality(1),umeh_dhernangdri_high quality(1) - page 3,Ume_Druma,line,0.8,2.0,4.0,True,0.5,True,8,8.946876049041748,50.7,213,108,105,
umeh_dhernangdri_high quality(1),umeh_dhernangdri_high quality(1) - page 3,Ume_Druma,line,0.8,2.0,4.0,True,0.9,True,8,6.014571666717529,50.7,213,108,105,
umeh_dhernangdri_high quality(1),umeh_dhernangdri_high quality(1) - page 3,Ume_Druma,line,0.8,2.0,4.0,False,0.1,True,17,7.239669322967529,52.11,213,111,102,
umeh_dhernangdri_high quality(1),umeh_dhernangdri_high quality(1) - page 3,Ume_Druma,line,0.8,2.0,4.0,False,0.25,True,17,7.766763210296631,52.11,213,111,102,
umeh_dhernangdri_high quality(1),umeh_dhernangdri_high quality(1) - page 3,Ume_Druma,line,0.8,2.0,4.0,False,0.5,True,17,7.3183913230896,52.11,213,111,102,
umeh_dhernangdri_high quality(1),umeh_dhernangdri_high quality(1) - page 3,Ume_Druma,line,0.8,2.0,4.0,False,0.9,True,17,7.401105165481567,52.11,213,111,102,
umeh_dhernangdri_high quality(1),umeh_dhernangdri_high quality(1) - page 3,Ume_Druma,line,0.8,2.0,5.0,True,0.1,True,8,6.578651428222656,49.5,202,100,102,
umeh_dhernangdri_high quality(1),umeh_dhernangdri_high quality(1) - page 3,Ume_Druma,line,0.8,2.0,5.0,True,0.25,True,8,6.4711830615997314,49.5,202,100,102,
umeh_dhernangdri_high quality(1),umeh_dhernangdri_high quality(1) - page 3,Ume_Druma,line,0.8,2.0,5.0,True,0.5,True,8,6.486868619918823,49.5,202,100,102,
umeh_dhernangdri_high quality(1),umeh_dhernangdri_high quality(1) - page 3,Ume_Druma,line,0.8,2.0,5.0,True,0.9,True,8,6.477405309677124,49.5,202,100,102,
umeh_dhernangdri_high quality(1),umeh_dhernangdri_high quality(1) - page 3,Ume_Druma,line,0.8,2.0,5.0,False,0.1,True,17,7.757195949554443,52.97,202,107,95,
umeh_dhernangdri_high quality(1),umeh_dhernangdri_high quality(1) - page 3,Ume_Druma,line,0.8,2.0,5.0,False,0.25,True,17,10.990123987197876,52.97,202,107,95,
umeh_dhernangdri_high quality(1),umeh_dhernangdri_high quality(1) - page 3,Ume_Druma,line,0.8,2.0,5.0,False,0.5,True,17,11.283313512802124,52.97,202,107,95,
umeh_dhernangdri_high quality(1),umeh_dhernangdri_high quality(1) - page 3,Ume_Druma,line,0.8,2.0,5.0,False,0.9,True,17,10.991645336151123,52.97,202,107,95,
umeh_dhernangdri_high quality(1),umeh_dhernangdri_high quality(1) - page 3,Ume_Druma,line,0.8,2.5,2.5,True,0.1,True,8,9.260801315307617,51.47,204,105,99,
umeh_dhernangdri_high quality(1),umeh_dhernangdri_high quality(1) - page 3,Ume_Druma,line,0.8,2.5,2.5,True,0.25,True,8,6.5728607177734375,51.47,204,105,99,
umeh_dhernangdri_high quality(1),umeh_dhernangdri_high quality(1) - page 3,Ume_Druma,line,0.8,2.5,2.5,True,0.5,True,8,9.27344012260437,51.47,204,105,99,
umeh_dhernangdri_high quality(1),umeh_dhernangdri_high quality(1) - page 3,Ume_Druma,line,0.8,2.5,2.5,True,0.9,True,8,9.285718441009521,51.47,204,105,99,
umeh_dhernangdri_high quality(1),umeh_dhernangdri_high quality(1) - page 3,Ume_Druma,line,0.8,2.5,2.5,False,0.1,True,17,7.833826065063477,51.22,205,105,100,
umeh_dhernangdri_high quality(1),umeh_dhernangdri_high quality(1) - page 3,Ume_Druma,line,0.8,2.5,2.5,False,0.25,True,17,7.681660175323486,51.22,205,105,100,
umeh_dhernangdri_high quality(1),umeh_dhernangdri_high quality(1) - page 3,Ume_Druma,line,0.8,2.5,2.5,False,0.5,True,17,8.034703493118286,51.22,205,105,100,
umeh_dhernangdri_high quality(1),umeh_dhernangdri_high quality(1) - page 3,Ume_Druma,line,0.8,2.5,2.5,False,0.9,True,17,7.715577840805054,51.22,205,105,100,
umeh_dhernangdri_high quality(1),umeh_dhernangdri_high quality(1) - page 3,Ume_Druma,line,0.8,2.5,3.5,True,0.1,True,8,6.218512773513794,53.05,213,113,100,
umeh_dhernangdri_high quality(1),umeh_dhernangdri_high quality(1) - page 3,Ume_Druma,line,0.8,2.5,3.5,True,0.25,True,8,7.294771194458008,53.05,213,113,100,
umeh_dhernangdri_high quality(1),umeh_dhernangdri_high quality(1) - page 3,Ume_Druma,line,0.8,2.5,3.5,True,0.5,True,8,6.217530250549316,53.05,213,113,100,
umeh_dhernangdri_high quality(1),umeh_dhernangdri_high quality(1) - page 3,Ume_Druma,line,0.8,2.5,3.5,True,0.9,True,8,6.269994735717773,53.05,213,113,100,
umeh_dhernangdri_high quality(1),umeh_dhernangdri_high quality(1) - page 3,Ume_Druma,line,0.8,2.5,3.5,False,0.1,True,17,7.589547634124756,53.08,211,112,99,
umeh_dhernangdri_high quality(1),umeh_dhernangdri_high quality(1) - page 3,Ume_Druma,line,0.8,2.5,3.5,False,0.25,True,17,7.711388111114502,53.08,211,112,99,
umeh_dhernangdri_high quality(1),umeh_dhernangdri_high quality(1) - page 3,Ume_Druma,line,0.8,2.5,3.5,False,0.5,True,17,7.599023818969727,53.08,211,112,99,
umeh_dhernangdri_high quality(1),umeh_dhernangdri_high quality(1) - page 3,Ume_Druma,line,0.8,2.5,3.5,False,0.9,True,17,7.6324145793914795,53.08,211,112,99,
umeh_dhernangdri_high quality(1),umeh_dhernangdri_high quality(1) - page 3,Ume_Druma,line,0.8,2.5,4.0,True,0.1,True,8,6.422649621963501,50.7,213,108,105,
umeh_dhernangdri_high quality(1),umeh_dhernangdri_high quality(1) - page 3,Ume_Druma,line,0.8,2.5,4.0,True,0.25,True,8,6.33536696434021,50.7,213,108,105,
umeh_dhernangdri_high quality(1),umeh_dhernangdri_high quality(1) - page 3,Ume_Druma,line,0.8,2.5,4.0,True,0.5,True,8,6.3470423221588135,50.7,213,108,105,
umeh_dhernangdri_high quality(1),umeh_dhernangdri_high quality(1) - page 3,Ume_Druma,line,0.8,2.5,4.0,True,0.9,True,8,6.367843389511108,50.7,213,108,105,
umeh_dhernangdri_high quality(1),umeh_dhernangdri_high quality(1) - page 3,Ume_Druma,line,0.8,2.5,4.0,False,0.1,True,17,7.744692325592041,52.11,213,111,102,
umeh_dhernangdri_high quality(1),umeh_dhernangdri_high quality(1) - page 3,Ume_Druma,line,0.8,2.5,4.0,False,0.25,True,17,7.7525529861450195,52.11,213,111,102,
umeh_dhernangdri_high quality(1),umeh_dhernangdri_high quality(1) - page 3,Ume_Druma,line,0.8,2.5,4.0,False,0.5,True,17,8.71889615058899,52.11,213,111,102,
umeh_dhernangdri_high quality(1),umeh_dhernangdri_high quality(1) - page 3,Ume_Druma,line,0.8,2.5,4.0,False,0.9,True,17,9.23220682144165,52.11,213,111,102,
umeh_dhernangdri_high quality(1),umeh_dhernangdri_high quality(1) - page 3,Ume_Druma,line,0.8,2.5,5.0,True,0.1,True,8,6.735620975494385,49.03,206,101,105,
umeh_dhernangdri_high quality(1),umeh_dhernangdri_high quality(1) - page 3,Ume_Druma,line,0.8,2.5,5.0,True,0.25,True,8,7.0940163135528564,49.03,206,101,105,
umeh_dhernangdri_high quality(1),umeh_dhernangdri_high quality(1) - page 3,Ume_Druma,line,0.8,2.5,5.0,True,0.5,True,8,7.593662977218628,49.03,206,101,105,
umeh_dhernangdri_high quality(1),umeh_dhernangdri_high quality(1) - page 3,Ume_Druma,line,0.8,2.5,5.0,True,0.9,True,8,6.7219767570495605,49.03,206,101,105,
umeh_dhernangdri_high quality(1),umeh_dhernangdri_high quality(1) - page 3,Ume_Druma,line,0.8,2.5,5.0,False,0.1,True,17,8.13847279548645,50.0,204,102,102,
umeh_dhernangdri_high quality(1),umeh_dhernangdri_high quality(1) - page 3,Ume_Druma,line,0.8,2.5,5.0,False,0.25,True,17,7.964621067047119,50.0,204,102,102,
umeh_dhernangdri_high quality(1),umeh_dhernangdri_high quality(1) - page 3,Ume_Druma,line,0.8,2.5,5.0,False,0.5,True,17,7.89439058303833,50.0,204,102,102,
umeh_dhernangdri_high quality(1),umeh_dhernangdri_high quality(1) - page 3,Ume_Druma,line,0.8,2.5,5.0,False,0.9,True,17,7.879888296127319,50.0,204,102,102,
umeh_dhernangdri_high quality(1),umeh_dhernangdri_high quality(1) - page 3,Ume_Druma,line,0.8,3.0,2.5,True,0.1,True,8,6.825376987457275,51.47,204,105,99,
umeh_dhernangdri_high quality(1),umeh_dhernangdri_high quality(1) - page 3,Ume_Druma,line,0.8,3.0,2.5,True,0.25,True,8,6.772338151931763,51.47,204,105,99,
umeh_dhernangdri_high quality(1),umeh_dhernangdri_high quality(1) - page 3,Ume_Druma,line,0.8,3.0,2.5,True,0.5,True,8,6.8678412437438965,51.47,204,105,99,
umeh_dhernangdri_high quality(1),umeh_dhernangdri_high quality(1) - page 3,Ume_Druma,line,0.8,3.0,2.5,True,0.9,True,8,6.84923791885376,51.47,204,105,99,
umeh_dhernangdri_high quality(1),umeh_dhernangdri_high quality(1) - page 3,Ume_Druma,line,0.8,3.0,2.5,False,0.1,True,17,7.953667402267456,51.22,205,105,100,
umeh_dhernangdri_high quality(1),umeh_dhernangdri_high quality(1) - page 3,Ume_Druma,line,0.8,3.0,2.5,False,0.25,True,17,8.458443880081177,51.22,205,105,100,
umeh_dhernangdri_high quality(1),umeh_dhernangdri_high quality(1) - page 3,Ume_Druma,line,0.8,3.0,2.5,False,0.5,True,17,7.9179909229278564,51.22,205,105,100,
umeh_dhernangdri_high quality(1),umeh_dhernangdri_high quality(1) - page 3,Ume_Druma,line,0.8,3.0,2.5,False,0.9,True,17,7.981082916259766,51.22,205,105,100,
umeh_dhernangdri_high quality(1),umeh_dhernangdri_high quality(1) - page 3,Ume_Druma,line,0.8,3.0,3.5,True,0.1,True,8,6.5343263149261475,53.05,213,113,100,
umeh_dhernangdri_high quality(1),umeh_dhernangdri_high quality(1) - page 3,Ume_Druma,line,0.8,3.0,3.5,True,0.25,True,8,6.52477502822876,53.05,213,113,100,
umeh_dhernangdri_high quality(1),umeh_dhernangdri_high quality(1) - page 3,Ume_Druma,line,0.8,3.0,3.5,True,0.5,True,8,6.503768444061279,53.05,213,113,100,
umeh_dhernangdri_high quality(1),umeh_dhernangdri_high quality(1) - page 3,Ume_Druma,line,0.8,3.0,3.5,True,0.9,True,8,6.536664724349976,53.05,213,113,100,
umeh_dhernangdri_high quality(1),umeh_dhernangdri_high quality(1) - page 3,Ume_Druma,line,0.8,3.0,3.5,False,0.1,True,17,7.730641603469849,53.08,211,112,99,
umeh_dhernangdri_high quality(1),umeh_dhernangdri_high quality(1) - page 3,Ume_Druma,line,0.8,3.0,3.5,False,0.25,True,17,7.845542669296265,53.08,211,112,99,
umeh_dhernangdri_high quality(1),umeh_dhernangdri_high quality(1) - page 3,Ume_Druma,line,0.8,3.0,3.5,False,0.5,True,17,7.747235059738159,53.08,211,112,99,
umeh_dhernangdri_high quality(1),umeh_dhernangdri_high quality(1) - page 3,Ume_Druma,line,0.8,3.0,3.5,False,0.9,True,17,7.778481483459473,53.08,211,112,99,
umeh_dhernangdri_high quality(1),umeh_dhernangdri_high quality(1) - page 3,Ume_Druma,line,0.8,3.0,4.0,True,0.1,True,8,6.657925128936768,50.7,213,108,105,
umeh_dhernangdri_high quality(1),umeh_dhernangdri_high quality(1) - page 3,Ume_Druma,line,0.8,3.0,4.0,True,0.25,True,8,6.5921618938446045,50.7,213,108,105,
umeh_dhernangdri_high quality(1),umeh_dhernangdri_high quality(1) - page 3,Ume_Druma,line,0.8,3.0,4.0,True,0.5,True,8,6.48945951461792,50.7,213,108,105,
umeh_dhernangdri_high quality(1),umeh_dhernangdri_high quality(1) - page 3,Ume_Druma,line,0.8,3.0,4.0,True,0.9,True,8,6.491560459136963,50.7,213,108,105,
umeh_dhernangdri_high quality(1),umeh_dhernangdri_high quality(1) - page 3,Ume_Druma,line,0.8,3.0,4.0,False,0.1,True,17,7.659760236740112,52.11,213,111,102,
umeh_dhernangdri_high quality(1),umeh_dhernangdri_high quality(1) - page 3,Ume_Druma,line,0.8,3.0,4.0,False,0.25,True,17,7.694282054901123,52.11,213,111,102,
umeh_dhernangdri_high quality(1),umeh_dhernangdri_high quality(1) - page 3,Ume_Druma,line,0.8,3.0,4.0,False,0.5,True,17,7.904511213302612,52.11,213,111,102,
umeh_dhernangdri_high quality(1),umeh_dhernangdri_high quality(1) - page 3,Ume_Druma,line,0.8,3.0,4.0,False,0.9,True,17,7.788323402404785,52.11,213,111,102,
umeh_dhernangdri_high quality(1),umeh_dhernangdri_high quality(1) - page 3,Ume_Druma,line,0.8,3.0,5.0,True,0.1,True,8,7.079117774963379,49.03,206,101,105,
umeh_dhernangdri_high quality(1),umeh_dhernangdri_high quality(1) - page 3,Ume_Druma,line,0.8,3.0,5.0,True,0.25,True,8,7.023029088973999,49.03,206,101,105,
umeh_dhernangdri_high quality(1),umeh_dhernangdri_high quality(1) - page 3,Ume_Druma,line,0.8,3.0,5.0,True,0.5,True,8,6.895441770553589,49.03,206,101,105,
umeh_dhernangdri_high quality(1),umeh_dhernangdri_high quality(1) - page 3,Ume_Druma,line,0.8,3.0,5.0,True,0.9,True,8,7.107822895050049,49.03,206,101,105,
umeh_dhernangdri_high quality(1),umeh_dhernangdri_high quality(1) - page 3,Ume_Druma,line,0.8,3.0,5.0,False,0.1,True,17,8.367426633834839,50.0,204,102,102,
umeh_dhernangdri_high quality(1),umeh_dhernangdri_high quality(1) - page 3,Ume_Druma,line,0.8,3.0,5.0,False,0.25,True,17,7.9732279777526855,50.0,204,102,102,
umeh_dhernangdri_high quality(1),umeh_dhernangdri_high quality(1) - page 3,Ume_Druma,line,0.8,3.0,5.0,False,0.5,True,17,8.060642957687378,50.0,204,102,102,
umeh_dhernangdri_high quality(1),umeh_dhernangdri_high quality(1) - page 3,Ume_Druma,line,0.8,3.0,5.0,False,0.9,True,17,8.129507303237915,50.0,204,102,102,
umeh_dhernangdri_high quality(1),umeh_dhernangdri_high quality(1) - page 3,Ume_Druma,line,0.9,2.0,2.5,True,0.1,True,8,6.554290771484375,51.47,204,105,99,
umeh_dhernangdri_high quality(1),umeh_dhernangdri_high quality(1) - page 3,Ume_Druma,line,0.9,2.0,2.5,True,0.25,True,8,7.11834716796875,51.47,204,105,99,
umeh_dhernangdri_high quality(1),umeh_dhernangdri_high quality(1) - page 3,Ume_Druma,line,0.9,2.0,2.5,True,0.5,True,8,9.118857383728027,51.47,204,105,99,
umeh_dhernangdri_high quality(1),umeh_dhernangdri_high quality(1) - page 3,Ume_Druma,line,0.9,2.0,2.5,True,0.9,True,8,7.522988557815552,51.47,204,105,99,
umeh_dhernangdri_high quality(1),umeh_dhernangdri_high quality(1) - page 3,Ume_Druma,line,0.9,2.0,2.5,False,0.1,True,17,7.662992238998413,51.22,205,105,100,
umeh_dhernangdri_high quality(1),umeh_dhernangdri_high quality(1) - page 3,Ume_Druma,line,0.9,2.0,2.5,False,0.25,True,17,7.7275474071502686,51.22,205,105,100,
umeh_dhernangdri_high quality(1),umeh_dhernangdri_high quality(1) - page 3,Ume_Druma,line,0.9,2.0,2.5,False,0.5,True,17,8.339506387710571,51.22,205,105,100,
umeh_dhernangdri_high quality(1),umeh_dhernangdri_high quality(1) - page 3,Ume_Druma,line,0.9,2.0,2.5,False,0.9,True,17,11.00312614440918,51.22,205,105,100,
umeh_dhernangdri_high quality(1),umeh_dhernangdri_high quality(1) - page 3,Ume_Druma,line,0.9,2.0,3.5,True,0.1,True,8,8.002976179122925,53.05,213,113,100,
umeh_dhernangdri_high quality(1),umeh_dhernangdri_high quality(1) - page 3,Ume_Druma,line,0.9,2.0,3.5,True,0.25,True,8,6.64150071144104,53.05,213,113,100,
umeh_dhernangdri_high quality(1),umeh_dhernangdri_high quality(1) - page 3,Ume_Druma,line,0.9,2.0,3.5,True,0.5,True,8,7.564961671829224,53.05,213,113,100,
umeh_dhernangdri_high quality(1),umeh_dhernangdri_high quality(1) - page 3,Ume_Druma,line,0.9,2.0,3.5,True,0.9,True,8,6.122466087341309,53.05,213,113,100,
umeh_dhernangdri_high quality(1),umeh_dhernangdri_high quality(1) - page 3,Ume_Druma,line,0.9,2.0,3.5,False,0.1,True,17,7.3931663036346436,53.08,211,112,99,
umeh_dhernangdri_high quality(1),umeh_dhernangdri_high quality(1) - page 3,Ume_Druma,line,0.9,2.0,3.5,False,0.25,True,17,7.456716060638428,53.08,211,112,99,
umeh_dhernangdri_high quality(1),umeh_dhernangdri_high quality(1) - page 3,Ume_Druma,line,0.9,2.0,3.5,False,0.5,True,17,7.662835121154785,53.08,211,112,99,
umeh_dhernangdri_high quality(1),umeh_dhernangdri_high quality(1) - page 3,Ume_Druma,line,0.9,2.0,3.5,False,0.9,True,17,7.546350479125977,53.08,211,112,99,
umeh_dhernangdri_high quality(1),umeh_dhernangdri_high quality(1) - page 3,Ume_Druma,line,0.9,2.0,4.0,True,0.1,True,8,6.294452905654907,50.7,213,108,105,
umeh_dhernangdri_high quality(1),umeh_dhernangdri_high quality(1) - page 3,Ume_Druma,line,0.9,2.0,4.0,True,0.25,True,8,6.210253715515137,50.7,213,108,105,
umeh_dhernangdri_high quality(1),umeh_dhernangdri_high quality(1) - page 3,Ume_Druma,line,0.9,2.0,4.0,True,0.5,True,8,6.218682765960693,50.7,213,108,105,
umeh_dhernangdri_high quality(1),umeh_dhernangdri_high quality(1) - page 3,Ume_Druma,line,0.9,2.0,4.0,True,0.9,True,8,6.223028898239136,50.7,213,108,105,
umeh_dhernangdri_high quality(1),umeh_dhernangdri_high quality(1) - page 3,Ume_Druma,line,0.9,2.0,4.0,False,0.1,True,17,7.513693571090698,52.11,213,111,102,
umeh_dhernangdri_high quality(1),umeh_dhernangdri_high quality(1) - page 3,Ume_Druma,line,0.9,2.0,4.0,False,0.25,True,17,7.518155336380005,52.11,213,111,102,
umeh_dhernangdri_high quality(1),umeh_dhernangdri_high quality(1) - page 3,Ume_Druma,line,0.9,2.0,4.0,False,0.5,True,17,7.621570110321045,52.11,213,111,102,
umeh_dhernangdri_high quality(1),umeh_dhernangdri_high quality(1) - page 3,Ume_Druma,line,0.9,2.0,4.0,False,0.9,True,17,7.545819282531738,52.11,213,111,102,
umeh_dhernangdri_high quality(1),umeh_dhernangdri_high quality(1) - page 3,Ume_Druma,line,0.9,2.0,5.0,True,0.1,True,8,6.654138565063477,49.5,202,100,102,
umeh_dhernangdri_high quality(1),umeh_dhernangdri_high quality(1) - page 3,Ume_Druma,line,0.9,2.0,5.0,True,0.25,True,8,6.623816728591919,49.5,202,100,102,
umeh_dhernangdri_high quality(1),umeh_dhernangdri_high quality(1) - page 3,Ume_Druma,line,0.9,2.0,5.0,True,0.5,True,8,6.862600803375244,49.5,202,100,102,
umeh_dhernangdri_high quality(1),umeh_dhernangdri_high quality(1) - page 3,Ume_Druma,line,0.9,2.0,5.0,True,0.9,True,8,6.507672548294067,49.5,202,100,102,
umeh_dhernangdri_high quality(1),umeh_dhernangdri_high quality(1) - page 3,Ume_Druma,line,0.9,2.0,5.0,False,0.1,True,17,8.012714147567749,52.97,202,107,95,
umeh_dhernangdri_high quality(1),umeh_dhernangdri_high quality(1) - page 3,Ume_Druma,line,0.9,2.0,5.0,False,0.25,True,17,7.877243280410767,52.97,202,107,95,
umeh_dhernangdri_high quality(1),umeh_dhernangdri_high quality(1) - page 3,Ume_Druma,line,0.9,2.0,5.0,False,0.5,True,17,7.966023921966553,52.97,202,107,95,
umeh_dhernangdri_high quality(1),umeh_dhernangdri_high quality(1) - page 3,Ume_Druma,line,0.9,2.0,5.0,False,0.9,True,17,7.8931825160980225,52.97,202,107,95,
umeh_dhernangdri_high quality(1),umeh_dhernangdri_high quality(1) - page 3,Ume_Druma,line,0.9,2.5,2.5,True,0.1,True,8,6.624269247055054,51.47,204,105,99,
umeh_dhernangdri_high quality(1),umeh_dhernangdri_high quality(1) - page 3,Ume_Druma,line,0.9,2.5,2.5,True,0.25,True,8,6.586337566375732,51.47,204,105,99,
umeh_dhernangdri_high quality(1),umeh_dhernangdri_high quality(1) - page 3,Ume_Druma,line,0.9,2.5,2.5,True,0.5,True,8,6.579768896102905,51.47,204,105,99,
umeh_dhernangdri_high quality(1),umeh_dhernangdri_high quality(1) - page 3,Ume_Druma,line,0.9,2.5,2.5,True,0.9,True,8,9.365758180618286,51.47,204,105,99,
umeh_dhernangdri_high quality(1),umeh_dhernangdri_high quality(1) - page 3,Ume_Druma,line,0.9,2.5,2.5,False,0.1,True,17,10.760992765426636,51.22,205,105,100,
umeh_dhernangdri_high quality(1),umeh_dhernangdri_high quality(1) - page 3,Ume_Druma,line,0.9,2.5,2.5,False,0.25,True,17,7.810206174850464,51.22,205,105,100,
umeh_dhernangdri_high quality(1),umeh_dhernangdri_high quality(1) - page 3,Ume_Druma,line,0.9,2.5,2.5,False,0.5,True,17,7.685339450836182,51.22,205,105,100,
umeh_dhernangdri_high quality(1),umeh_dhernangdri_high quality(1) - page 3,Ume_Druma,line,0.9,2.5,2.5,False,0.9,True,17,10.030770540237427,51.22,205,105,100,
umeh_dhernangdri_high quality(1),umeh_dhernangdri_high quality(1) - page 3,Ume_Druma,line,0.9,2.5,3.5,True,0.1,True,8,6.207690238952637,53.05,213,113,100,
umeh_dhernangdri_high quality(1),umeh_dhernangdri_high quality(1) - page 3,Ume_Druma,line,0.9,2.5,3.5,True,0.25,True,8,6.2197182178497314,53.05,213,113,100,
umeh_dhernangdri_high quality(1),umeh_dhernangdri_high quality(1) - page 3,Ume_Druma,line,0.9,2.5,3.5,True,0.5,True,8,6.314013481140137,53.05,213,113,100,
umeh_dhernangdri_high quality(1),umeh_dhernangdri_high quality(1) - page 3,Ume_Druma,line,0.9,2.5,3.5,True,0.9,True,8,6.3328306674957275,53.05,213,113,100,
umeh_dhernangdri_high quality(1),umeh_dhernangdri_high quality(1) - page 3,Ume_Druma,line,0.9,2.5,3.5,False,0.1,True,17,7.56473970413208,53.08,211,112,99,
umeh_dhernangdri_high quality(1),umeh_dhernangdri_high quality(1) - page 3,Ume_Druma,line,0.9,2.5,3.5,False,0.25,True,17,7.617608070373535,53.08,211,112,99,
umeh_dhernangdri_high quality(1),umeh_dhernangdri_high quality(1) - page 3,Ume_Druma,line,0.9,2.5,3.5,False,0.5,True,17,7.738965034484863,53.08,211,112,99,
umeh_dhernangdri_high quality(1),umeh_dhernangdri_high quality(1) - page 3,Ume_Druma,line,0.9,2.5,3.5,False,0.9,True,17,7.723893165588379,53.08,211,112,99,
umeh_dhernangdri_high quality(1),umeh_dhernangdri_high quality(1) - page 3,Ume_Druma,line,0.9,2.5,4.0,True,0.1,True,8,6.769534349441528,50.7,213,108,105,
umeh_dhernangdri_high quality(1),umeh_dhernangdri_high quality(1) - page 3,Ume_Druma,line,0.9,2.5,4.0,True,0.25,True,8,6.513666152954102,50.7,213,108,105,
umeh_dhernangdri_high quality(1),umeh_dhernangdri_high quality(1) - page 3,Ume_Druma,line,0.9,2.5,4.0,True,0.5,True,8,6.2802910804748535,50.7,213,108,105,
umeh_dhernangdri_high quality(1),umeh_dhernangdri_high quality(1) - page 3,Ume_Druma,line,0.9,2.5,4.0,True,0.9,True,8,6.601925611495972,50.7,213,108,105,
umeh_dhernangdri_high quality(1),umeh_dhernangdri_high quality(1) - page 3,Ume_Druma,line,0.9,2.5,4.0,False,0.1,True,17,7.463695526123047,52.11,213,111,102,
umeh_dhernangdri_high quality(1),umeh_dhernangdri_high quality(1) - page 3,Ume_Druma,line,0.9,2.5,4.0,False,0.25,True,17,7.563912868499756,52.11,213,111,102,
umeh_dhernangdri_high quality(1),umeh_dhernangdri_high quality(1) - page 3,Ume_Druma,line,0.9,2.5,4.0,False,0.5,True,17,7.618606328964233,52.11,213,111,102,
umeh_dhernangdri_high quality(1),umeh_dhernangdri_high quality(1) - page 3,Ume_Druma,line,0.9,2.5,4.0,False,0.9,True,17,7.591438293457031,52.11,213,111,102,
umeh_dhernangdri_high quality(1),umeh_dhernangdri_high quality(1) - page 3,Ume_Druma,line,0.9,2.5,5.0,True,0.1,True,8,6.8842222690582275,49.03,206,101,105,
umeh_dhernangdri_high quality(1),umeh_dhernangdri_high quality(1) - page 3,Ume_Druma,line,0.9,2.5,5.0,True,0.25,True,8,6.742645978927612,49.03,206,101,105,
umeh_dhernangdri_high quality(1),umeh_dhernangdri_high quality(1) - page 3,Ume_Druma,line,0.9,2.5,5.0,True,0.5,True,8,6.840296745300293,49.03,206,101,105,
umeh_dhernangdri_high quality(1),umeh_dhernangdri_high quality(1) - page 3,Ume_Druma,line,0.9,2.5,5.0,True,0.9,True,8,6.777073383331299,49.03,206,101,105,
umeh_dhernangdri_high quality(1),umeh_dhernangdri_high quality(1) - page 3,Ume_Druma,line,0.9,2.5,5.0,False,0.1,True,17,7.834539175033569,50.0,204,102,102,
umeh_dhernangdri_high quality(1),umeh_dhernangdri_high quality(1) - page 3,Ume_Druma,line,0.9,2.5,5.0,False,0.25,True,17,11.066834926605225,50.0,204,102,102,
umeh_dhernangdri_high quality(1),umeh_dhernangdri_high quality(1) - page 3,Ume_Druma,line,0.9,2.5,5.0,False,0.5,True,17,7.930479526519775,50.0,204,102,102,
umeh_dhernangdri_high quality(1),umeh_dhernangdri_high quality(1) - page 3,Ume_Druma,line,0.9,2.5,5.0,False,0.9,True,17,7.813746690750122,50.0,204,102,102,
umeh_dhernangdri_high quality(1),umeh_dhernangdri_high quality(1) - page 3,Ume_Druma,line,0.9,3.0,2.5,True,0.1,True,8,6.814344644546509,51.47,204,105,99,
umeh_dhernangdri_high quality(1),umeh_dhernangdri_high quality(1) - page 3,Ume_Druma,line,0.9,3.0,2.5,True,0.25,True,8,6.837741136550903,51.47,204,105,99,
umeh_dhernangdri_high quality(1),umeh_dhernangdri_high quality(1) - page 3,Ume_Druma,line,0.9,3.0,2.5,True,0.5,True,8,7.152012348175049,51.47,204,105,99,
umeh_dhernangdri_high quality(1),umeh_dhernangdri_high quality(1) - page 3,Ume_Druma,line,0.9,3.0,2.5,True,0.9,True,8,6.777294158935547,51.47,204,105,99,
umeh_dhernangdri_high quality(1),umeh_dhernangdri_high quality(1) - page 3,Ume_Druma,line,0.9,3.0,2.5,False,0.1,True,17,7.99479866027832,51.22,205,105,100,
umeh_dhernangdri_high quality(1),umeh_dhernangdri_high quality(1) - page 3,Ume_Druma,line,0.9,3.0,2.5,False,0.25,True,17,8.105809926986694,51.22,205,105,100,
umeh_dhernangdri_high quality(1),umeh_dhernangdri_high quality(1) - page 3,Ume_Druma,line,0.9,3.0,2.5,False,0.5,True,17,8.161194086074829,51.22,205,105,100,
umeh_dhernangdri_high quality(1),umeh_dhernangdri_high quality(1) - page 3,Ume_Druma,line,0.9,3.0,2.5,False,0.9,True,17,8.075212478637695,51.22,205,105,100,
umeh_dhernangdri_high quality(1),umeh_dhernangdri_high quality(1) - page 3,Ume_Druma,line,0.9,3.0,3.5,True,0.1,True,8,6.703280210494995,53.05,213,113,100,
umeh_dhernangdri_high quality(1),umeh_dhernangdri_high quality(1) - page 3,Ume_Druma,line,0.9,3.0,3.5,True,0.25,True,8,6.619245290756226,53.05,213,113,100,
umeh_dhernangdri_high quality(1),umeh_dhernangdri_high quality(1) - page 3,Ume_Druma,line,0.9,3.0,3.5,True,0.5,True,8,6.629122495651245,53.05,213,113,100,
umeh_dhernangdri_high quality(1),umeh_dhernangdri_high quality(1) - page 3,Ume_Druma,line,0.9,3.0,3.5,True,0.9,True,8,6.639135360717773,53.05,213,113,100,
umeh_dhernangdri_high quality(1),umeh_dhernangdri_high quality(1) - page 3,Ume_Druma,line,0.9,3.0,3.5,False,0.1,True,17,7.796844720840454,53.08,211,112,99,
umeh_dhernangdri_high quality(1),umeh_dhernangdri_high quality(1) - page 3,Ume_Druma,line,0.9,3.0,3.5,False,0.25,True,17,7.848251104354858,53.08,211,112,99,
umeh_dhernangdri_high quality(1),umeh_dhernangdri_high quality(1) - page 3,Ume_Druma,line,0.9,3.0,3.5,False,0.5,True,17,7.888894319534302,53.08,211,112,99,
umeh_dhernangdri_high quality(1),umeh_dhernangdri_high quality(1) - page 3,Ume_Druma,line,0.9,3.0,3.5,False,0.9,True,17,7.8421361446380615,53.08,211,112,99,
umeh_dhernangdri_high quality(1),umeh_dhernangdri_high quality(1) - page 3,Ume_Druma,line,0.9,3.0,4.0,True,0.1,True,8,8.773621082305908,50.7,213,108,105,
umeh_dhernangdri_high quality(1),umeh_dhernangdri_high quality(1) - page 3,Ume_Druma,line,0.9,3.0,4.0,True,0.25,True,8,6.783280849456787,50.7,213,108,105,
umeh_dhernangdri_high quality(1),umeh_dhernangdri_high quality(1) - page 3,Ume_Druma,line,0.9,3.0,4.0,True,0.5,True,8,6.399489402770996,50.7,213,108,105,
umeh_dhernangdri_high quality(1),umeh_dhernangdri_high quality(1) - page 3,Ume_Druma,line,0.9,3.0,4.0,True,0.9,True,8,6.49201226234436,50.7,213,108,105,
umeh_dhernangdri_high quality(1),umeh_dhernangdri_high quality(1) - page 3,Ume_Druma,line,0.9,3.0,4.0,False,0.1,True,17,10.562519550323486,52.11,213,111,102,
umeh_dhernangdri_high quality(1),umeh_dhernangdri_high quality(1) - page 3,Ume_Druma,line,0.9,3.0,4.0,False,0.25,True,17,7.567387104034424,52.11,213,111,102,
umeh_dhernangdri_high quality(1),umeh_dhernangdri_high quality(1) - page 3,Ume_Druma,line,0.9,3.0,4.0,False,0.5,True,17,7.830326318740845,52.11,213,111,102,
umeh_dhernangdri_high quality(1),umeh_dhernangdri_high quality(1) - page 3,Ume_Druma,line,0.9,3.0,4.0,False,0.9,True,17,7.5732951164245605,52.11,213,111,102,
umeh_dhernangdri_high quality(1),umeh_dhernangdri_high quality(1) - page 3,Ume_Druma,line,0.9,3.0,5.0,True,0.1,True,8,7.041953086853027,49.03,206,101,105,
umeh_dhernangdri_high quality(1),umeh_dhernangdri_high quality(1) - page 3,Ume_Druma,line,0.9,3.0,5.0,True,0.25,True,8,6.8527326583862305,49.03,206,101,105,
umeh_dhernangdri_high quality(1),umeh_dhernangdri_high quality(1) - page 3,Ume_Druma,line,0.9,3.0,5.0,True,0.5,True,8,6.934778213500977,49.03,206,101,105,
umeh_dhernangdri_high quality(1),umeh_dhernangdri_high quality(1) - page 3,Ume_Druma,line,0.9,3.0,5.0,True,0.9,True,8,6.842010021209717,49.03,206,101,105,
umeh_dhernangdri_high quality(1),umeh_dhernangdri_high quality(1) - page 3,Ume_Druma,line,0.9,3.0,5.0,False,0.1,True,17,9.714223623275757,50.0,204,102,102,
umeh_dhernangdri_high quality(1),umeh_dhernangdri_high quality(1) - page 3,Ume_Druma,line,0.9,3.0,5.0,False,0.25,True,17,8.932391166687012,50.0,204,102,102,
umeh_dhernangdri_high quality(1),umeh_dhernangdri_high quality(1) - page 3,Ume_Druma,line,0.9,3.0,5.0,False,0.5,True,17,7.950758695602417,50.0,204,102,102,
umeh_dhernangdri_high quality(1),umeh_dhernangdri_high quality(1) - page 3,Ume_Druma,line,0.9,3.0,5.0,False,0.9,True,17,8.003681659698486,50.0,204,102,102,
umeh_dhernangdri_high quality(1),umeh_dhernangdri_high quality(1) - page 3,Ume_Druma,layout,0.7,2.0,2.5,True,0.1,False,0,3.4435367584228516,0.0,0,0,0,Line processing failed: 'list' object cannot be interpreted as an integer
umeh_dhernangdri_high quality(1),umeh_dhernangdri_high quality(1) - page 3,Ume_Druma,layout,0.7,2.0,2.5,True,0.25,False,0,3.579956293106079,0.0,0,0,0,Line processing failed: 'list' object cannot be interpreted as an integer
umeh_dhernangdri_high quality(1),umeh_dhernangdri_high quality(1) - page 3,Ume_Druma,layout,0.7,2.0,2.5,True,0.5,False,0,3.581883430480957,0.0,0,0,0,Line processing failed: 'list' object cannot be interpreted as an integer
umeh_dhernangdri_high quality(1),umeh_dhernangdri_high quality(1) - page 3,Ume_Druma,layout,0.7,2.0,2.5,True,0.9,True,6,7.398254632949829,47.13,174,82,92,
umeh_dhernangdri_high quality(1),umeh_dhernangdri_high quality(1) - page 3,Ume_Druma,layout,0.7,2.0,2.5,False,0.1,False,0,3.417940378189087,0.0,0,0,0,Line processing failed: 'list' object cannot be interpreted as an integer
umeh_dhernangdri_high quality(1),umeh_dhernangdri_high quality(1) - page 3,Ume_Druma,layout,0.7,2.0,2.5,False,0.25,False,0,4.742269277572632,0.0,0,0,0,Line processing failed: 'list' object cannot be interpreted as an integer
umeh_dhernangdri_high quality(1),umeh_dhernangdri_high quality(1) - page 3,Ume_Druma,layout,0.7,2.0,2.5,False,0.5,False,0,3.413625717163086,0.0,0,0,0,Line processing failed: 'list' object cannot be interpreted as an integer
umeh_dhernangdri_high quality(1),umeh_dhernangdri_high quality(1) - page 3,Ume_Druma,layout,0.7,2.0,2.5,False,0.9,True,7,7.505487442016602,47.49,179,85,94,
umeh_dhernangdri_high quality(1),umeh_dhernangdri_high quality(1) - page 3,Ume_Druma,layout,0.7,2.0,3.5,True,0.1,False,0,3.348306894302368,0.0,0,0,0,Line processing failed: 'list' object cannot be interpreted as an integer
umeh_dhernangdri_high quality(1),umeh_dhernangdri_high quality(1) - page 3,Ume_Druma,layout,0.7,2.0,3.5,True,0.25,False,0,3.573516607284546,0.0,0,0,0,Line processing failed: 'list' object cannot be interpreted as an integer
umeh_dhernangdri_high quality(1),umeh_dhernangdri_high quality(1) - page 3,Ume_Druma,layout,0.7,2.0,3.5,True,0.5,False,0,3.5879666805267334,0.0,0,0,0,Line processing failed: 'list' object cannot be interpreted as an integer
umeh_dhernangdri_high quality(1),umeh_dhernangdri_high quality(1) - page 3,Ume_Druma,layout,0.7,2.0,3.5,True,0.9,True,6,8.651254415512085,42.22,90,38,52,
umeh_dhernangdri_high quality(1),umeh_dhernangdri_high quality(1) - page 3,Ume_Druma,layout,0.7,2.0,3.5,False,0.1,False,0,3.324242353439331,0.0,0,0,0,Line processing failed: 'list' object cannot be interpreted as an integer
umeh_dhernangdri_high quality(1),umeh_dhernangdri_high quality(1) - page 3,Ume_Druma,layout,0.7,2.0,3.5,False,0.25,False,0,3.4310264587402344,0.0,0,0,0,Line processing failed: 'list' object cannot be interpreted as an integer
umeh_dhernangdri_high quality(1),umeh_dhernangdri_high quality(1) - page 3,Ume_Druma,layout,0.7,2.0,3.5,False,0.5,False,0,3.577031135559082,0.0,0,0,0,Line processing failed: 'list' object cannot be interpreted as an integer
umeh_dhernangdri_high quality(1),umeh_dhernangdri_high quality(1) - page 3,Ume_Druma,layout,0.7,2.0,3.5,False,0.9,True,7,8.466256380081177,45.28,106,48,58,
umeh_dhernangdri_high quality(1),umeh_dhernangdri_high quality(1) - page 3,Ume_Druma,layout,0.7,2.0,4.0,True,0.1,False,0,3.3253397941589355,0.0,0,0,0,Line processing failed: 'list' object cannot be interpreted as an integer
umeh_dhernangdri_high quality(1),umeh_dhernangdri_high quality(1) - page 3,Ume_Druma,layout,0.7,2.0,4.0,True,0.25,False,0,3.480485439300537,0.0,0,0,0,Line processing failed: 'list' object cannot be interpreted as an integer
umeh_dhernangdri_high quality(1),umeh_dhernangdri_high quality(1) - page 3,Ume_Druma,layout,0.7,2.0,4.0,True,0.5,False,0,3.5958025455474854,0.0,0,0,0,Line processing failed: 'list' object cannot be interpreted as an integer
umeh_dhernangdri_high quality(1),umeh_dhernangdri_high quality(1) - page 3,Ume_Druma,layout,0.7,2.0,4.0,True,0.9,True,6,7.979976415634155,30.3,33,10,23,
umeh_dhernangdri_high quality(1),umeh_dhernangdri_high quality(1) - page 3,Ume_Druma,layout,0.7,2.0,4.0,False,0.1,False,0,3.4599547386169434,0.0,0,0,0,Line processing failed: 'list' object cannot be interpreted as an integer
umeh_dhernangdri_high quality(1),umeh_dhernangdri_high quality(1) - page 3,Ume_Druma,layout,0.7,2.0,4.0,False,0.25,False,0,3.4304845333099365,0.0,0,0,0,Line processing failed: 'list' object cannot be interpreted as an integer
umeh_dhernangdri_high quality(1),umeh_dhernangdri_high quality(1) - page 3,Ume_Druma,layout,0.7,2.0,4.0,False,0.5,False,0,3.6554293632507324,0.0,0,0,0,Line processing failed: 'list' object cannot be interpreted as an integer
umeh_dhernangdri_high quality(1),umeh_dhernangdri_high quality(1) - page 3,Ume_Druma,layout,0.7,2.0,4.0,False,0.9,True,7,8.482507467269897,30.0,40,12,28,
umeh_dhernangdri_high quality(1),umeh_dhernangdri_high quality(1) - page 3,Ume_Druma,layout,0.7,2.0,5.0,True,0.1,False,0,3.3371565341949463,0.0,0,0,0,Line processing failed: 'list' object cannot be interpreted as an integer
umeh_dhernangdri_high quality(1),umeh_dhernangdri_high quality(1) - page 3,Ume_Druma,layout,0.7,2.0,5.0,True,0.25,False,0,3.4630918502807617,0.0,0,0,0,Line processing failed: 'list' object cannot be interpreted as an integer
umeh_dhernangdri_high quality(1),umeh_dhernangdri_high quality(1) - page 3,Ume_Druma,layout,0.7,2.0,5.0,True,0.5,False,0,3.618629217147827,0.0,0,0,0,Line processing failed: 'list' object cannot be interpreted as an integer
umeh_dhernangdri_high quality(1),umeh_dhernangdri_high quality(1) - page 3,Ume_Druma,layout,0.7,2.0,5.0,True,0.9,True,6,5.467584133148193,75.0,4,3,1,
umeh_dhernangdri_high quality(1),umeh_dhernangdri_high quality(1) - page 3,Ume_Druma,layout,0.7,2.0,5.0,False,0.1,False,0,3.5073282718658447,0.0,0,0,0,Line processing failed: 'list' object cannot be interpreted as an integer
umeh_dhernangdri_high quality(1),umeh_dhernangdri_high quality(1) - page 3,Ume_Druma,layout,0.7,2.0,5.0,False,0.25,False,0,3.598928213119507,0.0,0,0,0,Line processing failed: 'list' object cannot be interpreted as an integer
umeh_dhernangdri_high quality(1),umeh_dhernangdri_high quality(1) - page 3,Ume_Druma,layout,0.7,2.0,5.0,False,0.5,False,0,3.5915162563323975,0.0,0,0,0,Line processing failed: 'list' object cannot be interpreted as an integer
umeh_dhernangdri_high quality(1),umeh_dhernangdri_high quality(1) - page 3,Ume_Druma,layout,0.7,2.0,5.0,False,0.9,True,7,5.611328840255737,60.0,5,3,2,
umeh_dhernangdri_high quality(1),umeh_dhernangdri_high quality(1) - page 3,Ume_Druma,layout,0.7,2.5,2.5,True,0.1,False,0,3.5159947872161865,0.0,0,0,0,Line processing failed: 'list' object cannot be interpreted as an integer
umeh_dhernangdri_high quality(1),umeh_dhernangdri_high quality(1) - page 3,Ume_Druma,layout,0.7,2.5,2.5,True,0.25,False,0,3.5846335887908936,0.0,0,0,0,Line processing failed: 'list' object cannot be interpreted as an integer
umeh_dhernangdri_high quality(1),umeh_dhernangdri_high quality(1) - page 3,Ume_Druma,layout,0.7,2.5,2.5,True,0.5,False,0,3.6969501972198486,0.0,0,0,0,Line processing failed: 'list' object cannot be interpreted as an integer
umeh_dhernangdri_high quality(1),umeh_dhernangdri_high quality(1) - page 3,Ume_Druma,layout,0.7,2.5,2.5,True,0.9,True,6,8.012027740478516,46.75,169,79,90,
umeh_dhernangdri_high quality(1),umeh_dhernangdri_high quality(1) - page 3,Ume_Druma,layout,0.7,2.5,2.5,False,0.1,False,0,3.4151766300201416,0.0,0,0,0,Line processing failed: 'list' object cannot be interpreted as an integer
umeh_dhernangdri_high quality(1),umeh_dhernangdri_high quality(1) - page 3,Ume_Druma,layout,0.7,2.5,2.5,False,0.25,False,0,3.5444729328155518,0.0,0,0,0,Line processing failed: 'list' object cannot be interpreted as an integer
umeh_dhernangdri_high quality(1),umeh_dhernangdri_high quality(1) - page 3,Ume_Druma,layout,0.7,2.5,2.5,False,0.5,False,0,3.6572203636169434,0.0,0,0,0,Line processing failed: 'list' object cannot be interpreted as an integer
umeh_dhernangdri_high quality(1),umeh_dhernangdri_high quality(1) - page 3,Ume_Druma,layout,0.7,2.5,2.5,False,0.9,True,7,8.432596683502197,47.13,174,82,92,
umeh_dhernangdri_high quality(1),umeh_dhernangdri_high quality(1) - page 3,Ume_Druma,layout,0.7,2.5,3.5,True,0.1,False,0,3.3396053314208984,0.0,0,0,0,Line processing failed: 'list' object cannot be interpreted as an integer
umeh_dhernangdri_high quality(1),umeh_dhernangdri_high quality(1) - page 3,Ume_Druma,layout,0.7,2.5,3.5,True,0.25,False,0,3.4829275608062744,0.0,0,0,0,Line processing failed: 'list' object cannot be interpreted as an integer
umeh_dhernangdri_high quality(1),umeh_dhernangdri_high quality(1) - page 3,Ume_Druma,layout,0.7,2.5,3.5,True,0.5,False,0,3.5881752967834473,0.0,0,0,0,Line processing failed: 'list' object cannot be interpreted as an integer
umeh_dhernangdri_high quality(1),umeh_dhernangdri_high quality(1) - page 3,Ume_Druma,layout,0.7,2.5,3.5,True,0.9,True,6,8.772214889526367,42.22,90,38,52,
umeh_dhernangdri_high quality(1),umeh_dhernangdri_high quality(1) - page 3,Ume_Druma,layout,0.7,2.5,3.5,False,0.1,False,0,3.3551528453826904,0.0,0,0,0,Line processing failed: 'list' object cannot be interpreted as an integer
umeh_dhernangdri_high quality(1),umeh_dhernangdri_high quality(1) - page 3,Ume_Druma,layout,0.7,2.5,3.5,False,0.25,False,0,3.4667255878448486,0.0,0,0,0,Line processing failed: 'list' object cannot be interpreted as an integer
umeh_dhernangdri_high quality(1),umeh_dhernangdri_high quality(1) - page 3,Ume_Druma,layout,0.7,2.5,3.5,False,0.5,False,0,3.5942890644073486,0.0,0,0,0,Line processing failed: 'list' object cannot be interpreted as an integer
umeh_dhernangdri_high quality(1),umeh_dhernangdri_high quality(1) - page 3,Ume_Druma,layout,0.7,2.5,3.5,False,0.9,True,7,9.203977108001709,45.28,106,48,58,
umeh_dhernangdri_high quality(1),umeh_dhernangdri_high quality(1) - page 3,Ume_Druma,layout,0.7,2.5,4.0,True,0.1,False,0,5.647270441055298,0.0,0,0,0,Line processing failed: 'list' object cannot be interpreted as an integer
umeh_dhernangdri_high quality(1),umeh_dhernangdri_high quality(1) - page 3,Ume_Druma,layout,0.7,2.5,4.0,True,0.25,False,0,3.552081823348999,0.0,0,0,0,Line processing failed: 'list' object cannot be interpreted as an integer
umeh_dhernangdri_high quality(1),umeh_dhernangdri_high quality(1) - page 3,Ume_Druma,layout,0.7,2.5,4.0,True,0.5,False,0,3.3478622436523438,0.0,0,0,0,Line processing failed: 'list' object cannot be interpreted as an integer
umeh_dhernangdri_high quality(1),umeh_dhernangdri_high quality(1) - page 3,Ume_Druma,layout,0.7,2.5,4.0,True,0.9,True,6,7.705819129943848,25.71,35,9,26,
umeh_dhernangdri_high quality(1),umeh_dhernangdri_high quality(1) - page 3,Ume_Druma,layout,0.7,2.5,4.0,False,0.1,False,0,3.3859782218933105,0.0,0,0,0,Line processing failed: 'list' object cannot be interpreted as an integer
umeh_dhernangdri_high quality(1),umeh_dhernangdri_high quality(1) - page 3,Ume_Druma,layout,0.7,2.5,4.0,False,0.25,False,0,3.5504608154296875,0.0,0,0,0,Line processing failed: 'list' object cannot be interpreted as an integer
umeh_dhernangdri_high quality(1),umeh_dhernangdri_high quality(1) - page 3,Ume_Druma,layout,0.7,2.5,4.0,False,0.5,False,0,3.604287624359131,0.0,0,0,0,Line processing failed: 'list' object cannot be interpreted as an integer
umeh_dhernangdri_high quality(1),umeh_dhernangdri_high quality(1) - page 3,Ume_Druma,layout,0.7,2.5,4.0,False,0.9,True,7,8.771894693374634,26.19,42,11,31,
umeh_dhernangdri_high quality(1),umeh_dhernangdri_high quality(1) - page 3,Ume_Druma,layout,0.7,2.5,5.0,True,0.1,False,0,3.353599786758423,0.0,0,0,0,Line processing failed: 'list' object cannot be interpreted as an integer
umeh_dhernangdri_high quality(1),umeh_dhernangdri_high quality(1) - page 3,Ume_Druma,layout,0.7,2.5,5.0,True,0.25,False,0,3.430121421813965,0.0,0,0,0,Line processing failed: 'list' object cannot be interpreted as an integer
umeh_dhernangdri_high quality(1),umeh_dhernangdri_high quality(1) - page 3,Ume_Druma,layout,0.7,2.5,5.0,True,0.5,False,0,3.6111199855804443,0.0,0,0,0,Line processing failed: 'list' object cannot be interpreted as an integer
umeh_dhernangdri_high quality(1),umeh_dhernangdri_high quality(1) - page 3,Ume_Druma,layout,0.7,2.5,5.0,True,0.9,True,6,5.45157527923584,50.0,2,1,1,
umeh_dhernangdri_high quality(1),umeh_dhernangdri_high quality(1) - page 3,Ume_Druma,layout,0.7,2.5,5.0,False,0.1,False,0,3.515094518661499,0.0,0,0,0,Line processing failed: 'list' object cannot be interpreted as an integer
umeh_dhernangdri_high quality(1),umeh_dhernangdri_high quality(1) - page 3,Ume_Druma,layout,0.7,2.5,5.0,False,0.25,False,0,3.631178617477417,0.0,0,0,0,Line processing failed: 'list' object cannot be interpreted as an integer
umeh_dhernangdri_high quality(1),umeh_dhernangdri_high quality(1) - page 3,Ume_Druma,layout,0.7,2.5,5.0,False,0.5,False,0,3.626471996307373,0.0,0,0,0,Line processing failed: 'list' object cannot be interpreted as an integer
umeh_dhernangdri_high quality(1),umeh_dhernangdri_high quality(1) - page 3,Ume_Druma,layout,0.7,2.5,5.0,False,0.9,True,7,5.6701061725616455,33.33,3,1,2,
umeh_dhernangdri_high quality(1),umeh_dhernangdri_high quality(1) - page 3,Ume_Druma,layout,0.7,3.0,2.5,True,0.1,False,0,3.513505458831787,0.0,0,0,0,Line processing failed: 'list' object cannot be interpreted as an integer
umeh_dhernangdri_high quality(1),umeh_dhernangdri_high quality(1) - page 3,Ume_Druma,layout,0.7,3.0,2.5,True,0.25,False,0,3.5925850868225098,0.0,0,0,0,Line processing failed: 'list' object cannot be interpreted as an integer
umeh_dhernangdri_high quality(1),umeh_dhernangdri_high quality(1) - page 3,Ume_Druma,layout,0.7,3.0,2.5,True,0.5,False,0,3.618927478790283,0.0,0,0,0,Line processing failed: 'list' object cannot be interpreted as an integer
umeh_dhernangdri_high quality(1),umeh_dhernangdri_high quality(1) - page 3,Ume_Druma,layout,0.7,3.0,2.5,True,0.9,True,6,7.983121395111084,48.7,154,75,79,
umeh_dhernangdri_high quality(1),umeh_dhernangdri_high quality(1) - page 3,Ume_Druma,layout,0.7,3.0,2.5,False,0.1,False,0,3.3363780975341797,0.0,0,0,0,Line processing failed: 'list' object cannot be interpreted as an integer
umeh_dhernangdri_high quality(1),umeh_dhernangdri_high quality(1) - page 3,Ume_Druma,layout,0.7,3.0,2.5,False,0.25,False,0,3.4930007457733154,0.0,0,0,0,Line processing failed: 'list' object cannot be interpreted as an integer
umeh_dhernangdri_high quality(1),umeh_dhernangdri_high quality(1) - page 3,Ume_Druma,layout,0.7,3.0,2.5,False,0.5,False,0,3.59666109085083,0.0,0,0,0,Line processing failed: 'list' object cannot be interpreted as an integer
umeh_dhernangdri_high quality(1),umeh_dhernangdri_high quality(1) - page 3,Ume_Druma,layout,0.7,3.0,2.5,False,0.9,True,7,8.331411600112915,49.06,159,78,81,
umeh_dhernangdri_high quality(1),umeh_dhernangdri_high quality(1) - page 3,Ume_Druma,layout,0.7,3.0,3.5,True,0.1,False,0,3.3393216133117676,0.0,0,0,0,Line processing failed: 'list' object cannot be interpreted as an integer
umeh_dhernangdri_high quality(1),umeh_dhernangdri_high quality(1) - page 3,Ume_Druma,layout,0.7,3.0,3.5,True,0.25,False,0,3.4652292728424072,0.0,0,0,0,Line processing failed: 'list' object cannot be interpreted as an integer
umeh_dhernangdri_high quality(1),umeh_dhernangdri_high quality(1) - page 3,Ume_Druma,layout,0.7,3.0,3.5,True,0.5,False,0,3.59338641166687,0.0,0,0,0,Line processing failed: 'list' object cannot be interpreted as an integer
umeh_dhernangdri_high quality(1),umeh_dhernangdri_high quality(1) - page 3,Ume_Druma,layout,0.7,3.0,3.5,True,0.9,True,6,8.896135330200195,42.53,87,37,50,
umeh_dhernangdri_high quality(1),umeh_dhernangdri_high quality(1) - page 3,Ume_Druma,layout,0.7,3.0,3.5,False,0.1,False,0,3.333493709564209,0.0,0,0,0,Line processing failed: 'list' object cannot be interpreted as an integer
umeh_dhernangdri_high quality(1),umeh_dhernangdri_high quality(1) - page 3,Ume_Druma,layout,0.7,3.0,3.5,False,0.25,False,0,3.431846857070923,0.0,0,0,0,Line processing failed: 'list' object cannot be interpreted as an integer
umeh_dhernangdri_high quality(1),umeh_dhernangdri_high quality(1) - page 3,Ume_Druma,layout,0.7,3.0,3.5,False,0.5,False,0,5.643359899520874,0.0,0,0,0,Line processing failed: 'list' object cannot be interpreted as an integer
umeh_dhernangdri_high quality(1),umeh_dhernangdri_high quality(1) - page 3,Ume_Druma,layout,0.7,3.0,3.5,False,0.9,True,7,8.755723237991333,45.63,103,47,56,
umeh_dhernangdri_high quality(1),umeh_dhernangdri_high quality(1) - page 3,Ume_Druma,layout,0.7,3.0,4.0,True,0.1,False,0,3.31925630569458,0.0,0,0,0,Line processing failed: 'list' object cannot be interpreted as an integer
umeh_dhernangdri_high quality(1),umeh_dhernangdri_high quality(1) - page 3,Ume_Druma,layout,0.7,3.0,4.0,True,0.25,False,0,3.4173030853271484,0.0,0,0,0,Line processing failed: 'list' object cannot be interpreted as an integer
umeh_dhernangdri_high quality(1),umeh_dhernangdri_high quality(1) - page 3,Ume_Druma,layout,0.7,3.0,4.0,True,0.5,False,0,3.5822105407714844,0.0,0,0,0,Line processing failed: 'list' object cannot be interpreted as an integer
umeh_dhernangdri_high quality(1),umeh_dhernangdri_high quality(1) - page 3,Ume_Druma,layout,0.7,3.0,4.0,True,0.9,True,6,7.725116729736328,31.25,32,10,22,
umeh_dhernangdri_high quality(1),umeh_dhernangdri_high quality(1) - page 3,Ume_Druma,layout,0.7,3.0,4.0,False,0.1,False,0,3.342053174972534,0.0,0,0,0,Line processing failed: 'list' object cannot be interpreted as an integer
umeh_dhernangdri_high quality(1),umeh_dhernangdri_high quality(1) - page 3,Ume_Druma,layout,0.7,3.0,4.0,False,0.25,False,0,3.534914255142212,0.0,0,0,0,Line processing failed: 'list' object cannot be interpreted as an integer
umeh_dhernangdri_high quality(1),umeh_dhernangdri_high quality(1) - page 3,Ume_Druma,layout,0.7,3.0,4.0,False,0.5,False,0,3.58699893951416,0.0,0,0,0,Line processing failed: 'list' object cannot be interpreted as an integer
umeh_dhernangdri_high quality(1),umeh_dhernangdri_high quality(1) - page 3,Ume_Druma,layout,0.7,3.0,4.0,False,0.9,True,7,8.747685194015503,30.77,39,12,27,
umeh_dhernangdri_high quality(1),umeh_dhernangdri_high quality(1) - page 3,Ume_Druma,layout,0.7,3.0,5.0,True,0.1,False,0,3.3333613872528076,0.0,0,0,0,Line processing failed: 'list' object cannot be interpreted as an integer
umeh_dhernangdri_high quality(1),umeh_dhernangdri_high quality(1) - page 3,Ume_Druma,layout,0.7,3.0,5.0,True,0.25,False,0,3.4338626861572266,0.0,0,0,0,Line processing failed: 'list' object cannot be interpreted as an integer
umeh_dhernangdri_high quality(1),umeh_dhernangdri_high quality(1) - page 3,Ume_Druma,layout,0.7,3.0,5.0,True,0.5,False,0,3.574014902114868,0.0,0,0,0,Line processing failed: 'list' object cannot be interpreted as an integer
umeh_dhernangdri_high quality(1),umeh_dhernangdri_high quality(1) - page 3,Ume_Druma,layout,0.7,3.0,5.0,True,0.9,True,6,5.657075643539429,50.0,2,1,1,
umeh_dhernangdri_high quality(1),umeh_dhernangdri_high quality(1) - page 3,Ume_Druma,layout,0.7,3.0,5.0,False,0.1,False,0,3.583447217941284,0.0,0,0,0,Line processing failed: 'list' object cannot be interpreted as an integer
umeh_dhernangdri_high quality(1),umeh_dhernangdri_high quality(1) - page 3,Ume_Druma,layout,0.7,3.0,5.0,False,0.25,False,0,3.585606813430786,0.0,0,0,0,Line processing failed: 'list' object cannot be interpreted as an integer
umeh_dhernangdri_high quality(1),umeh_dhernangdri_high quality(1) - page 3,Ume_Druma,layout,0.7,3.0,5.0,False,0.5,False,0,3.5752856731414795,0.0,0,0,0,Line processing failed: 'list' object cannot be interpreted as an integer
umeh_dhernangdri_high quality(1),umeh_dhernangdri_high quality(1) - page 3,Ume_Druma,layout,0.7,3.0,5.0,False,0.9,True,7,5.7699244022369385,33.33,3,1,2,
umeh_dhernangdri_high quality(1),umeh_dhernangdri_high quality(1) - page 3,Ume_Druma,layout,0.8,2.0,2.5,True,0.1,False,0,3.4871585369110107,0.0,0,0,0,Line processing failed: 'list' object cannot be interpreted as an integer
umeh_dhernangdri_high quality(1),umeh_dhernangdri_high quality(1) - page 3,Ume_Druma,layout,0.8,2.0,2.5,True,0.25,False,0,3.5820887088775635,0.0,0,0,0,Line processing failed: 'list' object cannot be interpreted as an integer
umeh_dhernangdri_high quality(1),umeh_dhernangdri_high quality(1) - page 3,Ume_Druma,layout,0.8,2.0,2.5,True,0.5,False,0,3.5774121284484863,0.0,0,0,0,Line processing failed: 'list' object cannot be interpreted as an integer
umeh_dhernangdri_high quality(1),umeh_dhernangdri_high quality(1) - page 3,Ume_Druma,layout,0.8,2.0,2.5,True,0.9,True,6,7.39836311340332,47.13,174,82,92,
umeh_dhernangdri_high quality(1),umeh_dhernangdri_high quality(1) - page 3,Ume_Druma,layout,0.8,2.0,2.5,False,0.1,False,0,3.3367936611175537,0.0,0,0,0,Line processing failed: 'list' object cannot be interpreted as an integer
umeh_dhernangdri_high quality(1),umeh_dhernangdri_high quality(1) - page 3,Ume_Druma,layout,0.8,2.0,2.5,False,0.25,False,0,3.65185546875,0.0,0,0,0,Line processing failed: 'list' object cannot be interpreted as an integer
umeh_dhernangdri_high quality(1),umeh_dhernangdri_high quality(1) - page 3,Ume_Druma,layout,0.8,2.0,2.5,False,0.5,False,0,3.578030824661255,0.0,0,0,0,Line processing failed: 'list' object cannot be interpreted as an integer
umeh_dhernangdri_high quality(1),umeh_dhernangdri_high quality(1) - page 3,Ume_Druma,layout,0.8,2.0,2.5,False,0.9,True,7,7.507315635681152,47.49,179,85,94,
umeh_dhernangdri_high quality(1),umeh_dhernangdri_high quality(1) - page 3,Ume_Druma,layout,0.8,2.0,3.5,True,0.1,False,0,3.322981357574463,0.0,0,0,0,Line processing failed: 'list' object cannot be interpreted as an integer
umeh_dhernangdri_high quality(1),umeh_dhernangdri_high quality(1) - page 3,Ume_Druma,layout,0.8,2.0,3.5,True,0.25,False,0,3.6089329719543457,0.0,0,0,0,Line processing failed: 'list' object cannot be interpreted as an integer
umeh_dhernangdri_high quality(1),umeh_dhernangdri_high quality(1) - page 3,Ume_Druma,layout,0.8,2.0,3.5,True,0.5,False,0,3.574294328689575,0.0,0,0,0,Line processing failed: 'list' object cannot be interpreted as an integer
umeh_dhernangdri_high quality(1),umeh_dhernangdri_high quality(1) - page 3,Ume_Druma,layout,0.8,2.0,3.5,True,0.9,True,6,8.78355360031128,42.22,90,38,52,
umeh_dhernangdri_high quality(1),umeh_dhernangdri_high quality(1) - page 3,Ume_Druma,layout,0.8,2.0,3.5,False,0.1,False,0,3.3194963932037354,0.0,0,0,0,Line processing failed: 'list' object cannot be interpreted as an integer
umeh_dhernangdri_high quality(1),umeh_dhernangdri_high quality(1) - page 3,Ume_Druma,layout,0.8,2.0,3.5,False,0.25,False,0,3.4135260581970215,0.0,0,0,0,Line processing failed: 'list' object cannot be interpreted as an integer
umeh_dhernangdri_high quality(1),umeh_dhernangdri_high quality(1) - page 3,Ume_Druma,layout,0.8,2.0,3.5,False,0.5,False,0,3.5952794551849365,0.0,0,0,0,Line processing failed: 'list' object cannot be interpreted as an integer
umeh_dhernangdri_high quality(1),umeh_dhernangdri_high quality(1) - page 3,Ume_Druma,layout,0.8,2.0,3.5,False,0.9,True,7,8.786811590194702,45.28,106,48,58,
umeh_dhernangdri_high quality(1),umeh_dhernangdri_high quality(1) - page 3,Ume_Druma,layout,0.8,2.0,4.0,True,0.1,False,0,3.3689634799957275,0.0,0,0,0,Line processing failed: 'list' object cannot be interpreted as an integer
umeh_dhernangdri_high quality(1),umeh_dhernangdri_high quality(1) - page 3,Ume_Druma,layout,0.8,2.0,4.0,True,0.25,False,0,5.619347095489502,0.0,0,0,0,Line processing failed: 'list' object cannot be interpreted as an integer
umeh_dhernangdri_high quality(1),umeh_dhernangdri_high quality(1) - page 3,Ume_Druma,layout,0.8,2.0,4.0,True,0.5,False,0,3.56272029876709,0.0,0,0,0,Line processing failed: 'list' object cannot be interpreted as an integer
umeh_dhernangdri_high quality(1),umeh_dhernangdri_high quality(1) - page 3,Ume_Druma,layout,0.8,2.0,4.0,True,0.9,True,6,7.196344614028931,30.3,33,10,23,
umeh_dhernangdri_high quality(1),umeh_dhernangdri_high quality(1) - page 3,Ume_Druma,layout,0.8,2.0,4.0,False,0.1,False,0,3.3193728923797607,0.0,0,0,0,Line processing failed: 'list' object cannot be interpreted as an integer
umeh_dhernangdri_high quality(1),umeh_dhernangdri_high quality(1) - page 3,Ume_Druma,layout,0.8,2.0,4.0,False,0.25,False,0,3.5741846561431885,0.0,0,0,0,Line processing failed: 'list' object cannot be interpreted as an integer
umeh_dhernangdri_high quality(1),umeh_dhernangdri_high quality(1) - page 3,Ume_Druma,layout,0.8,2.0,4.0,False,0.5,False,0,3.6314048767089844,0.0,0,0,0,Line processing failed: 'list' object cannot be interpreted as an integer
umeh_dhernangdri_high quality(1),umeh_dhernangdri_high quality(1) - page 3,Ume_Druma,layout,0.8,2.0,4.0,False,0.9,True,7,8.664605379104614,30.0,40,12,28,
umeh_dhernangdri_high quality(1),umeh_dhernangdri_high quality(1) - page 3,Ume_Druma,layout,0.8,2.0,5.0,True,0.1,False,0,3.4480786323547363,0.0,0,0,0,Line processing failed: 'list' object cannot be interpreted as an integer
umeh_dhernangdri_high quality(1),umeh_dhernangdri_high quality(1) - page 3,Ume_Druma,layout,0.8,2.0,5.0,True,0.25,False,0,3.492687463760376,0.0,0,0,0,Line processing failed: 'list' object cannot be interpreted as an integer
umeh_dhernangdri_high quality(1),umeh_dhernangdri_high quality(1) - page 3,Ume_Druma,layout,0.8,2.0,5.0,True,0.5,False,0,3.602886199951172,0.0,0,0,0,Line processing failed: 'list' object cannot be interpreted as an integer
umeh_dhernangdri_high quality(1),umeh_dhernangdri_high quality(1) - page 3,Ume_Druma,layout,0.8,2.0,5.0,True,0.9,True,6,5.4483726024627686,75.0,4,3,1,
umeh_dhernangdri_high quality(1),umeh_dhernangdri_high quality(1) - page 3,Ume_Druma,layout,0.8,2.0,5.0,False,0.1,False,0,3.5036511421203613,0.0,0,0,0,Line processing failed: 'list' object cannot be interpreted as an integer
umeh_dhernangdri_high quality(1),umeh_dhernangdri_high quality(1) - page 3,Ume_Druma,layout,0.8,2.0,5.0,False,0.25,False,0,3.582998275756836,0.0,0,0,0,Line processing failed: 'list' object cannot be interpreted as an integer
umeh_dhernangdri_high quality(1),umeh_dhernangdri_high quality(1) - page 3,Ume_Druma,layout,0.8,2.0,5.0,False,0.5,False,0,3.5815792083740234,0.0,0,0,0,Line processing failed: 'list' object cannot be interpreted as an integer
umeh_dhernangdri_high quality(1),umeh_dhernangdri_high quality(1) - page 3,Ume_Druma,layout,0.8,2.0,5.0,False,0.9,True,7,5.642539739608765,60.0,5,3,2,
umeh_dhernangdri_high quality(1),umeh_dhernangdri_high quality(1) - page 3,Ume_Druma,layout,0.8,2.5,2.5,True,0.1,False,0,3.5163629055023193,0.0,0,0,0,Line processing failed: 'list' object cannot be interpreted as an integer
umeh_dhernangdri_high quality(1),umeh_dhernangdri_high quality(1) - page 3,Ume_Druma,layout,0.8,2.5,2.5,True,0.25,False,0,3.582017183303833,0.0,0,0,0,Line processing failed: 'list' object cannot be interpreted as an integer
umeh_dhernangdri_high quality(1),umeh_dhernangdri_high quality(1) - page 3,Ume_Druma,layout,0.8,2.5,2.5,True,0.5,False,0,3.5890705585479736,0.0,0,0,0,Line processing failed: 'list' object cannot be interpreted as an integer
umeh_dhernangdri_high quality(1),umeh_dhernangdri_high quality(1) - page 3,Ume_Druma,layout,0.8,2.5,2.5,True,0.9,True,6,8.014634847640991,46.75,169,79,90,
umeh_dhernangdri_high quality(1),umeh_dhernangdri_high quality(1) - page 3,Ume_Druma,layout,0.8,2.5,2.5,False,0.1,False,0,3.325141191482544,0.0,0,0,0,Line processing failed: 'list' object cannot be interpreted as an integer
umeh_dhernangdri_high quality(1),umeh_dhernangdri_high quality(1) - page 3,Ume_Druma,layout,0.8,2.5,2.5,False,0.25,False,0,3.5132992267608643,0.0,0,0,0,Line processing failed: 'list' object cannot be interpreted as an integer
umeh_dhernangdri_high quality(1),umeh_dhernangdri_high quality(1) - page 3,Ume_Druma,layout,0.8,2.5,2.5,False,0.5,False,0,3.596451759338379,0.0,0,0,0,Line processing failed: 'list' object cannot be interpreted as an integer
umeh_dhernangdri_high quality(1),umeh_dhernangdri_high quality(1) - page 3,Ume_Druma,layout,0.8,2.5,2.5,False,0.9,True,7,8.445714950561523,47.13,174,82,92,
umeh_dhernangdri_high quality(1),umeh_dhernangdri_high quality(1) - page 3,Ume_Druma,layout,0.8,2.5,3.5,True,0.1,False,0,3.4376964569091797,0.0,0,0,0,Line processing failed: 'list' object cannot be interpreted as an integer
umeh_dhernangdri_high quality(1),umeh_dhernangdri_high quality(1) - page 3,Ume_Druma,layout,0.8,2.5,3.5,True,0.25,False,0,3.469949960708618,0.0,0,0,0,Line processing failed: 'list' object cannot be interpreted as an integer
umeh_dhernangdri_high quality(1),umeh_dhernangdri_high quality(1) - page 3,Ume_Druma,layout,0.8,2.5,3.5,True,0.5,False,0,3.58451771736145,0.0,0,0,0,Line processing failed: 'list' object cannot be interpreted as an integer
umeh_dhernangdri_high quality(1),umeh_dhernangdri_high quality(1) - page 3,Ume_Druma,layout,0.8,2.5,3.5,True,0.9,True,6,8.7567720413208,42.22,90,38,52,
umeh_dhernangdri_high quality(1),umeh_dhernangdri_high quality(1) - page 3,Ume_Druma,layout,0.8,2.5,3.5,False,0.1,False,0,3.40433669090271,0.0,0,0,0,Line processing failed: 'list' object cannot be interpreted as an integer
umeh_dhernangdri_high quality(1),umeh_dhernangdri_high quality(1) - page 3,Ume_Druma,layout,0.8,2.5,3.5,False,0.25,False,0,3.4767746925354004,0.0,0,0,0,Line processing failed: 'list' object cannot be interpreted as an integer
umeh_dhernangdri_high quality(1),umeh_dhernangdri_high quality(1) - page 3,Ume_Druma,layout,0.8,2.5,3.5,False,0.5,False,0,3.625293731689453,0.0,0,0,0,Line processing failed: 'list' object cannot be interpreted as an integer
umeh_dhernangdri_high quality(1),umeh_dhernangdri_high quality(1) - page 3,Ume_Druma,layout,0.8,2.5,3.5,False,0.9,True,7,9.17810320854187,45.28,106,48,58,
umeh_dhernangdri_high quality(1),umeh_dhernangdri_high quality(1) - page 3,Ume_Druma,layout,0.8,2.5,4.0,True,0.1,False,0,3.3258211612701416,0.0,0,0,0,Line processing failed: 'list' object cannot be interpreted as an integer
umeh_dhernangdri_high quality(1),umeh_dhernangdri_high quality(1) - page 3,Ume_Druma,layout,0.8,2.5,4.0,True,0.25,False,0,3.3896028995513916,0.0,0,0,0,Line processing failed: 'list' object cannot be interpreted as an integer
umeh_dhernangdri_high quality(1),umeh_dhernangdri_high quality(1) - page 3,Ume_Druma,layout,0.8,2.5,4.0,True,0.5,False,0,3.595954656600952,0.0,0,0,0,Line processing failed: 'list' object cannot be interpreted as an integer
umeh_dhernangdri_high quality(1),umeh_dhernangdri_high quality(1) - page 3,Ume_Druma,layout,0.8,2.5,4.0,True,0.9,True,6,7.753098726272583,25.71,35,9,26,
umeh_dhernangdri_high quality(1),umeh_dhernangdri_high quality(1) - page 3,Ume_Druma,layout,0.8,2.5,4.0,False,0.1,False,0,3.344825029373169,0.0,0,0,0,Line processing failed: 'list' object cannot be interpreted as an integer
umeh_dhernangdri_high quality(1),umeh_dhernangdri_high quality(1) - page 3,Ume_Druma,layout,0.8,2.5,4.0,False,0.25,False,0,3.515446424484253,0.0,0,0,0,Line processing failed: 'list' object cannot be interpreted as an integer
umeh_dhernangdri_high quality(1),umeh_dhernangdri_high quality(1) - page 3,Ume_Druma,layout,0.8,2.5,4.0,False,0.5,False,0,3.5907342433929443,0.0,0,0,0,Line processing failed: 'list' object cannot be interpreted as an integer
umeh_dhernangdri_high quality(1),umeh_dhernangdri_high quality(1) - page 3,Ume_Druma,layout,0.8,2.5,4.0,False,0.9,True,7,8.943076133728027,26.19,42,11,31,
umeh_dhernangdri_high quality(1),umeh_dhernangdri_high quality(1) - page 3,Ume_Druma,layout,0.8,2.5,5.0,True,0.1,False,0,3.3747153282165527,0.0,0,0,0,Line processing failed: 'list' object cannot be interpreted as an integer
umeh_dhernangdri_high quality(1),umeh_dhernangdri_high quality(1) - page 3,Ume_Druma,layout,0.8,2.5,5.0,True,0.25,False,0,3.4609365463256836,0.0,0,0,0,Line processing failed: 'list' object cannot be interpreted as an integer
umeh_dhernangdri_high quality(1),umeh_dhernangdri_high quality(1) - page 3,Ume_Druma,layout,0.8,2.5,5.0,True,0.5,False,0,3.578737258911133,0.0,0,0,0,Line processing failed: 'list' object cannot be interpreted as an integer
umeh_dhernangdri_high quality(1),umeh_dhernangdri_high quality(1) - page 3,Ume_Druma,layout,0.8,2.5,5.0,True,0.9,True,6,5.360325336456299,50.0,2,1,1,
umeh_dhernangdri_high quality(1),umeh_dhernangdri_high quality(1) - page 3,Ume_Druma,layout,0.8,2.5,5.0,False,0.1,False,0,3.4981086254119873,0.0,0,0,0,Line processing failed: 'list' object cannot be interpreted as an integer
umeh_dhernangdri_high quality(1),umeh_dhernangdri_high quality(1) - page 3,Ume_Druma,layout,0.8,2.5,5.0,False,0.25,False,0,3.6133291721343994,0.0,0,0,0,Line processing failed: 'list' object cannot be interpreted as an integer
umeh_dhernangdri_high quality(1),umeh_dhernangdri_high quality(1) - page 3,Ume_Druma,layout,0.8,2.5,5.0,False,0.5,False,0,3.586327075958252,0.0,0,0,0,Line processing failed: 'list' object cannot be interpreted as an integer
umeh_dhernangdri_high quality(1),umeh_dhernangdri_high quality(1) - page 3,Ume_Druma,layout,0.8,2.5,5.0,False,0.9,True,7,5.512246131896973,33.33,3,1,2,
umeh_dhernangdri_high quality(1),umeh_dhernangdri_high quality(1) - page 3,Ume_Druma,layout,0.8,3.0,2.5,True,0.1,False,0,3.4952433109283447,0.0,0,0,0,Line processing failed: 'list' object cannot be interpreted as an integer
umeh_dhernangdri_high quality(1),umeh_dhernangdri_high quality(1) - page 3,Ume_Druma,layout,0.8,3.0,2.5,True,0.25,False,0,3.5582528114318848,0.0,0,0,0,Line processing failed: 'list' object cannot be interpreted as an integer
umeh_dhernangdri_high quality(1),umeh_dhernangdri_high quality(1) - page 3,Ume_Druma,layout,0.8,3.0,2.5,True,0.5,False,0,3.5826313495635986,0.0,0,0,0,Line processing failed: 'list' object cannot be interpreted as an integer
umeh_dhernangdri_high quality(1),umeh_dhernangdri_high quality(1) - page 3,Ume_Druma,layout,0.8,3.0,2.5,True,0.9,True,6,7.814449787139893,48.7,154,75,79,
umeh_dhernangdri_high quality(1),umeh_dhernangdri_high quality(1) - page 3,Ume_Druma,layout,0.8,3.0,2.5,False,0.1,False,0,3.3197028636932373,0.0,0,0,0,Line processing failed: 'list' object cannot be interpreted as an integer
umeh_dhernangdri_high quality(1),umeh_dhernangdri_high quality(1) - page 3,Ume_Druma,layout,0.8,3.0,2.5,False,0.25,False,0,3.5101072788238525,0.0,0,0,0,Line processing failed: 'list' object cannot be interpreted as an integer
umeh_dhernangdri_high quality(1),umeh_dhernangdri_high quality(1) - page 3,Ume_Druma,layout,0.8,3.0,2.5,False,0.5,False,0,3.6909775733947754,0.0,0,0,0,Line processing failed: 'list' object cannot be interpreted as an integer
umeh_dhernangdri_high quality(1),umeh_dhernangdri_high quality(1) - page 3,Ume_Druma,layout,0.8,3.0,2.5,False,0.9,True,7,8.403751611709595,49.06,159,78,81,
umeh_dhernangdri_high quality(1),umeh_dhernangdri_high quality(1) - page 3,Ume_Druma,layout,0.8,3.0,3.5,True,0.1,False,0,3.3376829624176025,0.0,0,0,0,Line processing failed: 'list' object cannot be interpreted as an integer
umeh_dhernangdri_high quality(1),umeh_dhernangdri_high quality(1) - page 3,Ume_Druma,layout,0.8,3.0,3.5,True,0.25,False,0,3.4390206336975098,0.0,0,0,0,Line processing failed: 'list' object cannot be interpreted as an integer
umeh_dhernangdri_high quality(1),umeh_dhernangdri_high quality(1) - page 3,Ume_Druma,layout,0.8,3.0,3.5,True,0.5,False,0,3.5709829330444336,0.0,0,0,0,Line processing failed: 'list' object cannot be interpreted as an integer
umeh_dhernangdri_high quality(1),umeh_dhernangdri_high quality(1) - page 3,Ume_Druma,layout,0.8,3.0,3.5,True,0.9,True,6,8.66808557510376,42.53,87,37,50,
umeh_dhernangdri_high quality(1),umeh_dhernangdri_high quality(1) - page 3,Ume_Druma,layout,0.8,3.0,3.5,False,0.1,False,0,3.325399875640869,0.0,0,0,0,Line processing failed: 'list' object cannot be interpreted as an integer
umeh_dhernangdri_high quality(1),umeh_dhernangdri_high quality(1) - page 3,Ume_Druma,layout,0.8,3.0,3.5,False,0.25,False,0,3.4412763118743896,0.0,0,0,0,Line processing failed: 'list' object cannot be interpreted as an integer
umeh_dhernangdri_high quality(1),umeh_dhernangdri_high quality(1) - page 3,Ume_Druma,layout,0.8,3.0,3.5,False,0.5,False,0,3.5725128650665283,0.0,0,0,0,Line processing failed: 'list' object cannot be interpreted as an integer
umeh_dhernangdri_high quality(1),umeh_dhernangdri_high quality(1) - page 3,Ume_Druma,layout,0.8,3.0,3.5,False,0.9,True,7,9.019191980361938,45.63,103,47,56,
umeh_dhernangdri_high quality(1),umeh_dhernangdri_high quality(1) - page 3,Ume_Druma,layout,0.8,3.0,4.0,True,0.1,False,0,3.322500705718994,0.0,0,0,0,Line processing failed: 'list' object cannot be interpreted as an integer
umeh_dhernangdri_high quality(1),umeh_dhernangdri_high quality(1) - page 3,Ume_Druma,layout,0.8,3.0,4.0,True,0.25,False,0,3.3794589042663574,0.0,0,0,0,Line processing failed: 'list' object cannot be interpreted as an integer
umeh_dhernangdri_high quality(1),umeh_dhernangdri_high quality(1) - page 3,Ume_Druma,layout,0.8,3.0,4.0,True,0.5,False,0,3.5687856674194336,0.0,0,0,0,Line processing failed: 'list' object cannot be interpreted as an integer
umeh_dhernangdri_high quality(1),umeh_dhernangdri_high quality(1) - page 3,Ume_Druma,layout,0.8,3.0,4.0,True,0.9,True,6,7.7267210483551025,31.25,32,10,22,
umeh_dhernangdri_high quality(1),umeh_dhernangdri_high quality(1) - page 3,Ume_Druma,layout,0.8,3.0,4.0,False,0.1,False,0,3.3264622688293457,0.0,0,0,0,Line processing failed: 'list' object cannot be interpreted as an integer
umeh_dhernangdri_high quality(1),umeh_dhernangdri_high quality(1) - page 3,Ume_Druma,layout,0.8,3.0,4.0,False,0.25,False,0,3.5400259494781494,0.0,0,0,0,Line processing failed: 'list' object cannot be interpreted as an integer
umeh_dhernangdri_high quality(1),umeh_dhernangdri_high quality(1) - page 3,Ume_Druma,layout,0.8,3.0,4.0,False,0.5,False,0,3.6746890544891357,0.0,0,0,0,Line processing failed: 'list' object cannot be interpreted as an integer
umeh_dhernangdri_high quality(1),umeh_dhernangdri_high quality(1) - page 3,Ume_Druma,layout,0.8,3.0,4.0,False,0.9,True,7,8.757438659667969,30.77,39,12,27,
umeh_dhernangdri_high quality(1),umeh_dhernangdri_high quality(1) - page 3,Ume_Druma,layout,0.8,3.0,5.0,True,0.1,False,0,3.322017192840576,0.0,0,0,0,Line processing failed: 'list' object cannot be interpreted as an integer
umeh_dhernangdri_high quality(1),umeh_dhernangdri_high quality(1) - page 3,Ume_Druma,layout,0.8,3.0,5.0,True,0.25,False,0,3.408581495285034,0.0,0,0,0,Line processing failed: 'list' object cannot be interpreted as an integer
umeh_dhernangdri_high quality(1),umeh_dhernangdri_high quality(1) - page 3,Ume_Druma,layout,0.8,3.0,5.0,True,0.5,False,0,3.570307970046997,0.0,0,0,0,Line processing failed: 'list' object cannot be interpreted as an integer
umeh_dhernangdri_high quality(1),umeh_dhernangdri_high quality(1) - page 3,Ume_Druma,layout,0.8,3.0,5.0,True,0.9,True,6,5.627431631088257,50.0,2,1,1,
umeh_dhernangdri_high quality(1),umeh_dhernangdri_high quality(1) - page 3,Ume_Druma,layout,0.8,3.0,5.0,False,0.1,False,0,3.479884386062622,0.0,0,0,0,Line processing failed: 'list' object cannot be interpreted as an integer
umeh_dhernangdri_high quality(1),umeh_dhernangdri_high quality(1) - page 3,Ume_Druma,layout,0.8,3.0,5.0,False,0.25,False,0,3.567596435546875,0.0,0,0,0,Line processing failed: 'list' object cannot be interpreted as an integer
umeh_dhernangdri_high quality(1),umeh_dhernangdri_high quality(1) - page 3,Ume_Druma,layout,0.8,3.0,5.0,False,0.5,False,0,3.5642478466033936,0.0,0,0,0,Line processing failed: 'list' object cannot be interpreted as an integer
umeh_dhernangdri_high quality(1),umeh_dhernangdri_high quality(1) - page 3,Ume_Druma,layout,0.8,3.0,5.0,False,0.9,True,7,5.784049987792969,33.33,3,1,2,
umeh_dhernangdri_high quality(1),umeh_dhernangdri_high quality(1) - page 3,Ume_Druma,layout,0.9,2.0,2.5,True,0.1,False,0,3.4590907096862793,0.0,0,0,0,Line processing failed: 'list' object cannot be interpreted as an integer
umeh_dhernangdri_high quality(1),umeh_dhernangdri_high quality(1) - page 3,Ume_Druma,layout,0.9,2.0,2.5,True,0.25,False,0,5.629562616348267,0.0,0,0,0,Line processing failed: 'list' object cannot be interpreted as an integer
umeh_dhernangdri_high quality(1),umeh_dhernangdri_high quality(1) - page 3,Ume_Druma,layout,0.9,2.0,2.5,True,0.5,False,0,4.908709526062012,0.0,0,0,0,Line processing failed: 'list' object cannot be interpreted as an integer
umeh_dhernangdri_high quality(1),umeh_dhernangdri_high quality(1) - page 3,Ume_Druma,layout,0.9,2.0,2.5,True,0.9,True,6,7.268293857574463,47.13,174,82,92,
umeh_dhernangdri_high quality(1),umeh_dhernangdri_high quality(1) - page 3,Ume_Druma,layout,0.9,2.0,2.5,False,0.1,False,0,3.352194309234619,0.0,0,0,0,Line processing failed: 'list' object cannot be interpreted as an integer
umeh_dhernangdri_high quality(1),umeh_dhernangdri_high quality(1) - page 3,Ume_Druma,layout,0.9,2.0,2.5,False,0.25,False,0,3.6169185638427734,0.0,0,0,0,Line processing failed: 'list' object cannot be interpreted as an integer
umeh_dhernangdri_high quality(1),umeh_dhernangdri_high quality(1) - page 3,Ume_Druma,layout,0.9,2.0,2.5,False,0.5,False,0,3.579824686050415,0.0,0,0,0,Line processing failed: 'list' object cannot be interpreted as an integer
umeh_dhernangdri_high quality(1),umeh_dhernangdri_high quality(1) - page 3,Ume_Druma,layout,0.9,2.0,2.5,False,0.9,True,7,7.83471155166626,47.49,179,85,94,
umeh_dhernangdri_high quality(1),umeh_dhernangdri_high quality(1) - page 3,Ume_Druma,layout,0.9,2.0,3.5,True,0.1,False,0,3.326735019683838,0.0,0,0,0,Line processing failed: 'list' object cannot be interpreted as an integer
umeh_dhernangdri_high quality(1),umeh_dhernangdri_high quality(1) - page 3,Ume_Druma,layout,0.9,2.0,3.5,True,0.25,False,0,3.5424537658691406,0.0,0,0,0,Line processing failed: 'list' object cannot be interpreted as an integer
umeh_dhernangdri_high quality(1),umeh_dhernangdri_high quality(1) - page 3,Ume_Druma,layout,0.9,2.0,3.5,True,0.5,False,0,3.5846736431121826,0.0,0,0,0,Line processing failed: 'list' object cannot be interpreted as an integer
umeh_dhernangdri_high quality(1),umeh_dhernangdri_high quality(1) - page 3,Ume_Druma,layout,0.9,2.0,3.5,True,0.9,True,6,8.756704807281494,42.22,90,38,52,
umeh_dhernangdri_high quality(1),umeh_dhernangdri_high quality(1) - page 3,Ume_Druma,layout,0.9,2.0,3.5,False,0.1,False,0,3.3150017261505127,0.0,0,0,0,Line processing failed: 'list' object cannot be interpreted as an integer
umeh_dhernangdri_high quality(1),umeh_dhernangdri_high quality(1) - page 3,Ume_Druma,layout,0.9,2.0,3.5,False,0.25,False,0,3.3973164558410645,0.0,0,0,0,Line processing failed: 'list' object cannot be interpreted as an integer
umeh_dhernangdri_high quality(1),umeh_dhernangdri_high quality(1) - page 3,Ume_Druma,layout,0.9,2.0,3.5,False,0.5,False,0,3.6808340549468994,0.0,0,0,0,Line processing failed: 'list' object cannot be interpreted as an integer
umeh_dhernangdri_high quality(1),umeh_dhernangdri_high quality(1) - page 3,Ume_Druma,layout,0.9,2.0,3.5,False,0.9,True,7,8.98041319847107,45.28,106,48,58,
umeh_dhernangdri_high quality(1),umeh_dhernangdri_high quality(1) - page 3,Ume_Druma,layout,0.9,2.0,4.0,True,0.1,False,0,3.330698013305664,0.0,0,0,0,Line processing failed: 'list' object cannot be interpreted as an integer
umeh_dhernangdri_high quality(1),umeh_dhernangdri_high quality(1) - page 3,Ume_Druma,layout,0.9,2.0,4.0,True,0.25,False,0,3.4194154739379883,0.0,0,0,0,Line processing failed: 'list' object cannot be interpreted as an integer
umeh_dhernangdri_high quality(1),umeh_dhernangdri_high quality(1) - page 3,Ume_Druma,layout,0.9,2.0,4.0,True,0.5,False,0,5.647333860397339,0.0,0,0,0,Line processing failed: 'list' object cannot be interpreted as an integer
umeh_dhernangdri_high quality(1),umeh_dhernangdri_high quality(1) - page 3,Ume_Druma,layout,0.9,2.0,4.0,True,0.9,True,6,9.569336414337158,30.3,33,10,23,
umeh_dhernangdri_high quality(1),umeh_dhernangdri_high quality(1) - page 3,Ume_Druma,layout,0.9,2.0,4.0,False,0.1,False,0,3.3465330600738525,0.0,0,0,0,Line processing failed: 'list' object cannot be interpreted as an integer
umeh_dhernangdri_high quality(1),umeh_dhernangdri_high quality(1) - page 3,Ume_Druma,layout,0.9,2.0,4.0,False,0.25,False,0,3.35404634475708,0.0,0,0,0,Line processing failed: 'list' object cannot be interpreted as an integer
umeh_dhernangdri_high quality(1),umeh_dhernangdri_high quality(1) - page 3,Ume_Druma,layout,0.9,2.0,4.0,False,0.5,False,0,3.552661418914795,0.0,0,0,0,Line processing failed: 'list' object cannot be interpreted as an integer
umeh_dhernangdri_high quality(1),umeh_dhernangdri_high quality(1) - page 3,Ume_Druma,layout,0.9,2.0,4.0,False,0.9,True,7,8.573698043823242,30.0,40,12,28,
umeh_dhernangdri_high quality(1),umeh_dhernangdri_high quality(1) - page 3,Ume_Druma,layout,0.9,2.0,5.0,True,0.1,False,0,3.3315134048461914,0.0,0,0,0,Line processing failed: 'list' object cannot be interpreted as an integer
umeh_dhernangdri_high quality(1),umeh_dhernangdri_high quality(1) - page 3,Ume_Druma,layout,0.9,2.0,5.0,True,0.25,False,0,3.470902919769287,0.0,0,0,0,Line processing failed: 'list' object cannot be interpreted as an integer
umeh_dhernangdri_high quality(1),umeh_dhernangdri_high quality(1) - page 3,Ume_Druma,layout,0.9,2.0,5.0,True,0.5,False,0,5.643896818161011,0.0,0,0,0,Line processing failed: 'list' object cannot be interpreted as an integer
umeh_dhernangdri_high quality(1),umeh_dhernangdri_high quality(1) - page 3,Ume_Druma,layout,0.9,2.0,5.0,True,0.9,True,6,6.148804426193237,75.0,4,3,1,
umeh_dhernangdri_high quality(1),umeh_dhernangdri_high quality(1) - page 3,Ume_Druma,layout,0.9,2.0,5.0,False,0.1,False,0,3.3507401943206787,0.0,0,0,0,Line processing failed: 'list' object cannot be interpreted as an integer
umeh_dhernangdri_high quality(1),umeh_dhernangdri_high quality(1) - page 3,Ume_Druma,layout,0.9,2.0,5.0,False,0.25,False,0,3.612060308456421,0.0,0,0,0,Line processing failed: 'list' object cannot be interpreted as an integer
umeh_dhernangdri_high quality(1),umeh_dhernangdri_high quality(1) - page 3,Ume_Druma,layout,0.9,2.0,5.0,False,0.5,False,0,3.5939295291900635,0.0,0,0,0,Line processing failed: 'list' object cannot be interpreted as an integer
umeh_dhernangdri_high quality(1),umeh_dhernangdri_high quality(1) - page 3,Ume_Druma,layout,0.9,2.0,5.0,False,0.9,True,7,5.583714485168457,60.0,5,3,2,
umeh_dhernangdri_high quality(1),umeh_dhernangdri_high quality(1) - page 3,Ume_Druma,layout,0.9,2.5,2.5,True,0.1,False,0,3.5020360946655273,0.0,0,0,0,Line processing failed: 'list' object cannot be interpreted as an integer
umeh_dhernangdri_high quality(1),umeh_dhernangdri_high quality(1) - page 3,Ume_Druma,layout,0.9,2.5,2.5,True,0.25,False,0,3.599010467529297,0.0,0,0,0,Line processing failed: 'list' object cannot be interpreted as an integer
umeh_dhernangdri_high quality(1),umeh_dhernangdri_high quality(1) - page 3,Ume_Druma,layout,0.9,2.5,2.5,True,0.5,False,0,3.5828399658203125,0.0,0,0,0,Line processing failed: 'list' object cannot be interpreted as an integer
umeh_dhernangdri_high quality(1),umeh_dhernangdri_high quality(1) - page 3,Ume_Druma,layout,0.9,2.5,2.5,True,0.9,True,6,8.040600776672363,46.75,169,79,90,
umeh_dhernangdri_high quality(1),umeh_dhernangdri_high quality(1) - page 3,Ume_Druma,layout,0.9,2.5,2.5,False,0.1,False,0,3.4518086910247803,0.0,0,0,0,Line processing failed: 'list' object cannot be interpreted as an integer
umeh_dhernangdri_high quality(1),umeh_dhernangdri_high quality(1) - page 3,Ume_Druma,layout,0.9,2.5,2.5,False,0.25,False,0,3.50170636177063,0.0,0,0,0,Line processing failed: 'list' object cannot be interpreted as an integer
umeh_dhernangdri_high quality(1),umeh_dhernangdri_high quality(1) - page 3,Ume_Druma,layout,0.9,2.5,2.5,False,0.5,False,0,3.5972142219543457,0.0,0,0,0,Line processing failed: 'list' object cannot be interpreted as an integer
umeh_dhernangdri_high quality(1),umeh_dhernangdri_high quality(1) - page 3,Ume_Druma,layout,0.9,2.5,2.5,False,0.9,True,7,8.531189203262329,47.13,174,82,92,
umeh_dhernangdri_high quality(1),umeh_dhernangdri_high quality(1) - page 3,Ume_Druma,layout,0.9,2.5,3.5,True,0.1,False,0,3.3457539081573486,0.0,0,0,0,Line processing failed: 'list' object cannot be interpreted as an integer
umeh_dhernangdri_high quality(1),umeh_dhernangdri_high quality(1) - page 3,Ume_Druma,layout,0.9,2.5,3.5,True,0.25,False,0,3.4349093437194824,0.0,0,0,0,Line processing failed: 'list' object cannot be interpreted as an integer
umeh_dhernangdri_high quality(1),umeh_dhernangdri_high quality(1) - page 3,Ume_Druma,layout,0.9,2.5,3.5,True,0.5,False,0,3.5955817699432373,0.0,0,0,0,Line processing failed: 'list' object cannot be interpreted as an integer
umeh_dhernangdri_high quality(1),umeh_dhernangdri_high quality(1) - page 3,Ume_Druma,layout,0.9,2.5,3.5,True,0.9,True,6,8.845975637435913,42.22,90,38,52,
umeh_dhernangdri_high quality(1),umeh_dhernangdri_high quality(1) - page 3,Ume_Druma,layout,0.9,2.5,3.5,False,0.1,False,0,3.3370087146759033,0.0,0,0,0,Line processing failed: 'list' object cannot be interpreted as an integer
umeh_dhernangdri_high quality(1),umeh_dhernangdri_high quality(1) - page 3,Ume_Druma,layout,0.9,2.5,3.5,False,0.25,False,0,3.4258720874786377,0.0,0,0,0,Line processing failed: 'list' object cannot be interpreted as an integer
umeh_dhernangdri_high quality(1),umeh_dhernangdri_high quality(1) - page 3,Ume_Druma,layout,0.9,2.5,3.5,False,0.5,False,0,3.670901298522949,0.0,0,0,0,Line processing failed: 'list' object cannot be interpreted as an integer
umeh_dhernangdri_high quality(1),umeh_dhernangdri_high quality(1) - page 3,Ume_Druma,layout,0.9,2.5,3.5,False,0.9,True,7,10.425966262817383,45.28,106,48,58,
umeh_dhernangdri_high quality(1),umeh_dhernangdri_high quality(1) - page 3,Ume_Druma,layout,0.9,2.5,4.0,True,0.1,False,0,5.657870054244995,0.0,0,0,0,Line processing failed: 'list' object cannot be interpreted as an integer
umeh_dhernangdri_high quality(1),umeh_dhernangdri_high quality(1) - page 3,Ume_Druma,layout,0.9,2.5,4.0,True,0.25,False,0,3.443540573120117,0.0,0,0,0,Line processing failed: 'list' object cannot be interpreted as an integer
umeh_dhernangdri_high quality(1),umeh_dhernangdri_high quality(1) - page 3,Ume_Druma,layout,0.9,2.5,4.0,True,0.5,False,0,3.3521974086761475,0.0,0,0,0,Line processing failed: 'list' object cannot be interpreted as an integer
umeh_dhernangdri_high quality(1),umeh_dhernangdri_high quality(1) - page 3,Ume_Druma,layout,0.9,2.5,4.0,True,0.9,True,6,7.603227138519287,25.71,35,9,26,
umeh_dhernangdri_high quality(1),umeh_dhernangdri_high quality(1) - page 3,Ume_Druma,layout,0.9,2.5,4.0,False,0.1,False,0,3.333757162094116,0.0,0,0,0,Line processing failed: 'list' object cannot be interpreted as an integer
umeh_dhernangdri_high quality(1),umeh_dhernangdri_high quality(1) - page 3,Ume_Druma,layout,0.9,2.5,4.0,False,0.25,False,0,3.6242120265960693,0.0,0,0,0,Line processing failed: 'list' object cannot be interpreted as an integer
umeh_dhernangdri_high quality(1),umeh_dhernangdri_high quality(1) - page 3,Ume_Druma,layout,0.9,2.5,4.0,False,0.5,False,0,3.5819761753082275,0.0,0,0,0,Line processing failed: 'list' object cannot be interpreted as an integer
umeh_dhernangdri_high quality(1),umeh_dhernangdri_high quality(1) - page 3,Ume_Druma,layout,0.9,2.5,4.0,False,0.9,True,7,8.811378479003906,26.19,42,11,31,
umeh_dhernangdri_high quality(1),umeh_dhernangdri_high quality(1) - page 3,Ume_Druma,layout,0.9,2.5,5.0,True,0.1,False,0,3.3332834243774414,0.0,0,0,0,Line processing failed: 'list' object cannot be interpreted as an integer
umeh_dhernangdri_high quality(1),umeh_dhernangdri_high quality(1) - page 3,Ume_Druma,layout,0.9,2.5,5.0,True,0.25,False,0,3.404782772064209,0.0,0,0,0,Line processing failed: 'list' object cannot be interpreted as an integer
umeh_dhernangdri_high quality(1),umeh_dhernangdri_high quality(1) - page 3,Ume_Druma,layout,0.9,2.5,5.0,True,0.5,False,0,3.579667806625366,0.0,0,0,0,Line processing failed: 'list' object cannot be interpreted as an integer
umeh_dhernangdri_high quality(1),umeh_dhernangdri_high quality(1) - page 3,Ume_Druma,layout,0.9,2.5,5.0,True,0.9,True,6,5.437891244888306,50.0,2,1,1,
umeh_dhernangdri_high quality(1),umeh_dhernangdri_high quality(1) - page 3,Ume_Druma,layout,0.9,2.5,5.0,False,0.1,False,0,3.4875333309173584,0.0,0,0,0,Line processing failed: 'list' object cannot be interpreted as an integer
umeh_dhernangdri_high quality(1),umeh_dhernangdri_high quality(1) - page 3,Ume_Druma,layout,0.9,2.5,5.0,False,0.25,False,0,3.5733835697174072,0.0,0,0,0,Line processing failed: 'list' object cannot be interpreted as an integer
umeh_dhernangdri_high quality(1),umeh_dhernangdri_high quality(1) - page 3,Ume_Druma,layout,0.9,2.5,5.0,False,0.5,False,0,5.620311737060547,0.0,0,0,0,Line processing failed: 'list' object cannot be interpreted as an integer
umeh_dhernangdri_high quality(1),umeh_dhernangdri_high quality(1) - page 3,Ume_Druma,layout,0.9,2.5,5.0,False,0.9,True,7,5.274581432342529,33.33,3,1,2,
umeh_dhernangdri_high quality(1),umeh_dhernangdri_high quality(1) - page 3,Ume_Druma,layout,0.9,3.0,2.5,True,0.1,False,0,3.573117256164551,0.0,0,0,0,Line processing failed: 'list' object cannot be interpreted as an integer
umeh_dhernangdri_high quality(1),umeh_dhernangdri_high quality(1) - page 3,Ume_Druma,layout,0.9,3.0,2.5,True,0.25,False,0,3.5687055587768555,0.0,0,0,0,Line processing failed: 'list' object cannot be interpreted as an integer
umeh_dhernangdri_high quality(1),umeh_dhernangdri_high quality(1) - page 3,Ume_Druma,layout,0.9,3.0,2.5,True,0.5,False,0,3.563776731491089,0.0,0,0,0,Line processing failed: 'list' object cannot be interpreted as an integer
umeh_dhernangdri_high quality(1),umeh_dhernangdri_high quality(1) - page 3,Ume_Druma,layout,0.9,3.0,2.5,True,0.9,True,6,7.917439222335815,48.7,154,75,79,
umeh_dhernangdri_high quality(1),umeh_dhernangdri_high quality(1) - page 3,Ume_Druma,layout,0.9,3.0,2.5,False,0.1,False,0,3.3667314052581787,0.0,0,0,0,Line processing failed: 'list' object cannot be interpreted as an integer
umeh_dhernangdri_high quality(1),umeh_dhernangdri_high quality(1) - page 3,Ume_Druma,layout,0.9,3.0,2.5,False,0.25,False,0,3.490266799926758,0.0,0,0,0,Line processing failed: 'list' object cannot be interpreted as an integer
umeh_dhernangdri_high quality(1),umeh_dhernangdri_high quality(1) - page 3,Ume_Druma,layout,0.9,3.0,2.5,False,0.5,False,0,3.5906193256378174,0.0,0,0,0,Line processing failed: 'list' object cannot be interpreted as an integer
umeh_dhernangdri_high quality(1),umeh_dhernangdri_high quality(1) - page 3,Ume_Druma,layout,0.9,3.0,2.5,False,0.9,True,7,8.189211368560791,49.06,159,78,81,
umeh_dhernangdri_high quality(1),umeh_dhernangdri_high quality(1) - page 3,Ume_Druma,layout,0.9,3.0,3.5,True,0.1,False,0,3.336343765258789,0.0,0,0,0,Line processing failed: 'list' object cannot be interpreted as an integer
umeh_dhernangdri_high quality(1),umeh_dhernangdri_high quality(1) - page 3,Ume_Druma,layout,0.9,3.0,3.5,True,0.25,False,0,3.4466989040374756,0.0,0,0,0,Line processing failed: 'list' object cannot be interpreted as an integer
umeh_dhernangdri_high quality(1),umeh_dhernangdri_high quality(1) - page 3,Ume_Druma,layout,0.9,3.0,3.5,True,0.5,False,0,3.564363718032837,0.0,0,0,0,Line processing failed: 'list' object cannot be interpreted as an integer
umeh_dhernangdri_high quality(1),umeh_dhernangdri_high quality(1) - page 3,Ume_Druma,layout,0.9,3.0,3.5,True,0.9,True,6,8.60987114906311,42.53,87,37,50,
umeh_dhernangdri_high quality(1),umeh_dhernangdri_high quality(1) - page 3,Ume_Druma,layout,0.9,3.0,3.5,False,0.1,False,0,3.3319883346557617,0.0,0,0,0,Line processing failed: 'list' object cannot be interpreted as an integer
umeh_dhernangdri_high quality(1),umeh_dhernangdri_high quality(1) - page 3,Ume_Druma,layout,0.9,3.0,3.5,False,0.25,False,0,3.5180609226226807,0.0,0,0,0,Line processing failed: 'list' object cannot be interpreted as an integer
umeh_dhernangdri_high quality(1),umeh_dhernangdri_high quality(1) - page 3,Ume_Druma,layout,0.9,3.0,3.5,False,0.5,False,0,3.5636372566223145,0.0,0,0,0,Line processing failed: 'list' object cannot be interpreted as an integer
umeh_dhernangdri_high quality(1),umeh_dhernangdri_high quality(1) - page 3,Ume_Druma,layout,0.9,3.0,3.5,False,0.9,True,7,9.01723313331604,45.63,103,47,56,
umeh_dhernangdri_high quality(1),umeh_dhernangdri_high quality(1) - page 3,Ume_Druma,layout,0.9,3.0,4.0,True,0.1,False,0,3.3260154724121094,0.0,0,0,0,Line processing failed: 'list' object cannot be interpreted as an integer
umeh_dhernangdri_high quality(1),umeh_dhernangdri_high quality(1) - page 3,Ume_Druma,layout,0.9,3.0,4.0,True,0.25,False,0,3.4123425483703613,0.0,0,0,0,Line processing failed: 'list' object cannot be interpreted as an integer
umeh_dhernangdri_high quality(1),umeh_dhernangdri_high quality(1) - page 3,Ume_Druma,layout,0.9,3.0,4.0,True,0.5,False,0,3.5718257427215576,0.0,0,0,0,Line processing failed: 'list' object cannot be interpreted as an integer
umeh_dhernangdri_high quality(1),umeh_dhernangdri_high quality(1) - page 3,Ume_Druma,layout,0.9,3.0,4.0,True,0.9,True,6,7.796690464019775,31.25,32,10,22,
umeh_dhernangdri_high quality(1),umeh_dhernangdri_high quality(1) - page 3,Ume_Druma,layout,0.9,3.0,4.0,False,0.1,False,0,3.3455183506011963,0.0,0,0,0,Line processing failed: 'list' object cannot be interpreted as an integer
umeh_dhernangdri_high quality(1),umeh_dhernangdri_high quality(1) - page 3,Ume_Druma,layout,0.9,3.0,4.0,False,0.25,False,0,3.5074708461761475,0.0,0,0,0,Line processing failed: 'list' object cannot be interpreted as an integer
umeh_dhernangdri_high quality(1),umeh_dhernangdri_high quality(1) - page 3,Ume_Druma,layout,0.9,3.0,4.0,False,0.5,False,0,3.583950996398926,0.0,0,0,0,Line processing failed: 'list' object cannot be interpreted as an integer
umeh_dhernangdri_high quality(1),umeh_dhernangdri_high quality(1) - page 3,Ume_Druma,layout,0.9,3.0,4.0,False,0.9,True,7,9.138628244400024,30.77,39,12,27,
umeh_dhernangdri_high quality(1),umeh_dhernangdri_high quality(1) - page 3,Ume_Druma,layout,0.9,3.0,5.0,True,0.1,False,0,5.05328631401062,0.0,0,0,0,Line processing failed: 'list' object cannot be interpreted as an integer
umeh_dhernangdri_high quality(1),umeh_dhernangdri_high quality(1) - page 3,Ume_Druma,layout,0.9,3.0,5.0,True,0.25,False,0,3.386594533920288,0.0,0,0,0,Line processing failed: 'list' object cannot be interpreted as an integer
umeh_dhernangdri_high quality(1),umeh_dhernangdri_high quality(1) - page 3,Ume_Druma,layout,0.9,3.0,5.0,True,0.5,False,0,3.3249552249908447,0.0,0,0,0,Line processing failed: 'list' object cannot be interpreted as an integer
umeh_dhernangdri_high quality(1),umeh_dhernangdri_high quality(1) - page 3,Ume_Druma,layout,0.9,3.0,5.0,True,0.9,True,6,5.59794545173645,50.0,2,1,1,
umeh_dhernangdri_high quality(1),umeh_dhernangdri_high quality(1) - page 3,Ume_Druma,layout,0.9,3.0,5.0,False,0.1,False,0,3.4745254516601562,0.0,0,0,0,Line processing failed: 'list' object cannot be interpreted as an integer
umeh_dhernangdri_high quality(1),umeh_dhernangdri_high quality(1) - page 3,Ume_Druma,layout,0.9,3.0,5.0,False,0.25,False,0,3.5718722343444824,0.0,0,0,0,Line processing failed: 'list' object cannot be interpreted as an integer
umeh_dhernangdri_high quality(1),umeh_dhernangdri_high quality(1) - page 3,Ume_Druma,layout,0.9,3.0,5.0,False,0.5,False,0,3.608579158782959,0.0,0,0,0,Line processing failed: 'list' object cannot be interpreted as an integer
umeh_dhernangdri_high quality(1),umeh_dhernangdri_high quality(1) - page 3,Ume_Druma,layout,0.9,3.0,5.0,False,0.9,True,7,5.778056859970093,33.33,3,1,2,
umeh_dhernangdri_high quality(1),umeh_dhernangdri_high quality(1) - page 3,Ume_Petsuk,line,0.7,2.0,2.5,True,0.1,True,8,5.609472990036011,52.97,202,107,95,
umeh_dhernangdri_high quality(1),umeh_dhernangdri_high quality(1) - page 3,Ume_Petsuk,line,0.7,2.0,2.5,True,0.25,True,8,5.757201433181763,52.97,202,107,95,
umeh_dhernangdri_high quality(1),umeh_dhernangdri_high quality(1) - page 3,Ume_Petsuk,line,0.7,2.0,2.5,True,0.5,True,8,5.668796539306641,52.97,202,107,95,
umeh_dhernangdri_high quality(1),umeh_dhernangdri_high quality(1) - page 3,Ume_Petsuk,line,0.7,2.0,2.5,True,0.9,True,8,5.652184963226318,52.97,202,107,95,
umeh_dhernangdri_high quality(1),umeh_dhernangdri_high quality(1) - page 3,Ume_Petsuk,line,0.7,2.0,2.5,False,0.1,True,17,7.052874565124512,52.22,203,106,97,
umeh_dhernangdri_high quality(1),umeh_dhernangdri_high quality(1) - page 3,Ume_Petsuk,line,0.7,2.0,2.5,False,0.25,True,17,7.199598550796509,52.22,203,106,97,
umeh_dhernangdri_high quality(1),umeh_dhernangdri_high quality(1) - page 3,Ume_Petsuk,line,0.7,2.0,2.5,False,0.5,True,17,7.062087059020996,52.22,203,106,97,
umeh_dhernangdri_high quality(1),umeh_dhernangdri_high quality(1) - page 3,Ume_Petsuk,line,0.7,2.0,2.5,False,0.9,True,17,7.18914270401001,52.22,203,106,97,
umeh_dhernangdri_high quality(1),umeh_dhernangdri_high quality(1) - page 3,Ume_Petsuk,line,0.7,2.0,3.5,True,0.1,True,8,6.050590991973877,53.69,203,109,94,
umeh_dhernangdri_high quality(1),umeh_dhernangdri_high quality(1) - page 3,Ume_Petsuk,line,0.7,2.0,3.5,True,0.25,True,8,5.956973314285278,53.69,203,109,94,
umeh_dhernangdri_high quality(1),umeh_dhernangdri_high quality(1) - page 3,Ume_Petsuk,line,0.7,2.0,3.5,True,0.5,True,8,5.960167646408081,53.69,203,109,94,
umeh_dhernangdri_high quality(1),umeh_dhernangdri_high quality(1) - page 3,Ume_Petsuk,line,0.7,2.0,3.5,True,0.9,True,8,5.9455506801605225,53.69,203,109,94,
umeh_dhernangdri_high quality(1),umeh_dhernangdri_high quality(1) - page 3,Ume_Petsuk,line,0.7,2.0,3.5,False,0.1,True,17,7.288906812667847,53.43,204,109,95,
umeh_dhernangdri_high quality(1),umeh_dhernangdri_high quality(1) - page 3,Ume_Petsuk,line,0.7,2.0,3.5,False,0.25,True,17,7.375406503677368,53.43,204,109,95,
umeh_dhernangdri_high quality(1),umeh_dhernangdri_high quality(1) - page 3,Ume_Petsuk,line,0.7,2.0,3.5,False,0.5,True,17,7.468965291976929,53.43,204,109,95,
umeh_dhernangdri_high quality(1),umeh_dhernangdri_high quality(1) - page 3,Ume_Petsuk,line,0.7,2.0,3.5,False,0.9,True,17,9.969290971755981,53.43,204,109,95,
umeh_dhernangdri_high quality(1),umeh_dhernangdri_high quality(1) - page 3,Ume_Petsuk,line,0.7,2.0,4.0,True,0.1,True,8,6.082978010177612,53.88,206,111,95,
umeh_dhernangdri_high quality(1),umeh_dhernangdri_high quality(1) - page 3,Ume_Petsuk,line,0.7,2.0,4.0,True,0.25,True,8,6.083164215087891,53.88,206,111,95,
umeh_dhernangdri_high quality(1),umeh_dhernangdri_high quality(1) - page 3,Ume_Petsuk,line,0.7,2.0,4.0,True,0.5,True,8,6.250258684158325,53.88,206,111,95,
umeh_dhernangdri_high quality(1),umeh_dhernangdri_high quality(1) - page 3,Ume_Petsuk,line,0.7,2.0,4.0,True,0.9,True,8,6.15890097618103,53.88,206,111,95,
umeh_dhernangdri_high quality(1),umeh_dhernangdri_high quality(1) - page 3,Ume_Petsuk,line,0.7,2.0,4.0,False,0.1,True,17,7.528226375579834,52.43,206,108,98,
umeh_dhernangdri_high quality(1),umeh_dhernangdri_high quality(1) - page 3,Ume_Petsuk,line,0.7,2.0,4.0,False,0.25,True,17,7.584078550338745,52.43,206,108,98,
umeh_dhernangdri_high quality(1),umeh_dhernangdri_high quality(1) - page 3,Ume_Petsuk,line,0.7,2.0,4.0,False,0.5,True,17,7.670465707778931,52.43,206,108,98,
umeh_dhernangdri_high quality(1),umeh_dhernangdri_high quality(1) - page 3,Ume_Petsuk,line,0.7,2.0,4.0,False,0.9,True,17,7.584090948104858,52.43,206,108,98,
umeh_dhernangdri_high quality(1),umeh_dhernangdri_high quality(1) - page 3,Ume_Petsuk,line,0.7,2.0,5.0,True,0.1,True,8,6.917762279510498,52.97,202,107,95,
umeh_dhernangdri_high quality(1),umeh_dhernangdri_high quality(1) - page 3,Ume_Petsuk,line,0.7,2.0,5.0,True,0.25,True,8,6.928909778594971,52.97,202,107,95,
umeh_dhernangdri_high quality(1),umeh_dhernangdri_high quality(1) - page 3,Ume_Petsuk,line,0.7,2.0,5.0,True,0.5,True,8,6.743894338607788,52.97,202,107,95,
umeh_dhernangdri_high quality(1),umeh_dhernangdri_high quality(1) - page 3,Ume_Petsuk,line,0.7,2.0,5.0,True,0.9,True,8,6.789051294326782,52.97,202,107,95,
umeh_dhernangdri_high quality(1),umeh_dhernangdri_high quality(1) - page 3,Ume_Petsuk,line,0.7,2.0,5.0,False,0.1,True,17,8.191450834274292,51.78,197,102,95,
umeh_dhernangdri_high quality(1),umeh_dhernangdri_high quality(1) - page 3,Ume_Petsuk,line,0.7,2.0,5.0,False,0.25,True,17,8.095771312713623,51.78,197,102,95,
umeh_dhernangdri_high quality(1),umeh_dhernangdri_high quality(1) - page 3,Ume_Petsuk,line,0.7,2.0,5.0,False,0.5,True,17,8.183368682861328,51.78,197,102,95,
umeh_dhernangdri_high quality(1),umeh_dhernangdri_high quality(1) - page 3,Ume_Petsuk,line,0.7,2.0,5.0,False,0.9,True,17,8.104491472244263,51.78,197,102,95,
umeh_dhernangdri_high quality(1),umeh_dhernangdri_high quality(1) - page 3,Ume_Petsuk,line,0.7,2.5,2.5,True,0.1,True,8,5.752936601638794,52.97,202,107,95,
umeh_dhernangdri_high quality(1),umeh_dhernangdri_high quality(1) - page 3,Ume_Petsuk,line,0.7,2.5,2.5,True,0.25,True,8,5.84196662902832,52.97,202,107,95,
umeh_dhernangdri_high quality(1),umeh_dhernangdri_high quality(1) - page 3,Ume_Petsuk,line,0.7,2.5,2.5,True,0.5,True,8,5.82837986946106,52.97,202,107,95,
umeh_dhernangdri_high quality(1),umeh_dhernangdri_high quality(1) - page 3,Ume_Petsuk,line,0.7,2.5,2.5,True,0.9,True,8,7.151350975036621,52.97,202,107,95,
umeh_dhernangdri_high quality(1),umeh_dhernangdri_high quality(1) - page 3,Ume_Petsuk,line,0.7,2.5,2.5,False,0.1,True,17,7.049410820007324,52.22,203,106,97,
umeh_dhernangdri_high quality(1),umeh_dhernangdri_high quality(1) - page 3,Ume_Petsuk,line,0.7,2.5,2.5,False,0.25,True,17,7.2225425243377686,52.22,203,106,97,
umeh_dhernangdri_high quality(1),umeh_dhernangdri_high quality(1) - page 3,Ume_Petsuk,line,0.7,2.5,2.5,False,0.5,True,17,7.270235300064087,52.22,203,106,97,
umeh_dhernangdri_high quality(1),umeh_dhernangdri_high quality(1) - page 3,Ume_Petsuk,line,0.7,2.5,2.5,False,0.9,True,17,7.32713770866394,52.22,203,106,97,
umeh_dhernangdri_high quality(1),umeh_dhernangdri_high quality(1) - page 3,Ume_Petsuk,line,0.7,2.5,3.5,True,0.1,True,8,6.1334428787231445,53.69,203,109,94,
umeh_dhernangdri_high quality(1),umeh_dhernangdri_high quality(1) - page 3,Ume_Petsuk,line,0.7,2.5,3.5,True,0.25,True,8,6.076695680618286,53.69,203,109,94,
umeh_dhernangdri_high quality(1),umeh_dhernangdri_high quality(1) - page 3,Ume_Petsuk,line,0.7,2.5,3.5,True,0.5,True,8,6.105567932128906,53.69,203,109,94,
umeh_dhernangdri_high quality(1),umeh_dhernangdri_high quality(1) - page 3,Ume_Petsuk,line,0.7,2.5,3.5,True,0.9,True,8,6.1028032302856445,53.69,203,109,94,
umeh_dhernangdri_high quality(1),umeh_dhernangdri_high quality(1) - page 3,Ume_Petsuk,line,0.7,2.5,3.5,False,0.1,True,17,7.416841268539429,53.43,204,109,95,
umeh_dhernangdri_high quality(1),umeh_dhernangdri_high quality(1) - page 3,Ume_Petsuk,line,0.7,2.5,3.5,False,0.25,True,17,7.482378244400024,53.43,204,109,95,
umeh_dhernangdri_high quality(1),umeh_dhernangdri_high quality(1) - page 3,Ume_Petsuk,line,0.7,2.5,3.5,False,0.5,True,17,7.462010383605957,53.43,204,109,95,
umeh_dhernangdri_high quality(1),umeh_dhernangdri_high quality(1) - page 3,Ume_Petsuk,line,0.7,2.5,3.5,False,0.9,True,17,7.968741416931152,53.43,204,109,95,
umeh_dhernangdri_high quality(1),umeh_dhernangdri_high quality(1) - page 3,Ume_Petsuk,line,0.7,2.5,4.0,True,0.1,True,8,6.242298126220703,53.88,206,111,95,
umeh_dhernangdri_high quality(1),umeh_dhernangdri_high quality(1) - page 3,Ume_Petsuk,line,0.7,2.5,4.0,True,0.25,True,8,6.434274673461914,53.88,206,111,95,
umeh_dhernangdri_high quality(1),umeh_dhernangdri_high quality(1) - page 3,Ume_Petsuk,line,0.7,2.5,4.0,True,0.5,True,8,6.287916421890259,53.88,206,111,95,
umeh_dhernangdri_high quality(1),umeh_dhernangdri_high quality(1) - page 3,Ume_Petsuk,line,0.7,2.5,4.0,True,0.9,True,8,6.329908847808838,53.88,206,111,95,
umeh_dhernangdri_high quality(1),umeh_dhernangdri_high quality(1) - page 3,Ume_Petsuk,line,0.7,2.5,4.0,False,0.1,True,17,7.895725727081299,52.43,206,108,98,
umeh_dhernangdri_high quality(1),umeh_dhernangdri_high quality(1) - page 3,Ume_Petsuk,line,0.7,2.5,4.0,False,0.25,True,17,7.5593836307525635,52.43,206,108,98,
umeh_dhernangdri_high quality(1),umeh_dhernangdri_high quality(1) - page 3,Ume_Petsuk,line,0.7,2.5,4.0,False,0.5,True,17,7.654330253601074,52.43,206,108,98,
umeh_dhernangdri_high quality(1),umeh_dhernangdri_high quality(1) - page 3,Ume_Petsuk,line,0.7,2.5,4.0,False,0.9,True,17,7.7414937019348145,52.43,206,108,98,
umeh_dhernangdri_high quality(1),umeh_dhernangdri_high quality(1) - page 3,Ume_Petsuk,line,0.7,2.5,5.0,True,0.1,True,8,10.131521940231323,53.15,222,118,104,
umeh_dhernangdri_high quality(1),umeh_dhernangdri_high quality(1) - page 3,Ume_Petsuk,line,0.7,2.5,5.0,True,0.25,True,8,9.73669958114624,53.15,222,118,104,
umeh_dhernangdri_high quality(1),umeh_dhernangdri_high quality(1) - page 3,Ume_Petsuk,line,0.7,2.5,5.0,True,0.5,True,8,7.344620227813721,53.15,222,118,104,
umeh_dhernangdri_high quality(1),umeh_dhernangdri_high quality(1) - page 3,Ume_Petsuk,line,0.7,2.5,5.0,True,0.9,True,8,7.406009912490845,53.15,222,118,104,
umeh_dhernangdri_high quality(1),umeh_dhernangdri_high quality(1) - page 3,Ume_Petsuk,line,0.7,2.5,5.0,False,0.1,True,17,8.087174415588379,56.0,200,112,88,
umeh_dhernangdri_high quality(1),umeh_dhernangdri_high quality(1) - page 3,Ume_Petsuk,line,0.7,2.5,5.0,False,0.25,True,17,8.100278615951538,56.0,200,112,88,
umeh_dhernangdri_high quality(1),umeh_dhernangdri_high quality(1) - page 3,Ume_Petsuk,line,0.7,2.5,5.0,False,0.5,True,17,8.189038038253784,56.0,200,112,88,
umeh_dhernangdri_high quality(1),umeh_dhernangdri_high quality(1) - page 3,Ume_Petsuk,line,0.7,2.5,5.0,False,0.9,True,17,8.375218868255615,56.0,200,112,88,
umeh_dhernangdri_high quality(1),umeh_dhernangdri_high quality(1) - page 3,Ume_Petsuk,line,0.7,3.0,2.5,True,0.1,True,8,8.221205472946167,52.97,202,107,95,
umeh_dhernangdri_high quality(1),umeh_dhernangdri_high quality(1) - page 3,Ume_Petsuk,line,0.7,3.0,2.5,True,0.25,True,8,5.952030658721924,52.97,202,107,95,
umeh_dhernangdri_high quality(1),umeh_dhernangdri_high quality(1) - page 3,Ume_Petsuk,line,0.7,3.0,2.5,True,0.5,True,8,5.949127435684204,52.97,202,107,95,
umeh_dhernangdri_high quality(1),umeh_dhernangdri_high quality(1) - page 3,Ume_Petsuk,line,0.7,3.0,2.5,True,0.9,True,8,6.046619892120361,52.97,202,107,95,
umeh_dhernangdri_high quality(1),umeh_dhernangdri_high quality(1) - page 3,Ume_Petsuk,line,0.7,3.0,2.5,False,0.1,True,17,7.435447692871094,52.22,203,106,97,
umeh_dhernangdri_high quality(1),umeh_dhernangdri_high quality(1) - page 3,Ume_Petsuk,line,0.7,3.0,2.5,False,0.25,True,17,7.439655780792236,52.22,203,106,97,
umeh_dhernangdri_high quality(1),umeh_dhernangdri_high quality(1) - page 3,Ume_Petsuk,line,0.7,3.0,2.5,False,0.5,True,17,7.467809200286865,52.22,203,106,97,
umeh_dhernangdri_high quality(1),umeh_dhernangdri_high quality(1) - page 3,Ume_Petsuk,line,0.7,3.0,2.5,False,0.9,True,17,7.4520957469940186,52.22,203,106,97,
umeh_dhernangdri_high quality(1),umeh_dhernangdri_high quality(1) - page 3,Ume_Petsuk,line,0.7,3.0,3.5,True,0.1,True,8,8.555764198303223,53.69,203,109,94,
umeh_dhernangdri_high quality(1),umeh_dhernangdri_high quality(1) - page 3,Ume_Petsuk,line,0.7,3.0,3.5,True,0.25,True,8,6.222379922866821,53.69,203,109,94,
umeh_dhernangdri_high quality(1),umeh_dhernangdri_high quality(1) - page 3,Ume_Petsuk,line,0.7,3.0,3.5,True,0.5,True,8,6.25837254524231,53.69,203,109,94,
umeh_dhernangdri_high quality(1),umeh_dhernangdri_high quality(1) - page 3,Ume_Petsuk,line,0.7,3.0,3.5,True,0.9,True,8,6.352964878082275,53.69,203,109,94,
umeh_dhernangdri_high quality(1),umeh_dhernangdri_high quality(1) - page 3,Ume_Petsuk,line,0.7,3.0,3.5,False,0.1,True,17,7.688448429107666,53.43,204,109,95,
umeh_dhernangdri_high quality(1),umeh_dhernangdri_high quality(1) - page 3,Ume_Petsuk,line,0.7,3.0,3.5,False,0.25,True,17,8.52570390701294,53.43,204,109,95,
umeh_dhernangdri_high quality(1),umeh_dhernangdri_high quality(1) - page 3,Ume_Petsuk,line,0.7,3.0,3.5,False,0.5,True,17,7.561386346817017,53.43,204,109,95,
umeh_dhernangdri_high quality(1),umeh_dhernangdri_high quality(1) - page 3,Ume_Petsuk,line,0.7,3.0,3.5,False,0.9,True,17,7.682938814163208,53.43,204,109,95,
umeh_dhernangdri_high quality(1),umeh_dhernangdri_high quality(1) - page 3,Ume_Petsuk,line,0.7,3.0,4.0,True,0.1,True,8,6.686605215072632,53.88,206,111,95,
umeh_dhernangdri_high quality(1),umeh_dhernangdri_high quality(1) - page 3,Ume_Petsuk,line,0.7,3.0,4.0,True,0.25,True,8,6.5444114208221436,53.88,206,111,95,
umeh_dhernangdri_high quality(1),umeh_dhernangdri_high quality(1) - page 3,Ume_Petsuk,line,0.7,3.0,4.0,True,0.5,True,8,6.607502460479736,53.88,206,111,95,
umeh_dhernangdri_high quality(1),umeh_dhernangdri_high quality(1) - page 3,Ume_Petsuk,line,0.7,3.0,4.0,True,0.9,True,8,6.5812156200408936,53.88,206,111,95,
umeh_dhernangdri_high quality(1),umeh_dhernangdri_high quality(1) - page 3,Ume_Petsuk,line,0.7,3.0,4.0,False,0.1,True,17,8.178358316421509,52.43,206,108,98,
umeh_dhernangdri_high quality(1),umeh_dhernangdri_high quality(1) - page 3,Ume_Petsuk,line,0.7,3.0,4.0,False,0.25,True,17,7.813296318054199,52.43,206,108,98,
umeh_dhernangdri_high quality(1),umeh_dhernangdri_high quality(1) - page 3,Ume_Petsuk,line,0.7,3.0,4.0,False,0.5,True,17,7.894589900970459,52.43,206,108,98,
umeh_dhernangdri_high quality(1),umeh_dhernangdri_high quality(1) - page 3,Ume_Petsuk,line,0.7,3.0,4.0,False,0.9,True,17,7.8893797397613525,52.43,206,108,98,
umeh_dhernangdri_high quality(1),umeh_dhernangdri_high quality(1) - page 3,Ume_Petsuk,line,0.7,3.0,5.0,True,0.1,True,8,7.673259258270264,53.15,222,118,104,
umeh_dhernangdri_high quality(1),umeh_dhernangdri_high quality(1) - page 3,Ume_Petsuk,line,0.7,3.0,5.0,True,0.25,True,8,7.52612566947937,53.15,222,118,104,
umeh_dhernangdri_high quality(1),umeh_dhernangdri_high quality(1) - page 3,Ume_Petsuk,line,0.7,3.0,5.0,True,0.5,True,8,7.551328420639038,53.15,222,118,104,
umeh_dhernangdri_high quality(1),umeh_dhernangdri_high quality(1) - page 3,Ume_Petsuk,line,0.7,3.0,5.0,True,0.9,True,8,7.6961510181427,53.15,222,118,104,
umeh_dhernangdri_high quality(1),umeh_dhernangdri_high quality(1) - page 3,Ume_Petsuk,line,0.7,3.0,5.0,False,0.1,True,17,8.377553224563599,56.0,200,112,88,
umeh_dhernangdri_high quality(1),umeh_dhernangdri_high quality(1) - page 3,Ume_Petsuk,line,0.7,3.0,5.0,False,0.25,True,17,8.486294269561768,56.0,200,112,88,
umeh_dhernangdri_high quality(1),umeh_dhernangdri_high quality(1) - page 3,Ume_Petsuk,line,0.7,3.0,5.0,False,0.5,True,17,8.343161582946777,56.0,200,112,88,
umeh_dhernangdri_high quality(1),umeh_dhernangdri_high quality(1) - page 3,Ume_Petsuk,line,0.7,3.0,5.0,False,0.9,True,17,8.332383155822754,56.0,200,112,88,
umeh_dhernangdri_high quality(1),umeh_dhernangdri_high quality(1) - page 3,Ume_Petsuk,line,0.8,2.0,2.5,True,0.1,True,8,5.637200117111206,52.97,202,107,95,
umeh_dhernangdri_high quality(1),umeh_dhernangdri_high quality(1) - page 3,Ume_Petsuk,line,0.8,2.0,2.5,True,0.25,True,8,5.660581827163696,52.97,202,107,95,
umeh_dhernangdri_high quality(1),umeh_dhernangdri_high quality(1) - page 3,Ume_Petsuk,line,0.8,2.0,2.5,True,0.5,True,8,5.659862756729126,52.97,202,107,95,
umeh_dhernangdri_high quality(1),umeh_dhernangdri_high quality(1) - page 3,Ume_Petsuk,line,0.8,2.0,2.5,True,0.9,True,8,5.668639898300171,52.97,202,107,95,
umeh_dhernangdri_high quality(1),umeh_dhernangdri_high quality(1) - page 3,Ume_Petsuk,line,0.8,2.0,2.5,False,0.1,True,17,7.06545615196228,52.22,203,106,97,
umeh_dhernangdri_high quality(1),umeh_dhernangdri_high quality(1) - page 3,Ume_Petsuk,line,0.8,2.0,2.5,False,0.25,True,17,7.051630735397339,52.22,203,106,97,
umeh_dhernangdri_high quality(1),umeh_dhernangdri_high quality(1) - page 3,Ume_Petsuk,line,0.8,2.0,2.5,False,0.5,True,17,7.085006952285767,52.22,203,106,97,
umeh_dhernangdri_high quality(1),umeh_dhernangdri_high quality(1) - page 3,Ume_Petsuk,line,0.8,2.0,2.5,False,0.9,True,17,7.086055517196655,52.22,203,106,97,
umeh_dhernangdri_high quality(1),umeh_dhernangdri_high quality(1) - page 3,Ume_Petsuk,line,0.8,2.0,3.5,True,0.1,True,8,6.080977201461792,53.69,203,109,94,
umeh_dhernangdri_high quality(1),umeh_dhernangdri_high quality(1) - page 3,Ume_Petsuk,line,0.8,2.0,3.5,True,0.25,True,8,5.975342035293579,53.69,203,109,94,
umeh_dhernangdri_high quality(1),umeh_dhernangdri_high quality(1) - page 3,Ume_Petsuk,line,0.8,2.0,3.5,True,0.5,True,8,5.9585325717926025,53.69,203,109,94,
umeh_dhernangdri_high quality(1),umeh_dhernangdri_high quality(1) - page 3,Ume_Petsuk,line,0.8,2.0,3.5,True,0.9,True,8,5.893238306045532,53.69,203,109,94,
umeh_dhernangdri_high quality(1),umeh_dhernangdri_high quality(1) - page 3,Ume_Petsuk,line,0.8,2.0,3.5,False,0.1,True,17,7.329618453979492,53.43,204,109,95,
umeh_dhernangdri_high quality(1),umeh_dhernangdri_high quality(1) - page 3,Ume_Petsuk,line,0.8,2.0,3.5,False,0.25,True,17,7.349222660064697,53.43,204,109,95,
umeh_dhernangdri_high quality(1),umeh_dhernangdri_high quality(1) - page 3,Ume_Petsuk,line,0.8,2.0,3.5,False,0.5,True,17,7.3086748123168945,53.43,204,109,95,
umeh_dhernangdri_high quality(1),umeh_dhernangdri_high quality(1) - page 3,Ume_Petsuk,line,0.8,2.0,3.5,False,0.9,True,17,7.3158278465271,53.43,204,109,95,
umeh_dhernangdri_high quality(1),umeh_dhernangdri_high quality(1) - page 3,Ume_Petsuk,line,0.8,2.0,4.0,True,0.1,True,8,6.187470197677612,53.88,206,111,95,
umeh_dhernangdri_high quality(1),umeh_dhernangdri_high quality(1) - page 3,Ume_Petsuk,line,0.8,2.0,4.0,True,0.25,True,8,6.115405321121216,53.88,206,111,95,
umeh_dhernangdri_high quality(1),umeh_dhernangdri_high quality(1) - page 3,Ume_Petsuk,line,0.8,2.0,4.0,True,0.5,True,8,6.1153082847595215,53.88,206,111,95,
umeh_dhernangdri_high quality(1),umeh_dhernangdri_high quality(1) - page 3,Ume_Petsuk,line,0.8,2.0,4.0,True,0.9,True,8,6.260155439376831,53.88,206,111,95,
umeh_dhernangdri_high quality(1),umeh_dhernangdri_high quality(1) - page 3,Ume_Petsuk,line,0.8,2.0,4.0,False,0.1,True,17,7.460401773452759,52.43,206,108,98,
umeh_dhernangdri_high quality(1),umeh_dhernangdri_high quality(1) - page 3,Ume_Petsuk,line,0.8,2.0,4.0,False,0.25,True,17,7.825664520263672,52.43,206,108,98,
umeh_dhernangdri_high quality(1),umeh_dhernangdri_high quality(1) - page 3,Ume_Petsuk,line,0.8,2.0,4.0,False,0.5,True,17,7.427381753921509,52.43,206,108,98,
umeh_dhernangdri_high quality(1),umeh_dhernangdri_high quality(1) - page 3,Ume_Petsuk,line,0.8,2.0,4.0,False,0.9,True,17,7.603257417678833,52.43,206,108,98,
umeh_dhernangdri_high quality(1),umeh_dhernangdri_high quality(1) - page 3,Ume_Petsuk,line,0.8,2.0,5.0,True,0.1,True,8,6.787781715393066,52.97,202,107,95,
umeh_dhernangdri_high quality(1),umeh_dhernangdri_high quality(1) - page 3,Ume_Petsuk,line,0.8,2.0,5.0,True,0.25,True,8,6.701849699020386,52.97,202,107,95,
umeh_dhernangdri_high quality(1),umeh_dhernangdri_high quality(1) - page 3,Ume_Petsuk,line,0.8,2.0,5.0,True,0.5,True,8,6.717022180557251,52.97,202,107,95,
umeh_dhernangdri_high quality(1),umeh_dhernangdri_high quality(1) - page 3,Ume_Petsuk,line,0.8,2.0,5.0,True,0.9,True,8,6.8588244915008545,52.97,202,107,95,
umeh_dhernangdri_high quality(1),umeh_dhernangdri_high quality(1) - page 3,Ume_Petsuk,line,0.8,2.0,5.0,False,0.1,True,17,8.041261672973633,51.78,197,102,95,
umeh_dhernangdri_high quality(1),umeh_dhernangdri_high quality(1) - page 3,Ume_Petsuk,line,0.8,2.0,5.0,False,0.25,True,17,8.075738906860352,51.78,197,102,95,
umeh_dhernangdri_high quality(1),umeh_dhernangdri_high quality(1) - page 3,Ume_Petsuk,line,0.8,2.0,5.0,False,0.5,True,17,8.207546472549438,51.78,197,102,95,
umeh_dhernangdri_high quality(1),umeh_dhernangdri_high quality(1) - page 3,Ume_Petsuk,line,0.8,2.0,5.0,False,0.9,True,17,8.16085410118103,51.78,197,102,95,
umeh_dhernangdri_high quality(1),umeh_dhernangdri_high quality(1) - page 3,Ume_Petsuk,line,0.8,2.5,2.5,True,0.1,True,8,5.785740375518799,52.97,202,107,95,
umeh_dhernangdri_high quality(1),umeh_dhernangdri_high quality(1) - page 3,Ume_Petsuk,line,0.8,2.5,2.5,True,0.25,True,8,5.892217636108398,52.97,202,107,95,
umeh_dhernangdri_high quality(1),umeh_dhernangdri_high quality(1) - page 3,Ume_Petsuk,line,0.8,2.5,2.5,True,0.5,True,8,5.863084077835083,52.97,202,107,95,
umeh_dhernangdri_high quality(1),umeh_dhernangdri_high quality(1) - page 3,Ume_Petsuk,line,0.8,2.5,2.5,True,0.9,True,8,5.8936076164245605,52.97,202,107,95,
umeh_dhernangdri_high quality(1),umeh_dhernangdri_high quality(1) - page 3,Ume_Petsuk,line,0.8,2.5,2.5,False,0.1,True,17,7.438425779342651,52.22,203,106,97,
umeh_dhernangdri_high quality(1),umeh_dhernangdri_high quality(1) - page 3,Ume_Petsuk,line,0.8,2.5,2.5,False,0.25,True,17,7.405946493148804,52.22,203,106,97,
umeh_dhernangdri_high quality(1),umeh_dhernangdri_high quality(1) - page 3,Ume_Petsuk,line,0.8,2.5,2.5,False,0.5,True,17,7.294381856918335,52.22,203,106,97,
umeh_dhernangdri_high quality(1),umeh_dhernangdri_high quality(1) - page 3,Ume_Petsuk,line,0.8,2.5,2.5,False,0.9,True,17,7.303608417510986,52.22,203,106,97,
umeh_dhernangdri_high quality(1),umeh_dhernangdri_high quality(1) - page 3,Ume_Petsuk,line,0.8,2.5,3.5,True,0.1,True,8,6.186440706253052,53.69,203,109,94,
umeh_dhernangdri_high quality(1),umeh_dhernangdri_high quality(1) - page 3,Ume_Petsuk,line,0.8,2.5,3.5,True,0.25,True,8,6.145212888717651,53.69,203,109,94,
umeh_dhernangdri_high quality(1),umeh_dhernangdri_high quality(1) - page 3,Ume_Petsuk,line,0.8,2.5,3.5,True,0.5,True,8,6.116692781448364,53.69,203,109,94,
umeh_dhernangdri_high quality(1),umeh_dhernangdri_high quality(1) - page 3,Ume_Petsuk,line,0.8,2.5,3.5,True,0.9,True,8,6.143010139465332,53.69,203,109,94,
umeh_dhernangdri_high quality(1),umeh_dhernangdri_high quality(1) - page 3,Ume_Petsuk,line,0.8,2.5,3.5,False,0.1,True,17,7.544771194458008,53.43,204,109,95,
umeh_dhernangdri_high quality(1),umeh_dhernangdri_high quality(1) - page 3,Ume_Petsuk,line,0.8,2.5,3.5,False,0.25,True,17,7.5688316822052,53.43,204,109,95,
umeh_dhernangdri_high quality(1),umeh_dhernangdri_high quality(1) - page 3,Ume_Petsuk,line,0.8,2.5,3.5,False,0.5,True,17,7.534578323364258,53.43,204,109,95,
umeh_dhernangdri_high quality(1),umeh_dhernangdri_high quality(1) - page 3,Ume_Petsuk,line,0.8,2.5,3.5,False,0.9,True,17,7.574932813644409,53.43,204,109,95,
umeh_dhernangdri_high quality(1),umeh_dhernangdri_high quality(1) - page 3,Ume_Petsuk,line,0.8,2.5,4.0,True,0.1,True,8,8.607233762741089,53.88,206,111,95,
umeh_dhernangdri_high quality(1),umeh_dhernangdri_high quality(1) - page 3,Ume_Petsuk,line,0.8,2.5,4.0,True,0.25,True,8,6.24184775352478,53.88,206,111,95,
umeh_dhernangdri_high quality(1),umeh_dhernangdri_high quality(1) - page 3,Ume_Petsuk,line,0.8,2.5,4.0,True,0.5,True,8,6.25188946723938,53.88,206,111,95,
umeh_dhernangdri_high quality(1),umeh_dhernangdri_high quality(1) - page 3,Ume_Petsuk,line,0.8,2.5,4.0,True,0.9,True,8,6.454291105270386,53.88,206,111,95,
umeh_dhernangdri_high quality(1),umeh_dhernangdri_high quality(1) - page 3,Ume_Petsuk,line,0.8,2.5,4.0,False,0.1,True,17,7.717608213424683,52.43,206,108,98,
umeh_dhernangdri_high quality(1),umeh_dhernangdri_high quality(1) - page 3,Ume_Petsuk,line,0.8,2.5,4.0,False,0.25,True,17,7.801913738250732,52.43,206,108,98,
umeh_dhernangdri_high quality(1),umeh_dhernangdri_high quality(1) - page 3,Ume_Petsuk,line,0.8,2.5,4.0,False,0.5,True,17,7.772156000137329,52.43,206,108,98,
umeh_dhernangdri_high quality(1),umeh_dhernangdri_high quality(1) - page 3,Ume_Petsuk,line,0.8,2.5,4.0,False,0.9,True,17,7.692791700363159,52.43,206,108,98,
umeh_dhernangdri_high quality(1),umeh_dhernangdri_high quality(1) - page 3,Ume_Petsuk,line,0.8,2.5,5.0,True,0.1,True,8,7.362316370010376,53.15,222,118,104,
umeh_dhernangdri_high quality(1),umeh_dhernangdri_high quality(1) - page 3,Ume_Petsuk,line,0.8,2.5,5.0,True,0.25,True,8,7.544961214065552,53.15,222,118,104,
umeh_dhernangdri_high quality(1),umeh_dhernangdri_high quality(1) - page 3,Ume_Petsuk,line,0.8,2.5,5.0,True,0.5,True,8,7.2393412590026855,53.15,222,118,104,
umeh_dhernangdri_high quality(1),umeh_dhernangdri_high quality(1) - page 3,Ume_Petsuk,line,0.8,2.5,5.0,True,0.9,True,8,7.20801854133606,53.15,222,118,104,
umeh_dhernangdri_high quality(1),umeh_dhernangdri_high quality(1) - page 3,Ume_Petsuk,line,0.8,2.5,5.0,False,0.1,True,17,8.15604567527771,56.0,200,112,88,
umeh_dhernangdri_high quality(1),umeh_dhernangdri_high quality(1) - page 3,Ume_Petsuk,line,0.8,2.5,5.0,False,0.25,True,17,8.215203762054443,56.0,200,112,88,
umeh_dhernangdri_high quality(1),umeh_dhernangdri_high quality(1) - page 3,Ume_Petsuk,line,0.8,2.5,5.0,False,0.5,True,17,8.166234254837036,56.0,200,112,88,
umeh_dhernangdri_high quality(1),umeh_dhernangdri_high quality(1) - page 3,Ume_Petsuk,line,0.8,2.5,5.0,False,0.9,True,17,8.237906217575073,56.0,200,112,88,
umeh_dhernangdri_high quality(1),umeh_dhernangdri_high quality(1) - page 3,Ume_Petsuk,line,0.8,3.0,2.5,True,0.1,True,8,6.153262615203857,52.97,202,107,95,
umeh_dhernangdri_high quality(1),umeh_dhernangdri_high quality(1) - page 3,Ume_Petsuk,line,0.8,3.0,2.5,True,0.25,True,8,6.098231554031372,52.97,202,107,95,
umeh_dhernangdri_high quality(1),umeh_dhernangdri_high quality(1) - page 3,Ume_Petsuk,line,0.8,3.0,2.5,True,0.5,True,8,6.059128761291504,52.97,202,107,95,
umeh_dhernangdri_high quality(1),umeh_dhernangdri_high quality(1) - page 3,Ume_Petsuk,line,0.8,3.0,2.5,True,0.9,True,8,6.212967395782471,52.97,202,107,95,
umeh_dhernangdri_high quality(1),umeh_dhernangdri_high quality(1) - page 3,Ume_Petsuk,line,0.8,3.0,2.5,False,0.1,True,17,7.369164228439331,52.22,203,106,97,
umeh_dhernangdri_high quality(1),umeh_dhernangdri_high quality(1) - page 3,Ume_Petsuk,line,0.8,3.0,2.5,False,0.25,True,17,7.43011736869812,52.22,203,106,97,
umeh_dhernangdri_high quality(1),umeh_dhernangdri_high quality(1) - page 3,Ume_Petsuk,line,0.8,3.0,2.5,False,0.5,True,17,7.3969831466674805,52.22,203,106,97,
umeh_dhernangdri_high quality(1),umeh_dhernangdri_high quality(1) - page 3,Ume_Petsuk,line,0.8,3.0,2.5,False,0.9,True,17,7.4221532344818115,52.22,203,106,97,
umeh_dhernangdri_high quality(1),umeh_dhernangdri_high quality(1) - page 3,Ume_Petsuk,line,0.8,3.0,3.5,True,0.1,True,8,6.408501625061035,53.69,203,109,94,
umeh_dhernangdri_high quality(1),umeh_dhernangdri_high quality(1) - page 3,Ume_Petsuk,line,0.8,3.0,3.5,True,0.25,True,8,6.307981967926025,53.69,203,109,94,
umeh_dhernangdri_high quality(1),umeh_dhernangdri_high quality(1) - page 3,Ume_Petsuk,line,0.8,3.0,3.5,True,0.5,True,8,8.482389211654663,53.69,203,109,94,
umeh_dhernangdri_high quality(1),umeh_dhernangdri_high quality(1) - page 3,Ume_Petsuk,line,0.8,3.0,3.5,True,0.9,True,8,6.1585235595703125,53.69,203,109,94,
umeh_dhernangdri_high quality(1),umeh_dhernangdri_high quality(1) - page 3,Ume_Petsuk,line,0.8,3.0,3.5,False,0.1,True,17,7.453476667404175,53.43,204,109,95,
umeh_dhernangdri_high quality(1),umeh_dhernangdri_high quality(1) - page 3,Ume_Petsuk,line,0.8,3.0,3.5,False,0.25,True,17,7.608659267425537,53.43,204,109,95,
umeh_dhernangdri_high quality(1),umeh_dhernangdri_high quality(1) - page 3,Ume_Petsuk,line,0.8,3.0,3.5,False,0.5,True,17,7.72727108001709,53.43,204,109,95,
umeh_dhernangdri_high quality(1),umeh_dhernangdri_high quality(1) - page 3,Ume_Petsuk,line,0.8,3.0,3.5,False,0.9,True,17,7.722524404525757,53.43,204,109,95,
umeh_dhernangdri_high quality(1),umeh_dhernangdri_high quality(1) - page 3,Ume_Petsuk,line,0.8,3.0,4.0,True,0.1,True,8,6.716709613800049,53.88,206,111,95,
umeh_dhernangdri_high quality(1),umeh_dhernangdri_high quality(1) - page 3,Ume_Petsuk,line,0.8,3.0,4.0,True,0.25,True,8,6.490100860595703,53.88,206,111,95,
umeh_dhernangdri_high quality(1),umeh_dhernangdri_high quality(1) - page 3,Ume_Petsuk,line,0.8,3.0,4.0,True,0.5,True,8,6.471115589141846,53.88,206,111,95,
umeh_dhernangdri_high quality(1),umeh_dhernangdri_high quality(1) - page 3,Ume_Petsuk,line,0.8,3.0,4.0,True,0.9,True,8,6.6003663539886475,53.88,206,111,95,
umeh_dhernangdri_high quality(1),umeh_dhernangdri_high quality(1) - page 3,Ume_Petsuk,line,0.8,3.0,4.0,False,0.1,True,17,8.943281888961792,52.43,206,108,98,
umeh_dhernangdri_high quality(1),umeh_dhernangdri_high quality(1) - page 3,Ume_Petsuk,line,0.8,3.0,4.0,False,0.25,True,17,9.925041913986206,52.43,206,108,98,
umeh_dhernangdri_high quality(1),umeh_dhernangdri_high quality(1) - page 3,Ume_Petsuk,line,0.8,3.0,4.0,False,0.5,True,17,7.792450904846191,52.43,206,108,98,
umeh_dhernangdri_high quality(1),umeh_dhernangdri_high quality(1) - page 3,Ume_Petsuk,line,0.8,3.0,4.0,False,0.9,True,17,7.790080785751343,52.43,206,108,98,
umeh_dhernangdri_high quality(1),umeh_dhernangdri_high quality(1) - page 3,Ume_Petsuk,line,0.8,3.0,5.0,True,0.1,True,8,7.9108357429504395,53.15,222,118,104,
umeh_dhernangdri_high quality(1),umeh_dhernangdri_high quality(1) - page 3,Ume_Petsuk,line,0.8,3.0,5.0,True,0.25,True,8,7.551312446594238,53.15,222,118,104,
umeh_dhernangdri_high quality(1),umeh_dhernangdri_high quality(1) - page 3,Ume_Petsuk,line,0.8,3.0,5.0,True,0.5,True,8,7.570161819458008,53.15,222,118,104,
umeh_dhernangdri_high quality(1),umeh_dhernangdri_high quality(1) - page 3,Ume_Petsuk,line,0.8,3.0,5.0,True,0.9,True,8,7.55480432510376,53.15,222,118,104,
umeh_dhernangdri_high quality(1),umeh_dhernangdri_high quality(1) - page 3,Ume_Petsuk,line,0.8,3.0,5.0,False,0.1,True,17,8.575733661651611,56.0,200,112,88,
umeh_dhernangdri_high quality(1),umeh_dhernangdri_high quality(1) - page 3,Ume_Petsuk,line,0.8,3.0,5.0,False,0.25,True,17,9.85883092880249,56.0,200,112,88,
umeh_dhernangdri_high quality(1),umeh_dhernangdri_high quality(1) - page 3,Ume_Petsuk,line,0.8,3.0,5.0,False,0.5,True,17,8.49716854095459,56.0,200,112,88,
umeh_dhernangdri_high quality(1),umeh_dhernangdri_high quality(1) - page 3,Ume_Petsuk,line,0.8,3.0,5.0,False,0.9,True,17,8.438448905944824,56.0,200,112,88,
umeh_dhernangdri_high quality(1),umeh_dhernangdri_high quality(1) - page 3,Ume_Petsuk,line,0.9,2.0,2.5,True,0.1,True,8,5.558562517166138,52.97,202,107,95,
umeh_dhernangdri_high quality(1),umeh_dhernangdri_high quality(1) - page 3,Ume_Petsuk,line,0.9,2.0,2.5,True,0.25,True,8,5.731504917144775,52.97,202,107,95,
umeh_dhernangdri_high quality(1),umeh_dhernangdri_high quality(1) - page 3,Ume_Petsuk,line,0.9,2.0,2.5,True,0.5,True,8,5.70033597946167,52.97,202,107,95,
umeh_dhernangdri_high quality(1),umeh_dhernangdri_high quality(1) - page 3,Ume_Petsuk,line,0.9,2.0,2.5,True,0.9,True,8,5.704002141952515,52.97,202,107,95,
umeh_dhernangdri_high quality(1),umeh_dhernangdri_high quality(1) - page 3,Ume_Petsuk,line,0.9,2.0,2.5,False,0.1,True,17,7.135862827301025,52.22,203,106,97,
umeh_dhernangdri_high quality(1),umeh_dhernangdri_high quality(1) - page 3,Ume_Petsuk,line,0.9,2.0,2.5,False,0.25,True,17,8.031758785247803,52.22,203,106,97,
umeh_dhernangdri_high quality(1),umeh_dhernangdri_high quality(1) - page 3,Ume_Petsuk,line,0.9,2.0,2.5,False,0.5,True,17,7.080310821533203,52.22,203,106,97,
umeh_dhernangdri_high quality(1),umeh_dhernangdri_high quality(1) - page 3,Ume_Petsuk,line,0.9,2.0,2.5,False,0.9,True,17,7.134830474853516,52.22,203,106,97,
umeh_dhernangdri_high quality(1),umeh_dhernangdri_high quality(1) - page 3,Ume_Petsuk,line,0.9,2.0,3.5,True,0.1,True,8,6.092530727386475,53.69,203,109,94,
umeh_dhernangdri_high quality(1),umeh_dhernangdri_high quality(1) - page 3,Ume_Petsuk,line,0.9,2.0,3.5,True,0.25,True,8,5.984436750411987,53.69,203,109,94,
umeh_dhernangdri_high quality(1),umeh_dhernangdri_high quality(1) - page 3,Ume_Petsuk,line,0.9,2.0,3.5,True,0.5,True,8,6.005198001861572,53.69,203,109,94,
umeh_dhernangdri_high quality(1),umeh_dhernangdri_high quality(1) - page 3,Ume_Petsuk,line,0.9,2.0,3.5,True,0.9,True,8,6.000930070877075,53.69,203,109,94,
umeh_dhernangdri_high quality(1),umeh_dhernangdri_high quality(1) - page 3,Ume_Petsuk,line,0.9,2.0,3.5,False,0.1,True,17,7.492855072021484,53.43,204,109,95,
umeh_dhernangdri_high quality(1),umeh_dhernangdri_high quality(1) - page 3,Ume_Petsuk,line,0.9,2.0,3.5,False,0.25,True,17,10.039775371551514,53.43,204,109,95,
umeh_dhernangdri_high quality(1),umeh_dhernangdri_high quality(1) - page 3,Ume_Petsuk,line,0.9,2.0,3.5,False,0.5,True,17,7.4068427085876465,53.43,204,109,95,
umeh_dhernangdri_high quality(1),umeh_dhernangdri_high quality(1) - page 3,Ume_Petsuk,line,0.9,2.0,3.5,False,0.9,True,17,7.2384374141693115,53.43,204,109,95,
umeh_dhernangdri_high quality(1),umeh_dhernangdri_high quality(1) - page 3,Ume_Petsuk,line,0.9,2.0,4.0,True,0.1,True,8,6.278713226318359,53.88,206,111,95,
umeh_dhernangdri_high quality(1),umeh_dhernangdri_high quality(1) - page 3,Ume_Petsuk,line,0.9,2.0,4.0,True,0.25,True,8,6.211017370223999,53.88,206,111,95,
umeh_dhernangdri_high quality(1),umeh_dhernangdri_high quality(1) - page 3,Ume_Petsuk,line,0.9,2.0,4.0,True,0.5,True,8,8.766876935958862,53.88,206,111,95,
umeh_dhernangdri_high quality(1),umeh_dhernangdri_high quality(1) - page 3,Ume_Petsuk,line,0.9,2.0,4.0,True,0.9,True,8,6.080557346343994,53.88,206,111,95,
umeh_dhernangdri_high quality(1),umeh_dhernangdri_high quality(1) - page 3,Ume_Petsuk,line,0.9,2.0,4.0,False,0.1,True,17,7.365198373794556,52.43,206,108,98,
umeh_dhernangdri_high quality(1),umeh_dhernangdri_high quality(1) - page 3,Ume_Petsuk,line,0.9,2.0,4.0,False,0.25,True,17,10.44901990890503,52.43,206,108,98,
umeh_dhernangdri_high quality(1),umeh_dhernangdri_high quality(1) - page 3,Ume_Petsuk,line,0.9,2.0,4.0,False,0.5,True,17,7.426249980926514,52.43,206,108,98,
umeh_dhernangdri_high quality(1),umeh_dhernangdri_high quality(1) - page 3,Ume_Petsuk,line,0.9,2.0,4.0,False,0.9,True,17,7.630853652954102,52.43,206,108,98,
umeh_dhernangdri_high quality(1),umeh_dhernangdri_high quality(1) - page 3,Ume_Petsuk,line,0.9,2.0,5.0,True,0.1,True,8,6.64095401763916,52.97,202,107,95,
umeh_dhernangdri_high quality(1),umeh_dhernangdri_high quality(1) - page 3,Ume_Petsuk,line,0.9,2.0,5.0,True,0.25,True,8,6.6726908683776855,52.97,202,107,95,
umeh_dhernangdri_high quality(1),umeh_dhernangdri_high quality(1) - page 3,Ume_Petsuk,line,0.9,2.0,5.0,True,0.5,True,8,6.711101770401001,52.97,202,107,95,
umeh_dhernangdri_high quality(1),umeh_dhernangdri_high quality(1) - page 3,Ume_Petsuk,line,0.9,2.0,5.0,True,0.9,True,8,6.729006052017212,52.97,202,107,95,
umeh_dhernangdri_high quality(1),umeh_dhernangdri_high quality(1) - page 3,Ume_Petsuk,line,0.9,2.0,5.0,False,0.1,True,17,8.079342126846313,51.78,197,102,95,
umeh_dhernangdri_high quality(1),umeh_dhernangdri_high quality(1) - page 3,Ume_Petsuk,line,0.9,2.0,5.0,False,0.25,True,17,8.17948031425476,51.78,197,102,95,
umeh_dhernangdri_high quality(1),umeh_dhernangdri_high quality(1) - page 3,Ume_Petsuk,line,0.9,2.0,5.0,False,0.5,True,17,8.210876941680908,51.78,197,102,95,
umeh_dhernangdri_high quality(1),umeh_dhernangdri_high quality(1) - page 3,Ume_Petsuk,line,0.9,2.0,5.0,False,0.9,True,17,8.100667953491211,51.78,197,102,95,
umeh_dhernangdri_high quality(1),umeh_dhernangdri_high quality(1) - page 3,Ume_Petsuk,line,0.9,2.5,2.5,True,0.1,True,8,5.772357702255249,52.97,202,107,95,
umeh_dhernangdri_high quality(1),umeh_dhernangdri_high quality(1) - page 3,Ume_Petsuk,line,0.9,2.5,2.5,True,0.25,True,8,5.882751703262329,52.97,202,107,95,
umeh_dhernangdri_high quality(1),umeh_dhernangdri_high quality(1) - page 3,Ume_Petsuk,line,0.9,2.5,2.5,True,0.5,True,8,5.833645343780518,52.97,202,107,95,
umeh_dhernangdri_high quality(1),umeh_dhernangdri_high quality(1) - page 3,Ume_Petsuk,line,0.9,2.5,2.5,True,0.9,True,8,5.803974628448486,52.97,202,107,95,
umeh_dhernangdri_high quality(1),umeh_dhernangdri_high quality(1) - page 3,Ume_Petsuk,line,0.9,2.5,2.5,False,0.1,True,17,7.205682277679443,52.22,203,106,97,
umeh_dhernangdri_high quality(1),umeh_dhernangdri_high quality(1) - page 3,Ume_Petsuk,line,0.9,2.5,2.5,False,0.25,True,17,7.227330684661865,52.22,203,106,97,
umeh_dhernangdri_high quality(1),umeh_dhernangdri_high quality(1) - page 3,Ume_Petsuk,line,0.9,2.5,2.5,False,0.5,True,17,7.247564792633057,52.22,203,106,97,
umeh_dhernangdri_high quality(1),umeh_dhernangdri_high quality(1) - page 3,Ume_Petsuk,line,0.9,2.5,2.5,False,0.9,True,17,7.27989649772644,52.22,203,106,97,
umeh_dhernangdri_high quality(1),umeh_dhernangdri_high quality(1) - page 3,Ume_Petsuk,line,0.9,2.5,3.5,True,0.1,True,8,6.158584356307983,53.69,203,109,94,
umeh_dhernangdri_high quality(1),umeh_dhernangdri_high quality(1) - page 3,Ume_Petsuk,line,0.9,2.5,3.5,True,0.25,True,8,6.082363128662109,53.69,203,109,94,
umeh_dhernangdri_high quality(1),umeh_dhernangdri_high quality(1) - page 3,Ume_Petsuk,line,0.9,2.5,3.5,True,0.5,True,8,6.098413467407227,53.69,203,109,94,
umeh_dhernangdri_high quality(1),umeh_dhernangdri_high quality(1) - page 3,Ume_Petsuk,line,0.9,2.5,3.5,True,0.9,True,8,6.084475517272949,53.69,203,109,94,
umeh_dhernangdri_high quality(1),umeh_dhernangdri_high quality(1) - page 3,Ume_Petsuk,line,0.9,2.5,3.5,False,0.1,True,17,7.548425912857056,53.43,204,109,95,
umeh_dhernangdri_high quality(1),umeh_dhernangdri_high quality(1) - page 3,Ume_Petsuk,line,0.9,2.5,3.5,False,0.25,True,17,7.479550361633301,53.43,204,109,95,
umeh_dhernangdri_high quality(1),umeh_dhernangdri_high quality(1) - page 3,Ume_Petsuk,line,0.9,2.5,3.5,False,0.5,True,17,7.468982696533203,53.43,204,109,95,
umeh_dhernangdri_high quality(1),umeh_dhernangdri_high quality(1) - page 3,Ume_Petsuk,line,0.9,2.5,3.5,False,0.9,True,17,7.482079029083252,53.43,204,109,95,
umeh_dhernangdri_high quality(1),umeh_dhernangdri_high quality(1) - page 3,Ume_Petsuk,line,0.9,2.5,4.0,True,0.1,True,8,6.439286470413208,53.88,206,111,95,
umeh_dhernangdri_high quality(1),umeh_dhernangdri_high quality(1) - page 3,Ume_Petsuk,line,0.9,2.5,4.0,True,0.25,True,8,6.280587196350098,53.88,206,111,95,
umeh_dhernangdri_high quality(1),umeh_dhernangdri_high quality(1) - page 3,Ume_Petsuk,line,0.9,2.5,4.0,True,0.5,True,8,6.370344400405884,53.88,206,111,95,
umeh_dhernangdri_high quality(1),umeh_dhernangdri_high quality(1) - page 3,Ume_Petsuk,line,0.9,2.5,4.0,True,0.9,True,8,6.328930616378784,53.88,206,111,95,
umeh_dhernangdri_high quality(1),umeh_dhernangdri_high quality(1) - page 3,Ume_Petsuk,line,0.9,2.5,4.0,False,0.1,True,17,7.602638483047485,52.43,206,108,98,
umeh_dhernangdri_high quality(1),umeh_dhernangdri_high quality(1) - page 3,Ume_Petsuk,line,0.9,2.5,4.0,False,0.25,True,17,7.6629884243011475,52.43,206,108,98,
umeh_dhernangdri_high quality(1),umeh_dhernangdri_high quality(1) - page 3,Ume_Petsuk,line,0.9,2.5,4.0,False,0.5,True,17,7.728196620941162,52.43,206,108,98,
umeh_dhernangdri_high quality(1),umeh_dhernangdri_high quality(1) - page 3,Ume_Petsuk,line,0.9,2.5,4.0,False,0.9,True,17,8.053043365478516,52.43,206,108,98,
umeh_dhernangdri_high quality(1),umeh_dhernangdri_high quality(1) - page 3,Ume_Petsuk,line,0.9,2.5,5.0,True,0.1,True,8,7.418658018112183,53.15,222,118,104,
umeh_dhernangdri_high quality(1),umeh_dhernangdri_high quality(1) - page 3,Ume_Petsuk,line,0.9,2.5,5.0,True,0.25,True,8,10.090394496917725,53.15,222,118,104,
umeh_dhernangdri_high quality(1),umeh_dhernangdri_high quality(1) - page 3,Ume_Petsuk,line,0.9,2.5,5.0,True,0.5,True,8,9.662683963775635,53.15,222,118,104,
umeh_dhernangdri_high quality(1),umeh_dhernangdri_high quality(1) - page 3,Ume_Petsuk,line,0.9,2.5,5.0,True,0.9,True,8,7.250664234161377,53.15,222,118,104,
umeh_dhernangdri_high quality(1),umeh_dhernangdri_high quality(1) - page 3,Ume_Petsuk,line,0.9,2.5,5.0,False,0.1,True,17,8.282459497451782,56.0,200,112,88,
umeh_dhernangdri_high quality(1),umeh_dhernangdri_high quality(1) - page 3,Ume_Petsuk,line,0.9,2.5,5.0,False,0.25,True,17,8.22855019569397,56.0,200,112,88,
umeh_dhernangdri_high quality(1),umeh_dhernangdri_high quality(1) - page 3,Ume_Petsuk,line,0.9,2.5,5.0,False,0.5,True,17,8.224172830581665,56.0,200,112,88,
umeh_dhernangdri_high quality(1),umeh_dhernangdri_high quality(1) - page 3,Ume_Petsuk,line,0.9,2.5,5.0,False,0.9,True,17,8.25705623626709,56.0,200,112,88,
umeh_dhernangdri_high quality(1),umeh_dhernangdri_high quality(1) - page 3,Ume_Petsuk,line,0.9,3.0,2.5,True,0.1,True,8,6.462780714035034,52.97,202,107,95,
umeh_dhernangdri_high quality(1),umeh_dhernangdri_high quality(1) - page 3,Ume_Petsuk,line,0.9,3.0,2.5,True,0.25,True,8,5.908353328704834,52.97,202,107,95,
umeh_dhernangdri_high quality(1),umeh_dhernangdri_high quality(1) - page 3,Ume_Petsuk,line,0.9,3.0,2.5,True,0.5,True,8,6.114752769470215,52.97,202,107,95,
umeh_dhernangdri_high quality(1),umeh_dhernangdri_high quality(1) - page 3,Ume_Petsuk,line,0.9,3.0,2.5,True,0.9,True,8,6.053290605545044,52.97,202,107,95,
umeh_dhernangdri_high quality(1),umeh_dhernangdri_high quality(1) - page 3,Ume_Petsuk,line,0.9,3.0,2.5,False,0.1,True,17,7.410158157348633,52.22,203,106,97,
umeh_dhernangdri_high quality(1),umeh_dhernangdri_high quality(1) - page 3,Ume_Petsuk,line,0.9,3.0,2.5,False,0.25,True,17,7.385965824127197,52.22,203,106,97,
umeh_dhernangdri_high quality(1),umeh_dhernangdri_high quality(1) - page 3,Ume_Petsuk,line,0.9,3.0,2.5,False,0.5,True,17,7.451876640319824,52.22,203,106,97,
umeh_dhernangdri_high quality(1),umeh_dhernangdri_high quality(1) - page 3,Ume_Petsuk,line,0.9,3.0,2.5,False,0.9,True,17,7.430870532989502,52.22,203,106,97,
umeh_dhernangdri_high quality(1),umeh_dhernangdri_high quality(1) - page 3,Ume_Petsuk,line,0.9,3.0,3.5,True,0.1,True,8,6.465614080429077,53.69,203,109,94,
umeh_dhernangdri_high quality(1),umeh_dhernangdri_high quality(1) - page 3,Ume_Petsuk,line,0.9,3.0,3.5,True,0.25,True,8,6.299182415008545,53.69,203,109,94,
umeh_dhernangdri_high quality(1),umeh_dhernangdri_high quality(1) - page 3,Ume_Petsuk,line,0.9,3.0,3.5,True,0.5,True,8,6.249033689498901,53.69,203,109,94,
umeh_dhernangdri_high quality(1),umeh_dhernangdri_high quality(1) - page 3,Ume_Petsuk,line,0.9,3.0,3.5,True,0.9,True,8,6.296710729598999,53.69,203,109,94,
umeh_dhernangdri_high quality(1),umeh_dhernangdri_high quality(1) - page 3,Ume_Petsuk,line,0.9,3.0,3.5,False,0.1,True,17,10.528165340423584,53.43,204,109,95,
umeh_dhernangdri_high quality(1),umeh_dhernangdri_high quality(1) - page 3,Ume_Petsuk,line,0.9,3.0,3.5,False,0.25,True,17,10.817365169525146,53.43,204,109,95,
umeh_dhernangdri_high quality(1),umeh_dhernangdri_high quality(1) - page 3,Ume_Petsuk,line,0.9,3.0,3.5,False,0.5,True,17,10.83110761642456,53.43,204,109,95,
umeh_dhernangdri_high quality(1),umeh_dhernangdri_high quality(1) - page 3,Ume_Petsuk,line,0.9,3.0,3.5,False,0.9,True,17,10.499959230422974,53.43,204,109,95,
umeh_dhernangdri_high quality(1),umeh_dhernangdri_high quality(1) - page 3,Ume_Petsuk,line,0.9,3.0,4.0,True,0.1,True,8,6.369844913482666,53.88,206,111,95,
umeh_dhernangdri_high quality(1),umeh_dhernangdri_high quality(1) - page 3,Ume_Petsuk,line,0.9,3.0,4.0,True,0.25,True,8,6.376484632492065,53.88,206,111,95,
umeh_dhernangdri_high quality(1),umeh_dhernangdri_high quality(1) - page 3,Ume_Petsuk,line,0.9,3.0,4.0,True,0.5,True,8,6.452115535736084,53.88,206,111,95,
umeh_dhernangdri_high quality(1),umeh_dhernangdri_high quality(1) - page 3,Ume_Petsuk,line,0.9,3.0,4.0,True,0.9,True,8,6.662859916687012,53.88,206,111,95,
umeh_dhernangdri_high quality(1),umeh_dhernangdri_high quality(1) - page 3,Ume_Petsuk,line,0.9,3.0,4.0,False,0.1,True,17,10.30362606048584,52.43,206,108,98,
umeh_dhernangdri_high quality(1),umeh_dhernangdri_high quality(1) - page 3,Ume_Petsuk,line,0.9,3.0,4.0,False,0.25,True,17,8.007706880569458,52.43,206,108,98,
umeh_dhernangdri_high quality(1),umeh_dhernangdri_high quality(1) - page 3,Ume_Petsuk,line,0.9,3.0,4.0,False,0.5,True,17,7.687776327133179,52.43,206,108,98,
umeh_dhernangdri_high quality(1),umeh_dhernangdri_high quality(1) - page 3,Ume_Petsuk,line,0.9,3.0,4.0,False,0.9,True,17,7.744323015213013,52.43,206,108,98,
umeh_dhernangdri_high quality(1),umeh_dhernangdri_high quality(1) - page 3,Ume_Petsuk,line,0.9,3.0,5.0,True,0.1,True,8,7.435047149658203,53.15,222,118,104,
umeh_dhernangdri_high quality(1),umeh_dhernangdri_high quality(1) - page 3,Ume_Petsuk,line,0.9,3.0,5.0,True,0.25,True,8,7.427743673324585,53.15,222,118,104,
umeh_dhernangdri_high quality(1),umeh_dhernangdri_high quality(1) - page 3,Ume_Petsuk,line,0.9,3.0,5.0,True,0.5,True,8,7.406717777252197,53.15,222,118,104,
umeh_dhernangdri_high quality(1),umeh_dhernangdri_high quality(1) - page 3,Ume_Petsuk,line,0.9,3.0,5.0,True,0.9,True,8,7.632063150405884,53.15,222,118,104,
umeh_dhernangdri_high quality(1),umeh_dhernangdri_high quality(1) - page 3,Ume_Petsuk,line,0.9,3.0,5.0,False,0.1,True,17,10.5519437789917,56.0,200,112,88,
umeh_dhernangdri_high quality(1),umeh_dhernangdri_high quality(1) - page 3,Ume_Petsuk,line,0.9,3.0,5.0,False,0.25,True,17,8.973487615585327,56.0,200,112,88,
umeh_dhernangdri_high quality(1),umeh_dhernangdri_high quality(1) - page 3,Ume_Petsuk,line,0.9,3.0,5.0,False,0.5,True,17,8.445961952209473,56.0,200,112,88,
umeh_dhernangdri_high quality(1),umeh_dhernangdri_high quality(1) - page 3,Ume_Petsuk,line,0.9,3.0,5.0,False,0.9,True,17,8.334740400314331,56.0,200,112,88,
umeh_dhernangdri_high quality(1),umeh_dhernangdri_high quality(1) - page 3,Ume_Petsuk,layout,0.7,2.0,2.5,True,0.1,False,0,3.3276937007904053,0.0,0,0,0,Line processing failed: 'list' object cannot be interpreted as an integer
umeh_dhernangdri_high quality(1),umeh_dhernangdri_high quality(1) - page 3,Ume_Petsuk,layout,0.7,2.0,2.5,True,0.25,False,0,3.531140089035034,0.0,0,0,0,Line processing failed: 'list' object cannot be interpreted as an integer
umeh_dhernangdri_high quality(1),umeh_dhernangdri_high quality(1) - page 3,Ume_Petsuk,layout,0.7,2.0,2.5,True,0.5,False,0,3.614441156387329,0.0,0,0,0,Line processing failed: 'list' object cannot be interpreted as an integer
umeh_dhernangdri_high quality(1),umeh_dhernangdri_high quality(1) - page 3,Ume_Petsuk,layout,0.7,2.0,2.5,True,0.9,True,6,7.811329364776611,58.91,202,119,83,
umeh_dhernangdri_high quality(1),umeh_dhernangdri_high quality(1) - page 3,Ume_Petsuk,layout,0.7,2.0,2.5,False,0.1,False,0,3.3343868255615234,0.0,0,0,0,Line processing failed: 'list' object cannot be interpreted as an integer
umeh_dhernangdri_high quality(1),umeh_dhernangdri_high quality(1) - page 3,Ume_Petsuk,layout,0.7,2.0,2.5,False,0.25,False,0,3.5068576335906982,0.0,0,0,0,Line processing failed: 'list' object cannot be interpreted as an integer
umeh_dhernangdri_high quality(1),umeh_dhernangdri_high quality(1) - page 3,Ume_Petsuk,layout,0.7,2.0,2.5,False,0.5,False,0,3.580724000930786,0.0,0,0,0,Line processing failed: 'list' object cannot be interpreted as an integer
umeh_dhernangdri_high quality(1),umeh_dhernangdri_high quality(1) - page 3,Ume_Petsuk,layout,0.7,2.0,2.5,False,0.9,True,7,7.863516807556152,59.7,201,120,81,
umeh_dhernangdri_high quality(1),umeh_dhernangdri_high quality(1) - page 3,Ume_Petsuk,layout,0.7,2.0,3.5,True,0.1,False,0,3.330429792404175,0.0,0,0,0,Line processing failed: 'list' object cannot be interpreted as an integer
umeh_dhernangdri_high quality(1),umeh_dhernangdri_high quality(1) - page 3,Ume_Petsuk,layout,0.7,2.0,3.5,True,0.25,False,0,3.6518056392669678,0.0,0,0,0,Line processing failed: 'list' object cannot be interpreted as an integer
umeh_dhernangdri_high quality(1),umeh_dhernangdri_high quality(1) - page 3,Ume_Petsuk,layout,0.7,2.0,3.5,True,0.5,False,0,3.585508108139038,0.0,0,0,0,Line processing failed: 'list' object cannot be interpreted as an integer
umeh_dhernangdri_high quality(1),umeh_dhernangdri_high quality(1) - page 3,Ume_Petsuk,layout,0.7,2.0,3.5,True,0.9,True,6,11.874379396438599,39.16,143,56,87,
umeh_dhernangdri_high quality(1),umeh_dhernangdri_high quality(1) - page 3,Ume_Petsuk,layout,0.7,2.0,3.5,False,0.1,False,0,3.331852674484253,0.0,0,0,0,Line processing failed: 'list' object cannot be interpreted as an integer
umeh_dhernangdri_high quality(1),umeh_dhernangdri_high quality(1) - page 3,Ume_Petsuk,layout,0.7,2.0,3.5,False,0.25,False,0,3.338068723678589,0.0,0,0,0,Line processing failed: 'list' object cannot be interpreted as an integer
umeh_dhernangdri_high quality(1),umeh_dhernangdri_high quality(1) - page 3,Ume_Petsuk,layout,0.7,2.0,3.5,False,0.5,False,0,3.4306838512420654,0.0,0,0,0,Line processing failed: 'list' object cannot be interpreted as an integer
umeh_dhernangdri_high quality(1),umeh_dhernangdri_high quality(1) - page 3,Ume_Petsuk,layout,0.7,2.0,3.5,False,0.9,True,7,9.722057104110718,40.26,154,62,92,
umeh_dhernangdri_high quality(1),umeh_dhernangdri_high quality(1) - page 3,Ume_Petsuk,layout,0.7,2.0,4.0,True,0.1,False,0,3.350186347961426,0.0,0,0,0,Line processing failed: 'list' object cannot be interpreted as an integer
umeh_dhernangdri_high quality(1),umeh_dhernangdri_high quality(1) - page 3,Ume_Petsuk,layout,0.7,2.0,4.0,True,0.25,False,0,3.340519666671753,0.0,0,0,0,Line processing failed: 'list' object cannot be interpreted as an integer
umeh_dhernangdri_high quality(1),umeh_dhernangdri_high quality(1) - page 3,Ume_Petsuk,layout,0.7,2.0,4.0,True,0.5,False,0,3.5842738151550293,0.0,0,0,0,Line processing failed: 'list' object cannot be interpreted as an integer
umeh_dhernangdri_high quality(1),umeh_dhernangdri_high quality(1) - page 3,Ume_Petsuk,layout,0.7,2.0,4.0,True,0.9,True,6,9.072907447814941,45.28,53,24,29,
umeh_dhernangdri_high quality(1),umeh_dhernangdri_high quality(1) - page 3,Ume_Petsuk,layout,0.7,2.0,4.0,False,0.1,False,0,3.339797258377075,0.0,0,0,0,Line processing failed: 'list' object cannot be interpreted as an integer
umeh_dhernangdri_high quality(1),umeh_dhernangdri_high quality(1) - page 3,Ume_Petsuk,layout,0.7,2.0,4.0,False,0.25,False,0,3.4060251712799072,0.0,0,0,0,Line processing failed: 'list' object cannot be interpreted as an integer
umeh_dhernangdri_high quality(1),umeh_dhernangdri_high quality(1) - page 3,Ume_Petsuk,layout,0.7,2.0,4.0,False,0.5,False,0,3.6090328693389893,0.0,0,0,0,Line processing failed: 'list' object cannot be interpreted as an integer
umeh_dhernangdri_high quality(1),umeh_dhernangdri_high quality(1) - page 3,Ume_Petsuk,layout,0.7,2.0,4.0,False,0.9,True,7,9.986929416656494,42.62,61,26,35,
umeh_dhernangdri_high quality(1),umeh_dhernangdri_high quality(1) - page 3,Ume_Petsuk,layout,0.7,2.0,5.0,True,0.1,False,0,3.3399851322174072,0.0,0,0,0,Line processing failed: 'list' object cannot be interpreted as an integer
umeh_dhernangdri_high quality(1),umeh_dhernangdri_high quality(1) - page 3,Ume_Petsuk,layout,0.7,2.0,5.0,True,0.25,False,0,3.327420711517334,0.0,0,0,0,Line processing failed: 'list' object cannot be interpreted as an integer
umeh_dhernangdri_high quality(1),umeh_dhernangdri_high quality(1) - page 3,Ume_Petsuk,layout,0.7,2.0,5.0,True,0.5,False,0,3.7224206924438477,0.0,0,0,0,Line processing failed: 'list' object cannot be interpreted as an integer
umeh_dhernangdri_high quality(1),umeh_dhernangdri_high quality(1) - page 3,Ume_Petsuk,layout,0.7,2.0,5.0,True,0.9,True,6,7.9059669971466064,13.79,29,4,25,
umeh_dhernangdri_high quality(1),umeh_dhernangdri_high quality(1) - page 3,Ume_Petsuk,layout,0.7,2.0,5.0,False,0.1,False,0,3.3291497230529785,0.0,0,0,0,Line processing failed: 'list' object cannot be interpreted as an integer
umeh_dhernangdri_high quality(1),umeh_dhernangdri_high quality(1) - page 3,Ume_Petsuk,layout,0.7,2.0,5.0,False,0.25,False,0,3.4817941188812256,0.0,0,0,0,Line processing failed: 'list' object cannot be interpreted as an integer
umeh_dhernangdri_high quality(1),umeh_dhernangdri_high quality(1) - page 3,Ume_Petsuk,layout,0.7,2.0,5.0,False,0.5,False,0,3.584364175796509,0.0,0,0,0,Line processing failed: 'list' object cannot be interpreted as an integer
umeh_dhernangdri_high quality(1),umeh_dhernangdri_high quality(1) - page 3,Ume_Petsuk,layout,0.7,2.0,5.0,False,0.9,True,7,8.152668952941895,19.35,31,6,25,
umeh_dhernangdri_high quality(1),umeh_dhernangdri_high quality(1) - page 3,Ume_Petsuk,layout,0.7,2.5,2.5,True,0.1,False,0,3.3420071601867676,0.0,0,0,0,Line processing failed: 'list' object cannot be interpreted as an integer
umeh_dhernangdri_high quality(1),umeh_dhernangdri_high quality(1) - page 3,Ume_Petsuk,layout,0.7,2.5,2.5,True,0.25,False,0,3.4616587162017822,0.0,0,0,0,Line processing failed: 'list' object cannot be interpreted as an integer
umeh_dhernangdri_high quality(1),umeh_dhernangdri_high quality(1) - page 3,Ume_Petsuk,layout,0.7,2.5,2.5,True,0.5,False,0,3.593078851699829,0.0,0,0,0,Line processing failed: 'list' object cannot be interpreted as an integer
umeh_dhernangdri_high quality(1),umeh_dhernangdri_high quality(1) - page 3,Ume_Petsuk,layout,0.7,2.5,2.5,True,0.9,True,6,8.32667851448059,58.08,198,115,83,
umeh_dhernangdri_high quality(1),umeh_dhernangdri_high quality(1) - page 3,Ume_Petsuk,layout,0.7,2.5,2.5,False,0.1,False,0,3.3309075832366943,0.0,0,0,0,Line processing failed: 'list' object cannot be interpreted as an integer
umeh_dhernangdri_high quality(1),umeh_dhernangdri_high quality(1) - page 3,Ume_Petsuk,layout,0.7,2.5,2.5,False,0.25,False,0,3.502026081085205,0.0,0,0,0,Line processing failed: 'list' object cannot be interpreted as an integer
umeh_dhernangdri_high quality(1),umeh_dhernangdri_high quality(1) - page 3,Ume_Petsuk,layout,0.7,2.5,2.5,False,0.5,False,0,3.5884640216827393,0.0,0,0,0,Line processing failed: 'list' object cannot be interpreted as an integer
umeh_dhernangdri_high quality(1),umeh_dhernangdri_high quality(1) - page 3,Ume_Petsuk,layout,0.7,2.5,2.5,False,0.9,True,7,8.40150237083435,58.88,197,116,81,
umeh_dhernangdri_high quality(1),umeh_dhernangdri_high quality(1) - page 3,Ume_Petsuk,layout,0.7,2.5,3.5,True,0.1,False,0,3.790586233139038,0.0,0,0,0,Line processing failed: 'list' object cannot be interpreted as an integer
umeh_dhernangdri_high quality(1),umeh_dhernangdri_high quality(1) - page 3,Ume_Petsuk,layout,0.7,2.5,3.5,True,0.25,False,0,3.5110204219818115,0.0,0,0,0,Line processing failed: 'list' object cannot be interpreted as an integer
umeh_dhernangdri_high quality(1),umeh_dhernangdri_high quality(1) - page 3,Ume_Petsuk,layout,0.7,2.5,3.5,True,0.5,False,0,3.600060224533081,0.0,0,0,0,Line processing failed: 'list' object cannot be interpreted as an integer
umeh_dhernangdri_high quality(1),umeh_dhernangdri_high quality(1) - page 3,Ume_Petsuk,layout,0.7,2.5,3.5,True,0.9,True,6,9.967460632324219,39.16,143,56,87,
umeh_dhernangdri_high quality(1),umeh_dhernangdri_high quality(1) - page 3,Ume_Petsuk,layout,0.7,2.5,3.5,False,0.1,False,0,3.3293583393096924,0.0,0,0,0,Line processing failed: 'list' object cannot be interpreted as an integer
umeh_dhernangdri_high quality(1),umeh_dhernangdri_high quality(1) - page 3,Ume_Petsuk,layout,0.7,2.5,3.5,False,0.25,False,0,3.333254814147949,0.0,0,0,0,Line processing failed: 'list' object cannot be interpreted as an integer
umeh_dhernangdri_high quality(1),umeh_dhernangdri_high quality(1) - page 3,Ume_Petsuk,layout,0.7,2.5,3.5,False,0.5,False,0,3.550189971923828,0.0,0,0,0,Line processing failed: 'list' object cannot be interpreted as an integer
umeh_dhernangdri_high quality(1),umeh_dhernangdri_high quality(1) - page 3,Ume_Petsuk,layout,0.7,2.5,3.5,False,0.9,True,7,9.6737060546875,40.26,154,62,92,
umeh_dhernangdri_high quality(1),umeh_dhernangdri_high quality(1) - page 3,Ume_Petsuk,layout,0.7,2.5,4.0,True,0.1,False,0,3.3167452812194824,0.0,0,0,0,Line processing failed: 'list' object cannot be interpreted as an integer
umeh_dhernangdri_high quality(1),umeh_dhernangdri_high quality(1) - page 3,Ume_Petsuk,layout,0.7,2.5,4.0,True,0.25,False,0,3.3895208835601807,0.0,0,0,0,Line processing failed: 'list' object cannot be interpreted as an integer
umeh_dhernangdri_high quality(1),umeh_dhernangdri_high quality(1) - page 3,Ume_Petsuk,layout,0.7,2.5,4.0,True,0.5,False,0,3.584017276763916,0.0,0,0,0,Line processing failed: 'list' object cannot be interpreted as an integer
umeh_dhernangdri_high quality(1),umeh_dhernangdri_high quality(1) - page 3,Ume_Petsuk,layout,0.7,2.5,4.0,True,0.9,True,6,9.571128368377686,55.77,52,29,23,
umeh_dhernangdri_high quality(1),umeh_dhernangdri_high quality(1) - page 3,Ume_Petsuk,layout,0.7,2.5,4.0,False,0.1,False,0,3.318189859390259,0.0,0,0,0,Line processing failed: 'list' object cannot be interpreted as an integer
umeh_dhernangdri_high quality(1),umeh_dhernangdri_high quality(1) - page 3,Ume_Petsuk,layout,0.7,2.5,4.0,False,0.25,False,0,3.3233869075775146,0.0,0,0,0,Line processing failed: 'list' object cannot be interpreted as an integer
umeh_dhernangdri_high quality(1),umeh_dhernangdri_high quality(1) - page 3,Ume_Petsuk,layout,0.7,2.5,4.0,False,0.5,False,0,3.6283326148986816,0.0,0,0,0,Line processing failed: 'list' object cannot be interpreted as an integer
umeh_dhernangdri_high quality(1),umeh_dhernangdri_high quality(1) - page 3,Ume_Petsuk,layout,0.7,2.5,4.0,False,0.9,True,7,9.950382709503174,51.67,60,31,29,
umeh_dhernangdri_high quality(1),umeh_dhernangdri_high quality(1) - page 3,Ume_Petsuk,layout,0.7,2.5,5.0,True,0.1,False,0,3.324338912963867,0.0,0,0,0,Line processing failed: 'list' object cannot be interpreted as an integer
umeh_dhernangdri_high quality(1),umeh_dhernangdri_high quality(1) - page 3,Ume_Petsuk,layout,0.7,2.5,5.0,True,0.25,False,0,3.3233025074005127,0.0,0,0,0,Line processing failed: 'list' object cannot be interpreted as an integer
umeh_dhernangdri_high quality(1),umeh_dhernangdri_high quality(1) - page 3,Ume_Petsuk,layout,0.7,2.5,5.0,True,0.5,False,0,3.587794303894043,0.0,0,0,0,Line processing failed: 'list' object cannot be interpreted as an integer
umeh_dhernangdri_high quality(1),umeh_dhernangdri_high quality(1) - page 3,Ume_Petsuk,layout,0.7,2.5,5.0,True,0.9,True,6,7.87350058555603,34.62,26,9,17,
umeh_dhernangdri_high quality(1),umeh_dhernangdri_high quality(1) - page 3,Ume_Petsuk,layout,0.7,2.5,5.0,False,0.1,False,0,3.3934714794158936,0.0,0,0,0,Line processing failed: 'list' object cannot be interpreted as an integer
umeh_dhernangdri_high quality(1),umeh_dhernangdri_high quality(1) - page 3,Ume_Petsuk,layout,0.7,2.5,5.0,False,0.25,False,0,3.434312105178833,0.0,0,0,0,Line processing failed: 'list' object cannot be interpreted as an integer
umeh_dhernangdri_high quality(1),umeh_dhernangdri_high quality(1) - page 3,Ume_Petsuk,layout,0.7,2.5,5.0,False,0.5,False,0,3.573471784591675,0.0,0,0,0,Line processing failed: 'list' object cannot be interpreted as an integer
umeh_dhernangdri_high quality(1),umeh_dhernangdri_high quality(1) - page 3,Ume_Petsuk,layout,0.7,2.5,5.0,False,0.9,True,7,7.704758167266846,40.0,25,10,15,
umeh_dhernangdri_high quality(1),umeh_dhernangdri_high quality(1) - page 3,Ume_Petsuk,layout,0.7,3.0,2.5,True,0.1,False,0,3.320768117904663,0.0,0,0,0,Line processing failed: 'list' object cannot be interpreted as an integer
umeh_dhernangdri_high quality(1),umeh_dhernangdri_high quality(1) - page 3,Ume_Petsuk,layout,0.7,3.0,2.5,True,0.25,False,0,3.5398290157318115,0.0,0,0,0,Line processing failed: 'list' object cannot be interpreted as an integer
umeh_dhernangdri_high quality(1),umeh_dhernangdri_high quality(1) - page 3,Ume_Petsuk,layout,0.7,3.0,2.5,True,0.5,False,0,3.5742626190185547,0.0,0,0,0,Line processing failed: 'list' object cannot be interpreted as an integer
umeh_dhernangdri_high quality(1),umeh_dhernangdri_high quality(1) - page 3,Ume_Petsuk,layout,0.7,3.0,2.5,True,0.9,True,6,10.591483116149902,59.24,184,109,75,
umeh_dhernangdri_high quality(1),umeh_dhernangdri_high quality(1) - page 3,Ume_Petsuk,layout,0.7,3.0,2.5,False,0.1,False,0,3.3217358589172363,0.0,0,0,0,Line processing failed: 'list' object cannot be interpreted as an integer
umeh_dhernangdri_high quality(1),umeh_dhernangdri_high quality(1) - page 3,Ume_Petsuk,layout,0.7,3.0,2.5,False,0.25,False,0,3.3114848136901855,0.0,0,0,0,Line processing failed: 'list' object cannot be interpreted as an integer
umeh_dhernangdri_high quality(1),umeh_dhernangdri_high quality(1) - page 3,Ume_Petsuk,layout,0.7,3.0,2.5,False,0.5,False,0,3.488151788711548,0.0,0,0,0,Line processing failed: 'list' object cannot be interpreted as an integer
umeh_dhernangdri_high quality(1),umeh_dhernangdri_high quality(1) - page 3,Ume_Petsuk,layout,0.7,3.0,2.5,False,0.9,True,7,8.546575784683228,60.11,183,110,73,
umeh_dhernangdri_high quality(1),umeh_dhernangdri_high quality(1) - page 3,Ume_Petsuk,layout,0.7,3.0,3.5,True,0.1,False,0,3.324678659439087,0.0,0,0,0,Line processing failed: 'list' object cannot be interpreted as an integer
umeh_dhernangdri_high quality(1),umeh_dhernangdri_high quality(1) - page 3,Ume_Petsuk,layout,0.7,3.0,3.5,True,0.25,False,0,3.5070438385009766,0.0,0,0,0,Line processing failed: 'list' object cannot be interpreted as an integer
umeh_dhernangdri_high quality(1),umeh_dhernangdri_high quality(1) - page 3,Ume_Petsuk,layout,0.7,3.0,3.5,True,0.5,False,0,4.09648585319519,0.0,0,0,0,Line processing failed: 'list' object cannot be interpreted as an integer
umeh_dhernangdri_high quality(1),umeh_dhernangdri_high quality(1) - page 3,Ume_Petsuk,layout,0.7,3.0,3.5,True,0.9,True,6,9.560969352722168,38.52,135,52,83,
umeh_dhernangdri_high quality(1),umeh_dhernangdri_high quality(1) - page 3,Ume_Petsuk,layout,0.7,3.0,3.5,False,0.1,False,0,3.3165152072906494,0.0,0,0,0,Line processing failed: 'list' object cannot be interpreted as an integer
umeh_dhernangdri_high quality(1),umeh_dhernangdri_high quality(1) - page 3,Ume_Petsuk,layout,0.7,3.0,3.5,False,0.25,False,0,3.3425278663635254,0.0,0,0,0,Line processing failed: 'list' object cannot be interpreted as an integer
umeh_dhernangdri_high quality(1),umeh_dhernangdri_high quality(1) - page 3,Ume_Petsuk,layout,0.7,3.0,3.5,False,0.5,False,0,3.5819358825683594,0.0,0,0,0,Line processing failed: 'list' object cannot be interpreted as an integer
umeh_dhernangdri_high quality(1),umeh_dhernangdri_high quality(1) - page 3,Ume_Petsuk,layout,0.7,3.0,3.5,False,0.9,True,7,9.220988988876343,39.73,146,58,88,
umeh_dhernangdri_high quality(1),umeh_dhernangdri_high quality(1) - page 3,Ume_Petsuk,layout,0.7,3.0,4.0,True,0.1,False,0,3.314087390899658,0.0,0,0,0,Line processing failed: 'list' object cannot be interpreted as an integer
umeh_dhernangdri_high quality(1),umeh_dhernangdri_high quality(1) - page 3,Ume_Petsuk,layout,0.7,3.0,4.0,True,0.25,False,0,3.41599440574646,0.0,0,0,0,Line processing failed: 'list' object cannot be interpreted as an integer
umeh_dhernangdri_high quality(1),umeh_dhernangdri_high quality(1) - page 3,Ume_Petsuk,layout,0.7,3.0,4.0,True,0.5,False,0,3.5712108612060547,0.0,0,0,0,Line processing failed: 'list' object cannot be interpreted as an integer
umeh_dhernangdri_high quality(1),umeh_dhernangdri_high quality(1) - page 3,Ume_Petsuk,layout,0.7,3.0,4.0,True,0.9,True,6,9.596201419830322,50.0,50,25,25,
umeh_dhernangdri_high quality(1),umeh_dhernangdri_high quality(1) - page 3,Ume_Petsuk,layout,0.7,3.0,4.0,False,0.1,False,0,3.3506736755371094,0.0,0,0,0,Line processing failed: 'list' object cannot be interpreted as an integer
umeh_dhernangdri_high quality(1),umeh_dhernangdri_high quality(1) - page 3,Ume_Petsuk,layout,0.7,3.0,4.0,False,0.25,False,0,3.3428258895874023,0.0,0,0,0,Line processing failed: 'list' object cannot be interpreted as an integer
umeh_dhernangdri_high quality(1),umeh_dhernangdri_high quality(1) - page 3,Ume_Petsuk,layout,0.7,3.0,4.0,False,0.5,False,0,3.580453395843506,0.0,0,0,0,Line processing failed: 'list' object cannot be interpreted as an integer
umeh_dhernangdri_high quality(1),umeh_dhernangdri_high quality(1) - page 3,Ume_Petsuk,layout,0.7,3.0,4.0,False,0.9,True,7,10.1371750831604,46.55,58,27,31,
umeh_dhernangdri_high quality(1),umeh_dhernangdri_high quality(1) - page 3,Ume_Petsuk,layout,0.7,3.0,5.0,True,0.1,False,0,3.878720998764038,0.0,0,0,0,Line processing failed: 'list' object cannot be interpreted as an integer
umeh_dhernangdri_high quality(1),umeh_dhernangdri_high quality(1) - page 3,Ume_Petsuk,layout,0.7,3.0,5.0,True,0.25,False,0,3.318233013153076,0.0,0,0,0,Line processing failed: 'list' object cannot be interpreted as an integer
umeh_dhernangdri_high quality(1),umeh_dhernangdri_high quality(1) - page 3,Ume_Petsuk,layout,0.7,3.0,5.0,True,0.5,False,0,3.4679548740386963,0.0,0,0,0,Line processing failed: 'list' object cannot be interpreted as an integer
umeh_dhernangdri_high quality(1),umeh_dhernangdri_high quality(1) - page 3,Ume_Petsuk,layout,0.7,3.0,5.0,True,0.9,True,6,8.059911012649536,28.57,28,8,20,
umeh_dhernangdri_high quality(1),umeh_dhernangdri_high quality(1) - page 3,Ume_Petsuk,layout,0.7,3.0,5.0,False,0.1,False,0,3.32301664352417,0.0,0,0,0,Line processing failed: 'list' object cannot be interpreted as an integer
umeh_dhernangdri_high quality(1),umeh_dhernangdri_high quality(1) - page 3,Ume_Petsuk,layout,0.7,3.0,5.0,False,0.25,False,0,3.45670223236084,0.0,0,0,0,Line processing failed: 'list' object cannot be interpreted as an integer
umeh_dhernangdri_high quality(1),umeh_dhernangdri_high quality(1) - page 3,Ume_Petsuk,layout,0.7,3.0,5.0,False,0.5,False,0,3.568345546722412,0.0,0,0,0,Line processing failed: 'list' object cannot be interpreted as an integer
umeh_dhernangdri_high quality(1),umeh_dhernangdri_high quality(1) - page 3,Ume_Petsuk,layout,0.7,3.0,5.0,False,0.9,True,7,8.397215843200684,33.33,27,9,18,
umeh_dhernangdri_high quality(1),umeh_dhernangdri_high quality(1) - page 3,Ume_Petsuk,layout,0.8,2.0,2.5,True,0.1,False,0,4.960603713989258,0.0,0,0,0,Line processing failed: 'list' object cannot be interpreted as an integer
umeh_dhernangdri_high quality(1),umeh_dhernangdri_high quality(1) - page 3,Ume_Petsuk,layout,0.8,2.0,2.5,True,0.25,False,0,3.3408915996551514,0.0,0,0,0,Line processing failed: 'list' object cannot be interpreted as an integer
umeh_dhernangdri_high quality(1),umeh_dhernangdri_high quality(1) - page 3,Ume_Petsuk,layout,0.8,2.0,2.5,True,0.5,False,0,3.390486240386963,0.0,0,0,0,Line processing failed: 'list' object cannot be interpreted as an integer
umeh_dhernangdri_high quality(1),umeh_dhernangdri_high quality(1) - page 3,Ume_Petsuk,layout,0.8,2.0,2.5,True,0.9,True,6,7.666308164596558,58.91,202,119,83,
umeh_dhernangdri_high quality(1),umeh_dhernangdri_high quality(1) - page 3,Ume_Petsuk,layout,0.8,2.0,2.5,False,0.1,False,0,3.3704020977020264,0.0,0,0,0,Line processing failed: 'list' object cannot be interpreted as an integer
umeh_dhernangdri_high quality(1),umeh_dhernangdri_high quality(1) - page 3,Ume_Petsuk,layout,0.8,2.0,2.5,False,0.25,False,0,5.485586166381836,0.0,0,0,0,Line processing failed: 'list' object cannot be interpreted as an integer
umeh_dhernangdri_high quality(1),umeh_dhernangdri_high quality(1) - page 3,Ume_Petsuk,layout,0.8,2.0,2.5,False,0.5,False,0,3.4329938888549805,0.0,0,0,0,Line processing failed: 'list' object cannot be interpreted as an integer
umeh_dhernangdri_high quality(1),umeh_dhernangdri_high quality(1) - page 3,Ume_Petsuk,layout,0.8,2.0,2.5,False,0.9,True,7,7.727752685546875,59.7,201,120,81,
umeh_dhernangdri_high quality(1),umeh_dhernangdri_high quality(1) - page 3,Ume_Petsuk,layout,0.8,2.0,3.5,True,0.1,False,0,3.32496976852417,0.0,0,0,0,Line processing failed: 'list' object cannot be interpreted as an integer
umeh_dhernangdri_high quality(1),umeh_dhernangdri_high quality(1) - page 3,Ume_Petsuk,layout,0.8,2.0,3.5,True,0.25,False,0,3.5521230697631836,0.0,0,0,0,Line processing failed: 'list' object cannot be interpreted as an integer
umeh_dhernangdri_high quality(1),umeh_dhernangdri_high quality(1) - page 3,Ume_Petsuk,layout,0.8,2.0,3.5,True,0.5,False,0,3.5736348628997803,0.0,0,0,0,Line processing failed: 'list' object cannot be interpreted as an integer
umeh_dhernangdri_high quality(1),umeh_dhernangdri_high quality(1) - page 3,Ume_Petsuk,layout,0.8,2.0,3.5,True,0.9,True,6,9.732059717178345,39.16,143,56,87,
umeh_dhernangdri_high quality(1),umeh_dhernangdri_high quality(1) - page 3,Ume_Petsuk,layout,0.8,2.0,3.5,False,0.1,False,0,3.4173154830932617,0.0,0,0,0,Line processing failed: 'list' object cannot be interpreted as an integer
umeh_dhernangdri_high quality(1),umeh_dhernangdri_high quality(1) - page 3,Ume_Petsuk,layout,0.8,2.0,3.5,False,0.25,False,0,3.351566791534424,0.0,0,0,0,Line processing failed: 'list' object cannot be interpreted as an integer
umeh_dhernangdri_high quality(1),umeh_dhernangdri_high quality(1) - page 3,Ume_Petsuk,layout,0.8,2.0,3.5,False,0.5,False,0,3.5816586017608643,0.0,0,0,0,Line processing failed: 'list' object cannot be interpreted as an integer
umeh_dhernangdri_high quality(1),umeh_dhernangdri_high quality(1) - page 3,Ume_Petsuk,layout,0.8,2.0,3.5,False,0.9,True,7,9.751933336257935,40.26,154,62,92,
umeh_dhernangdri_high quality(1),umeh_dhernangdri_high quality(1) - page 3,Ume_Petsuk,layout,0.8,2.0,4.0,True,0.1,False,0,3.3303585052490234,0.0,0,0,0,Line processing failed: 'list' object cannot be interpreted as an integer
umeh_dhernangdri_high quality(1),umeh_dhernangdri_high quality(1) - page 3,Ume_Petsuk,layout,0.8,2.0,4.0,True,0.25,False,0,3.3294174671173096,0.0,0,0,0,Line processing failed: 'list' object cannot be interpreted as an integer
umeh_dhernangdri_high quality(1),umeh_dhernangdri_high quality(1) - page 3,Ume_Petsuk,layout,0.8,2.0,4.0,True,0.5,False,0,3.58105731010437,0.0,0,0,0,Line processing failed: 'list' object cannot be interpreted as an integer
umeh_dhernangdri_high quality(1),umeh_dhernangdri_high quality(1) - page 3,Ume_Petsuk,layout,0.8,2.0,4.0,True,0.9,True,6,9.043217658996582,45.28,53,24,29,
umeh_dhernangdri_high quality(1),umeh_dhernangdri_high quality(1) - page 3,Ume_Petsuk,layout,0.8,2.0,4.0,False,0.1,False,0,3.3337416648864746,0.0,0,0,0,Line processing failed: 'list' object cannot be interpreted as an integer
umeh_dhernangdri_high quality(1),umeh_dhernangdri_high quality(1) - page 3,Ume_Petsuk,layout,0.8,2.0,4.0,False,0.25,False,0,3.530381917953491,0.0,0,0,0,Line processing failed: 'list' object cannot be interpreted as an integer
umeh_dhernangdri_high quality(1),umeh_dhernangdri_high quality(1) - page 3,Ume_Petsuk,layout,0.8,2.0,4.0,False,0.5,False,0,3.583165168762207,0.0,0,0,0,Line processing failed: 'list' object cannot be interpreted as an integer
umeh_dhernangdri_high quality(1),umeh_dhernangdri_high quality(1) - page 3,Ume_Petsuk,layout,0.8,2.0,4.0,False,0.9,True,7,9.904151916503906,42.62,61,26,35,
umeh_dhernangdri_high quality(1),umeh_dhernangdri_high quality(1) - page 3,Ume_Petsuk,layout,0.8,2.0,5.0,True,0.1,False,0,3.4055938720703125,0.0,0,0,0,Line processing failed: 'list' object cannot be interpreted as an integer
umeh_dhernangdri_high quality(1),umeh_dhernangdri_high quality(1) - page 3,Ume_Petsuk,layout,0.8,2.0,5.0,True,0.25,False,0,3.333914041519165,0.0,0,0,0,Line processing failed: 'list' object cannot be interpreted as an integer
umeh_dhernangdri_high quality(1),umeh_dhernangdri_high quality(1) - page 3,Ume_Petsuk,layout,0.8,2.0,5.0,True,0.5,False,0,3.57499623298645,0.0,0,0,0,Line processing failed: 'list' object cannot be interpreted as an integer
umeh_dhernangdri_high quality(1),umeh_dhernangdri_high quality(1) - page 3,Ume_Petsuk,layout,0.8,2.0,5.0,True,0.9,True,6,7.970142602920532,13.79,29,4,25,
umeh_dhernangdri_high quality(1),umeh_dhernangdri_high quality(1) - page 3,Ume_Petsuk,layout,0.8,2.0,5.0,False,0.1,False,0,3.36246657371521,0.0,0,0,0,Line processing failed: 'list' object cannot be interpreted as an integer
umeh_dhernangdri_high quality(1),umeh_dhernangdri_high quality(1) - page 3,Ume_Petsuk,layout,0.8,2.0,5.0,False,0.25,False,0,3.4673664569854736,0.0,0,0,0,Line processing failed: 'list' object cannot be interpreted as an integer
umeh_dhernangdri_high quality(1),umeh_dhernangdri_high quality(1) - page 3,Ume_Petsuk,layout,0.8,2.0,5.0,False,0.5,False,0,3.588416814804077,0.0,0,0,0,Line processing failed: 'list' object cannot be interpreted as an integer
umeh_dhernangdri_high quality(1),umeh_dhernangdri_high quality(1) - page 3,Ume_Petsuk,layout,0.8,2.0,5.0,False,0.9,True,7,8.072746276855469,19.35,31,6,25,
umeh_dhernangdri_high quality(1),umeh_dhernangdri_high quality(1) - page 3,Ume_Petsuk,layout,0.8,2.5,2.5,True,0.1,False,0,3.3198893070220947,0.0,0,0,0,Line processing failed: 'list' object cannot be interpreted as an integer
umeh_dhernangdri_high quality(1),umeh_dhernangdri_high quality(1) - page 3,Ume_Petsuk,layout,0.8,2.5,2.5,True,0.25,False,0,3.4865565299987793,0.0,0,0,0,Line processing failed: 'list' object cannot be interpreted as an integer
umeh_dhernangdri_high quality(1),umeh_dhernangdri_high quality(1) - page 3,Ume_Petsuk,layout,0.8,2.5,2.5,True,0.5,False,0,3.578739881515503,0.0,0,0,0,Line processing failed: 'list' object cannot be interpreted as an integer
umeh_dhernangdri_high quality(1),umeh_dhernangdri_high quality(1) - page 3,Ume_Petsuk,layout,0.8,2.5,2.5,True,0.9,True,6,8.26547122001648,58.08,198,115,83,
umeh_dhernangdri_high quality(1),umeh_dhernangdri_high quality(1) - page 3,Ume_Petsuk,layout,0.8,2.5,2.5,False,0.1,False,0,3.423593282699585,0.0,0,0,0,Line processing failed: 'list' object cannot be interpreted as an integer
umeh_dhernangdri_high quality(1),umeh_dhernangdri_high quality(1) - page 3,Ume_Petsuk,layout,0.8,2.5,2.5,False,0.25,False,0,3.49574875831604,0.0,0,0,0,Line processing failed: 'list' object cannot be interpreted as an integer
umeh_dhernangdri_high quality(1),umeh_dhernangdri_high quality(1) - page 3,Ume_Petsuk,layout,0.8,2.5,2.5,False,0.5,False,0,3.6579647064208984,0.0,0,0,0,Line processing failed: 'list' object cannot be interpreted as an integer
umeh_dhernangdri_high quality(1),umeh_dhernangdri_high quality(1) - page 3,Ume_Petsuk,layout,0.8,2.5,2.5,False,0.9,True,7,8.208257675170898,58.88,197,116,81,
umeh_dhernangdri_high quality(1),umeh_dhernangdri_high quality(1) - page 3,Ume_Petsuk,layout,0.8,2.5,3.5,True,0.1,False,0,3.320267915725708,0.0,0,0,0,Line processing failed: 'list' object cannot be interpreted as an integer
umeh_dhernangdri_high quality(1),umeh_dhernangdri_high quality(1) - page 3,Ume_Petsuk,layout,0.8,2.5,3.5,True,0.25,False,0,3.5296146869659424,0.0,0,0,0,Line processing failed: 'list' object cannot be interpreted as an integer
umeh_dhernangdri_high quality(1),umeh_dhernangdri_high quality(1) - page 3,Ume_Petsuk,layout,0.8,2.5,3.5,True,0.5,False,0,3.5846869945526123,0.0,0,0,0,Line processing failed: 'list' object cannot be interpreted as an integer
umeh_dhernangdri_high quality(1),umeh_dhernangdri_high quality(1) - page 3,Ume_Petsuk,layout,0.8,2.5,3.5,True,0.9,True,6,9.735817193984985,39.16,143,56,87,
umeh_dhernangdri_high quality(1),umeh_dhernangdri_high quality(1) - page 3,Ume_Petsuk,layout,0.8,2.5,3.5,False,0.1,False,0,3.3155150413513184,0.0,0,0,0,Line processing failed: 'list' object cannot be interpreted as an integer
umeh_dhernangdri_high quality(1),umeh_dhernangdri_high quality(1) - page 3,Ume_Petsuk,layout,0.8,2.5,3.5,False,0.25,False,0,3.316211223602295,0.0,0,0,0,Line processing failed: 'list' object cannot be interpreted as an integer
umeh_dhernangdri_high quality(1),umeh_dhernangdri_high quality(1) - page 3,Ume_Petsuk,layout,0.8,2.5,3.5,False,0.5,False,0,3.590848922729492,0.0,0,0,0,Line processing failed: 'list' object cannot be interpreted as an integer
umeh_dhernangdri_high quality(1),umeh_dhernangdri_high quality(1) - page 3,Ume_Petsuk,layout,0.8,2.5,3.5,False,0.9,True,7,9.427141666412354,40.26,154,62,92,
umeh_dhernangdri_high quality(1),umeh_dhernangdri_high quality(1) - page 3,Ume_Petsuk,layout,0.8,2.5,4.0,True,0.1,False,0,3.3200509548187256,0.0,0,0,0,Line processing failed: 'list' object cannot be interpreted as an integer
umeh_dhernangdri_high quality(1),umeh_dhernangdri_high quality(1) - page 3,Ume_Petsuk,layout,0.8,2.5,4.0,True,0.25,False,0,3.408831834793091,0.0,0,0,0,Line processing failed: 'list' object cannot be interpreted as an integer
umeh_dhernangdri_high quality(1),umeh_dhernangdri_high quality(1) - page 3,Ume_Petsuk,layout,0.8,2.5,4.0,True,0.5,False,0,3.6633288860321045,0.0,0,0,0,Line processing failed: 'list' object cannot be interpreted as an integer
umeh_dhernangdri_high quality(1),umeh_dhernangdri_high quality(1) - page 3,Ume_Petsuk,layout,0.8,2.5,4.0,True,0.9,True,6,9.361806869506836,55.77,52,29,23,
umeh_dhernangdri_high quality(1),umeh_dhernangdri_high quality(1) - page 3,Ume_Petsuk,layout,0.8,2.5,4.0,False,0.1,False,0,5.658031463623047,0.0,0,0,0,Line processing failed: 'list' object cannot be interpreted as an integer
umeh_dhernangdri_high quality(1),umeh_dhernangdri_high quality(1) - page 3,Ume_Petsuk,layout,0.8,2.5,4.0,False,0.25,False,0,4.591610908508301,0.0,0,0,0,Line processing failed: 'list' object cannot be interpreted as an integer
umeh_dhernangdri_high quality(1),umeh_dhernangdri_high quality(1) - page 3,Ume_Petsuk,layout,0.8,2.5,4.0,False,0.5,False,0,3.31803035736084,0.0,0,0,0,Line processing failed: 'list' object cannot be interpreted as an integer
umeh_dhernangdri_high quality(1),umeh_dhernangdri_high quality(1) - page 3,Ume_Petsuk,layout,0.8,2.5,4.0,False,0.9,True,7,9.604628801345825,51.67,60,31,29,
umeh_dhernangdri_high quality(1),umeh_dhernangdri_high quality(1) - page 3,Ume_Petsuk,layout,0.8,2.5,5.0,True,0.1,False,0,3.325422525405884,0.0,0,0,0,Line processing failed: 'list' object cannot be interpreted as an integer
umeh_dhernangdri_high quality(1),umeh_dhernangdri_high quality(1) - page 3,Ume_Petsuk,layout,0.8,2.5,5.0,True,0.25,False,0,4.535488128662109,0.0,0,0,0,Line processing failed: 'list' object cannot be interpreted as an integer
umeh_dhernangdri_high quality(1),umeh_dhernangdri_high quality(1) - page 3,Ume_Petsuk,layout,0.8,2.5,5.0,True,0.5,False,0,3.3224620819091797,0.0,0,0,0,Line processing failed: 'list' object cannot be interpreted as an integer
umeh_dhernangdri_high quality(1),umeh_dhernangdri_high quality(1) - page 3,Ume_Petsuk,layout,0.8,2.5,5.0,True,0.9,True,6,7.830526351928711,34.62,26,9,17,
umeh_dhernangdri_high quality(1),umeh_dhernangdri_high quality(1) - page 3,Ume_Petsuk,layout,0.8,2.5,5.0,False,0.1,False,0,3.3258016109466553,0.0,0,0,0,Line processing failed: 'list' object cannot be interpreted as an integer
umeh_dhernangdri_high quality(1),umeh_dhernangdri_high quality(1) - page 3,Ume_Petsuk,layout,0.8,2.5,5.0,False,0.25,False,0,3.5197548866271973,0.0,0,0,0,Line processing failed: 'list' object cannot be interpreted as an integer
umeh_dhernangdri_high quality(1),umeh_dhernangdri_high quality(1) - page 3,Ume_Petsuk,layout,0.8,2.5,5.0,False,0.5,False,0,3.6236088275909424,0.0,0,0,0,Line processing failed: 'list' object cannot be interpreted as an integer
umeh_dhernangdri_high quality(1),umeh_dhernangdri_high quality(1) - page 3,Ume_Petsuk,layout,0.8,2.5,5.0,False,0.9,True,7,7.6427531242370605,40.0,25,10,15,
umeh_dhernangdri_high quality(1),umeh_dhernangdri_high quality(1) - page 3,Ume_Petsuk,layout,0.8,3.0,2.5,True,0.1,False,0,3.3183939456939697,0.0,0,0,0,Line processing failed: 'list' object cannot be interpreted as an integer
umeh_dhernangdri_high quality(1),umeh_dhernangdri_high quality(1) - page 3,Ume_Petsuk,layout,0.8,3.0,2.5,True,0.25,False,0,3.5844836235046387,0.0,0,0,0,Line processing failed: 'list' object cannot be interpreted as an integer
umeh_dhernangdri_high quality(1),umeh_dhernangdri_high quality(1) - page 3,Ume_Petsuk,layout,0.8,3.0,2.5,True,0.5,False,0,3.6920769214630127,0.0,0,0,0,Line processing failed: 'list' object cannot be interpreted as an integer
umeh_dhernangdri_high quality(1),umeh_dhernangdri_high quality(1) - page 3,Ume_Petsuk,layout,0.8,3.0,2.5,True,0.9,True,6,8.421240091323853,59.24,184,109,75,
umeh_dhernangdri_high quality(1),umeh_dhernangdri_high quality(1) - page 3,Ume_Petsuk,layout,0.8,3.0,2.5,False,0.1,False,0,3.316709280014038,0.0,0,0,0,Line processing failed: 'list' object cannot be interpreted as an integer
umeh_dhernangdri_high quality(1),umeh_dhernangdri_high quality(1) - page 3,Ume_Petsuk,layout,0.8,3.0,2.5,False,0.25,False,0,3.459050178527832,0.0,0,0,0,Line processing failed: 'list' object cannot be interpreted as an integer
umeh_dhernangdri_high quality(1),umeh_dhernangdri_high quality(1) - page 3,Ume_Petsuk,layout,0.8,3.0,2.5,False,0.5,False,0,3.5857961177825928,0.0,0,0,0,Line processing failed: 'list' object cannot be interpreted as an integer
umeh_dhernangdri_high quality(1),umeh_dhernangdri_high quality(1) - page 3,Ume_Petsuk,layout,0.8,3.0,2.5,False,0.9,True,7,8.6566801071167,60.11,183,110,73,
umeh_dhernangdri_high quality(1),umeh_dhernangdri_high quality(1) - page 3,Ume_Petsuk,layout,0.8,3.0,3.5,True,0.1,False,0,3.326751708984375,0.0,0,0,0,Line processing failed: 'list' object cannot be interpreted as an integer
umeh_dhernangdri_high quality(1),umeh_dhernangdri_high quality(1) - page 3,Ume_Petsuk,layout,0.8,3.0,3.5,True,0.25,False,0,3.4216697216033936,0.0,0,0,0,Line processing failed: 'list' object cannot be interpreted as an integer
umeh_dhernangdri_high quality(1),umeh_dhernangdri_high quality(1) - page 3,Ume_Petsuk,layout,0.8,3.0,3.5,True,0.5,False,0,3.584681987762451,0.0,0,0,0,Line processing failed: 'list' object cannot be interpreted as an integer
umeh_dhernangdri_high quality(1),umeh_dhernangdri_high quality(1) - page 3,Ume_Petsuk,layout,0.8,3.0,3.5,True,0.9,True,6,9.299712657928467,38.52,135,52,83,
umeh_dhernangdri_high quality(1),umeh_dhernangdri_high quality(1) - page 3,Ume_Petsuk,layout,0.8,3.0,3.5,False,0.1,False,0,3.3307862281799316,0.0,0,0,0,Line processing failed: 'list' object cannot be interpreted as an integer
umeh_dhernangdri_high quality(1),umeh_dhernangdri_high quality(1) - page 3,Ume_Petsuk,layout,0.8,3.0,3.5,False,0.25,False,0,3.4082159996032715,0.0,0,0,0,Line processing failed: 'list' object cannot be interpreted as an integer
umeh_dhernangdri_high quality(1),umeh_dhernangdri_high quality(1) - page 3,Ume_Petsuk,layout,0.8,3.0,3.5,False,0.5,False,0,3.612637996673584,0.0,0,0,0,Line processing failed: 'list' object cannot be interpreted as an integer
umeh_dhernangdri_high quality(1),umeh_dhernangdri_high quality(1) - page 3,Ume_Petsuk,layout,0.8,3.0,3.5,False,0.9,True,7,9.420401573181152,39.73,146,58,88,
umeh_dhernangdri_high quality(1),umeh_dhernangdri_high quality(1) - page 3,Ume_Petsuk,layout,0.8,3.0,4.0,True,0.1,False,0,3.3174638748168945,0.0,0,0,0,Line processing failed: 'list' object cannot be interpreted as an integer
umeh_dhernangdri_high quality(1),umeh_dhernangdri_high quality(1) - page 3,Ume_Petsuk,layout,0.8,3.0,4.0,True,0.25,False,0,3.519378662109375,0.0,0,0,0,Line processing failed: 'list' object cannot be interpreted as an integer
umeh_dhernangdri_high quality(1),umeh_dhernangdri_high quality(1) - page 3,Ume_Petsuk,layout,0.8,3.0,4.0,True,0.5,False,0,3.599395990371704,0.0,0,0,0,Line processing failed: 'list' object cannot be interpreted as an integer
umeh_dhernangdri_high quality(1),umeh_dhernangdri_high quality(1) - page 3,Ume_Petsuk,layout,0.8,3.0,4.0,True,0.9,True,6,9.72409439086914,50.0,50,25,25,
umeh_dhernangdri_high quality(1),umeh_dhernangdri_high quality(1) - page 3,Ume_Petsuk,layout,0.8,3.0,4.0,False,0.1,False,0,3.3422064781188965,0.0,0,0,0,Line processing failed: 'list' object cannot be interpreted as an integer
umeh_dhernangdri_high quality(1),umeh_dhernangdri_high quality(1) - page 3,Ume_Petsuk,layout,0.8,3.0,4.0,False,0.25,False,0,3.3452868461608887,0.0,0,0,0,Line processing failed: 'list' object cannot be interpreted as an integer
umeh_dhernangdri_high quality(1),umeh_dhernangdri_high quality(1) - page 3,Ume_Petsuk,layout,0.8,3.0,4.0,False,0.5,False,0,3.5984983444213867,0.0,0,0,0,Line processing failed: 'list' object cannot be interpreted as an integer
umeh_dhernangdri_high quality(1),umeh_dhernangdri_high quality(1) - page 3,Ume_Petsuk,layout,0.8,3.0,4.0,False,0.9,True,7,10.322139024734497,46.55,58,27,31,
umeh_dhernangdri_high quality(1),umeh_dhernangdri_high quality(1) - page 3,Ume_Petsuk,layout,0.8,3.0,5.0,True,0.1,False,0,3.340837001800537,0.0,0,0,0,Line processing failed: 'list' object cannot be interpreted as an integer
umeh_dhernangdri_high quality(1),umeh_dhernangdri_high quality(1) - page 3,Ume_Petsuk,layout,0.8,3.0,5.0,True,0.25,False,0,3.33813738822937,0.0,0,0,0,Line processing failed: 'list' object cannot be interpreted as an integer
umeh_dhernangdri_high quality(1),umeh_dhernangdri_high quality(1) - page 3,Ume_Petsuk,layout,0.8,3.0,5.0,True,0.5,False,0,3.596778631210327,0.0,0,0,0,Line processing failed: 'list' object cannot be interpreted as an integer
umeh_dhernangdri_high quality(1),umeh_dhernangdri_high quality(1) - page 3,Ume_Petsuk,layout,0.8,3.0,5.0,True,0.9,True,6,8.17015552520752,28.57,28,8,20,
umeh_dhernangdri_high quality(1),umeh_dhernangdri_high quality(1) - page 3,Ume_Petsuk,layout,0.8,3.0,5.0,False,0.1,False,0,3.329514741897583,0.0,0,0,0,Line processing failed: 'list' object cannot be interpreted as an integer
umeh_dhernangdri_high quality(1),umeh_dhernangdri_high quality(1) - page 3,Ume_Petsuk,layout,0.8,3.0,5.0,False,0.25,False,0,3.4733102321624756,0.0,0,0,0,Line processing failed: 'list' object cannot be interpreted as an integer
umeh_dhernangdri_high quality(1),umeh_dhernangdri_high quality(1) - page 3,Ume_Petsuk,layout,0.8,3.0,5.0,False,0.5,False,0,3.5900769233703613,0.0,0,0,0,Line processing failed: 'list' object cannot be interpreted as an integer
umeh_dhernangdri_high quality(1),umeh_dhernangdri_high quality(1) - page 3,Ume_Petsuk,layout,0.8,3.0,5.0,False,0.9,True,7,8.084057331085205,33.33,27,9,18,
umeh_dhernangdri_high quality(1),umeh_dhernangdri_high quality(1) - page 3,Ume_Petsuk,layout,0.9,2.0,2.5,True,0.1,False,0,3.456097364425659,0.0,0,0,0,Line processing failed: 'list' object cannot be interpreted as an integer
umeh_dhernangdri_high quality(1),umeh_dhernangdri_high quality(1) - page 3,Ume_Petsuk,layout,0.9,2.0,2.5,True,0.25,False,0,3.5276458263397217,0.0,0,0,0,Line processing failed: 'list' object cannot be interpreted as an integer
umeh_dhernangdri_high quality(1),umeh_dhernangdri_high quality(1) - page 3,Ume_Petsuk,layout,0.9,2.0,2.5,True,0.5,False,0,3.594957113265991,0.0,0,0,0,Line processing failed: 'list' object cannot be interpreted as an integer
umeh_dhernangdri_high quality(1),umeh_dhernangdri_high quality(1) - page 3,Ume_Petsuk,layout,0.9,2.0,2.5,True,0.9,True,6,7.843923568725586,58.91,202,119,83,
umeh_dhernangdri_high quality(1),umeh_dhernangdri_high quality(1) - page 3,Ume_Petsuk,layout,0.9,2.0,2.5,False,0.1,False,0,3.330902099609375,0.0,0,0,0,Line processing failed: 'list' object cannot be interpreted as an integer
umeh_dhernangdri_high quality(1),umeh_dhernangdri_high quality(1) - page 3,Ume_Petsuk,layout,0.9,2.0,2.5,False,0.25,False,0,3.548539161682129,0.0,0,0,0,Line processing failed: 'list' object cannot be interpreted as an integer
umeh_dhernangdri_high quality(1),umeh_dhernangdri_high quality(1) - page 3,Ume_Petsuk,layout,0.9,2.0,2.5,False,0.5,False,0,5.628843069076538,0.0,0,0,0,Line processing failed: 'list' object cannot be interpreted as an integer
umeh_dhernangdri_high quality(1),umeh_dhernangdri_high quality(1) - page 3,Ume_Petsuk,layout,0.9,2.0,2.5,False,0.9,True,7,10.148260831832886,59.7,201,120,81,
umeh_dhernangdri_high quality(1),umeh_dhernangdri_high quality(1) - page 3,Ume_Petsuk,layout,0.9,2.0,3.5,True,0.1,False,0,3.3351340293884277,0.0,0,0,0,Line processing failed: 'list' object cannot be interpreted as an integer
umeh_dhernangdri_high quality(1),umeh_dhernangdri_high quality(1) - page 3,Ume_Petsuk,layout,0.9,2.0,3.5,True,0.25,False,0,3.341094732284546,0.0,0,0,0,Line processing failed: 'list' object cannot be interpreted as an integer
umeh_dhernangdri_high quality(1),umeh_dhernangdri_high quality(1) - page 3,Ume_Petsuk,layout,0.9,2.0,3.5,True,0.5,False,0,3.4173383712768555,0.0,0,0,0,Line processing failed: 'list' object cannot be interpreted as an integer
umeh_dhernangdri_high quality(1),umeh_dhernangdri_high quality(1) - page 3,Ume_Petsuk,layout,0.9,2.0,3.5,True,0.9,True,6,9.800613164901733,39.16,143,56,87,
umeh_dhernangdri_high quality(1),umeh_dhernangdri_high quality(1) - page 3,Ume_Petsuk,layout,0.9,2.0,3.5,False,0.1,False,0,3.344672441482544,0.0,0,0,0,Line processing failed: 'list' object cannot be interpreted as an integer
umeh_dhernangdri_high quality(1),umeh_dhernangdri_high quality(1) - page 3,Ume_Petsuk,layout,0.9,2.0,3.5,False,0.25,False,0,3.3296561241149902,0.0,0,0,0,Line processing failed: 'list' object cannot be interpreted as an integer
umeh_dhernangdri_high quality(1),umeh_dhernangdri_high quality(1) - page 3,Ume_Petsuk,layout,0.9,2.0,3.5,False,0.5,False,0,3.589153528213501,0.0,0,0,0,Line processing failed: 'list' object cannot be interpreted as an integer
umeh_dhernangdri_high quality(1),umeh_dhernangdri_high quality(1) - page 3,Ume_Petsuk,layout,0.9,2.0,3.5,False,0.9,True,7,10.032533645629883,40.26,154,62,92,
umeh_dhernangdri_high quality(1),umeh_dhernangdri_high quality(1) - page 3,Ume_Petsuk,layout,0.9,2.0,4.0,True,0.1,False,0,5.626783847808838,0.0,0,0,0,Line processing failed: 'list' object cannot be interpreted as an integer
umeh_dhernangdri_high quality(1),umeh_dhernangdri_high quality(1) - page 3,Ume_Petsuk,layout,0.9,2.0,4.0,True,0.25,False,0,5.633992671966553,0.0,0,0,0,Line processing failed: 'list' object cannot be interpreted as an integer
umeh_dhernangdri_high quality(1),umeh_dhernangdri_high quality(1) - page 3,Ume_Petsuk,layout,0.9,2.0,4.0,True,0.5,False,0,3.9990110397338867,0.0,0,0,0,Line processing failed: 'list' object cannot be interpreted as an integer
umeh_dhernangdri_high quality(1),umeh_dhernangdri_high quality(1) - page 3,Ume_Petsuk,layout,0.9,2.0,4.0,True,0.9,True,6,9.159828186035156,45.28,53,24,29,
umeh_dhernangdri_high quality(1),umeh_dhernangdri_high quality(1) - page 3,Ume_Petsuk,layout,0.9,2.0,4.0,False,0.1,False,0,3.338688850402832,0.0,0,0,0,Line processing failed: 'list' object cannot be interpreted as an integer
umeh_dhernangdri_high quality(1),umeh_dhernangdri_high quality(1) - page 3,Ume_Petsuk,layout,0.9,2.0,4.0,False,0.25,False,0,3.332472085952759,0.0,0,0,0,Line processing failed: 'list' object cannot be interpreted as an integer
umeh_dhernangdri_high quality(1),umeh_dhernangdri_high quality(1) - page 3,Ume_Petsuk,layout,0.9,2.0,4.0,False,0.5,False,0,3.372603178024292,0.0,0,0,0,Line processing failed: 'list' object cannot be interpreted as an integer
umeh_dhernangdri_high quality(1),umeh_dhernangdri_high quality(1) - page 3,Ume_Petsuk,layout,0.9,2.0,4.0,False,0.9,True,7,10.08162236213684,42.62,61,26,35,
umeh_dhernangdri_high quality(1),umeh_dhernangdri_high quality(1) - page 3,Ume_Petsuk,layout,0.9,2.0,5.0,True,0.1,False,0,3.343507766723633,0.0,0,0,0,Line processing failed: 'list' object cannot be interpreted as an integer
umeh_dhernangdri_high quality(1),umeh_dhernangdri_high quality(1) - page 3,Ume_Petsuk,layout,0.9,2.0,5.0,True,0.25,False,0,3.329002618789673,0.0,0,0,0,Line processing failed: 'list' object cannot be interpreted as an integer
umeh_dhernangdri_high quality(1),umeh_dhernangdri_high quality(1) - page 3,Ume_Petsuk,layout,0.9,2.0,5.0,True,0.5,False,0,3.635709524154663,0.0,0,0,0,Line processing failed: 'list' object cannot be interpreted as an integer
umeh_dhernangdri_high quality(1),umeh_dhernangdri_high quality(1) - page 3,Ume_Petsuk,layout,0.9,2.0,5.0,True,0.9,True,6,7.606627464294434,13.79,29,4,25,
umeh_dhernangdri_high quality(1),umeh_dhernangdri_high quality(1) - page 3,Ume_Petsuk,layout,0.9,2.0,5.0,False,0.1,False,0,3.370915412902832,0.0,0,0,0,Line processing failed: 'list' object cannot be interpreted as an integer
umeh_dhernangdri_high quality(1),umeh_dhernangdri_high quality(1) - page 3,Ume_Petsuk,layout,0.9,2.0,5.0,False,0.25,False,0,3.5285449028015137,0.0,0,0,0,Line processing failed: 'list' object cannot be interpreted as an integer
umeh_dhernangdri_high quality(1),umeh_dhernangdri_high quality(1) - page 3,Ume_Petsuk,layout,0.9,2.0,5.0,False,0.5,False,0,3.7130188941955566,0.0,0,0,0,Line processing failed: 'list' object cannot be interpreted as an integer
umeh_dhernangdri_high quality(1),umeh_dhernangdri_high quality(1) - page 3,Ume_Petsuk,layout,0.9,2.0,5.0,False,0.9,True,7,7.998254299163818,19.35,31,6,25,
umeh_dhernangdri_high quality(1),umeh_dhernangdri_high quality(1) - page 3,Ume_Petsuk,layout,0.9,2.5,2.5,True,0.1,False,0,3.3137571811676025,0.0,0,0,0,Line processing failed: 'list' object cannot be interpreted as an integer
umeh_dhernangdri_high quality(1),umeh_dhernangdri_high quality(1) - page 3,Ume_Petsuk,layout,0.9,2.5,2.5,True,0.25,False,0,3.4784114360809326,0.0,0,0,0,Line processing failed: 'list' object cannot be interpreted as an integer
umeh_dhernangdri_high quality(1),umeh_dhernangdri_high quality(1) - page 3,Ume_Petsuk,layout,0.9,2.5,2.5,True,0.5,False,0,3.579299211502075,0.0,0,0,0,Line processing failed: 'list' object cannot be interpreted as an integer
umeh_dhernangdri_high quality(1),umeh_dhernangdri_high quality(1) - page 3,Ume_Petsuk,layout,0.9,2.5,2.5,True,0.9,True,6,8.121222496032715,58.08,198,115,83,
umeh_dhernangdri_high quality(1),umeh_dhernangdri_high quality(1) - page 3,Ume_Petsuk,layout,0.9,2.5,2.5,False,0.1,False,0,3.3185815811157227,0.0,0,0,0,Line processing failed: 'list' object cannot be interpreted as an integer
umeh_dhernangdri_high quality(1),umeh_dhernangdri_high quality(1) - page 3,Ume_Petsuk,layout,0.9,2.5,2.5,False,0.25,False,0,3.4905855655670166,0.0,0,0,0,Line processing failed: 'list' object cannot be interpreted as an integer
umeh_dhernangdri_high quality(1),umeh_dhernangdri_high quality(1) - page 3,Ume_Petsuk,layout,0.9,2.5,2.5,False,0.5,False,0,3.574143886566162,0.0,0,0,0,Line processing failed: 'list' object cannot be interpreted as an integer
umeh_dhernangdri_high quality(1),umeh_dhernangdri_high quality(1) - page 3,Ume_Petsuk,layout,0.9,2.5,2.5,False,0.9,True,7,8.263636350631714,58.88,197,116,81,
umeh_dhernangdri_high quality(1),umeh_dhernangdri_high quality(1) - page 3,Ume_Petsuk,layout,0.9,2.5,3.5,True,0.1,False,0,3.3208584785461426,0.0,0,0,0,Line processing failed: 'list' object cannot be interpreted as an integer
umeh_dhernangdri_high quality(1),umeh_dhernangdri_high quality(1) - page 3,Ume_Petsuk,layout,0.9,2.5,3.5,True,0.25,False,0,3.504220962524414,0.0,0,0,0,Line processing failed: 'list' object cannot be interpreted as an integer
umeh_dhernangdri_high quality(1),umeh_dhernangdri_high quality(1) - page 3,Ume_Petsuk,layout,0.9,2.5,3.5,True,0.5,False,0,3.574317693710327,0.0,0,0,0,Line processing failed: 'list' object cannot be interpreted as an integer
umeh_dhernangdri_high quality(1),umeh_dhernangdri_high quality(1) - page 3,Ume_Petsuk,layout,0.9,2.5,3.5,True,0.9,True,6,9.76471209526062,39.16,143,56,87,
umeh_dhernangdri_high quality(1),umeh_dhernangdri_high quality(1) - page 3,Ume_Petsuk,layout,0.9,2.5,3.5,False,0.1,False,0,3.3148396015167236,0.0,0,0,0,Line processing failed: 'list' object cannot be interpreted as an integer
umeh_dhernangdri_high quality(1),umeh_dhernangdri_high quality(1) - page 3,Ume_Petsuk,layout,0.9,2.5,3.5,False,0.25,False,0,3.4305527210235596,0.0,0,0,0,Line processing failed: 'list' object cannot be interpreted as an integer
umeh_dhernangdri_high quality(1),umeh_dhernangdri_high quality(1) - page 3,Ume_Petsuk,layout,0.9,2.5,3.5,False,0.5,False,0,5.603902339935303,0.0,0,0,0,Line processing failed: 'list' object cannot be interpreted as an integer
umeh_dhernangdri_high quality(1),umeh_dhernangdri_high quality(1) - page 3,Ume_Petsuk,layout,0.9,2.5,3.5,False,0.9,True,7,11.920836448669434,40.26,154,62,92,
umeh_dhernangdri_high quality(1),umeh_dhernangdri_high quality(1) - page 3,Ume_Petsuk,layout,0.9,2.5,4.0,True,0.1,False,0,5.603448390960693,0.0,0,0,0,Line processing failed: 'list' object cannot be interpreted as an integer
umeh_dhernangdri_high quality(1),umeh_dhernangdri_high quality(1) - page 3,Ume_Petsuk,layout,0.9,2.5,4.0,True,0.25,False,0,5.601766347885132,0.0,0,0,0,Line processing failed: 'list' object cannot be interpreted as an integer
umeh_dhernangdri_high quality(1),umeh_dhernangdri_high quality(1) - page 3,Ume_Petsuk,layout,0.9,2.5,4.0,True,0.5,False,0,5.603782892227173,0.0,0,0,0,Line processing failed: 'list' object cannot be interpreted as an integer
umeh_dhernangdri_high quality(1),umeh_dhernangdri_high quality(1) - page 3,Ume_Petsuk,layout,0.9,2.5,4.0,True,0.9,True,6,11.578657150268555,55.77,52,29,23,
umeh_dhernangdri_high quality(1),umeh_dhernangdri_high quality(1) - page 3,Ume_Petsuk,layout,0.9,2.5,4.0,False,0.1,False,0,5.606333494186401,0.0,0,0,0,Line processing failed: 'list' object cannot be interpreted as an integer
umeh_dhernangdri_high quality(1),umeh_dhernangdri_high quality(1) - page 3,Ume_Petsuk,layout,0.9,2.5,4.0,False,0.25,False,0,5.606328010559082,0.0,0,0,0,Line processing failed: 'list' object cannot be interpreted as an integer
umeh_dhernangdri_high quality(1),umeh_dhernangdri_high quality(1) - page 3,Ume_Petsuk,layout,0.9,2.5,4.0,False,0.5,False,0,3.531604528427124,0.0,0,0,0,Line processing failed: 'list' object cannot be interpreted as an integer
umeh_dhernangdri_high quality(1),umeh_dhernangdri_high quality(1) - page 3,Ume_Petsuk,layout,0.9,2.5,4.0,False,0.9,True,7,9.631231307983398,51.67,60,31,29,
umeh_dhernangdri_high quality(1),umeh_dhernangdri_high quality(1) - page 3,Ume_Petsuk,layout,0.9,2.5,5.0,True,0.1,False,0,3.3132362365722656,0.0,0,0,0,Line processing failed: 'list' object cannot be interpreted as an integer
umeh_dhernangdri_high quality(1),umeh_dhernangdri_high quality(1) - page 3,Ume_Petsuk,layout,0.9,2.5,5.0,True,0.25,False,0,3.3244357109069824,0.0,0,0,0,Line processing failed: 'list' object cannot be interpreted as an integer
umeh_dhernangdri_high quality(1),umeh_dhernangdri_high quality(1) - page 3,Ume_Petsuk,layout,0.9,2.5,5.0,True,0.5,False,0,3.3196961879730225,0.0,0,0,0,Line processing failed: 'list' object cannot be interpreted as an integer
umeh_dhernangdri_high quality(1),umeh_dhernangdri_high quality(1) - page 3,Ume_Petsuk,layout,0.9,2.5,5.0,True,0.9,True,6,10.296355724334717,34.62,26,9,17,
umeh_dhernangdri_high quality(1),umeh_dhernangdri_high quality(1) - page 3,Ume_Petsuk,layout,0.9,2.5,5.0,False,0.1,False,0,3.3276023864746094,0.0,0,0,0,Line processing failed: 'list' object cannot be interpreted as an integer
umeh_dhernangdri_high quality(1),umeh_dhernangdri_high quality(1) - page 3,Ume_Petsuk,layout,0.9,2.5,5.0,False,0.25,False,0,3.3134799003601074,0.0,0,0,0,Line processing failed: 'list' object cannot be interpreted as an integer
umeh_dhernangdri_high quality(1),umeh_dhernangdri_high quality(1) - page 3,Ume_Petsuk,layout,0.9,2.5,5.0,False,0.5,False,0,3.3592567443847656,0.0,0,0,0,Line processing failed: 'list' object cannot be interpreted as an integer
umeh_dhernangdri_high quality(1),umeh_dhernangdri_high quality(1) - page 3,Ume_Petsuk,layout,0.9,2.5,5.0,False,0.9,True,7,7.684007883071899,40.0,25,10,15,
umeh_dhernangdri_high quality(1),umeh_dhernangdri_high quality(1) - page 3,Ume_Petsuk,layout,0.9,3.0,2.5,True,0.1,False,0,3.316748857498169,0.0,0,0,0,Line processing failed: 'list' object cannot be interpreted as an integer
umeh_dhernangdri_high quality(1),umeh_dhernangdri_high quality(1) - page 3,Ume_Petsuk,layout,0.9,3.0,2.5,True,0.25,False,0,3.5573270320892334,0.0,0,0,0,Line processing failed: 'list' object cannot be interpreted as an integer
umeh_dhernangdri_high quality(1),umeh_dhernangdri_high quality(1) - page 3,Ume_Petsuk,layout,0.9,3.0,2.5,True,0.5,False,0,3.5685338973999023,0.0,0,0,0,Line processing failed: 'list' object cannot be interpreted as an integer
umeh_dhernangdri_high quality(1),umeh_dhernangdri_high quality(1) - page 3,Ume_Petsuk,layout,0.9,3.0,2.5,True,0.9,True,6,8.643824577331543,59.24,184,109,75,
umeh_dhernangdri_high quality(1),umeh_dhernangdri_high quality(1) - page 3,Ume_Petsuk,layout,0.9,3.0,2.5,False,0.1,False,0,3.444772481918335,0.0,0,0,0,Line processing failed: 'list' object cannot be interpreted as an integer
umeh_dhernangdri_high quality(1),umeh_dhernangdri_high quality(1) - page 3,Ume_Petsuk,layout,0.9,3.0,2.5,False,0.25,False,0,3.367400884628296,0.0,0,0,0,Line processing failed: 'list' object cannot be interpreted as an integer
umeh_dhernangdri_high quality(1),umeh_dhernangdri_high quality(1) - page 3,Ume_Petsuk,layout,0.9,3.0,2.5,False,0.5,False,0,3.574190855026245,0.0,0,0,0,Line processing failed: 'list' object cannot be interpreted as an integer
umeh_dhernangdri_high quality(1),umeh_dhernangdri_high quality(1) - page 3,Ume_Petsuk,layout,0.9,3.0,2.5,False,0.9,True,7,8.358620405197144,60.11,183,110,73,
umeh_dhernangdri_high quality(1),umeh_dhernangdri_high quality(1) - page 3,Ume_Petsuk,layout,0.9,3.0,3.5,True,0.1,False,0,3.3956236839294434,0.0,0,0,0,Line processing failed: 'list' object cannot be interpreted as an integer
umeh_dhernangdri_high quality(1),umeh_dhernangdri_high quality(1) - page 3,Ume_Petsuk,layout,0.9,3.0,3.5,True,0.25,False,0,3.504540205001831,0.0,0,0,0,Line processing failed: 'list' object cannot be interpreted as an integer
umeh_dhernangdri_high quality(1),umeh_dhernangdri_high quality(1) - page 3,Ume_Petsuk,layout,0.9,3.0,3.5,True,0.5,False,0,3.5691545009613037,0.0,0,0,0,Line processing failed: 'list' object cannot be interpreted as an integer
umeh_dhernangdri_high quality(1),umeh_dhernangdri_high quality(1) - page 3,Ume_Petsuk,layout,0.9,3.0,3.5,True,0.9,True,6,9.258689880371094,38.52,135,52,83,
umeh_dhernangdri_high quality(1),umeh_dhernangdri_high quality(1) - page 3,Ume_Petsuk,layout,0.9,3.0,3.5,False,0.1,False,0,3.4979898929595947,0.0,0,0,0,Line processing failed: 'list' object cannot be interpreted as an integer
umeh_dhernangdri_high quality(1),umeh_dhernangdri_high quality(1) - page 3,Ume_Petsuk,layout,0.9,3.0,3.5,False,0.25,False,0,3.402754306793213,0.0,0,0,0,Line processing failed: 'list' object cannot be interpreted as an integer
umeh_dhernangdri_high quality(1),umeh_dhernangdri_high quality(1) - page 3,Ume_Petsuk,layout,0.9,3.0,3.5,False,0.5,False,0,3.589869737625122,0.0,0,0,0,Line processing failed: 'list' object cannot be interpreted as an integer
umeh_dhernangdri_high quality(1),umeh_dhernangdri_high quality(1) - page 3,Ume_Petsuk,layout,0.9,3.0,3.5,False,0.9,True,7,9.726358652114868,39.73,146,58,88,
umeh_dhernangdri_high quality(1),umeh_dhernangdri_high quality(1) - page 3,Ume_Petsuk,layout,0.9,3.0,4.0,True,0.1,False,0,3.3638036251068115,0.0,0,0,0,Line processing failed: 'list' object cannot be interpreted as an integer
umeh_dhernangdri_high quality(1),umeh_dhernangdri_high quality(1) - page 3,Ume_Petsuk,layout,0.9,3.0,4.0,True,0.25,False,0,5.636844873428345,0.0,0,0,0,Line processing failed: 'list' object cannot be interpreted as an integer
umeh_dhernangdri_high quality(1),umeh_dhernangdri_high quality(1) - page 3,Ume_Petsuk,layout,0.9,3.0,4.0,True,0.5,False,0,4.375181436538696,0.0,0,0,0,Line processing failed: 'list' object cannot be interpreted as an integer
umeh_dhernangdri_high quality(1),umeh_dhernangdri_high quality(1) - page 3,Ume_Petsuk,layout,0.9,3.0,4.0,True,0.9,True,6,9.102654695510864,50.0,50,25,25,
umeh_dhernangdri_high quality(1),umeh_dhernangdri_high quality(1) - page 3,Ume_Petsuk,layout,0.9,3.0,4.0,False,0.1,False,0,3.3460350036621094,0.0,0,0,0,Line processing failed: 'list' object cannot be interpreted as an integer
umeh_dhernangdri_high quality(1),umeh_dhernangdri_high quality(1) - page 3,Ume_Petsuk,layout,0.9,3.0,4.0,False,0.25,False,0,3.3248884677886963,0.0,0,0,0,Line processing failed: 'list' object cannot be interpreted as an integer
umeh_dhernangdri_high quality(1),umeh_dhernangdri_high quality(1) - page 3,Ume_Petsuk,layout,0.9,3.0,4.0,False,0.5,False,0,3.5556044578552246,0.0,0,0,0,Line processing failed: 'list' object cannot be interpreted as an integer
umeh_dhernangdri_high quality(1),umeh_dhernangdri_high quality(1) - page 3,Ume_Petsuk,layout,0.9,3.0,4.0,False,0.9,True,7,12.504544973373413,46.55,58,27,31,
umeh_dhernangdri_high quality(1),umeh_dhernangdri_high quality(1) - page 3,Ume_Petsuk,layout,0.9,3.0,5.0,True,0.1,False,0,3.3293209075927734,0.0,0,0,0,Line processing failed: 'list' object cannot be interpreted as an integer
umeh_dhernangdri_high quality(1),umeh_dhernangdri_high quality(1) - page 3,Ume_Petsuk,layout,0.9,3.0,5.0,True,0.25,False,0,3.324894905090332,0.0,0,0,0,Line processing failed: 'list' object cannot be interpreted as an integer
umeh_dhernangdri_high quality(1),umeh_dhernangdri_high quality(1) - page 3,Ume_Petsuk,layout,0.9,3.0,5.0,True,0.5,False,0,3.3651161193847656,0.0,0,0,0,Line processing failed: 'list' object cannot be interpreted as an integer
umeh_dhernangdri_high quality(1),umeh_dhernangdri_high quality(1) - page 3,Ume_Petsuk,layout,0.9,3.0,5.0,True,0.9,True,6,8.23728632926941,28.57,28,8,20,
umeh_dhernangdri_high quality(1),umeh_dhernangdri_high quality(1) - page 3,Ume_Petsuk,layout,0.9,3.0,5.0,False,0.1,False,0,3.3308520317077637,0.0,0,0,0,Line processing failed: 'list' object cannot be interpreted as an integer
umeh_dhernangdri_high quality(1),umeh_dhernangdri_high quality(1) - page 3,Ume_Petsuk,layout,0.9,3.0,5.0,False,0.25,False,0,3.548175573348999,0.0,0,0,0,Line processing failed: 'list' object cannot be interpreted as an integer
umeh_dhernangdri_high quality(1),umeh_dhernangdri_high quality(1) - page 3,Ume_Petsuk,layout,0.9,3.0,5.0,False,0.5,False,0,3.5873115062713623,0.0,0,0,0,Line processing failed: 'list' object cannot be interpreted as an integer
umeh_dhernangdri_high quality(1),umeh_dhernangdri_high quality(1) - page 3,Ume_Petsuk,layout,0.9,3.0,5.0,False,0.9,True,7,8.16706371307373,33.33,27,9,18,
umeh_dhernangdri_high quality(1),umeh_dhernangdri_high quality(1) - page 3,Modern,line,0.7,2.0,2.5,True,0.1,True,8,8.779134035110474,36.15,130,47,83,
umeh_dhernangdri_high quality(1),umeh_dhernangdri_high quality(1) - page 3,Modern,line,0.7,2.0,2.5,True,0.25,True,8,9.083441734313965,36.15,130,47,83,
umeh_dhernangdri_high quality(1),umeh_dhernangdri_high quality(1) - page 3,Modern,line,0.7,2.0,2.5,True,0.5,True,8,8.741677284240723,36.15,130,47,83,
umeh_dhernangdri_high quality(1),umeh_dhernangdri_high quality(1) - page 3,Modern,line,0.7,2.0,2.5,True,0.9,True,8,8.75278639793396,36.15,130,47,83,
umeh_dhernangdri_high quality(1),umeh_dhernangdri_high quality(1) - page 3,Modern,line,0.7,2.0,2.5,False,0.1,True,17,10.06871747970581,34.92,126,44,82,
umeh_dhernangdri_high quality(1),umeh_dhernangdri_high quality(1) - page 3,Modern,line,0.7,2.0,2.5,False,0.25,True,17,9.996379375457764,34.92,126,44,82,
umeh_dhernangdri_high quality(1),umeh_dhernangdri_high quality(1) - page 3,Modern,line,0.7,2.0,2.5,False,0.5,True,17,9.985498666763306,34.92,126,44,82,
umeh_dhernangdri_high quality(1),umeh_dhernangdri_high quality(1) - page 3,Modern,line,0.7,2.0,2.5,False,0.9,True,17,9.963368654251099,34.92,126,44,82,
umeh_dhernangdri_high quality(1),umeh_dhernangdri_high quality(1) - page 3,Modern,line,0.7,2.0,3.5,True,0.1,True,8,9.680033445358276,44.35,124,55,69,
umeh_dhernangdri_high quality(1),umeh_dhernangdri_high quality(1) - page 3,Modern,line,0.7,2.0,3.5,True,0.25,True,8,9.306716680526733,44.35,124,55,69,
umeh_dhernangdri_high quality(1),umeh_dhernangdri_high quality(1) - page 3,Modern,line,0.7,2.0,3.5,True,0.5,True,8,9.900905847549438,44.35,124,55,69,
umeh_dhernangdri_high quality(1),umeh_dhernangdri_high quality(1) - page 3,Modern,line,0.7,2.0,3.5,True,0.9,True,8,9.282491207122803,44.35,124,55,69,
umeh_dhernangdri_high quality(1),umeh_dhernangdri_high quality(1) - page 3,Modern,line,0.7,2.0,3.5,False,0.1,True,17,10.705434799194336,46.51,129,60,69,
umeh_dhernangdri_high quality(1),umeh_dhernangdri_high quality(1) - page 3,Modern,line,0.7,2.0,3.5,False,0.25,True,17,10.396658658981323,46.51,129,60,69,
umeh_dhernangdri_high quality(1),umeh_dhernangdri_high quality(1) - page 3,Modern,line,0.7,2.0,3.5,False,0.5,True,17,10.474984407424927,46.51,129,60,69,
umeh_dhernangdri_high quality(1),umeh_dhernangdri_high quality(1) - page 3,Modern,line,0.7,2.0,3.5,False,0.9,True,17,10.638860940933228,46.51,129,60,69,
umeh_dhernangdri_high quality(1),umeh_dhernangdri_high quality(1) - page 3,Modern,line,0.7,2.0,4.0,True,0.1,True,8,9.638043403625488,46.15,117,54,63,
umeh_dhernangdri_high quality(1),umeh_dhernangdri_high quality(1) - page 3,Modern,line,0.7,2.0,4.0,True,0.25,True,8,9.963786363601685,46.15,117,54,63,
umeh_dhernangdri_high quality(1),umeh_dhernangdri_high quality(1) - page 3,Modern,line,0.7,2.0,4.0,True,0.5,True,8,9.717227697372437,46.15,117,54,63,
umeh_dhernangdri_high quality(1),umeh_dhernangdri_high quality(1) - page 3,Modern,line,0.7,2.0,4.0,True,0.9,True,8,9.992979526519775,46.15,117,54,63,
umeh_dhernangdri_high quality(1),umeh_dhernangdri_high quality(1) - page 3,Modern,line,0.7,2.0,4.0,False,0.1,True,17,10.476150751113892,41.88,117,49,68,
umeh_dhernangdri_high quality(1),umeh_dhernangdri_high quality(1) - page 3,Modern,line,0.7,2.0,4.0,False,0.25,True,17,10.59934663772583,41.88,117,49,68,
umeh_dhernangdri_high quality(1),umeh_dhernangdri_high quality(1) - page 3,Modern,line,0.7,2.0,4.0,False,0.5,True,17,10.92388916015625,41.88,117,49,68,
umeh_dhernangdri_high quality(1),umeh_dhernangdri_high quality(1) - page 3,Modern,line,0.7,2.0,4.0,False,0.9,True,17,10.652762651443481,41.88,117,49,68,
umeh_dhernangdri_high quality(1),umeh_dhernangdri_high quality(1) - page 3,Modern,line,0.7,2.0,5.0,True,0.1,True,8,12.727224826812744,44.96,129,58,71,
umeh_dhernangdri_high quality(1),umeh_dhernangdri_high quality(1) - page 3,Modern,line,0.7,2.0,5.0,True,0.25,True,8,13.163167238235474,44.96,129,58,71,
umeh_dhernangdri_high quality(1),umeh_dhernangdri_high quality(1) - page 3,Modern,line,0.7,2.0,5.0,True,0.5,True,8,12.840186834335327,44.96,129,58,71,
umeh_dhernangdri_high quality(1),umeh_dhernangdri_high quality(1) - page 3,Modern,line,0.7,2.0,5.0,True,0.9,True,8,12.864896297454834,44.96,129,58,71,
umeh_dhernangdri_high quality(1),umeh_dhernangdri_high quality(1) - page 3,Modern,line,0.7,2.0,5.0,False,0.1,True,17,12.917839527130127,46.55,116,54,62,
umeh_dhernangdri_high quality(1),umeh_dhernangdri_high quality(1) - page 3,Modern,line,0.7,2.0,5.0,False,0.25,True,17,12.527025699615479,46.55,116,54,62,
umeh_dhernangdri_high quality(1),umeh_dhernangdri_high quality(1) - page 3,Modern,line,0.7,2.0,5.0,False,0.5,True,17,12.6310396194458,46.55,116,54,62,
umeh_dhernangdri_high quality(1),umeh_dhernangdri_high quality(1) - page 3,Modern,line,0.7,2.0,5.0,False,0.9,True,17,12.541697025299072,46.55,116,54,62,
umeh_dhernangdri_high quality(1),umeh_dhernangdri_high quality(1) - page 3,Modern,line,0.7,2.5,2.5,True,0.1,True,8,8.966302871704102,36.15,130,47,83,
umeh_dhernangdri_high quality(1),umeh_dhernangdri_high quality(1) - page 3,Modern,line,0.7,2.5,2.5,True,0.25,True,8,8.965296745300293,36.15,130,47,83,
umeh_dhernangdri_high quality(1),umeh_dhernangdri_high quality(1) - page 3,Modern,line,0.7,2.5,2.5,True,0.5,True,8,9.338258266448975,36.15,130,47,83,
umeh_dhernangdri_high quality(1),umeh_dhernangdri_high quality(1) - page 3,Modern,line,0.7,2.5,2.5,True,0.9,True,8,9.055699586868286,36.15,130,47,83,
umeh_dhernangdri_high quality(1),umeh_dhernangdri_high quality(1) - page 3,Modern,line,0.7,2.5,2.5,False,0.1,True,17,10.366631269454956,34.92,126,44,82,
umeh_dhernangdri_high quality(1),umeh_dhernangdri_high quality(1) - page 3,Modern,line,0.7,2.5,2.5,False,0.25,True,17,10.376171588897705,34.92,126,44,82,
umeh_dhernangdri_high quality(1),umeh_dhernangdri_high quality(1) - page 3,Modern,line,0.7,2.5,2.5,False,0.5,True,17,10.356508016586304,34.92,126,44,82,
umeh_dhernangdri_high quality(1),umeh_dhernangdri_high quality(1) - page 3,Modern,line,0.7,2.5,2.5,False,0.9,True,17,10.3445463180542,34.92,126,44,82,
umeh_dhernangdri_high quality(1),umeh_dhernangdri_high quality(1) - page 3,Modern,line,0.7,2.5,3.5,True,0.1,True,8,9.91270661354065,44.35,124,55,69,
umeh_dhernangdri_high quality(1),umeh_dhernangdri_high quality(1) - page 3,Modern,line,0.7,2.5,3.5,True,0.25,True,8,9.69910717010498,44.35,124,55,69,
umeh_dhernangdri_high quality(1),umeh_dhernangdri_high quality(1) - page 3,Modern,line,0.7,2.5,3.5,True,0.5,True,8,9.836721658706665,44.35,124,55,69,
umeh_dhernangdri_high quality(1),umeh_dhernangdri_high quality(1) - page 3,Modern,line,0.7,2.5,3.5,True,0.9,True,8,9.557137489318848,44.35,124,55,69,
umeh_dhernangdri_high quality(1),umeh_dhernangdri_high quality(1) - page 3,Modern,line,0.7,2.5,3.5,False,0.1,True,17,10.68912959098816,46.51,129,60,69,
umeh_dhernangdri_high quality(1),umeh_dhernangdri_high quality(1) - page 3,Modern,line,0.7,2.5,3.5,False,0.25,True,17,10.977913618087769,46.51,129,60,69,
umeh_dhernangdri_high quality(1),umeh_dhernangdri_high quality(1) - page 3,Modern,line,0.7,2.5,3.5,False,0.5,True,17,10.774052381515503,46.51,129,60,69,
umeh_dhernangdri_high quality(1),umeh_dhernangdri_high quality(1) - page 3,Modern,line,0.7,2.5,3.5,False,0.9,True,17,11.010357141494751,46.51,129,60,69,
umeh_dhernangdri_high quality(1),umeh_dhernangdri_high quality(1) - page 3,Modern,line,0.7,2.5,4.0,True,0.1,True,8,10.285802364349365,45.83,120,55,65,
umeh_dhernangdri_high quality(1),umeh_dhernangdri_high quality(1) - page 3,Modern,line,0.7,2.5,4.0,True,0.25,True,8,10.50076174736023,45.83,120,55,65,
umeh_dhernangdri_high quality(1),umeh_dhernangdri_high quality(1) - page 3,Modern,line,0.7,2.5,4.0,True,0.5,True,8,10.535649061203003,45.83,120,55,65,
umeh_dhernangdri_high quality(1),umeh_dhernangdri_high quality(1) - page 3,Modern,line,0.7,2.5,4.0,True,0.9,True,8,13.375977277755737,45.83,120,55,65,
umeh_dhernangdri_high quality(1),umeh_dhernangdri_high quality(1) - page 3,Modern,line,0.7,2.5,4.0,False,0.1,True,17,14.301884174346924,41.88,117,49,68,
umeh_dhernangdri_high quality(1),umeh_dhernangdri_high quality(1) - page 3,Modern,line,0.7,2.5,4.0,False,0.25,True,17,13.445833921432495,41.88,117,49,68,
umeh_dhernangdri_high quality(1),umeh_dhernangdri_high quality(1) - page 3,Modern,line,0.7,2.5,4.0,False,0.5,True,17,10.633327960968018,41.88,117,49,68,
umeh_dhernangdri_high quality(1),umeh_dhernangdri_high quality(1) - page 3,Modern,line,0.7,2.5,4.0,False,0.9,True,17,11.05092716217041,41.88,117,49,68,
umeh_dhernangdri_high quality(1),umeh_dhernangdri_high quality(1) - page 3,Modern,line,0.7,2.5,5.0,True,0.1,True,8,12.523105382919312,46.04,139,64,75,
umeh_dhernangdri_high quality(1),umeh_dhernangdri_high quality(1) - page 3,Modern,line,0.7,2.5,5.0,True,0.25,True,8,12.707304239273071,46.04,139,64,75,
umeh_dhernangdri_high quality(1),umeh_dhernangdri_high quality(1) - page 3,Modern,line,0.7,2.5,5.0,True,0.5,True,8,12.363884687423706,46.04,139,64,75,
umeh_dhernangdri_high quality(1),umeh_dhernangdri_high quality(1) - page 3,Modern,line,0.7,2.5,5.0,True,0.9,True,8,12.66411018371582,46.04,139,64,75,
umeh_dhernangdri_high quality(1),umeh_dhernangdri_high quality(1) - page 3,Modern,line,0.7,2.5,5.0,False,0.1,True,17,12.049025535583496,48.31,118,57,61,
umeh_dhernangdri_high quality(1),umeh_dhernangdri_high quality(1) - page 3,Modern,line,0.7,2.5,5.0,False,0.25,True,17,12.134525775909424,48.31,118,57,61,
umeh_dhernangdri_high quality(1),umeh_dhernangdri_high quality(1) - page 3,Modern,line,0.7,2.5,5.0,False,0.5,True,17,13.276962041854858,48.31,118,57,61,
umeh_dhernangdri_high quality(1),umeh_dhernangdri_high quality(1) - page 3,Modern,line,0.7,2.5,5.0,False,0.9,True,17,12.045655965805054,48.31,118,57,61,
umeh_dhernangdri_high quality(1),umeh_dhernangdri_high quality(1) - page 3,Modern,line,0.7,3.0,2.5,True,0.1,True,8,9.36927604675293,35.61,132,47,85,
umeh_dhernangdri_high quality(1),umeh_dhernangdri_high quality(1) - page 3,Modern,line,0.7,3.0,2.5,True,0.25,True,8,9.520417213439941,35.61,132,47,85,
umeh_dhernangdri_high quality(1),umeh_dhernangdri_high quality(1) - page 3,Modern,line,0.7,3.0,2.5,True,0.5,True,8,9.876049518585205,35.61,132,47,85,
umeh_dhernangdri_high quality(1),umeh_dhernangdri_high quality(1) - page 3,Modern,line,0.7,3.0,2.5,True,0.9,True,8,9.61993145942688,35.61,132,47,85,
umeh_dhernangdri_high quality(1),umeh_dhernangdri_high quality(1) - page 3,Modern,line,0.7,3.0,2.5,False,0.1,True,17,10.380458354949951,34.92,126,44,82,
umeh_dhernangdri_high quality(1),umeh_dhernangdri_high quality(1) - page 3,Modern,line,0.7,3.0,2.5,False,0.25,True,17,10.604933977127075,34.92,126,44,82,
umeh_dhernangdri_high quality(1),umeh_dhernangdri_high quality(1) - page 3,Modern,line,0.7,3.0,2.5,False,0.5,True,17,10.499850988388062,34.92,126,44,82,
umeh_dhernangdri_high quality(1),umeh_dhernangdri_high quality(1) - page 3,Modern,line,0.7,3.0,2.5,False,0.9,True,17,10.775900840759277,34.92,126,44,82,
umeh_dhernangdri_high quality(1),umeh_dhernangdri_high quality(1) - page 3,Modern,line,0.7,3.0,3.5,True,0.1,True,8,10.082334280014038,43.65,126,55,71,
umeh_dhernangdri_high quality(1),umeh_dhernangdri_high quality(1) - page 3,Modern,line,0.7,3.0,3.5,True,0.25,True,8,10.42192530632019,43.65,126,55,71,
umeh_dhernangdri_high quality(1),umeh_dhernangdri_high quality(1) - page 3,Modern,line,0.7,3.0,3.5,True,0.5,True,8,10.260762453079224,43.65,126,55,71,
umeh_dhernangdri_high quality(1),umeh_dhernangdri_high quality(1) - page 3,Modern,line,0.7,3.0,3.5,True,0.9,True,8,10.382848262786865,43.65,126,55,71,
umeh_dhernangdri_high quality(1),umeh_dhernangdri_high quality(1) - page 3,Modern,line,0.7,3.0,3.5,False,0.1,True,17,10.851541757583618,46.51,129,60,69,
umeh_dhernangdri_high quality(1),umeh_dhernangdri_high quality(1) - page 3,Modern,line,0.7,3.0,3.5,False,0.25,True,17,10.814622640609741,46.51,129,60,69,
umeh_dhernangdri_high quality(1),umeh_dhernangdri_high quality(1) - page 3,Modern,line,0.7,3.0,3.5,False,0.5,True,17,11.233855485916138,46.51,129,60,69,
umeh_dhernangdri_high quality(1),umeh_dhernangdri_high quality(1) - page 3,Modern,line,0.7,3.0,3.5,False,0.9,True,17,10.822152376174927,46.51,129,60,69,
umeh_dhernangdri_high quality(1),umeh_dhernangdri_high quality(1) - page 3,Modern,line,0.7,3.0,4.0,True,0.1,True,8,11.780242204666138,45.83,120,55,65,
umeh_dhernangdri_high quality(1),umeh_dhernangdri_high quality(1) - page 3,Modern,line,0.7,3.0,4.0,True,0.25,True,8,10.404299020767212,45.83,120,55,65,
umeh_dhernangdri_high quality(1),umeh_dhernangdri_high quality(1) - page 3,Modern,line,0.7,3.0,4.0,True,0.5,True,8,10.687285900115967,45.83,120,55,65,
umeh_dhernangdri_high quality(1),umeh_dhernangdri_high quality(1) - page 3,Modern,line,0.7,3.0,4.0,True,0.9,True,8,10.834821939468384,45.83,120,55,65,
umeh_dhernangdri_high quality(1),umeh_dhernangdri_high quality(1) - page 3,Modern,line,0.7,3.0,4.0,False,0.1,True,17,10.798312902450562,41.88,117,49,68,
umeh_dhernangdri_high quality(1),umeh_dhernangdri_high quality(1) - page 3,Modern,line,0.7,3.0,4.0,False,0.25,True,17,10.823700904846191,41.88,117,49,68,
umeh_dhernangdri_high quality(1),umeh_dhernangdri_high quality(1) - page 3,Modern,line,0.7,3.0,4.0,False,0.5,True,17,11.120661735534668,41.88,117,49,68,
umeh_dhernangdri_high quality(1),umeh_dhernangdri_high quality(1) - page 3,Modern,line,0.7,3.0,4.0,False,0.9,True,17,10.844610929489136,41.88,117,49,68,
umeh_dhernangdri_high quality(1),umeh_dhernangdri_high quality(1) - page 3,Modern,line,0.7,3.0,5.0,True,0.1,True,8,13.19619083404541,46.04,139,64,75,
umeh_dhernangdri_high quality(1),umeh_dhernangdri_high quality(1) - page 3,Modern,line,0.7,3.0,5.0,True,0.25,True,8,12.570576667785645,46.04,139,64,75,
umeh_dhernangdri_high quality(1),umeh_dhernangdri_high quality(1) - page 3,Modern,line,0.7,3.0,5.0,True,0.5,True,8,12.914453506469727,46.04,139,64,75,
umeh_dhernangdri_high quality(1),umeh_dhernangdri_high quality(1) - page 3,Modern,line,0.7,3.0,5.0,True,0.9,True,8,12.700957775115967,46.04,139,64,75,
umeh_dhernangdri_high quality(1),umeh_dhernangdri_high quality(1) - page 3,Modern,line,0.7,3.0,5.0,False,0.1,True,17,12.19923448562622,48.31,118,57,61,
umeh_dhernangdri_high quality(1),umeh_dhernangdri_high quality(1) - page 3,Modern,line,0.7,3.0,5.0,False,0.25,True,17,13.843204975128174,48.31,118,57,61,
umeh_dhernangdri_high quality(1),umeh_dhernangdri_high quality(1) - page 3,Modern,line,0.7,3.0,5.0,False,0.5,True,17,12.249980688095093,48.31,118,57,61,
umeh_dhernangdri_high quality(1),umeh_dhernangdri_high quality(1) - page 3,Modern,line,0.7,3.0,5.0,False,0.9,True,17,12.192334651947021,48.31,118,57,61,
umeh_dhernangdri_high quality(1),umeh_dhernangdri_high quality(1) - page 3,Modern,line,0.8,2.0,2.5,True,0.1,True,8,9.03813362121582,36.15,130,47,83,
umeh_dhernangdri_high quality(1),umeh_dhernangdri_high quality(1) - page 3,Modern,line,0.8,2.0,2.5,True,0.25,True,8,10.679589748382568,36.15,130,47,83,
umeh_dhernangdri_high quality(1),umeh_dhernangdri_high quality(1) - page 3,Modern,line,0.8,2.0,2.5,True,0.5,True,8,8.695632934570312,36.15,130,47,83,
umeh_dhernangdri_high quality(1),umeh_dhernangdri_high quality(1) - page 3,Modern,line,0.8,2.0,2.5,True,0.9,True,8,10.129489421844482,36.15,130,47,83,
umeh_dhernangdri_high quality(1),umeh_dhernangdri_high quality(1) - page 3,Modern,line,0.8,2.0,2.5,False,0.1,True,17,11.376827716827393,34.92,126,44,82,
umeh_dhernangdri_high quality(1),umeh_dhernangdri_high quality(1) - page 3,Modern,line,0.8,2.0,2.5,False,0.25,True,17,10.147874116897583,34.92,126,44,82,
umeh_dhernangdri_high quality(1),umeh_dhernangdri_high quality(1) - page 3,Modern,line,0.8,2.0,2.5,False,0.5,True,17,10.201196432113647,34.92,126,44,82,
umeh_dhernangdri_high quality(1),umeh_dhernangdri_high quality(1) - page 3,Modern,line,0.8,2.0,2.5,False,0.9,True,17,10.496400356292725,34.92,126,44,82,
umeh_dhernangdri_high quality(1),umeh_dhernangdri_high quality(1) - page 3,Modern,line,0.8,2.0,3.5,True,0.1,True,8,9.347797632217407,44.35,124,55,69,
umeh_dhernangdri_high quality(1),umeh_dhernangdri_high quality(1) - page 3,Modern,line,0.8,2.0,3.5,True,0.25,True,8,9.416762828826904,44.35,124,55,69,
umeh_dhernangdri_high quality(1),umeh_dhernangdri_high quality(1) - page 3,Modern,line,0.8,2.0,3.5,True,0.5,True,8,9.643414735794067,44.35,124,55,69,
umeh_dhernangdri_high quality(1),umeh_dhernangdri_high quality(1) - page 3,Modern,line,0.8,2.0,3.5,True,0.9,True,8,9.340336799621582,44.35,124,55,69,
umeh_dhernangdri_high quality(1),umeh_dhernangdri_high quality(1) - page 3,Modern,line,0.8,2.0,3.5,False,0.1,True,17,10.861877918243408,46.51,129,60,69,
umeh_dhernangdri_high quality(1),umeh_dhernangdri_high quality(1) - page 3,Modern,line,0.8,2.0,3.5,False,0.25,True,17,10.543761730194092,46.51,129,60,69,
umeh_dhernangdri_high quality(1),umeh_dhernangdri_high quality(1) - page 3,Modern,line,0.8,2.0,3.5,False,0.5,True,17,10.652011394500732,46.51,129,60,69,
umeh_dhernangdri_high quality(1),umeh_dhernangdri_high quality(1) - page 3,Modern,line,0.8,2.0,3.5,False,0.9,True,17,13.786351919174194,46.51,129,60,69,
umeh_dhernangdri_high quality(1),umeh_dhernangdri_high quality(1) - page 3,Modern,line,0.8,2.0,4.0,True,0.1,True,8,10.08428692817688,46.15,117,54,63,
umeh_dhernangdri_high quality(1),umeh_dhernangdri_high quality(1) - page 3,Modern,line,0.8,2.0,4.0,True,0.25,True,8,10.217417240142822,46.15,117,54,63,
umeh_dhernangdri_high quality(1),umeh_dhernangdri_high quality(1) - page 3,Modern,line,0.8,2.0,4.0,True,0.5,True,8,9.927038431167603,46.15,117,54,63,
umeh_dhernangdri_high quality(1),umeh_dhernangdri_high quality(1) - page 3,Modern,line,0.8,2.0,4.0,True,0.9,True,8,10.246125936508179,46.15,117,54,63,
umeh_dhernangdri_high quality(1),umeh_dhernangdri_high quality(1) - page 3,Modern,line,0.8,2.0,4.0,False,0.1,True,17,10.78812861442566,41.88,117,49,68,
umeh_dhernangdri_high quality(1),umeh_dhernangdri_high quality(1) - page 3,Modern,line,0.8,2.0,4.0,False,0.25,True,17,10.946444272994995,41.88,117,49,68,
umeh_dhernangdri_high quality(1),umeh_dhernangdri_high quality(1) - page 3,Modern,line,0.8,2.0,4.0,False,0.5,True,17,10.915012121200562,41.88,117,49,68,
umeh_dhernangdri_high quality(1),umeh_dhernangdri_high quality(1) - page 3,Modern,line,0.8,2.0,4.0,False,0.9,True,17,10.754506826400757,41.88,117,49,68,
umeh_dhernangdri_high quality(1),umeh_dhernangdri_high quality(1) - page 3,Modern,line,0.8,2.0,5.0,True,0.1,True,8,13.08540153503418,44.96,129,58,71,
umeh_dhernangdri_high quality(1),umeh_dhernangdri_high quality(1) - page 3,Modern,line,0.8,2.0,5.0,True,0.25,True,8,13.055673360824585,44.96,129,58,71,
umeh_dhernangdri_high quality(1),umeh_dhernangdri_high quality(1) - page 3,Modern,line,0.8,2.0,5.0,True,0.5,True,8,12.76775312423706,44.96,129,58,71,
umeh_dhernangdri_high quality(1),umeh_dhernangdri_high quality(1) - page 3,Modern,line,0.8,2.0,5.0,True,0.9,True,8,12.70493769645691,44.96,129,58,71,
umeh_dhernangdri_high quality(1),umeh_dhernangdri_high quality(1) - page 3,Modern,line,0.8,2.0,5.0,False,0.1,True,17,12.237234830856323,46.55,116,54,62,
umeh_dhernangdri_high quality(1),umeh_dhernangdri_high quality(1) - page 3,Modern,line,0.8,2.0,5.0,False,0.25,True,17,12.254993915557861,46.55,116,54,62,
umeh_dhernangdri_high quality(1),umeh_dhernangdri_high quality(1) - page 3,Modern,line,0.8,2.0,5.0,False,0.5,True,17,12.38765549659729,46.55,116,54,62,
umeh_dhernangdri_high quality(1),umeh_dhernangdri_high quality(1) - page 3,Modern,line,0.8,2.0,5.0,False,0.9,True,17,12.21744704246521,46.55,116,54,62,
umeh_dhernangdri_high quality(1),umeh_dhernangdri_high quality(1) - page 3,Modern,line,0.8,2.5,2.5,True,0.1,True,8,8.823623657226562,36.15,130,47,83,
umeh_dhernangdri_high quality(1),umeh_dhernangdri_high quality(1) - page 3,Modern,line,0.8,2.5,2.5,True,0.25,True,8,9.102110385894775,36.15,130,47,83,
umeh_dhernangdri_high quality(1),umeh_dhernangdri_high quality(1) - page 3,Modern,line,0.8,2.5,2.5,True,0.5,True,8,11.083496809005737,36.15,130,47,83,
umeh_dhernangdri_high quality(1),umeh_dhernangdri_high quality(1) - page 3,Modern,line,0.8,2.5,2.5,True,0.9,True,8,8.79277753829956,36.15,130,47,83,
umeh_dhernangdri_high quality(1),umeh_dhernangdri_high quality(1) - page 3,Modern,line,0.8,2.5,2.5,False,0.1,True,17,10.145050764083862,34.92,126,44,82,
umeh_dhernangdri_high quality(1),umeh_dhernangdri_high quality(1) - page 3,Modern,line,0.8,2.5,2.5,False,0.25,True,17,10.149432897567749,34.92,126,44,82,
umeh_dhernangdri_high quality(1),umeh_dhernangdri_high quality(1) - page 3,Modern,line,0.8,2.5,2.5,False,0.5,True,17,10.194226741790771,34.92,126,44,82,
umeh_dhernangdri_high quality(1),umeh_dhernangdri_high quality(1) - page 3,Modern,line,0.8,2.5,2.5,False,0.9,True,17,10.451914072036743,34.92,126,44,82,
umeh_dhernangdri_high quality(1),umeh_dhernangdri_high quality(1) - page 3,Modern,line,0.8,2.5,3.5,True,0.1,True,8,9.314707040786743,44.35,124,55,69,
umeh_dhernangdri_high quality(1),umeh_dhernangdri_high quality(1) - page 3,Modern,line,0.8,2.5,3.5,True,0.25,True,8,9.324373722076416,44.35,124,55,69,
umeh_dhernangdri_high quality(1),umeh_dhernangdri_high quality(1) - page 3,Modern,line,0.8,2.5,3.5,True,0.5,True,8,9.67064881324768,44.35,124,55,69,
umeh_dhernangdri_high quality(1),umeh_dhernangdri_high quality(1) - page 3,Modern,line,0.8,2.5,3.5,True,0.9,True,8,9.307702541351318,44.35,124,55,69,
umeh_dhernangdri_high quality(1),umeh_dhernangdri_high quality(1) - page 3,Modern,line,0.8,2.5,3.5,False,0.1,True,17,10.871633529663086,46.51,129,60,69,
umeh_dhernangdri_high quality(1),umeh_dhernangdri_high quality(1) - page 3,Modern,line,0.8,2.5,3.5,False,0.25,True,17,10.613142967224121,46.51,129,60,69,
umeh_dhernangdri_high quality(1),umeh_dhernangdri_high quality(1) - page 3,Modern,line,0.8,2.5,3.5,False,0.5,True,17,10.465515613555908,46.51,129,60,69,
umeh_dhernangdri_high quality(1),umeh_dhernangdri_high quality(1) - page 3,Modern,line,0.8,2.5,3.5,False,0.9,True,17,10.795876741409302,46.51,129,60,69,
umeh_dhernangdri_high quality(1),umeh_dhernangdri_high quality(1) - page 3,Modern,line,0.8,2.5,4.0,True,0.1,True,8,10.498626947402954,45.83,120,55,65,
umeh_dhernangdri_high quality(1),umeh_dhernangdri_high quality(1) - page 3,Modern,line,0.8,2.5,4.0,True,0.25,True,8,10.83272671699524,45.83,120,55,65,
umeh_dhernangdri_high quality(1),umeh_dhernangdri_high quality(1) - page 3,Modern,line,0.8,2.5,4.0,True,0.5,True,8,10.778934955596924,45.83,120,55,65,
umeh_dhernangdri_high quality(1),umeh_dhernangdri_high quality(1) - page 3,Modern,line,0.8,2.5,4.0,True,0.9,True,8,10.525606632232666,45.83,120,55,65,
umeh_dhernangdri_high quality(1),umeh_dhernangdri_high quality(1) - page 3,Modern,line,0.8,2.5,4.0,False,0.1,True,17,11.120097637176514,41.88,117,49,68,
umeh_dhernangdri_high quality(1),umeh_dhernangdri_high quality(1) - page 3,Modern,line,0.8,2.5,4.0,False,0.25,True,17,11.116023540496826,41.88,117,49,68,
umeh_dhernangdri_high quality(1),umeh_dhernangdri_high quality(1) - page 3,Modern,line,0.8,2.5,4.0,False,0.5,True,17,10.841307640075684,41.88,117,49,68,
umeh_dhernangdri_high quality(1),umeh_dhernangdri_high quality(1) - page 3,Modern,line,0.8,2.5,4.0,False,0.9,True,17,11.155486106872559,41.88,117,49,68,
umeh_dhernangdri_high quality(1),umeh_dhernangdri_high quality(1) - page 3,Modern,line,0.8,2.5,5.0,True,0.1,True,8,12.731594562530518,46.04,139,64,75,
umeh_dhernangdri_high quality(1),umeh_dhernangdri_high quality(1) - page 3,Modern,line,0.8,2.5,5.0,True,0.25,True,8,13.094608068466187,46.04,139,64,75,
umeh_dhernangdri_high quality(1),umeh_dhernangdri_high quality(1) - page 3,Modern,line,0.8,2.5,5.0,True,0.5,True,8,12.916400671005249,46.04,139,64,75,
umeh_dhernangdri_high quality(1),umeh_dhernangdri_high quality(1) - page 3,Modern,line,0.8,2.5,5.0,True,0.9,True,8,15.3364839553833,46.04,139,64,75,
umeh_dhernangdri_high quality(1),umeh_dhernangdri_high quality(1) - page 3,Modern,line,0.8,2.5,5.0,False,0.1,True,17,12.23745346069336,48.31,118,57,61,
umeh_dhernangdri_high quality(1),umeh_dhernangdri_high quality(1) - page 3,Modern,line,0.8,2.5,5.0,False,0.25,True,17,14.061263799667358,48.31,118,57,61,
umeh_dhernangdri_high quality(1),umeh_dhernangdri_high quality(1) - page 3,Modern,line,0.8,2.5,5.0,False,0.5,True,17,12.069010734558105,48.31,118,57,61,
umeh_dhernangdri_high quality(1),umeh_dhernangdri_high quality(1) - page 3,Modern,line,0.8,2.5,5.0,False,0.9,True,17,12.150839567184448,48.31,118,57,61,
umeh_dhernangdri_high quality(1),umeh_dhernangdri_high quality(1) - page 3,Modern,line,0.8,3.0,2.5,True,0.1,True,8,9.332804918289185,35.61,132,47,85,
umeh_dhernangdri_high quality(1),umeh_dhernangdri_high quality(1) - page 3,Modern,line,0.8,3.0,2.5,True,0.25,True,8,9.38090705871582,35.61,132,47,85,
umeh_dhernangdri_high quality(1),umeh_dhernangdri_high quality(1) - page 3,Modern,line,0.8,3.0,2.5,True,0.5,True,8,9.668813467025757,35.61,132,47,85,
umeh_dhernangdri_high quality(1),umeh_dhernangdri_high quality(1) - page 3,Modern,line,0.8,3.0,2.5,True,0.9,True,8,9.366156578063965,35.61,132,47,85,
umeh_dhernangdri_high quality(1),umeh_dhernangdri_high quality(1) - page 3,Modern,line,0.8,3.0,2.5,False,0.1,True,17,10.286489248275757,34.92,126,44,82,
umeh_dhernangdri_high quality(1),umeh_dhernangdri_high quality(1) - page 3,Modern,line,0.8,3.0,2.5,False,0.25,True,17,10.334959268569946,34.92,126,44,82,
umeh_dhernangdri_high quality(1),umeh_dhernangdri_high quality(1) - page 3,Modern,line,0.8,3.0,2.5,False,0.5,True,17,10.285950660705566,34.92,126,44,82,
umeh_dhernangdri_high quality(1),umeh_dhernangdri_high quality(1) - page 3,Modern,line,0.8,3.0,2.5,False,0.9,True,17,10.586894750595093,34.92,126,44,82,
umeh_dhernangdri_high quality(1),umeh_dhernangdri_high quality(1) - page 3,Modern,line,0.8,3.0,3.5,True,0.1,True,8,9.853546619415283,43.65,126,55,71,
umeh_dhernangdri_high quality(1),umeh_dhernangdri_high quality(1) - page 3,Modern,line,0.8,3.0,3.5,True,0.25,True,8,10.325015306472778,43.65,126,55,71,
umeh_dhernangdri_high quality(1),umeh_dhernangdri_high quality(1) - page 3,Modern,line,0.8,3.0,3.5,True,0.5,True,8,9.877772569656372,43.65,126,55,71,
umeh_dhernangdri_high quality(1),umeh_dhernangdri_high quality(1) - page 3,Modern,line,0.8,3.0,3.5,True,0.9,True,8,10.197875499725342,43.65,126,55,71,
umeh_dhernangdri_high quality(1),umeh_dhernangdri_high quality(1) - page 3,Modern,line,0.8,3.0,3.5,False,0.1,True,17,10.568992376327515,46.51,129,60,69,
umeh_dhernangdri_high quality(1),umeh_dhernangdri_high quality(1) - page 3,Modern,line,0.8,3.0,3.5,False,0.25,True,17,10.613089323043823,46.51,129,60,69,
umeh_dhernangdri_high quality(1),umeh_dhernangdri_high quality(1) - page 3,Modern,line,0.8,3.0,3.5,False,0.5,True,17,11.191788911819458,46.51,129,60,69,
umeh_dhernangdri_high quality(1),umeh_dhernangdri_high quality(1) - page 3,Modern,line,0.8,3.0,3.5,False,0.9,True,17,10.853769302368164,46.51,129,60,69,
umeh_dhernangdri_high quality(1),umeh_dhernangdri_high quality(1) - page 3,Modern,line,0.8,3.0,4.0,True,0.1,True,8,10.974252462387085,45.83,120,55,65,
umeh_dhernangdri_high quality(1),umeh_dhernangdri_high quality(1) - page 3,Modern,line,0.8,3.0,4.0,True,0.25,True,8,10.620704174041748,45.83,120,55,65,
umeh_dhernangdri_high quality(1),umeh_dhernangdri_high quality(1) - page 3,Modern,line,0.8,3.0,4.0,True,0.5,True,8,11.000980615615845,45.83,120,55,65,
umeh_dhernangdri_high quality(1),umeh_dhernangdri_high quality(1) - page 3,Modern,line,0.8,3.0,4.0,True,0.9,True,8,10.907211780548096,45.83,120,55,65,
umeh_dhernangdri_high quality(1),umeh_dhernangdri_high quality(1) - page 3,Modern,line,0.8,3.0,4.0,False,0.1,True,17,11.082757711410522,41.88,117,49,68,
umeh_dhernangdri_high quality(1),umeh_dhernangdri_high quality(1) - page 3,Modern,line,0.8,3.0,4.0,False,0.25,True,17,11.051871061325073,41.88,117,49,68,
umeh_dhernangdri_high quality(1),umeh_dhernangdri_high quality(1) - page 3,Modern,line,0.8,3.0,4.0,False,0.5,True,17,11.350937366485596,41.88,117,49,68,
umeh_dhernangdri_high quality(1),umeh_dhernangdri_high quality(1) - page 3,Modern,line,0.8,3.0,4.0,False,0.9,True,17,11.121299982070923,41.88,117,49,68,
umeh_dhernangdri_high quality(1),umeh_dhernangdri_high quality(1) - page 3,Modern,line,0.8,3.0,5.0,True,0.1,True,8,13.248201131820679,46.04,139,64,75,
umeh_dhernangdri_high quality(1),umeh_dhernangdri_high quality(1) - page 3,Modern,line,0.8,3.0,5.0,True,0.25,True,8,12.978731632232666,46.04,139,64,75,
umeh_dhernangdri_high quality(1),umeh_dhernangdri_high quality(1) - page 3,Modern,line,0.8,3.0,5.0,True,0.5,True,8,13.28882622718811,46.04,139,64,75,
umeh_dhernangdri_high quality(1),umeh_dhernangdri_high quality(1) - page 3,Modern,line,0.8,3.0,5.0,True,0.9,True,8,13.081232786178589,46.04,139,64,75,
umeh_dhernangdri_high quality(1),umeh_dhernangdri_high quality(1) - page 3,Modern,line,0.8,3.0,5.0,False,0.1,True,17,12.572775602340698,48.31,118,57,61,
umeh_dhernangdri_high quality(1),umeh_dhernangdri_high quality(1) - page 3,Modern,line,0.8,3.0,5.0,False,0.25,True,17,12.581855773925781,48.31,118,57,61,
umeh_dhernangdri_high quality(1),umeh_dhernangdri_high quality(1) - page 3,Modern,line,0.8,3.0,5.0,False,0.5,True,17,12.584314107894897,48.31,118,57,61,
umeh_dhernangdri_high quality(1),umeh_dhernangdri_high quality(1) - page 3,Modern,line,0.8,3.0,5.0,False,0.9,True,17,12.590496301651001,48.31,118,57,61,
umeh_dhernangdri_high quality(1),umeh_dhernangdri_high quality(1) - page 3,Modern,line,0.9,2.0,2.5,True,0.1,True,8,10.6570725440979,36.15,130,47,83,
umeh_dhernangdri_high quality(1),umeh_dhernangdri_high quality(1) - page 3,Modern,line,0.9,2.0,2.5,True,0.25,True,8,9.105077743530273,36.15,130,47,83,
umeh_dhernangdri_high quality(1),umeh_dhernangdri_high quality(1) - page 3,Modern,line,0.9,2.0,2.5,True,0.5,True,8,8.745418310165405,36.15,130,47,83,
umeh_dhernangdri_high quality(1),umeh_dhernangdri_high quality(1) - page 3,Modern,line,0.9,2.0,2.5,True,0.9,True,8,8.782790899276733,36.15,130,47,83,
umeh_dhernangdri_high quality(1),umeh_dhernangdri_high quality(1) - page 3,Modern,line,0.9,2.0,2.5,False,0.1,True,17,10.138718843460083,34.92,126,44,82,
umeh_dhernangdri_high quality(1),umeh_dhernangdri_high quality(1) - page 3,Modern,line,0.9,2.0,2.5,False,0.25,True,17,10.397294759750366,34.92,126,44,82,
umeh_dhernangdri_high quality(1),umeh_dhernangdri_high quality(1) - page 3,Modern,line,0.9,2.0,2.5,False,0.5,True,17,9.976965188980103,34.92,126,44,82,
umeh_dhernangdri_high quality(1),umeh_dhernangdri_high quality(1) - page 3,Modern,line,0.9,2.0,2.5,False,0.9,True,17,10.287204504013062,34.92,126,44,82,
umeh_dhernangdri_high quality(1),umeh_dhernangdri_high quality(1) - page 3,Modern,line,0.9,2.0,3.5,True,0.1,True,8,9.19719386100769,44.35,124,55,69,
umeh_dhernangdri_high quality(1),umeh_dhernangdri_high quality(1) - page 3,Modern,line,0.9,2.0,3.5,True,0.25,True,8,9.1017165184021,44.35,124,55,69,
umeh_dhernangdri_high quality(1),umeh_dhernangdri_high quality(1) - page 3,Modern,line,0.9,2.0,3.5,True,0.5,True,8,9.472155570983887,44.35,124,55,69,
umeh_dhernangdri_high quality(1),umeh_dhernangdri_high quality(1) - page 3,Modern,line,0.9,2.0,3.5,True,0.9,True,8,9.164725065231323,44.35,124,55,69,
umeh_dhernangdri_high quality(1),umeh_dhernangdri_high quality(1) - page 3,Modern,line,0.9,2.0,3.5,False,0.1,True,17,10.654834747314453,46.51,129,60,69,
umeh_dhernangdri_high quality(1),umeh_dhernangdri_high quality(1) - page 3,Modern,line,0.9,2.0,3.5,False,0.25,True,17,10.298483848571777,46.51,129,60,69,
umeh_dhernangdri_high quality(1),umeh_dhernangdri_high quality(1) - page 3,Modern,line,0.9,2.0,3.5,False,0.5,True,17,10.30265498161316,46.51,129,60,69,
umeh_dhernangdri_high quality(1),umeh_dhernangdri_high quality(1) - page 3,Modern,line,0.9,2.0,3.5,False,0.9,True,17,10.573653221130371,46.51,129,60,69,
umeh_dhernangdri_high quality(1),umeh_dhernangdri_high quality(1) - page 3,Modern,line,0.9,2.0,4.0,True,0.1,True,8,9.670373439788818,46.15,117,54,63,
umeh_dhernangdri_high quality(1),umeh_dhernangdri_high quality(1) - page 3,Modern,line,0.9,2.0,4.0,True,0.25,True,8,10.279405355453491,46.15,117,54,63,
umeh_dhernangdri_high quality(1),umeh_dhernangdri_high quality(1) - page 3,Modern,line,0.9,2.0,4.0,True,0.5,True,8,9.74457836151123,46.15,117,54,63,
umeh_dhernangdri_high quality(1),umeh_dhernangdri_high quality(1) - page 3,Modern,line,0.9,2.0,4.0,True,0.9,True,8,12.317716121673584,46.15,117,54,63,
umeh_dhernangdri_high quality(1),umeh_dhernangdri_high quality(1) - page 3,Modern,line,0.9,2.0,4.0,False,0.1,True,17,10.480876207351685,41.88,117,49,68,
umeh_dhernangdri_high quality(1),umeh_dhernangdri_high quality(1) - page 3,Modern,line,0.9,2.0,4.0,False,0.25,True,17,10.74507474899292,41.88,117,49,68,
umeh_dhernangdri_high quality(1),umeh_dhernangdri_high quality(1) - page 3,Modern,line,0.9,2.0,4.0,False,0.5,True,17,10.499031782150269,41.88,117,49,68,
umeh_dhernangdri_high quality(1),umeh_dhernangdri_high quality(1) - page 3,Modern,line,0.9,2.0,4.0,False,0.9,True,17,10.569779872894287,41.88,117,49,68,
umeh_dhernangdri_high quality(1),umeh_dhernangdri_high quality(1) - page 3,Modern,line,0.9,2.0,5.0,True,0.1,True,8,12.665894746780396,44.96,129,58,71,
umeh_dhernangdri_high quality(1),umeh_dhernangdri_high quality(1) - page 3,Modern,line,0.9,2.0,5.0,True,0.25,True,8,12.683376550674438,44.96,129,58,71,
umeh_dhernangdri_high quality(1),umeh_dhernangdri_high quality(1) - page 3,Modern,line,0.9,2.0,5.0,True,0.5,True,8,12.73383355140686,44.96,129,58,71,
umeh_dhernangdri_high quality(1),umeh_dhernangdri_high quality(1) - page 3,Modern,line,0.9,2.0,5.0,True,0.9,True,8,15.399030447006226,44.96,129,58,71,
umeh_dhernangdri_high quality(1),umeh_dhernangdri_high quality(1) - page 3,Modern,line,0.9,2.0,5.0,False,0.1,True,17,12.288804292678833,46.55,116,54,62,
umeh_dhernangdri_high quality(1),umeh_dhernangdri_high quality(1) - page 3,Modern,line,0.9,2.0,5.0,False,0.25,True,17,14.591895580291748,46.55,116,54,62,
umeh_dhernangdri_high quality(1),umeh_dhernangdri_high quality(1) - page 3,Modern,line,0.9,2.0,5.0,False,0.5,True,17,12.367061614990234,46.55,116,54,62,
umeh_dhernangdri_high quality(1),umeh_dhernangdri_high quality(1) - page 3,Modern,line,0.9,2.0,5.0,False,0.9,True,17,12.364398956298828,46.55,116,54,62,
umeh_dhernangdri_high quality(1),umeh_dhernangdri_high quality(1) - page 3,Modern,line,0.9,2.5,2.5,True,0.1,True,8,9.0417001247406,36.15,130,47,83,
umeh_dhernangdri_high quality(1),umeh_dhernangdri_high quality(1) - page 3,Modern,line,0.9,2.5,2.5,True,0.25,True,8,9.357527732849121,36.15,130,47,83,
umeh_dhernangdri_high quality(1),umeh_dhernangdri_high quality(1) - page 3,Modern,line,0.9,2.5,2.5,True,0.5,True,8,8.991163730621338,36.15,130,47,83,
umeh_dhernangdri_high quality(1),umeh_dhernangdri_high quality(1) - page 3,Modern,line,0.9,2.5,2.5,True,0.9,True,8,9.00489068031311,36.15,130,47,83,
umeh_dhernangdri_high quality(1),umeh_dhernangdri_high quality(1) - page 3,Modern,line,0.9,2.5,2.5,False,0.1,True,17,10.440565824508667,34.92,126,44,82,
umeh_dhernangdri_high quality(1),umeh_dhernangdri_high quality(1) - page 3,Modern,line,0.9,2.5,2.5,False,0.25,True,17,10.33215618133545,34.92,126,44,82,
umeh_dhernangdri_high quality(1),umeh_dhernangdri_high quality(1) - page 3,Modern,line,0.9,2.5,2.5,False,0.5,True,17,10.362306594848633,34.92,126,44,82,
umeh_dhernangdri_high quality(1),umeh_dhernangdri_high quality(1) - page 3,Modern,line,0.9,2.5,2.5,False,0.9,True,17,10.554532527923584,34.92,126,44,82,
umeh_dhernangdri_high quality(1),umeh_dhernangdri_high quality(1) - page 3,Modern,line,0.9,2.5,3.5,True,0.1,True,8,9.36763596534729,44.35,124,55,69,
umeh_dhernangdri_high quality(1),umeh_dhernangdri_high quality(1) - page 3,Modern,line,0.9,2.5,3.5,True,0.25,True,8,9.318685293197632,44.35,124,55,69,
umeh_dhernangdri_high quality(1),umeh_dhernangdri_high quality(1) - page 3,Modern,line,0.9,2.5,3.5,True,0.5,True,8,9.626367330551147,44.35,124,55,69,
umeh_dhernangdri_high quality(1),umeh_dhernangdri_high quality(1) - page 3,Modern,line,0.9,2.5,3.5,True,0.9,True,8,9.318770408630371,44.35,124,55,69,
umeh_dhernangdri_high quality(1),umeh_dhernangdri_high quality(1) - page 3,Modern,line,0.9,2.5,3.5,False,0.1,True,17,10.769895315170288,46.51,129,60,69,
umeh_dhernangdri_high quality(1),umeh_dhernangdri_high quality(1) - page 3,Modern,line,0.9,2.5,3.5,False,0.25,True,17,10.570029735565186,46.51,129,60,69,
umeh_dhernangdri_high quality(1),umeh_dhernangdri_high quality(1) - page 3,Modern,line,0.9,2.5,3.5,False,0.5,True,17,10.484363317489624,46.51,129,60,69,
umeh_dhernangdri_high quality(1),umeh_dhernangdri_high quality(1) - page 3,Modern,line,0.9,2.5,3.5,False,0.9,True,17,10.760613203048706,46.51,129,60,69,
umeh_dhernangdri_high quality(1),umeh_dhernangdri_high quality(1) - page 3,Modern,line,0.9,2.5,4.0,True,0.1,True,8,10.210850238800049,45.83,120,55,65,
umeh_dhernangdri_high quality(1),umeh_dhernangdri_high quality(1) - page 3,Modern,line,0.9,2.5,4.0,True,0.25,True,8,10.75732159614563,45.83,120,55,65,
umeh_dhernangdri_high quality(1),umeh_dhernangdri_high quality(1) - page 3,Modern,line,0.9,2.5,4.0,True,0.5,True,8,10.737076997756958,45.83,120,55,65,
umeh_dhernangdri_high quality(1),umeh_dhernangdri_high quality(1) - page 3,Modern,line,0.9,2.5,4.0,True,0.9,True,8,12.485256910324097,45.83,120,55,65,
umeh_dhernangdri_high quality(1),umeh_dhernangdri_high quality(1) - page 3,Modern,line,0.9,2.5,4.0,False,0.1,True,17,10.940122842788696,41.88,117,49,68,
umeh_dhernangdri_high quality(1),umeh_dhernangdri_high quality(1) - page 3,Modern,line,0.9,2.5,4.0,False,0.25,True,17,10.598581552505493,41.88,117,49,68,
umeh_dhernangdri_high quality(1),umeh_dhernangdri_high quality(1) - page 3,Modern,line,0.9,2.5,4.0,False,0.5,True,17,10.618682384490967,41.88,117,49,68,
umeh_dhernangdri_high quality(1),umeh_dhernangdri_high quality(1) - page 3,Modern,line,0.9,2.5,4.0,False,0.9,True,17,10.901323795318604,41.88,117,49,68,
umeh_dhernangdri_high quality(1),umeh_dhernangdri_high quality(1) - page 3,Modern,line,0.9,2.5,5.0,True,0.1,True,8,12.445622205734253,46.04,139,64,75,
umeh_dhernangdri_high quality(1),umeh_dhernangdri_high quality(1) - page 3,Modern,line,0.9,2.5,5.0,True,0.25,True,8,12.70606803894043,46.04,139,64,75,
umeh_dhernangdri_high quality(1),umeh_dhernangdri_high quality(1) - page 3,Modern,line,0.9,2.5,5.0,True,0.5,True,8,12.39677619934082,46.04,139,64,75,
umeh_dhernangdri_high quality(1),umeh_dhernangdri_high quality(1) - page 3,Modern,line,0.9,2.5,5.0,True,0.9,True,8,12.710262775421143,46.04,139,64,75,
umeh_dhernangdri_high quality(1),umeh_dhernangdri_high quality(1) - page 3,Modern,line,0.9,2.5,5.0,False,0.1,True,17,12.329903364181519,48.31,118,57,61,
umeh_dhernangdri_high quality(1),umeh_dhernangdri_high quality(1) - page 3,Modern,line,0.9,2.5,5.0,False,0.25,True,17,12.414579391479492,48.31,118,57,61,
umeh_dhernangdri_high quality(1),umeh_dhernangdri_high quality(1) - page 3,Modern,line,0.9,2.5,5.0,False,0.5,True,17,12.426366806030273,48.31,118,57,61,
umeh_dhernangdri_high quality(1),umeh_dhernangdri_high quality(1) - page 3,Modern,line,0.9,2.5,5.0,False,0.9,True,17,12.2444429397583,48.31,118,57,61,
umeh_dhernangdri_high quality(1),umeh_dhernangdri_high quality(1) - page 3,Modern,line,0.9,3.0,2.5,True,0.1,True,8,9.575219631195068,35.61,132,47,85,
umeh_dhernangdri_high quality(1),umeh_dhernangdri_high quality(1) - page 3,Modern,line,0.9,3.0,2.5,True,0.25,True,8,11.46862268447876,35.61,132,47,85,
umeh_dhernangdri_high quality(1),umeh_dhernangdri_high quality(1) - page 3,Modern,line,0.9,3.0,2.5,True,0.5,True,8,10.45270848274231,35.61,132,47,85,
umeh_dhernangdri_high quality(1),umeh_dhernangdri_high quality(1) - page 3,Modern,line,0.9,3.0,2.5,True,0.9,True,8,9.523396492004395,35.61,132,47,85,
umeh_dhernangdri_high quality(1),umeh_dhernangdri_high quality(1) - page 3,Modern,line,0.9,3.0,2.5,False,0.1,True,17,10.532607793807983,34.92,126,44,82,
umeh_dhernangdri_high quality(1),umeh_dhernangdri_high quality(1) - page 3,Modern,line,0.9,3.0,2.5,False,0.25,True,17,10.469508647918701,34.92,126,44,82,
umeh_dhernangdri_high quality(1),umeh_dhernangdri_high quality(1) - page 3,Modern,line,0.9,3.0,2.5,False,0.5,True,17,10.516340494155884,34.92,126,44,82,
umeh_dhernangdri_high quality(1),umeh_dhernangdri_high quality(1) - page 3,Modern,line,0.9,3.0,2.5,False,0.9,True,17,10.816707372665405,34.92,126,44,82,
umeh_dhernangdri_high quality(1),umeh_dhernangdri_high quality(1) - page 3,Modern,line,0.9,3.0,3.5,True,0.1,True,8,10.179779767990112,43.65,126,55,71,
umeh_dhernangdri_high quality(1),umeh_dhernangdri_high quality(1) - page 3,Modern,line,0.9,3.0,3.5,True,0.25,True,8,10.448667287826538,43.65,126,55,71,
umeh_dhernangdri_high quality(1),umeh_dhernangdri_high quality(1) - page 3,Modern,line,0.9,3.0,3.5,True,0.5,True,8,10.12843370437622,43.65,126,55,71,
umeh_dhernangdri_high quality(1),umeh_dhernangdri_high quality(1) - page 3,Modern,line,0.9,3.0,3.5,True,0.9,True,8,10.492238998413086,43.65,126,55,71,
umeh_dhernangdri_high quality(1),umeh_dhernangdri_high quality(1) - page 3,Modern,line,0.9,3.0,3.5,False,0.1,True,17,10.991907358169556,46.51,129,60,69,
umeh_dhernangdri_high quality(1),umeh_dhernangdri_high quality(1) - page 3,Modern,line,0.9,3.0,3.5,False,0.25,True,17,10.979839563369751,46.51,129,60,69,
umeh_dhernangdri_high quality(1),umeh_dhernangdri_high quality(1) - page 3,Modern,line,0.9,3.0,3.5,False,0.5,True,17,11.157323360443115,46.51,129,60,69,
umeh_dhernangdri_high quality(1),umeh_dhernangdri_high quality(1) - page 3,Modern,line,0.9,3.0,3.5,False,0.9,True,17,10.815858125686646,46.51,129,60,69,
umeh_dhernangdri_high quality(1),umeh_dhernangdri_high quality(1) - page 3,Modern,line,0.9,3.0,4.0,True,0.1,True,8,12.403600931167603,45.83,120,55,65,
umeh_dhernangdri_high quality(1),umeh_dhernangdri_high quality(1) - page 3,Modern,line,0.9,3.0,4.0,True,0.25,True,8,10.655537366867065,45.83,120,55,65,
umeh_dhernangdri_high quality(1),umeh_dhernangdri_high quality(1) - page 3,Modern,line,0.9,3.0,4.0,True,0.5,True,8,10.958641767501831,45.83,120,55,65,
umeh_dhernangdri_high quality(1),umeh_dhernangdri_high quality(1) - page 3,Modern,line,0.9,3.0,4.0,True,0.9,True,8,11.078364610671997,45.83,120,55,65,
umeh_dhernangdri_high quality(1),umeh_dhernangdri_high quality(1) - page 3,Modern,line,0.9,3.0,4.0,False,0.1,True,17,10.80632996559143,41.88,117,49,68,
umeh_dhernangdri_high quality(1),umeh_dhernangdri_high quality(1) - page 3,Modern,line,0.9,3.0,4.0,False,0.25,True,17,10.796800136566162,41.88,117,49,68,
umeh_dhernangdri_high quality(1),umeh_dhernangdri_high quality(1) - page 3,Modern,line,0.9,3.0,4.0,False,0.5,True,17,11.107356071472168,41.88,117,49,68,
umeh_dhernangdri_high quality(1),umeh_dhernangdri_high quality(1) - page 3,Modern,line,0.9,3.0,4.0,False,0.9,True,17,10.834557056427002,41.88,117,49,68,
umeh_dhernangdri_high quality(1),umeh_dhernangdri_high quality(1) - page 3,Modern,line,0.9,3.0,5.0,True,0.1,True,8,12.951100587844849,46.04,139,64,75,
umeh_dhernangdri_high quality(1),umeh_dhernangdri_high quality(1) - page 3,Modern,line,0.9,3.0,5.0,True,0.25,True,8,12.606118202209473,46.04,139,64,75,
umeh_dhernangdri_high quality(1),umeh_dhernangdri_high quality(1) - page 3,Modern,line,0.9,3.0,5.0,True,0.5,True,8,12.899876117706299,46.04,139,64,75,
umeh_dhernangdri_high quality(1),umeh_dhernangdri_high quality(1) - page 3,Modern,line,0.9,3.0,5.0,True,0.9,True,8,12.585048913955688,46.04,139,64,75,
umeh_dhernangdri_high quality(1),umeh_dhernangdri_high quality(1) - page 3,Modern,line,0.9,3.0,5.0,False,0.1,True,17,12.216545343399048,48.31,118,57,61,
umeh_dhernangdri_high quality(1),umeh_dhernangdri_high quality(1) - page 3,Modern,line,0.9,3.0,5.0,False,0.25,True,17,12.233225107192993,48.31,118,57,61,
umeh_dhernangdri_high quality(1),umeh_dhernangdri_high quality(1) - page 3,Modern,line,0.9,3.0,5.0,False,0.5,True,17,12.262658834457397,48.31,118,57,61,
umeh_dhernangdri_high quality(1),umeh_dhernangdri_high quality(1) - page 3,Modern,line,0.9,3.0,5.0,False,0.9,True,17,12.824177026748657,48.31,118,57,61,
umeh_dhernangdri_high quality(1),umeh_dhernangdri_high quality(1) - page 3,Modern,layout,0.7,2.0,2.5,True,0.1,False,0,3.3233988285064697,0.0,0,0,0,Line processing failed: 'list' object cannot be interpreted as an integer
umeh_dhernangdri_high quality(1),umeh_dhernangdri_high quality(1) - page 3,Modern,layout,0.7,2.0,2.5,True,0.25,False,0,3.313908100128174,0.0,0,0,0,Line processing failed: 'list' object cannot be interpreted as an integer
umeh_dhernangdri_high quality(1),umeh_dhernangdri_high quality(1) - page 3,Modern,layout,0.7,2.0,2.5,True,0.5,False,0,3.3316075801849365,0.0,0,0,0,Line processing failed: 'list' object cannot be interpreted as an integer
umeh_dhernangdri_high quality(1),umeh_dhernangdri_high quality(1) - page 3,Modern,layout,0.7,2.0,2.5,True,0.9,True,6,10.655931234359741,38.6,57,22,35,
umeh_dhernangdri_high quality(1),umeh_dhernangdri_high quality(1) - page 3,Modern,layout,0.7,2.0,2.5,False,0.1,False,0,3.326740264892578,0.0,0,0,0,Line processing failed: 'list' object cannot be interpreted as an integer
umeh_dhernangdri_high quality(1),umeh_dhernangdri_high quality(1) - page 3,Modern,layout,0.7,2.0,2.5,False,0.25,False,0,3.344675302505493,0.0,0,0,0,Line processing failed: 'list' object cannot be interpreted as an integer
umeh_dhernangdri_high quality(1),umeh_dhernangdri_high quality(1) - page 3,Modern,layout,0.7,2.0,2.5,False,0.5,False,0,3.460953950881958,0.0,0,0,0,Line processing failed: 'list' object cannot be interpreted as an integer
umeh_dhernangdri_high quality(1),umeh_dhernangdri_high quality(1) - page 3,Modern,layout,0.7,2.0,2.5,False,0.9,True,7,10.492478370666504,45.61,57,26,31,
umeh_dhernangdri_high quality(1),umeh_dhernangdri_high quality(1) - page 3,Modern,layout,0.7,2.0,3.5,True,0.1,False,0,3.346879005432129,0.0,0,0,0,Line processing failed: 'list' object cannot be interpreted as an integer
umeh_dhernangdri_high quality(1),umeh_dhernangdri_high quality(1) - page 3,Modern,layout,0.7,2.0,3.5,True,0.25,False,0,3.3198859691619873,0.0,0,0,0,Line processing failed: 'list' object cannot be interpreted as an integer
umeh_dhernangdri_high quality(1),umeh_dhernangdri_high quality(1) - page 3,Modern,layout,0.7,2.0,3.5,True,0.5,False,0,3.516519546508789,0.0,0,0,0,Line processing failed: 'list' object cannot be interpreted as an integer
umeh_dhernangdri_high quality(1),umeh_dhernangdri_high quality(1) - page 3,Modern,layout,0.7,2.0,3.5,True,0.9,True,6,10.506470441818237,47.37,57,27,30,
umeh_dhernangdri_high quality(1),umeh_dhernangdri_high quality(1) - page 3,Modern,layout,0.7,2.0,3.5,False,0.1,False,0,3.313915252685547,0.0,0,0,0,Line processing failed: 'list' object cannot be interpreted as an integer
umeh_dhernangdri_high quality(1),umeh_dhernangdri_high quality(1) - page 3,Modern,layout,0.7,2.0,3.5,False,0.25,False,0,3.3126816749572754,0.0,0,0,0,Line processing failed: 'list' object cannot be interpreted as an integer
umeh_dhernangdri_high quality(1),umeh_dhernangdri_high quality(1) - page 3,Modern,layout,0.7,2.0,3.5,False,0.5,False,0,3.576991081237793,0.0,0,0,0,Line processing failed: 'list' object cannot be interpreted as an integer
umeh_dhernangdri_high quality(1),umeh_dhernangdri_high quality(1) - page 3,Modern,layout,0.7,2.0,3.5,False,0.9,True,7,10.671370267868042,48.15,54,26,28,
umeh_dhernangdri_high quality(1),umeh_dhernangdri_high quality(1) - page 3,Modern,layout,0.7,2.0,4.0,True,0.1,False,0,3.3386425971984863,0.0,0,0,0,Line processing failed: 'list' object cannot be interpreted as an integer
umeh_dhernangdri_high quality(1),umeh_dhernangdri_high quality(1) - page 3,Modern,layout,0.7,2.0,4.0,True,0.25,False,0,3.4285640716552734,0.0,0,0,0,Line processing failed: 'list' object cannot be interpreted as an integer
umeh_dhernangdri_high quality(1),umeh_dhernangdri_high quality(1) - page 3,Modern,layout,0.7,2.0,4.0,True,0.5,False,0,3.496603488922119,0.0,0,0,0,Line processing failed: 'list' object cannot be interpreted as an integer
umeh_dhernangdri_high quality(1),umeh_dhernangdri_high quality(1) - page 3,Modern,layout,0.7,2.0,4.0,True,0.9,True,6,9.639143466949463,48.0,50,24,26,
umeh_dhernangdri_high quality(1),umeh_dhernangdri_high quality(1) - page 3,Modern,layout,0.7,2.0,4.0,False,0.1,False,0,3.3534743785858154,0.0,0,0,0,Line processing failed: 'list' object cannot be interpreted as an integer
umeh_dhernangdri_high quality(1),umeh_dhernangdri_high quality(1) - page 3,Modern,layout,0.7,2.0,4.0,False,0.25,False,0,3.331179618835449,0.0,0,0,0,Line processing failed: 'list' object cannot be interpreted as an integer
umeh_dhernangdri_high quality(1),umeh_dhernangdri_high quality(1) - page 3,Modern,layout,0.7,2.0,4.0,False,0.5,False,0,3.53725266456604,0.0,0,0,0,Line processing failed: 'list' object cannot be interpreted as an integer
umeh_dhernangdri_high quality(1),umeh_dhernangdri_high quality(1) - page 3,Modern,layout,0.7,2.0,4.0,False,0.9,True,7,9.696868419647217,50.0,54,27,27,
umeh_dhernangdri_high quality(1),umeh_dhernangdri_high quality(1) - page 3,Modern,layout,0.7,2.0,5.0,True,0.1,False,0,5.268036603927612,0.0,0,0,0,Line processing failed: 'list' object cannot be interpreted as an integer
umeh_dhernangdri_high quality(1),umeh_dhernangdri_high quality(1) - page 3,Modern,layout,0.7,2.0,5.0,True,0.25,False,0,3.3691413402557373,0.0,0,0,0,Line processing failed: 'list' object cannot be interpreted as an integer
umeh_dhernangdri_high quality(1),umeh_dhernangdri_high quality(1) - page 3,Modern,layout,0.7,2.0,5.0,True,0.5,False,0,3.324371576309204,0.0,0,0,0,Line processing failed: 'list' object cannot be interpreted as an integer
umeh_dhernangdri_high quality(1),umeh_dhernangdri_high quality(1) - page 3,Modern,layout,0.7,2.0,5.0,True,0.9,True,6,8.385374069213867,50.0,50,25,25,
umeh_dhernangdri_high quality(1),umeh_dhernangdri_high quality(1) - page 3,Modern,layout,0.7,2.0,5.0,False,0.1,False,0,3.3324782848358154,0.0,0,0,0,Line processing failed: 'list' object cannot be interpreted as an integer
umeh_dhernangdri_high quality(1),umeh_dhernangdri_high quality(1) - page 3,Modern,layout,0.7,2.0,5.0,False,0.25,False,0,3.5239956378936768,0.0,0,0,0,Line processing failed: 'list' object cannot be interpreted as an integer
umeh_dhernangdri_high quality(1),umeh_dhernangdri_high quality(1) - page 3,Modern,layout,0.7,2.0,5.0,False,0.5,False,0,3.5803515911102295,0.0,0,0,0,Line processing failed: 'list' object cannot be interpreted as an integer
umeh_dhernangdri_high quality(1),umeh_dhernangdri_high quality(1) - page 3,Modern,layout,0.7,2.0,5.0,False,0.9,True,7,8.863102912902832,41.51,53,22,31,
umeh_dhernangdri_high quality(1),umeh_dhernangdri_high quality(1) - page 3,Modern,layout,0.7,2.5,2.5,True,0.1,False,0,3.3638007640838623,0.0,0,0,0,Line processing failed: 'list' object cannot be interpreted as an integer
umeh_dhernangdri_high quality(1),umeh_dhernangdri_high quality(1) - page 3,Modern,layout,0.7,2.5,2.5,True,0.25,False,0,3.3904995918273926,0.0,0,0,0,Line processing failed: 'list' object cannot be interpreted as an integer
umeh_dhernangdri_high quality(1),umeh_dhernangdri_high quality(1) - page 3,Modern,layout,0.7,2.5,2.5,True,0.5,False,0,3.5874056816101074,0.0,0,0,0,Line processing failed: 'list' object cannot be interpreted as an integer
umeh_dhernangdri_high quality(1),umeh_dhernangdri_high quality(1) - page 3,Modern,layout,0.7,2.5,2.5,True,0.9,True,6,11.202765703201294,30.0,60,18,42,
umeh_dhernangdri_high quality(1),umeh_dhernangdri_high quality(1) - page 3,Modern,layout,0.7,2.5,2.5,False,0.1,False,0,3.3196306228637695,0.0,0,0,0,Line processing failed: 'list' object cannot be interpreted as an integer
umeh_dhernangdri_high quality(1),umeh_dhernangdri_high quality(1) - page 3,Modern,layout,0.7,2.5,2.5,False,0.25,False,0,3.3338208198547363,0.0,0,0,0,Line processing failed: 'list' object cannot be interpreted as an integer
umeh_dhernangdri_high quality(1),umeh_dhernangdri_high quality(1) - page 3,Modern,layout,0.7,2.5,2.5,False,0.5,False,0,3.4427664279937744,0.0,0,0,0,Line processing failed: 'list' object cannot be interpreted as an integer
umeh_dhernangdri_high quality(1),umeh_dhernangdri_high quality(1) - page 3,Modern,layout,0.7,2.5,2.5,False,0.9,True,7,11.323883056640625,36.67,60,22,38,
umeh_dhernangdri_high quality(1),umeh_dhernangdri_high quality(1) - page 3,Modern,layout,0.7,2.5,3.5,True,0.1,False,0,3.4028139114379883,0.0,0,0,0,Line processing failed: 'list' object cannot be interpreted as an integer
umeh_dhernangdri_high quality(1),umeh_dhernangdri_high quality(1) - page 3,Modern,layout,0.7,2.5,3.5,True,0.25,False,0,3.3211116790771484,0.0,0,0,0,Line processing failed: 'list' object cannot be interpreted as an integer
umeh_dhernangdri_high quality(1),umeh_dhernangdri_high quality(1) - page 3,Modern,layout,0.7,2.5,3.5,True,0.5,False,0,3.4266886711120605,0.0,0,0,0,Line processing failed: 'list' object cannot be interpreted as an integer
umeh_dhernangdri_high quality(1),umeh_dhernangdri_high quality(1) - page 3,Modern,layout,0.7,2.5,3.5,True,0.9,True,6,10.39380145072937,47.37,57,27,30,
umeh_dhernangdri_high quality(1),umeh_dhernangdri_high quality(1) - page 3,Modern,layout,0.7,2.5,3.5,False,0.1,False,0,3.313467264175415,0.0,0,0,0,Line processing failed: 'list' object cannot be interpreted as an integer
umeh_dhernangdri_high quality(1),umeh_dhernangdri_high quality(1) - page 3,Modern,layout,0.7,2.5,3.5,False,0.25,False,0,3.3182928562164307,0.0,0,0,0,Line processing failed: 'list' object cannot be interpreted as an integer
umeh_dhernangdri_high quality(1),umeh_dhernangdri_high quality(1) - page 3,Modern,layout,0.7,2.5,3.5,False,0.5,False,0,3.5236973762512207,0.0,0,0,0,Line processing failed: 'list' object cannot be interpreted as an integer
umeh_dhernangdri_high quality(1),umeh_dhernangdri_high quality(1) - page 3,Modern,layout,0.7,2.5,3.5,False,0.9,True,7,10.966238021850586,48.15,54,26,28,
umeh_dhernangdri_high quality(1),umeh_dhernangdri_high quality(1) - page 3,Modern,layout,0.7,2.5,4.0,True,0.1,False,0,3.4299073219299316,0.0,0,0,0,Line processing failed: 'list' object cannot be interpreted as an integer
umeh_dhernangdri_high quality(1),umeh_dhernangdri_high quality(1) - page 3,Modern,layout,0.7,2.5,4.0,True,0.25,False,0,3.4381093978881836,0.0,0,0,0,Line processing failed: 'list' object cannot be interpreted as an integer
umeh_dhernangdri_high quality(1),umeh_dhernangdri_high quality(1) - page 3,Modern,layout,0.7,2.5,4.0,True,0.5,False,0,3.4215197563171387,0.0,0,0,0,Line processing failed: 'list' object cannot be interpreted as an integer
umeh_dhernangdri_high quality(1),umeh_dhernangdri_high quality(1) - page 3,Modern,layout,0.7,2.5,4.0,True,0.9,True,6,9.67396593093872,47.06,51,24,27,
umeh_dhernangdri_high quality(1),umeh_dhernangdri_high quality(1) - page 3,Modern,layout,0.7,2.5,4.0,False,0.1,False,0,3.427926778793335,0.0,0,0,0,Line processing failed: 'list' object cannot be interpreted as an integer
umeh_dhernangdri_high quality(1),umeh_dhernangdri_high quality(1) - page 3,Modern,layout,0.7,2.5,4.0,False,0.25,False,0,3.323428153991699,0.0,0,0,0,Line processing failed: 'list' object cannot be interpreted as an integer
umeh_dhernangdri_high quality(1),umeh_dhernangdri_high quality(1) - page 3,Modern,layout,0.7,2.5,4.0,False,0.5,False,0,3.5778071880340576,0.0,0,0,0,Line processing failed: 'list' object cannot be interpreted as an integer
umeh_dhernangdri_high quality(1),umeh_dhernangdri_high quality(1) - page 3,Modern,layout,0.7,2.5,4.0,False,0.9,True,7,10.451915979385376,49.09,55,27,28,
umeh_dhernangdri_high quality(1),umeh_dhernangdri_high quality(1) - page 3,Modern,layout,0.7,2.5,5.0,True,0.1,False,0,3.3263766765594482,0.0,0,0,0,Line processing failed: 'list' object cannot be interpreted as an integer
umeh_dhernangdri_high quality(1),umeh_dhernangdri_high quality(1) - page 3,Modern,layout,0.7,2.5,5.0,True,0.25,False,0,3.3298685550689697,0.0,0,0,0,Line processing failed: 'list' object cannot be interpreted as an integer
umeh_dhernangdri_high quality(1),umeh_dhernangdri_high quality(1) - page 3,Modern,layout,0.7,2.5,5.0,True,0.5,False,0,5.607131481170654,0.0,0,0,0,Line processing failed: 'list' object cannot be interpreted as an integer
umeh_dhernangdri_high quality(1),umeh_dhernangdri_high quality(1) - page 3,Modern,layout,0.7,2.5,5.0,True,0.9,True,6,11.037700176239014,54.84,62,34,28,
umeh_dhernangdri_high quality(1),umeh_dhernangdri_high quality(1) - page 3,Modern,layout,0.7,2.5,5.0,False,0.1,False,0,3.538463830947876,0.0,0,0,0,Line processing failed: 'list' object cannot be interpreted as an integer
umeh_dhernangdri_high quality(1),umeh_dhernangdri_high quality(1) - page 3,Modern,layout,0.7,2.5,5.0,False,0.25,False,0,3.323519468307495,0.0,0,0,0,Line processing failed: 'list' object cannot be interpreted as an integer
umeh_dhernangdri_high quality(1),umeh_dhernangdri_high quality(1) - page 3,Modern,layout,0.7,2.5,5.0,False,0.5,False,0,3.4267055988311768,0.0,0,0,0,Line processing failed: 'list' object cannot be interpreted as an integer
umeh_dhernangdri_high quality(1),umeh_dhernangdri_high quality(1) - page 3,Modern,layout,0.7,2.5,5.0,False,0.9,True,7,8.641544580459595,47.62,63,30,33,
umeh_dhernangdri_high quality(1),umeh_dhernangdri_high quality(1) - page 3,Modern,layout,0.7,3.0,2.5,True,0.1,False,0,3.314197063446045,0.0,0,0,0,Line processing failed: 'list' object cannot be interpreted as an integer
umeh_dhernangdri_high quality(1),umeh_dhernangdri_high quality(1) - page 3,Modern,layout,0.7,3.0,2.5,True,0.25,False,0,3.429567575454712,0.0,0,0,0,Line processing failed: 'list' object cannot be interpreted as an integer
umeh_dhernangdri_high quality(1),umeh_dhernangdri_high quality(1) - page 3,Modern,layout,0.7,3.0,2.5,True,0.5,False,0,3.5641930103302,0.0,0,0,0,Line processing failed: 'list' object cannot be interpreted as an integer
umeh_dhernangdri_high quality(1),umeh_dhernangdri_high quality(1) - page 3,Modern,layout,0.7,3.0,2.5,True,0.9,True,6,10.854701042175293,32.08,53,17,36,
umeh_dhernangdri_high quality(1),umeh_dhernangdri_high quality(1) - page 3,Modern,layout,0.7,3.0,2.5,False,0.1,False,0,3.3211617469787598,0.0,0,0,0,Line processing failed: 'list' object cannot be interpreted as an integer
umeh_dhernangdri_high quality(1),umeh_dhernangdri_high quality(1) - page 3,Modern,layout,0.7,3.0,2.5,False,0.25,False,0,3.3232309818267822,0.0,0,0,0,Line processing failed: 'list' object cannot be interpreted as an integer
umeh_dhernangdri_high quality(1),umeh_dhernangdri_high quality(1) - page 3,Modern,layout,0.7,3.0,2.5,False,0.5,False,0,3.47208571434021,0.0,0,0,0,Line processing failed: 'list' object cannot be interpreted as an integer
umeh_dhernangdri_high quality(1),umeh_dhernangdri_high quality(1) - page 3,Modern,layout,0.7,3.0,2.5,False,0.9,True,7,10.658672332763672,39.62,53,21,32,
umeh_dhernangdri_high quality(1),umeh_dhernangdri_high quality(1) - page 3,Modern,layout,0.7,3.0,3.5,True,0.1,False,0,3.312938690185547,0.0,0,0,0,Line processing failed: 'list' object cannot be interpreted as an integer
umeh_dhernangdri_high quality(1),umeh_dhernangdri_high quality(1) - page 3,Modern,layout,0.7,3.0,3.5,True,0.25,False,0,3.329002618789673,0.0,0,0,0,Line processing failed: 'list' object cannot be interpreted as an integer
umeh_dhernangdri_high quality(1),umeh_dhernangdri_high quality(1) - page 3,Modern,layout,0.7,3.0,3.5,True,0.5,False,0,3.5162746906280518,0.0,0,0,0,Line processing failed: 'list' object cannot be interpreted as an integer
umeh_dhernangdri_high quality(1),umeh_dhernangdri_high quality(1) - page 3,Modern,layout,0.7,3.0,3.5,True,0.9,True,6,13.737387895584106,46.55,58,27,31,
umeh_dhernangdri_high quality(1),umeh_dhernangdri_high quality(1) - page 3,Modern,layout,0.7,3.0,3.5,False,0.1,False,0,3.3680899143218994,0.0,0,0,0,Line processing failed: 'list' object cannot be interpreted as an integer
umeh_dhernangdri_high quality(1),umeh_dhernangdri_high quality(1) - page 3,Modern,layout,0.7,3.0,3.5,False,0.25,False,0,5.654008388519287,0.0,0,0,0,Line processing failed: 'list' object cannot be interpreted as an integer
umeh_dhernangdri_high quality(1),umeh_dhernangdri_high quality(1) - page 3,Modern,layout,0.7,3.0,3.5,False,0.5,False,0,3.5724425315856934,0.0,0,0,0,Line processing failed: 'list' object cannot be interpreted as an integer
umeh_dhernangdri_high quality(1),umeh_dhernangdri_high quality(1) - page 3,Modern,layout,0.7,3.0,3.5,False,0.9,True,7,11.154083251953125,47.27,55,26,29,
umeh_dhernangdri_high quality(1),umeh_dhernangdri_high quality(1) - page 3,Modern,layout,0.7,3.0,4.0,True,0.1,False,0,3.3109679222106934,0.0,0,0,0,Line processing failed: 'list' object cannot be interpreted as an integer
umeh_dhernangdri_high quality(1),umeh_dhernangdri_high quality(1) - page 3,Modern,layout,0.7,3.0,4.0,True,0.25,False,0,3.3292109966278076,0.0,0,0,0,Line processing failed: 'list' object cannot be interpreted as an integer
umeh_dhernangdri_high quality(1),umeh_dhernangdri_high quality(1) - page 3,Modern,layout,0.7,3.0,4.0,True,0.5,False,0,3.3283350467681885,0.0,0,0,0,Line processing failed: 'list' object cannot be interpreted as an integer
umeh_dhernangdri_high quality(1),umeh_dhernangdri_high quality(1) - page 3,Modern,layout,0.7,3.0,4.0,True,0.9,True,6,9.636338472366333,46.0,50,23,27,
umeh_dhernangdri_high quality(1),umeh_dhernangdri_high quality(1) - page 3,Modern,layout,0.7,3.0,4.0,False,0.1,False,0,3.3280258178710938,0.0,0,0,0,Line processing failed: 'list' object cannot be interpreted as an integer
umeh_dhernangdri_high quality(1),umeh_dhernangdri_high quality(1) - page 3,Modern,layout,0.7,3.0,4.0,False,0.25,False,0,3.3307089805603027,0.0,0,0,0,Line processing failed: 'list' object cannot be interpreted as an integer
umeh_dhernangdri_high quality(1),umeh_dhernangdri_high quality(1) - page 3,Modern,layout,0.7,3.0,4.0,False,0.5,False,0,3.6724534034729004,0.0,0,0,0,Line processing failed: 'list' object cannot be interpreted as an integer
umeh_dhernangdri_high quality(1),umeh_dhernangdri_high quality(1) - page 3,Modern,layout,0.7,3.0,4.0,False,0.9,True,7,10.540138483047485,48.15,54,26,28,
umeh_dhernangdri_high quality(1),umeh_dhernangdri_high quality(1) - page 3,Modern,layout,0.7,3.0,5.0,True,0.1,False,0,3.3405051231384277,0.0,0,0,0,Line processing failed: 'list' object cannot be interpreted as an integer
umeh_dhernangdri_high quality(1),umeh_dhernangdri_high quality(1) - page 3,Modern,layout,0.7,3.0,5.0,True,0.25,False,0,3.3539862632751465,0.0,0,0,0,Line processing failed: 'list' object cannot be interpreted as an integer
umeh_dhernangdri_high quality(1),umeh_dhernangdri_high quality(1) - page 3,Modern,layout,0.7,3.0,5.0,True,0.5,False,0,3.4875268936157227,0.0,0,0,0,Line processing failed: 'list' object cannot be interpreted as an integer
umeh_dhernangdri_high quality(1),umeh_dhernangdri_high quality(1) - page 3,Modern,layout,0.7,3.0,5.0,True,0.9,True,6,9.004719495773315,49.15,59,29,30,
umeh_dhernangdri_high quality(1),umeh_dhernangdri_high quality(1) - page 3,Modern,layout,0.7,3.0,5.0,False,0.1,False,0,3.329523801803589,0.0,0,0,0,Line processing failed: 'list' object cannot be interpreted as an integer
umeh_dhernangdri_high quality(1),umeh_dhernangdri_high quality(1) - page 3,Modern,layout,0.7,3.0,5.0,False,0.25,False,0,3.377307415008545,0.0,0,0,0,Line processing failed: 'list' object cannot be interpreted as an integer
umeh_dhernangdri_high quality(1),umeh_dhernangdri_high quality(1) - page 3,Modern,layout,0.7,3.0,5.0,False,0.5,False,0,3.5948212146759033,0.0,0,0,0,Line processing failed: 'list' object cannot be interpreted as an integer
umeh_dhernangdri_high quality(1),umeh_dhernangdri_high quality(1) - page 3,Modern,layout,0.7,3.0,5.0,False,0.9,True,7,8.70314621925354,41.67,60,25,35,
umeh_dhernangdri_high quality(1),umeh_dhernangdri_high quality(1) - page 3,Modern,layout,0.8,2.0,2.5,True,0.1,False,0,5.641341686248779,0.0,0,0,0,Line processing failed: 'list' object cannot be interpreted as an integer
umeh_dhernangdri_high quality(1),umeh_dhernangdri_high quality(1) - page 3,Modern,layout,0.8,2.0,2.5,True,0.25,False,0,5.650970697402954,0.0,0,0,0,Line processing failed: 'list' object cannot be interpreted as an integer
umeh_dhernangdri_high quality(1),umeh_dhernangdri_high quality(1) - page 3,Modern,layout,0.8,2.0,2.5,True,0.5,False,0,5.644397020339966,0.0,0,0,0,Line processing failed: 'list' object cannot be interpreted as an integer
umeh_dhernangdri_high quality(1),umeh_dhernangdri_high quality(1) - page 3,Modern,layout,0.8,2.0,2.5,True,0.9,True,6,13.483660697937012,38.6,57,22,35,
umeh_dhernangdri_high quality(1),umeh_dhernangdri_high quality(1) - page 3,Modern,layout,0.8,2.0,2.5,False,0.1,False,0,3.332015037536621,0.0,0,0,0,Line processing failed: 'list' object cannot be interpreted as an integer
umeh_dhernangdri_high quality(1),umeh_dhernangdri_high quality(1) - page 3,Modern,layout,0.8,2.0,2.5,False,0.25,False,0,3.343393325805664,0.0,0,0,0,Line processing failed: 'list' object cannot be interpreted as an integer
umeh_dhernangdri_high quality(1),umeh_dhernangdri_high quality(1) - page 3,Modern,layout,0.8,2.0,2.5,False,0.5,False,0,3.3368239402770996,0.0,0,0,0,Line processing failed: 'list' object cannot be interpreted as an integer
umeh_dhernangdri_high quality(1),umeh_dhernangdri_high quality(1) - page 3,Modern,layout,0.8,2.0,2.5,False,0.9,True,7,10.485824346542358,45.61,57,26,31,
umeh_dhernangdri_high quality(1),umeh_dhernangdri_high quality(1) - page 3,Modern,layout,0.8,2.0,3.5,True,0.1,False,0,3.341249942779541,0.0,0,0,0,Line processing failed: 'list' object cannot be interpreted as an integer
umeh_dhernangdri_high quality(1),umeh_dhernangdri_high quality(1) - page 3,Modern,layout,0.8,2.0,3.5,True,0.25,False,0,3.34262752532959,0.0,0,0,0,Line processing failed: 'list' object cannot be interpreted as an integer
umeh_dhernangdri_high quality(1),umeh_dhernangdri_high quality(1) - page 3,Modern,layout,0.8,2.0,3.5,True,0.5,False,0,3.5179245471954346,0.0,0,0,0,Line processing failed: 'list' object cannot be interpreted as an integer
umeh_dhernangdri_high quality(1),umeh_dhernangdri_high quality(1) - page 3,Modern,layout,0.8,2.0,3.5,True,0.9,True,6,10.467089176177979,47.37,57,27,30,
umeh_dhernangdri_high quality(1),umeh_dhernangdri_high quality(1) - page 3,Modern,layout,0.8,2.0,3.5,False,0.1,False,0,3.3403704166412354,0.0,0,0,0,Line processing failed: 'list' object cannot be interpreted as an integer
umeh_dhernangdri_high quality(1),umeh_dhernangdri_high quality(1) - page 3,Modern,layout,0.8,2.0,3.5,False,0.25,False,0,3.344338893890381,0.0,0,0,0,Line processing failed: 'list' object cannot be interpreted as an integer
umeh_dhernangdri_high quality(1),umeh_dhernangdri_high quality(1) - page 3,Modern,layout,0.8,2.0,3.5,False,0.5,False,0,3.524651050567627,0.0,0,0,0,Line processing failed: 'list' object cannot be interpreted as an integer
umeh_dhernangdri_high quality(1),umeh_dhernangdri_high quality(1) - page 3,Modern,layout,0.8,2.0,3.5,False,0.9,True,7,11.065004587173462,48.15,54,26,28,
umeh_dhernangdri_high quality(1),umeh_dhernangdri_high quality(1) - page 3,Modern,layout,0.8,2.0,4.0,True,0.1,False,0,3.3355443477630615,0.0,0,0,0,Line processing failed: 'list' object cannot be interpreted as an integer
umeh_dhernangdri_high quality(1),umeh_dhernangdri_high quality(1) - page 3,Modern,layout,0.8,2.0,4.0,True,0.25,False,0,3.3352787494659424,0.0,0,0,0,Line processing failed: 'list' object cannot be interpreted as an integer
umeh_dhernangdri_high quality(1),umeh_dhernangdri_high quality(1) - page 3,Modern,layout,0.8,2.0,4.0,True,0.5,False,0,3.4720993041992188,0.0,0,0,0,Line processing failed: 'list' object cannot be interpreted as an integer
umeh_dhernangdri_high quality(1),umeh_dhernangdri_high quality(1) - page 3,Modern,layout,0.8,2.0,4.0,True,0.9,True,6,9.83060097694397,48.0,50,24,26,
umeh_dhernangdri_high quality(1),umeh_dhernangdri_high quality(1) - page 3,Modern,layout,0.8,2.0,4.0,False,0.1,False,0,3.3402819633483887,0.0,0,0,0,Line processing failed: 'list' object cannot be interpreted as an integer
umeh_dhernangdri_high quality(1),umeh_dhernangdri_high quality(1) - page 3,Modern,layout,0.8,2.0,4.0,False,0.25,False,0,3.3414878845214844,0.0,0,0,0,Line processing failed: 'list' object cannot be interpreted as an integer
umeh_dhernangdri_high quality(1),umeh_dhernangdri_high quality(1) - page 3,Modern,layout,0.8,2.0,4.0,False,0.5,False,0,3.521358013153076,0.0,0,0,0,Line processing failed: 'list' object cannot be interpreted as an integer
umeh_dhernangdri_high quality(1),umeh_dhernangdri_high quality(1) - page 3,Modern,layout,0.8,2.0,4.0,False,0.9,True,7,9.858691215515137,50.0,54,27,27,
umeh_dhernangdri_high quality(1),umeh_dhernangdri_high quality(1) - page 3,Modern,layout,0.8,2.0,5.0,True,0.1,False,0,3.4326884746551514,0.0,0,0,0,Line processing failed: 'list' object cannot be interpreted as an integer
umeh_dhernangdri_high quality(1),umeh_dhernangdri_high quality(1) - page 3,Modern,layout,0.8,2.0,5.0,True,0.25,False,0,5.636589527130127,0.0,0,0,0,Line processing failed: 'list' object cannot be interpreted as an integer
umeh_dhernangdri_high quality(1),umeh_dhernangdri_high quality(1) - page 3,Modern,layout,0.8,2.0,5.0,True,0.5,False,0,5.637703895568848,0.0,0,0,0,Line processing failed: 'list' object cannot be interpreted as an integer
umeh_dhernangdri_high quality(1),umeh_dhernangdri_high quality(1) - page 3,Modern,layout,0.8,2.0,5.0,True,0.9,True,6,10.721659183502197,50.0,50,25,25,
umeh_dhernangdri_high quality(1),umeh_dhernangdri_high quality(1) - page 3,Modern,layout,0.8,2.0,5.0,False,0.1,False,0,3.317826986312866,0.0,0,0,0,Line processing failed: 'list' object cannot be interpreted as an integer
umeh_dhernangdri_high quality(1),umeh_dhernangdri_high quality(1) - page 3,Modern,layout,0.8,2.0,5.0,False,0.25,False,0,5.640314102172852,0.0,0,0,0,Line processing failed: 'list' object cannot be interpreted as an integer
umeh_dhernangdri_high quality(1),umeh_dhernangdri_high quality(1) - page 3,Modern,layout,0.8,2.0,5.0,False,0.5,False,0,5.649868965148926,0.0,0,0,0,Line processing failed: 'list' object cannot be interpreted as an integer
umeh_dhernangdri_high quality(1),umeh_dhernangdri_high quality(1) - page 3,Modern,layout,0.8,2.0,5.0,False,0.9,True,7,8.971220970153809,41.51,53,22,31,
umeh_dhernangdri_high quality(1),umeh_dhernangdri_high quality(1) - page 3,Modern,layout,0.8,2.5,2.5,True,0.1,False,0,3.325000762939453,0.0,0,0,0,Line processing failed: 'list' object cannot be interpreted as an integer
umeh_dhernangdri_high quality(1),umeh_dhernangdri_high quality(1) - page 3,Modern,layout,0.8,2.5,2.5,True,0.25,False,0,3.3244168758392334,0.0,0,0,0,Line processing failed: 'list' object cannot be interpreted as an integer
umeh_dhernangdri_high quality(1),umeh_dhernangdri_high quality(1) - page 3,Modern,layout,0.8,2.5,2.5,True,0.5,False,0,3.413287401199341,0.0,0,0,0,Line processing failed: 'list' object cannot be interpreted as an integer
umeh_dhernangdri_high quality(1),umeh_dhernangdri_high quality(1) - page 3,Modern,layout,0.8,2.5,2.5,True,0.9,True,6,10.888852596282959,30.0,60,18,42,
umeh_dhernangdri_high quality(1),umeh_dhernangdri_high quality(1) - page 3,Modern,layout,0.8,2.5,2.5,False,0.1,False,0,3.34957218170166,0.0,0,0,0,Line processing failed: 'list' object cannot be interpreted as an integer
umeh_dhernangdri_high quality(1),umeh_dhernangdri_high quality(1) - page 3,Modern,layout,0.8,2.5,2.5,False,0.25,False,0,3.3189539909362793,0.0,0,0,0,Line processing failed: 'list' object cannot be interpreted as an integer
umeh_dhernangdri_high quality(1),umeh_dhernangdri_high quality(1) - page 3,Modern,layout,0.8,2.5,2.5,False,0.5,False,0,3.475717544555664,0.0,0,0,0,Line processing failed: 'list' object cannot be interpreted as an integer
umeh_dhernangdri_high quality(1),umeh_dhernangdri_high quality(1) - page 3,Modern,layout,0.8,2.5,2.5,False,0.9,True,7,11.227464199066162,36.67,60,22,38,
umeh_dhernangdri_high quality(1),umeh_dhernangdri_high quality(1) - page 3,Modern,layout,0.8,2.5,3.5,True,0.1,False,0,3.3202452659606934,0.0,0,0,0,Line processing failed: 'list' object cannot be interpreted as an integer
umeh_dhernangdri_high quality(1),umeh_dhernangdri_high quality(1) - page 3,Modern,layout,0.8,2.5,3.5,True,0.25,False,0,3.3206727504730225,0.0,0,0,0,Line processing failed: 'list' object cannot be interpreted as an integer
umeh_dhernangdri_high quality(1),umeh_dhernangdri_high quality(1) - page 3,Modern,layout,0.8,2.5,3.5,True,0.5,False,0,5.619246959686279,0.0,0,0,0,Line processing failed: 'list' object cannot be interpreted as an integer
umeh_dhernangdri_high quality(1),umeh_dhernangdri_high quality(1) - page 3,Modern,layout,0.8,2.5,3.5,True,0.9,True,6,10.191120862960815,47.37,57,27,30,
umeh_dhernangdri_high quality(1),umeh_dhernangdri_high quality(1) - page 3,Modern,layout,0.8,2.5,3.5,False,0.1,False,0,3.3563644886016846,0.0,0,0,0,Line processing failed: 'list' object cannot be interpreted as an integer
umeh_dhernangdri_high quality(1),umeh_dhernangdri_high quality(1) - page 3,Modern,layout,0.8,2.5,3.5,False,0.25,False,0,3.317174196243286,0.0,0,0,0,Line processing failed: 'list' object cannot be interpreted as an integer
umeh_dhernangdri_high quality(1),umeh_dhernangdri_high quality(1) - page 3,Modern,layout,0.8,2.5,3.5,False,0.5,False,0,3.46647310256958,0.0,0,0,0,Line processing failed: 'list' object cannot be interpreted as an integer
umeh_dhernangdri_high quality(1),umeh_dhernangdri_high quality(1) - page 3,Modern,layout,0.8,2.5,3.5,False,0.9,True,7,10.969743490219116,48.15,54,26,28,
umeh_dhernangdri_high quality(1),umeh_dhernangdri_high quality(1) - page 3,Modern,layout,0.8,2.5,4.0,True,0.1,False,0,3.316819190979004,0.0,0,0,0,Line processing failed: 'list' object cannot be interpreted as an integer
umeh_dhernangdri_high quality(1),umeh_dhernangdri_high quality(1) - page 3,Modern,layout,0.8,2.5,4.0,True,0.25,False,0,3.3226301670074463,0.0,0,0,0,Line processing failed: 'list' object cannot be interpreted as an integer
umeh_dhernangdri_high quality(1),umeh_dhernangdri_high quality(1) - page 3,Modern,layout,0.8,2.5,4.0,True,0.5,False,0,3.4549033641815186,0.0,0,0,0,Line processing failed: 'list' object cannot be interpreted as an integer
umeh_dhernangdri_high quality(1),umeh_dhernangdri_high quality(1) - page 3,Modern,layout,0.8,2.5,4.0,True,0.9,True,6,9.611664056777954,47.06,51,24,27,
umeh_dhernangdri_high quality(1),umeh_dhernangdri_high quality(1) - page 3,Modern,layout,0.8,2.5,4.0,False,0.1,False,0,3.3131070137023926,0.0,0,0,0,Line processing failed: 'list' object cannot be interpreted as an integer
umeh_dhernangdri_high quality(1),umeh_dhernangdri_high quality(1) - page 3,Modern,layout,0.8,2.5,4.0,False,0.25,False,0,3.3237626552581787,0.0,0,0,0,Line processing failed: 'list' object cannot be interpreted as an integer
umeh_dhernangdri_high quality(1),umeh_dhernangdri_high quality(1) - page 3,Modern,layout,0.8,2.5,4.0,False,0.5,False,0,3.67751145362854,0.0,0,0,0,Line processing failed: 'list' object cannot be interpreted as an integer
umeh_dhernangdri_high quality(1),umeh_dhernangdri_high quality(1) - page 3,Modern,layout,0.8,2.5,4.0,False,0.9,True,7,10.194692611694336,49.09,55,27,28,
umeh_dhernangdri_high quality(1),umeh_dhernangdri_high quality(1) - page 3,Modern,layout,0.8,2.5,5.0,True,0.1,False,0,3.3939120769500732,0.0,0,0,0,Line processing failed: 'list' object cannot be interpreted as an integer
umeh_dhernangdri_high quality(1),umeh_dhernangdri_high quality(1) - page 3,Modern,layout,0.8,2.5,5.0,True,0.25,False,0,3.315178394317627,0.0,0,0,0,Line processing failed: 'list' object cannot be interpreted as an integer
umeh_dhernangdri_high quality(1),umeh_dhernangdri_high quality(1) - page 3,Modern,layout,0.8,2.5,5.0,True,0.5,False,0,3.51448130607605,0.0,0,0,0,Line processing failed: 'list' object cannot be interpreted as an integer
umeh_dhernangdri_high quality(1),umeh_dhernangdri_high quality(1) - page 3,Modern,layout,0.8,2.5,5.0,True,0.9,True,6,8.601260423660278,54.84,62,34,28,
umeh_dhernangdri_high quality(1),umeh_dhernangdri_high quality(1) - page 3,Modern,layout,0.8,2.5,5.0,False,0.1,False,0,3.3154826164245605,0.0,0,0,0,Line processing failed: 'list' object cannot be interpreted as an integer
umeh_dhernangdri_high quality(1),umeh_dhernangdri_high quality(1) - page 3,Modern,layout,0.8,2.5,5.0,False,0.25,False,0,3.403895616531372,0.0,0,0,0,Line processing failed: 'list' object cannot be interpreted as an integer
umeh_dhernangdri_high quality(1),umeh_dhernangdri_high quality(1) - page 3,Modern,layout,0.8,2.5,5.0,False,0.5,False,0,3.58244252204895,0.0,0,0,0,Line processing failed: 'list' object cannot be interpreted as an integer
umeh_dhernangdri_high quality(1),umeh_dhernangdri_high quality(1) - page 3,Modern,layout,0.8,2.5,5.0,False,0.9,True,7,8.953039169311523,47.62,63,30,33,
umeh_dhernangdri_high quality(1),umeh_dhernangdri_high quality(1) - page 3,Modern,layout,0.8,3.0,2.5,True,0.1,False,0,5.605834245681763,0.0,0,0,0,Line processing failed: 'list' object cannot be interpreted as an integer
umeh_dhernangdri_high quality(1),umeh_dhernangdri_high quality(1) - page 3,Modern,layout,0.8,3.0,2.5,True,0.25,False,0,5.6215620040893555,0.0,0,0,0,Line processing failed: 'list' object cannot be interpreted as an integer
umeh_dhernangdri_high quality(1),umeh_dhernangdri_high quality(1) - page 3,Modern,layout,0.8,3.0,2.5,True,0.5,False,0,5.6201629638671875,0.0,0,0,0,Line processing failed: 'list' object cannot be interpreted as an integer
umeh_dhernangdri_high quality(1),umeh_dhernangdri_high quality(1) - page 3,Modern,layout,0.8,3.0,2.5,True,0.9,True,6,13.063665628433228,32.08,53,17,36,
umeh_dhernangdri_high quality(1),umeh_dhernangdri_high quality(1) - page 3,Modern,layout,0.8,3.0,2.5,False,0.1,False,0,3.317659854888916,0.0,0,0,0,Line processing failed: 'list' object cannot be interpreted as an integer
umeh_dhernangdri_high quality(1),umeh_dhernangdri_high quality(1) - page 3,Modern,layout,0.8,3.0,2.5,False,0.25,False,0,3.4121363162994385,0.0,0,0,0,Line processing failed: 'list' object cannot be interpreted as an integer
umeh_dhernangdri_high quality(1),umeh_dhernangdri_high quality(1) - page 3,Modern,layout,0.8,3.0,2.5,False,0.5,False,0,3.3541793823242188,0.0,0,0,0,Line processing failed: 'list' object cannot be interpreted as an integer
umeh_dhernangdri_high quality(1),umeh_dhernangdri_high quality(1) - page 3,Modern,layout,0.8,3.0,2.5,False,0.9,True,7,10.4023118019104,39.62,53,21,32,
umeh_dhernangdri_high quality(1),umeh_dhernangdri_high quality(1) - page 3,Modern,layout,0.8,3.0,3.5,True,0.1,False,0,3.3135547637939453,0.0,0,0,0,Line processing failed: 'list' object cannot be interpreted as an integer
umeh_dhernangdri_high quality(1),umeh_dhernangdri_high quality(1) - page 3,Modern,layout,0.8,3.0,3.5,True,0.25,False,0,3.3234362602233887,0.0,0,0,0,Line processing failed: 'list' object cannot be interpreted as an integer
umeh_dhernangdri_high quality(1),umeh_dhernangdri_high quality(1) - page 3,Modern,layout,0.8,3.0,3.5,True,0.5,False,0,3.4384186267852783,0.0,0,0,0,Line processing failed: 'list' object cannot be interpreted as an integer
umeh_dhernangdri_high quality(1),umeh_dhernangdri_high quality(1) - page 3,Modern,layout,0.8,3.0,3.5,True,0.9,True,6,11.340279579162598,46.55,58,27,31,
umeh_dhernangdri_high quality(1),umeh_dhernangdri_high quality(1) - page 3,Modern,layout,0.8,3.0,3.5,False,0.1,False,0,3.380878210067749,0.0,0,0,0,Line processing failed: 'list' object cannot be interpreted as an integer
umeh_dhernangdri_high quality(1),umeh_dhernangdri_high quality(1) - page 3,Modern,layout,0.8,3.0,3.5,False,0.25,False,0,3.3414652347564697,0.0,0,0,0,Line processing failed: 'list' object cannot be interpreted as an integer
umeh_dhernangdri_high quality(1),umeh_dhernangdri_high quality(1) - page 3,Modern,layout,0.8,3.0,3.5,False,0.5,False,0,3.3750226497650146,0.0,0,0,0,Line processing failed: 'list' object cannot be interpreted as an integer
umeh_dhernangdri_high quality(1),umeh_dhernangdri_high quality(1) - page 3,Modern,layout,0.8,3.0,3.5,False,0.9,True,7,11.553588628768921,47.27,55,26,29,
umeh_dhernangdri_high quality(1),umeh_dhernangdri_high quality(1) - page 3,Modern,layout,0.8,3.0,4.0,True,0.1,False,0,3.334224224090576,0.0,0,0,0,Line processing failed: 'list' object cannot be interpreted as an integer
umeh_dhernangdri_high quality(1),umeh_dhernangdri_high quality(1) - page 3,Modern,layout,0.8,3.0,4.0,True,0.25,False,0,3.357860803604126,0.0,0,0,0,Line processing failed: 'list' object cannot be interpreted as an integer
umeh_dhernangdri_high quality(1),umeh_dhernangdri_high quality(1) - page 3,Modern,layout,0.8,3.0,4.0,True,0.5,False,0,3.3931610584259033,0.0,0,0,0,Line processing failed: 'list' object cannot be interpreted as an integer
umeh_dhernangdri_high quality(1),umeh_dhernangdri_high quality(1) - page 3,Modern,layout,0.8,3.0,4.0,True,0.9,True,6,9.904173851013184,46.0,50,23,27,
umeh_dhernangdri_high quality(1),umeh_dhernangdri_high quality(1) - page 3,Modern,layout,0.8,3.0,4.0,False,0.1,False,0,5.631964683532715,0.0,0,0,0,Line processing failed: 'list' object cannot be interpreted as an integer
umeh_dhernangdri_high quality(1),umeh_dhernangdri_high quality(1) - page 3,Modern,layout,0.8,3.0,4.0,False,0.25,False,0,3.4208486080169678,0.0,0,0,0,Line processing failed: 'list' object cannot be interpreted as an integer
umeh_dhernangdri_high quality(1),umeh_dhernangdri_high quality(1) - page 3,Modern,layout,0.8,3.0,4.0,False,0.5,False,0,3.3418920040130615,0.0,0,0,0,Line processing failed: 'list' object cannot be interpreted as an integer
umeh_dhernangdri_high quality(1),umeh_dhernangdri_high quality(1) - page 3,Modern,layout,0.8,3.0,4.0,False,0.9,True,7,10.418570041656494,48.15,54,26,28,
umeh_dhernangdri_high quality(1),umeh_dhernangdri_high quality(1) - page 3,Modern,layout,0.8,3.0,5.0,True,0.1,False,0,3.325975179672241,0.0,0,0,0,Line processing failed: 'list' object cannot be interpreted as an integer
umeh_dhernangdri_high quality(1),umeh_dhernangdri_high quality(1) - page 3,Modern,layout,0.8,3.0,5.0,True,0.25,False,0,3.3361048698425293,0.0,0,0,0,Line processing failed: 'list' object cannot be interpreted as an integer
umeh_dhernangdri_high quality(1),umeh_dhernangdri_high quality(1) - page 3,Modern,layout,0.8,3.0,5.0,True,0.5,False,0,3.5691518783569336,0.0,0,0,0,Line processing failed: 'list' object cannot be interpreted as an integer
umeh_dhernangdri_high quality(1),umeh_dhernangdri_high quality(1) - page 3,Modern,layout,0.8,3.0,5.0,True,0.9,True,6,8.866041898727417,49.15,59,29,30,
umeh_dhernangdri_high quality(1),umeh_dhernangdri_high quality(1) - page 3,Modern,layout,0.8,3.0,5.0,False,0.1,False,0,3.3238887786865234,0.0,0,0,0,Line processing failed: 'list' object cannot be interpreted as an integer
umeh_dhernangdri_high quality(1),umeh_dhernangdri_high quality(1) - page 3,Modern,layout,0.8,3.0,5.0,False,0.25,False,0,3.4060468673706055,0.0,0,0,0,Line processing failed: 'list' object cannot be interpreted as an integer
umeh_dhernangdri_high quality(1),umeh_dhernangdri_high quality(1) - page 3,Modern,layout,0.8,3.0,5.0,False,0.5,False,0,3.583692789077759,0.0,0,0,0,Line processing failed: 'list' object cannot be interpreted as an integer
umeh_dhernangdri_high quality(1),umeh_dhernangdri_high quality(1) - page 3,Modern,layout,0.8,3.0,5.0,False,0.9,True,7,8.65226697921753,41.67,60,25,35,
umeh_dhernangdri_high quality(1),umeh_dhernangdri_high quality(1) - page 3,Modern,layout,0.9,2.0,2.5,True,0.1,False,0,3.324540376663208,0.0,0,0,0,Line processing failed: 'list' object cannot be interpreted as an integer
umeh_dhernangdri_high quality(1),umeh_dhernangdri_high quality(1) - page 3,Modern,layout,0.9,2.0,2.5,True,0.25,False,0,3.4556639194488525,0.0,0,0,0,Line processing failed: 'list' object cannot be interpreted as an integer
umeh_dhernangdri_high quality(1),umeh_dhernangdri_high quality(1) - page 3,Modern,layout,0.9,2.0,2.5,True,0.5,False,0,3.6190571784973145,0.0,0,0,0,Line processing failed: 'list' object cannot be interpreted as an integer
umeh_dhernangdri_high quality(1),umeh_dhernangdri_high quality(1) - page 3,Modern,layout,0.9,2.0,2.5,True,0.9,True,6,11.246676683425903,38.6,57,22,35,
umeh_dhernangdri_high quality(1),umeh_dhernangdri_high quality(1) - page 3,Modern,layout,0.9,2.0,2.5,False,0.1,False,0,3.323317766189575,0.0,0,0,0,Line processing failed: 'list' object cannot be interpreted as an integer
umeh_dhernangdri_high quality(1),umeh_dhernangdri_high quality(1) - page 3,Modern,layout,0.9,2.0,2.5,False,0.25,False,0,3.343975782394409,0.0,0,0,0,Line processing failed: 'list' object cannot be interpreted as an integer
umeh_dhernangdri_high quality(1),umeh_dhernangdri_high quality(1) - page 3,Modern,layout,0.9,2.0,2.5,False,0.5,False,0,3.518164873123169,0.0,0,0,0,Line processing failed: 'list' object cannot be interpreted as an integer
umeh_dhernangdri_high quality(1),umeh_dhernangdri_high quality(1) - page 3,Modern,layout,0.9,2.0,2.5,False,0.9,True,7,10.459058046340942,45.61,57,26,31,
umeh_dhernangdri_high quality(1),umeh_dhernangdri_high quality(1) - page 3,Modern,layout,0.9,2.0,3.5,True,0.1,False,0,3.3459300994873047,0.0,0,0,0,Line processing failed: 'list' object cannot be interpreted as an integer
umeh_dhernangdri_high quality(1),umeh_dhernangdri_high quality(1) - page 3,Modern,layout,0.9,2.0,3.5,True,0.25,False,0,3.3137567043304443,0.0,0,0,0,Line processing failed: 'list' object cannot be interpreted as an integer
umeh_dhernangdri_high quality(1),umeh_dhernangdri_high quality(1) - page 3,Modern,layout,0.9,2.0,3.5,True,0.5,False,0,3.5348212718963623,0.0,0,0,0,Line processing failed: 'list' object cannot be interpreted as an integer
umeh_dhernangdri_high quality(1),umeh_dhernangdri_high quality(1) - page 3,Modern,layout,0.9,2.0,3.5,True,0.9,True,6,10.161117792129517,47.37,57,27,30,
umeh_dhernangdri_high quality(1),umeh_dhernangdri_high quality(1) - page 3,Modern,layout,0.9,2.0,3.5,False,0.1,False,0,3.328227996826172,0.0,0,0,0,Line processing failed: 'list' object cannot be interpreted as an integer
umeh_dhernangdri_high quality(1),umeh_dhernangdri_high quality(1) - page 3,Modern,layout,0.9,2.0,3.5,False,0.25,False,0,3.320314884185791,0.0,0,0,0,Line processing failed: 'list' object cannot be interpreted as an integer
umeh_dhernangdri_high quality(1),umeh_dhernangdri_high quality(1) - page 3,Modern,layout,0.9,2.0,3.5,False,0.5,False,0,3.5478904247283936,0.0,0,0,0,Line processing failed: 'list' object cannot be interpreted as an integer
umeh_dhernangdri_high quality(1),umeh_dhernangdri_high quality(1) - page 3,Modern,layout,0.9,2.0,3.5,False,0.9,True,7,10.724541664123535,48.15,54,26,28,
umeh_dhernangdri_high quality(1),umeh_dhernangdri_high quality(1) - page 3,Modern,layout,0.9,2.0,4.0,True,0.1,False,0,3.3315255641937256,0.0,0,0,0,Line processing failed: 'list' object cannot be interpreted as an integer
umeh_dhernangdri_high quality(1),umeh_dhernangdri_high quality(1) - page 3,Modern,layout,0.9,2.0,4.0,True,0.25,False,0,3.3926916122436523,0.0,0,0,0,Line processing failed: 'list' object cannot be interpreted as an integer
umeh_dhernangdri_high quality(1),umeh_dhernangdri_high quality(1) - page 3,Modern,layout,0.9,2.0,4.0,True,0.5,False,0,3.4907634258270264,0.0,0,0,0,Line processing failed: 'list' object cannot be interpreted as an integer
umeh_dhernangdri_high quality(1),umeh_dhernangdri_high quality(1) - page 3,Modern,layout,0.9,2.0,4.0,True,0.9,True,6,9.641529321670532,48.0,50,24,26,
umeh_dhernangdri_high quality(1),umeh_dhernangdri_high quality(1) - page 3,Modern,layout,0.9,2.0,4.0,False,0.1,False,0,3.3566880226135254,0.0,0,0,0,Line processing failed: 'list' object cannot be interpreted as an integer
umeh_dhernangdri_high quality(1),umeh_dhernangdri_high quality(1) - page 3,Modern,layout,0.9,2.0,4.0,False,0.25,False,0,3.429378032684326,0.0,0,0,0,Line processing failed: 'list' object cannot be interpreted as an integer
umeh_dhernangdri_high quality(1),umeh_dhernangdri_high quality(1) - page 3,Modern,layout,0.9,2.0,4.0,False,0.5,False,0,3.543335437774658,0.0,0,0,0,Line processing failed: 'list' object cannot be interpreted as an integer
umeh_dhernangdri_high quality(1),umeh_dhernangdri_high quality(1) - page 3,Modern,layout,0.9,2.0,4.0,False,0.9,True,7,9.745330572128296,50.0,54,27,27,
umeh_dhernangdri_high quality(1),umeh_dhernangdri_high quality(1) - page 3,Modern,layout,0.9,2.0,5.0,True,0.1,False,0,3.333360433578491,0.0,0,0,0,Line processing failed: 'list' object cannot be interpreted as an integer
umeh_dhernangdri_high quality(1),umeh_dhernangdri_high quality(1) - page 3,Modern,layout,0.9,2.0,5.0,True,0.25,False,0,3.3259103298187256,0.0,0,0,0,Line processing failed: 'list' object cannot be interpreted as an integer
umeh_dhernangdri_high quality(1),umeh_dhernangdri_high quality(1) - page 3,Modern,layout,0.9,2.0,5.0,True,0.5,False,0,3.579223155975342,0.0,0,0,0,Line processing failed: 'list' object cannot be interpreted as an integer
umeh_dhernangdri_high quality(1),umeh_dhernangdri_high quality(1) - page 3,Modern,layout,0.9,2.0,5.0,True,0.9,True,6,8.390039443969727,50.0,50,25,25,
umeh_dhernangdri_high quality(1),umeh_dhernangdri_high quality(1) - page 3,Modern,layout,0.9,2.0,5.0,False,0.1,False,0,3.332664728164673,0.0,0,0,0,Line processing failed: 'list' object cannot be interpreted as an integer
umeh_dhernangdri_high quality(1),umeh_dhernangdri_high quality(1) - page 3,Modern,layout,0.9,2.0,5.0,False,0.25,False,0,3.4250404834747314,0.0,0,0,0,Line processing failed: 'list' object cannot be interpreted as an integer
umeh_dhernangdri_high quality(1),umeh_dhernangdri_high quality(1) - page 3,Modern,layout,0.9,2.0,5.0,False,0.5,False,0,3.659325361251831,0.0,0,0,0,Line processing failed: 'list' object cannot be interpreted as an integer
umeh_dhernangdri_high quality(1),umeh_dhernangdri_high quality(1) - page 3,Modern,layout,0.9,2.0,5.0,False,0.9,True,7,10.605180263519287,41.51,53,22,31,
umeh_dhernangdri_high quality(1),umeh_dhernangdri_high quality(1) - page 3,Modern,layout,0.9,2.5,2.5,True,0.1,False,0,3.4001502990722656,0.0,0,0,0,Line processing failed: 'list' object cannot be interpreted as an integer
umeh_dhernangdri_high quality(1),umeh_dhernangdri_high quality(1) - page 3,Modern,layout,0.9,2.5,2.5,True,0.25,False,0,3.3184497356414795,0.0,0,0,0,Line processing failed: 'list' object cannot be interpreted as an integer
umeh_dhernangdri_high quality(1),umeh_dhernangdri_high quality(1) - page 3,Modern,layout,0.9,2.5,2.5,True,0.5,False,0,3.4762327671051025,0.0,0,0,0,Line processing failed: 'list' object cannot be interpreted as an integer
umeh_dhernangdri_high quality(1),umeh_dhernangdri_high quality(1) - page 3,Modern,layout,0.9,2.5,2.5,True,0.9,True,6,10.869673728942871,30.0,60,18,42,
umeh_dhernangdri_high quality(1),umeh_dhernangdri_high quality(1) - page 3,Modern,layout,0.9,2.5,2.5,False,0.1,False,0,3.3232812881469727,0.0,0,0,0,Line processing failed: 'list' object cannot be interpreted as an integer
umeh_dhernangdri_high quality(1),umeh_dhernangdri_high quality(1) - page 3,Modern,layout,0.9,2.5,2.5,False,0.25,False,0,3.4396111965179443,0.0,0,0,0,Line processing failed: 'list' object cannot be interpreted as an integer
umeh_dhernangdri_high quality(1),umeh_dhernangdri_high quality(1) - page 3,Modern,layout,0.9,2.5,2.5,False,0.5,False,0,4.158450365066528,0.0,0,0,0,Line processing failed: 'list' object cannot be interpreted as an integer
umeh_dhernangdri_high quality(1),umeh_dhernangdri_high quality(1) - page 3,Modern,layout,0.9,2.5,2.5,False,0.9,True,7,11.472488164901733,36.67,60,22,38,
umeh_dhernangdri_high quality(1),umeh_dhernangdri_high quality(1) - page 3,Modern,layout,0.9,2.5,3.5,True,0.1,False,0,3.407637119293213,0.0,0,0,0,Line processing failed: 'list' object cannot be interpreted as an integer
umeh_dhernangdri_high quality(1),umeh_dhernangdri_high quality(1) - page 3,Modern,layout,0.9,2.5,3.5,True,0.25,False,0,3.322770357131958,0.0,0,0,0,Line processing failed: 'list' object cannot be interpreted as an integer
umeh_dhernangdri_high quality(1),umeh_dhernangdri_high quality(1) - page 3,Modern,layout,0.9,2.5,3.5,True,0.5,False,0,3.4634642601013184,0.0,0,0,0,Line processing failed: 'list' object cannot be interpreted as an integer
umeh_dhernangdri_high quality(1),umeh_dhernangdri_high quality(1) - page 3,Modern,layout,0.9,2.5,3.5,True,0.9,True,6,10.39818263053894,47.37,57,27,30,
umeh_dhernangdri_high quality(1),umeh_dhernangdri_high quality(1) - page 3,Modern,layout,0.9,2.5,3.5,False,0.1,False,0,5.5749571323394775,0.0,0,0,0,Line processing failed: 'list' object cannot be interpreted as an integer
umeh_dhernangdri_high quality(1),umeh_dhernangdri_high quality(1) - page 3,Modern,layout,0.9,2.5,3.5,False,0.25,False,0,3.326568603515625,0.0,0,0,0,Line processing failed: 'list' object cannot be interpreted as an integer
umeh_dhernangdri_high quality(1),umeh_dhernangdri_high quality(1) - page 3,Modern,layout,0.9,2.5,3.5,False,0.5,False,0,3.332033395767212,0.0,0,0,0,Line processing failed: 'list' object cannot be interpreted as an integer
umeh_dhernangdri_high quality(1),umeh_dhernangdri_high quality(1) - page 3,Modern,layout,0.9,2.5,3.5,False,0.9,True,7,10.988598346710205,48.15,54,26,28,
umeh_dhernangdri_high quality(1),umeh_dhernangdri_high quality(1) - page 3,Modern,layout,0.9,2.5,4.0,True,0.1,False,0,3.3269431591033936,0.0,0,0,0,Line processing failed: 'list' object cannot be interpreted as an integer
umeh_dhernangdri_high quality(1),umeh_dhernangdri_high quality(1) - page 3,Modern,layout,0.9,2.5,4.0,True,0.25,False,0,3.326465606689453,0.0,0,0,0,Line processing failed: 'list' object cannot be interpreted as an integer
umeh_dhernangdri_high quality(1),umeh_dhernangdri_high quality(1) - page 3,Modern,layout,0.9,2.5,4.0,True,0.5,False,0,3.4406938552856445,0.0,0,0,0,Line processing failed: 'list' object cannot be interpreted as an integer
umeh_dhernangdri_high quality(1),umeh_dhernangdri_high quality(1) - page 3,Modern,layout,0.9,2.5,4.0,True,0.9,True,6,10.002225160598755,47.06,51,24,27,
umeh_dhernangdri_high quality(1),umeh_dhernangdri_high quality(1) - page 3,Modern,layout,0.9,2.5,4.0,False,0.1,False,0,3.357520818710327,0.0,0,0,0,Line processing failed: 'list' object cannot be interpreted as an integer
umeh_dhernangdri_high quality(1),umeh_dhernangdri_high quality(1) - page 3,Modern,layout,0.9,2.5,4.0,False,0.25,False,0,3.3288393020629883,0.0,0,0,0,Line processing failed: 'list' object cannot be interpreted as an integer
umeh_dhernangdri_high quality(1),umeh_dhernangdri_high quality(1) - page 3,Modern,layout,0.9,2.5,4.0,False,0.5,False,0,3.583885669708252,0.0,0,0,0,Line processing failed: 'list' object cannot be interpreted as an integer
umeh_dhernangdri_high quality(1),umeh_dhernangdri_high quality(1) - page 3,Modern,layout,0.9,2.5,4.0,False,0.9,True,7,10.527020931243896,49.09,55,27,28,
umeh_dhernangdri_high quality(1),umeh_dhernangdri_high quality(1) - page 3,Modern,layout,0.9,2.5,5.0,True,0.1,False,0,3.3243298530578613,0.0,0,0,0,Line processing failed: 'list' object cannot be interpreted as an integer
umeh_dhernangdri_high quality(1),umeh_dhernangdri_high quality(1) - page 3,Modern,layout,0.9,2.5,5.0,True,0.25,False,0,3.3429715633392334,0.0,0,0,0,Line processing failed: 'list' object cannot be interpreted as an integer
umeh_dhernangdri_high quality(1),umeh_dhernangdri_high quality(1) - page 3,Modern,layout,0.9,2.5,5.0,True,0.5,False,0,3.50848126411438,0.0,0,0,0,Line processing failed: 'list' object cannot be interpreted as an integer
umeh_dhernangdri_high quality(1),umeh_dhernangdri_high quality(1) - page 3,Modern,layout,0.9,2.5,5.0,True,0.9,True,6,8.765928745269775,54.84,62,34,28,
umeh_dhernangdri_high quality(1),umeh_dhernangdri_high quality(1) - page 3,Modern,layout,0.9,2.5,5.0,False,0.1,False,0,3.332054376602173,0.0,0,0,0,Line processing failed: 'list' object cannot be interpreted as an integer
umeh_dhernangdri_high quality(1),umeh_dhernangdri_high quality(1) - page 3,Modern,layout,0.9,2.5,5.0,False,0.25,False,0,3.3956103324890137,0.0,0,0,0,Line processing failed: 'list' object cannot be interpreted as an integer
umeh_dhernangdri_high quality(1),umeh_dhernangdri_high quality(1) - page 3,Modern,layout,0.9,2.5,5.0,False,0.5,False,0,3.592355728149414,0.0,0,0,0,Line processing failed: 'list' object cannot be interpreted as an integer
umeh_dhernangdri_high quality(1),umeh_dhernangdri_high quality(1) - page 3,Modern,layout,0.9,2.5,5.0,False,0.9,True,7,8.972827911376953,47.62,63,30,33,
umeh_dhernangdri_high quality(1),umeh_dhernangdri_high quality(1) - page 3,Modern,layout,0.9,3.0,2.5,True,0.1,False,0,3.346367835998535,0.0,0,0,0,Line processing failed: 'list' object cannot be interpreted as an integer
umeh_dhernangdri_high quality(1),umeh_dhernangdri_high quality(1) - page 3,Modern,layout,0.9,3.0,2.5,True,0.25,False,0,3.422013759613037,0.0,0,0,0,Line processing failed: 'list' object cannot be interpreted as an integer
umeh_dhernangdri_high quality(1),umeh_dhernangdri_high quality(1) - page 3,Modern,layout,0.9,3.0,2.5,True,0.5,False,0,3.5953195095062256,0.0,0,0,0,Line processing failed: 'list' object cannot be interpreted as an integer
umeh_dhernangdri_high quality(1),umeh_dhernangdri_high quality(1) - page 3,Modern,layout,0.9,3.0,2.5,True,0.9,True,6,11.189359664916992,32.08,53,17,36,
umeh_dhernangdri_high quality(1),umeh_dhernangdri_high quality(1) - page 3,Modern,layout,0.9,3.0,2.5,False,0.1,False,0,3.4908268451690674,0.0,0,0,0,Line processing failed: 'list' object cannot be interpreted as an integer
umeh_dhernangdri_high quality(1),umeh_dhernangdri_high quality(1) - page 3,Modern,layout,0.9,3.0,2.5,False,0.25,False,0,3.338815450668335,0.0,0,0,0,Line processing failed: 'list' object cannot be interpreted as an integer
umeh_dhernangdri_high quality(1),umeh_dhernangdri_high quality(1) - page 3,Modern,layout,0.9,3.0,2.5,False,0.5,False,0,3.4722752571105957,0.0,0,0,0,Line processing failed: 'list' object cannot be interpreted as an integer
umeh_dhernangdri_high quality(1),umeh_dhernangdri_high quality(1) - page 3,Modern,layout,0.9,3.0,2.5,False,0.9,True,7,10.99662446975708,39.62,53,21,32,
umeh_dhernangdri_high quality(1),umeh_dhernangdri_high quality(1) - page 3,Modern,layout,0.9,3.0,3.5,True,0.1,False,0,3.3467249870300293,0.0,0,0,0,Line processing failed: 'list' object cannot be interpreted as an integer
umeh_dhernangdri_high quality(1),umeh_dhernangdri_high quality(1) - page 3,Modern,layout,0.9,3.0,3.5,True,0.25,False,0,3.3200125694274902,0.0,0,0,0,Line processing failed: 'list' object cannot be interpreted as an integer
umeh_dhernangdri_high quality(1),umeh_dhernangdri_high quality(1) - page 3,Modern,layout,0.9,3.0,3.5,True,0.5,False,0,5.64443826675415,0.0,0,0,0,Line processing failed: 'list' object cannot be interpreted as an integer
umeh_dhernangdri_high quality(1),umeh_dhernangdri_high quality(1) - page 3,Modern,layout,0.9,3.0,3.5,True,0.9,True,6,12.242295265197754,46.55,58,27,31,
umeh_dhernangdri_high quality(1),umeh_dhernangdri_high quality(1) - page 3,Modern,layout,0.9,3.0,3.5,False,0.1,False,0,3.450002670288086,0.0,0,0,0,Line processing failed: 'list' object cannot be interpreted as an integer
umeh_dhernangdri_high quality(1),umeh_dhernangdri_high quality(1) - page 3,Modern,layout,0.9,3.0,3.5,False,0.25,False,0,3.349303960800171,0.0,0,0,0,Line processing failed: 'list' object cannot be interpreted as an integer
umeh_dhernangdri_high quality(1),umeh_dhernangdri_high quality(1) - page 3,Modern,layout,0.9,3.0,3.5,False,0.5,False,0,3.372432231903076,0.0,0,0,0,Line processing failed: 'list' object cannot be interpreted as an integer
umeh_dhernangdri_high quality(1),umeh_dhernangdri_high quality(1) - page 3,Modern,layout,0.9,3.0,3.5,False,0.9,True,7,11.378660440444946,47.27,55,26,29,
umeh_dhernangdri_high quality(1),umeh_dhernangdri_high quality(1) - page 3,Modern,layout,0.9,3.0,4.0,True,0.1,False,0,3.343003749847412,0.0,0,0,0,Line processing failed: 'list' object cannot be interpreted as an integer
umeh_dhernangdri_high quality(1),umeh_dhernangdri_high quality(1) - page 3,Modern,layout,0.9,3.0,4.0,True,0.25,False,0,3.335251808166504,0.0,0,0,0,Line processing failed: 'list' object cannot be interpreted as an integer
umeh_dhernangdri_high quality(1),umeh_dhernangdri_high quality(1) - page 3,Modern,layout,0.9,3.0,4.0,True,0.5,False,0,3.425487756729126,0.0,0,0,0,Line processing failed: 'list' object cannot be interpreted as an integer
umeh_dhernangdri_high quality(1),umeh_dhernangdri_high quality(1) - page 3,Modern,layout,0.9,3.0,4.0,True,0.9,True,6,10.114794731140137,46.0,50,23,27,
umeh_dhernangdri_high quality(1),umeh_dhernangdri_high quality(1) - page 3,Modern,layout,0.9,3.0,4.0,False,0.1,False,0,5.661763429641724,0.0,0,0,0,Line processing failed: 'list' object cannot be interpreted as an integer
umeh_dhernangdri_high quality(1),umeh_dhernangdri_high quality(1) - page 3,Modern,layout,0.9,3.0,4.0,False,0.25,False,0,5.651089668273926,0.0,0,0,0,Line processing failed: 'list' object cannot be interpreted as an integer
umeh_dhernangdri_high quality(1),umeh_dhernangdri_high quality(1) - page 3,Modern,layout,0.9,3.0,4.0,False,0.5,False,0,3.6072938442230225,0.0,0,0,0,Line processing failed: 'list' object cannot be interpreted as an integer
umeh_dhernangdri_high quality(1),umeh_dhernangdri_high quality(1) - page 3,Modern,layout,0.9,3.0,4.0,False,0.9,True,7,10.953709840774536,48.15,54,26,28,
umeh_dhernangdri_high quality(1),umeh_dhernangdri_high quality(1) - page 3,Modern,layout,0.9,3.0,5.0,True,0.1,False,0,3.3337810039520264,0.0,0,0,0,Line processing failed: 'list' object cannot be interpreted as an integer
umeh_dhernangdri_high quality(1),umeh_dhernangdri_high quality(1) - page 3,Modern,layout,0.9,3.0,5.0,True,0.25,False,0,3.333383083343506,0.0,0,0,0,Line processing failed: 'list' object cannot be interpreted as an integer
umeh_dhernangdri_high quality(1),umeh_dhernangdri_high quality(1) - page 3,Modern,layout,0.9,3.0,5.0,True,0.5,False,0,3.328246593475342,0.0,0,0,0,Line processing failed: 'list' object cannot be interpreted as an integer
umeh_dhernangdri_high quality(1),umeh_dhernangdri_high quality(1) - page 3,Modern,layout,0.9,3.0,5.0,True,0.9,True,6,8.771751165390015,49.15,59,29,30,
umeh_dhernangdri_high quality(1),umeh_dhernangdri_high quality(1) - page 3,Modern,layout,0.9,3.0,5.0,False,0.1,False,0,3.3280372619628906,0.0,0,0,0,Line processing failed: 'list' object cannot be interpreted as an integer
umeh_dhernangdri_high quality(1),umeh_dhernangdri_high quality(1) - page 3,Modern,layout,0.9,3.0,5.0,False,0.25,False,0,3.3744149208068848,0.0,0,0,0,Line processing failed: 'list' object cannot be interpreted as an integer
umeh_dhernangdri_high quality(1),umeh_dhernangdri_high quality(1) - page 3,Modern,layout,0.9,3.0,5.0,False,0.5,False,0,3.585216760635376,0.0,0,0,0,Line processing failed: 'list' object cannot be interpreted as an integer
umeh_dhernangdri_high quality(1),umeh_dhernangdri_high quality(1) - page 3,Modern,layout,0.9,3.0,5.0,False,0.9,True,7,8.689790487289429,41.67,60,25,35,
